crime_id,data_ocorrencia,tipo_crime,municipio,estado,latitude,longitude
CR00001,2023-01-02 19:33:00,Ameaça,Nova Iguaçu,RJ,-22.784755,-43.462106
CR00002,2023-01-04 17:39:00,Ameaça,Rio de Janeiro,RJ,-22.974115,-43.186295
CR00003,2023-01-04 15:05:00,Perturbação da Paz,Duque de Caxias,RJ,-22.753866,-43.325649
CR00004,2023-01-07 09:16:00,Ameaça,Niterói,RJ,-22.934827,-43.149031
CR00005,2023-01-06 10:55:00,Lesão Corporal,Rio de Janeiro,RJ,-22.879181,-43.18999
CR00006,2023-01-07 17:24:00,Ameaça,Belford Roxo,RJ,-22.746129,-43.425677
CR00007,2023-01-01 07:46:00,Dano ao Patrimônio,Rio de Janeiro,RJ,-22.887321,-43.191676
CR00008,2023-01-07 08:29:00,Dano ao Patrimônio,Niterói,RJ,-22.857185,-43.107639
CR00009,2023-01-05 16:36:00,Lesão Corporal,Rio de Janeiro,RJ,-22.964684,-43.225808
CR00010,2023-01-03 21:29:00,Dano ao Patrimônio,Volta Redonda,RJ,-22.538127,-44.052931
CR00011,2023-01-02 18:47:00,Ameaça,Belford Roxo,RJ,-22.772618,-43.437201
CR00012,2023-01-01 13:42:00,Roubo,Campos dos Goytacazes,RJ,-21.737123,-41.314891
CR00013,2023-01-04 20:01:00,Injúria,Rio de Janeiro,RJ,-22.92798,-43.163593
CR00014,2023-01-08 15:05:00,Dano ao Patrimônio,Duque de Caxias,RJ,-22.82654,-43.304529
CR00015,2023-01-09 14:11:00,Lesão Corporal,Rio de Janeiro,RJ,-22.892525,-43.114368
CR00016,2023-01-13 08:17:00,Vias de Fato,Duque de Caxias,RJ,-22.801192,-43.366767
CR00017,2023-01-10 06:09:00,Vias de Fato,Duque de Caxias,RJ,-22.826223,-43.299159
CR00018,2023-01-09 14:40:00,Ameaça,Rio de Janeiro,RJ,-22.890224,-43.212482
CR00019,2023-01-13 10:57:00,Lesão Corporal,Niterói,RJ,-22.900414,-43.128184
CR00020,2023-01-10 20:00:00,Vias de Fato,Rio de Janeiro,RJ,-22.913145,-43.214326
CR00021,2023-01-12 17:07:00,Lesão Corporal,Rio de Janeiro,RJ,-22.895573,-43.102183
CR00022,2023-01-10 07:36:00,Vias de Fato,Belford Roxo,RJ,-22.811798,-43.437805
CR00023,2023-01-11 12:18:00,Injúria,Duque de Caxias,RJ,-22.75206,-43.347817
CR00024,2023-01-12 10:37:00,Perturbação da Paz,Volta Redonda,RJ,-22.524631,-44.131092
CR00025,2023-01-11 06:17:00,Ameaça,Rio de Janeiro,RJ,-22.957918,-43.165996
CR00026,2023-01-13 21:13:00,Vias de Fato,Belford Roxo,RJ,-22.752967,-43.34696
CR00027,2023-01-17 17:24:00,Lesão Corporal,Belford Roxo,RJ,-22.74725,-43.33777
CR00028,2023-01-15 21:56:00,Roubo,Rio de Janeiro,RJ,-22.840763,-43.103953
CR00029,2023-01-20 09:22:00,Perturbação da Paz,Rio de Janeiro,RJ,-22.951082,-43.208689
CR00030,2023-01-17 22:29:00,Perturbação da Paz,Belford Roxo,RJ,-22.770938,-43.385697
CR00031,2023-01-16 08:01:00,Dano ao Patrimônio,Rio de Janeiro,RJ,-22.988807,-43.174849
CR00032,2023-01-20 15:25:00,Roubo,Nova Iguaçu,RJ,-22.772565,-43.414464
CR00033,2023-01-20 08:26:00,Furto,Nova Iguaçu,RJ,-22.739659,-43.470467
CR00034,2023-01-15 14:30:00,Dano ao Patrimônio,Rio de Janeiro,RJ,-22.853304,-43.17908
CR00035,2023-01-18 06:35:00,Perturbação da Paz,Petrópolis,RJ,-22.498437,-43.222476
CR00036,2023-01-20 13:00:00,Vias de Fato,Rio de Janeiro,RJ,-22.831726,-43.20703
CR00037,2023-01-18 13:38:00,Injúria,Belford Roxo,RJ,-22.751776,-43.350966
CR00038,2023-01-16 19:27:00,Roubo,São João de Meriti,RJ,-22.807907,-43.416697
CR00039,2023-01-20 16:17:00,Ameaça,Campos dos Goytacazes,RJ,-21.789574,-41.328171
CR00040,2023-01-23 13:31:00,Roubo,Campos dos Goytacazes,RJ,-21.805997,-41.368271
CR00041,2023-01-28 07:52:00,Furto,São João de Meriti,RJ,-22.81613,-43.360538
CR00042,2023-01-24 11:55:00,Roubo,São João de Meriti,RJ,-22.770306,-43.356809
CR00043,2023-01-26 08:27:00,Furto,Rio de Janeiro,RJ,-22.916327,-43.183555
CR00044,2023-01-27 06:25:00,Perturbação da Paz,Rio de Janeiro,RJ,-22.866291,-43.166683
CR00045,2023-01-28 14:44:00,Vias de Fato,Rio de Janeiro,RJ,-22.935662,-43.16024
CR00046,2023-01-28 10:13:00,Roubo,Rio de Janeiro,RJ,-22.843866,-43.157466
CR00047,2023-01-22 12:55:00,Perturbação da Paz,Rio de Janeiro,RJ,-22.951296,-43.125254
CR00048,2023-01-24 21:41:00,Furto,Rio de Janeiro,RJ,-22.869702,-43.154723
CR00049,2023-01-24 19:34:00,Injúria,Volta Redonda,RJ,-22.520901,-44.116587
CR00050,2023-01-27 15:19:00,Perturbação da Paz,Rio de Janeiro,RJ,-22.84794,-43.275566
CR00051,2023-01-26 16:14:00,Lesão Corporal,Rio de Janeiro,RJ,-22.921677,-43.243169
CR00052,2023-01-26 09:20:00,Lesão Corporal,Niterói,RJ,-22.849247,-43.116841
CR00053,2023-01-23 17:14:00,Lesão Corporal,Rio de Janeiro,RJ,-22.854798,-43.149594
CR00054,2023-02-03 11:27:00,Perturbação da Paz,Niterói,RJ,-22.814043,-43.08614
CR00055,2023-02-01 15:45:00,Dano ao Patrimônio,Belford Roxo,RJ,-22.792297,-43.359617
CR00056,2023-02-02 17:30:00,Injúria,Rio de Janeiro,RJ,-22.903984,-43.12605
CR00057,2023-02-02 18:34:00,Furto,Rio de Janeiro,RJ,-22.969682,-43.175578
CR00058,2023-01-30 19:24:00,Perturbação da Paz,Volta Redonda,RJ,-22.497499,-44.132857
CR00059,2023-01-29 10:43:00,Perturbação da Paz,Petrópolis,RJ,-22.532346,-43.16662
CR00060,2023-01-29 15:28:00,Ameaça,Duque de Caxias,RJ,-22.773425,-43.308819
CR00061,2023-02-01 14:14:00,Perturbação da Paz,Belford Roxo,RJ,-22.788044,-43.375564
CR00062,2023-02-03 07:29:00,Dano ao Patrimônio,Rio de Janeiro,RJ,-22.872937,-43.195738
CR00063,2023-02-03 11:44:00,Vias de Fato,Nova Iguaçu,RJ,-22.749824,-43.440286
CR00064,2023-02-01 11:18:00,Roubo,Rio de Janeiro,RJ,-22.891464,-43.132907
CR00065,2023-02-03 12:07:00,Dano ao Patrimônio,Niterói,RJ,-22.913544,-43.13659
CR00066,2023-02-02 14:08:00,Ameaça,Belford Roxo,RJ,-22.711242,-43.364928
CR00067,2023-02-07 08:16:00,Injúria,Volta Redonda,RJ,-22.531206,-44.185041
CR00068,2023-02-05 17:32:00,Furto,Duque de Caxias,RJ,-22.733218,-43.37579
CR00069,2023-02-11 13:18:00,Ameaça,Rio de Janeiro,RJ,-22.889215,-43.151932
CR00070,2023-02-08 07:23:00,Vias de Fato,Belford Roxo,RJ,-22.762226,-43.418071
CR00071,2023-02-05 07:39:00,Vias de Fato,São João de Meriti,RJ,-22.827895,-43.36867
CR00072,2023-02-09 21:51:00,Furto,Rio de Janeiro,RJ,-22.934987,-43.180084
CR00073,2023-02-10 09:00:00,Vias de Fato,Belford Roxo,RJ,-22.743553,-43.409834
CR00074,2023-02-06 06:49:00,Perturbação da Paz,Rio de Janeiro,RJ,-22.958659,-43.232187
CR00075,2023-02-06 06:40:00,Injúria,São João de Meriti,RJ,-22.812795,-43.366288
CR00076,2023-02-10 20:26:00,Furto,Nova Iguaçu,RJ,-22.789978,-43.396957
CR00077,2023-02-05 20:26:00,Roubo,Duque de Caxias,RJ,-22.844821,-43.347225
CR00078,2023-02-05 18:31:00,Vias de Fato,Rio de Janeiro,RJ,-22.962087,-43.157187
CR00079,2023-02-05 06:13:00,Vias de Fato,Duque de Caxias,RJ,-22.858836,-43.274568
CR00080,2023-02-10 09:22:00,Vias de Fato,Rio de Janeiro,RJ,-22.932971,-43.155784
CR00081,2023-02-11 15:26:00,Roubo,Duque de Caxias,RJ,-22.732774,-43.325411
CR00082,2023-02-08 17:15:00,Dano ao Patrimônio,Duque de Caxias,RJ,-22.741016,-43.296365
CR00083,2023-02-16 12:54:00,Ameaça,Niterói,RJ,-22.800721,-43.100925
CR00084,2023-02-12 11:36:00,Ameaça,Rio de Janeiro,RJ,-22.893477,-43.173935
CR00085,2023-02-13 12:50:00,Roubo,Niterói,RJ,-22.966719,-43.148395
CR00086,2023-02-14 13:28:00,Ameaça,Rio de Janeiro,RJ,-22.86256,-43.211384
CR00087,2023-02-16 17:32:00,Dano ao Patrimônio,Duque de Caxias,RJ,-22.778187,-43.286933
CR00088,2023-02-14 15:11:00,Ameaça,Belford Roxo,RJ,-22.764146,-43.295293
CR00089,2023-02-17 18:33:00,Vias de Fato,Niterói,RJ,-22.860569,-43.105971
CR00090,2023-02-13 19:14:00,Lesão Corporal,Duque de Caxias,RJ,-22.819661,-43.285077
CR00091,2023-02-17 06:04:00,Lesão Corporal,São João de Meriti,RJ,-22.783241,-43.386547
CR00092,2023-02-12 18:54:00,Furto,Rio de Janeiro,RJ,-22.986432,-43.232702
CR00093,2023-02-16 08:14:00,Perturbação da Paz,Rio de Janeiro,RJ,-22.9669,-43.291481
CR00094,2023-02-12 22:26:00,Injúria,Volta Redonda,RJ,-22.545383,-44.086297
CR00095,2023-02-17 12:55:00,Dano ao Patrimônio,Nova Iguaçu,RJ,-22.762644,-43.419468
CR00096,2023-02-15 08:42:00,Roubo,Duque de Caxias,RJ,-22.749687,-43.246543
CR00097,2023-02-13 20:48:00,Vias de Fato,Duque de Caxias,RJ,-22.793254,-43.255547
CR00098,2023-02-14 07:50:00,Injúria,Rio de Janeiro,RJ,-22.896471,-43.110311
CR00099,2023-02-14 09:14:00,Vias de Fato,Rio de Janeiro,RJ,-22.888707,-43.23553
CR00100,2023-02-13 14:59:00,Perturbação da Paz,Rio de Janeiro,RJ,-23.00257,-43.204363
CR00101,2023-02-17 20:51:00,Dano ao Patrimônio,Rio de Janeiro,RJ,-22.913969,-43.183035
CR00102,2023-02-16 06:43:00,Lesão Corporal,Belford Roxo,RJ,-22.736126,-43.372693
CR00103,2023-02-14 14:31:00,Injúria,São João de Meriti,RJ,-22.719997,-43.377684
CR00104,2023-02-14 15:07:00,Injúria,Campos dos Goytacazes,RJ,-21.804279,-41.359952
CR00105,2023-02-18 21:37:00,Dano ao Patrimônio,Rio de Janeiro,RJ,-22.937421,-43.136893
CR00106,2023-02-13 06:36:00,Vias de Fato,Rio de Janeiro,RJ,-22.884863,-43.165381
CR00107,2023-02-15 06:24:00,Lesão Corporal,Duque de Caxias,RJ,-22.821588,-43.304106
CR00108,2023-02-17 16:52:00,Ameaça,Angra dos Reis,RJ,-23.016801,-44.303562
CR00109,2023-02-13 22:37:00,Injúria,Nova Iguaçu,RJ,-22.802085,-43.422524
CR00110,2023-02-17 13:38:00,Perturbação da Paz,Nova Iguaçu,RJ,-22.749782,-43.386655
CR00111,2023-02-13 10:49:00,Dano ao Patrimônio,Angra dos Reis,RJ,-23.07277,-44.369343
CR00112,2023-02-18 14:52:00,Vias de Fato,Belford Roxo,RJ,-22.754734,-43.470198
CR00113,2023-02-19 19:38:00,Furto,Niterói,RJ,-22.908904,-43.129165
CR00114,2023-02-22 19:14:00,Furto,Petrópolis,RJ,-22.572924,-43.157579
CR00115,2023-02-25 17:45:00,Dano ao Patrimônio,Rio de Janeiro,RJ,-22.888947,-43.205164
CR00116,2023-02-21 19:22:00,Furto,Nova Iguaçu,RJ,-22.783759,-43.393053
CR00117,2023-02-22 06:57:00,Perturbação da Paz,São João de Meriti,RJ,-22.826187,-43.355355
CR00118,2023-02-23 21:36:00,Dano ao Patrimônio,Niterói,RJ,-22.925423,-43.200211
CR00119,2023-02-24 20:54:00,Lesão Corporal,Rio de Janeiro,RJ,-22.984274,-43.185319
CR00120,2023-02-22 21:51:00,Roubo,Rio de Janeiro,RJ,-22.883618,-43.15192
CR00121,2023-02-21 19:32:00,Vias de Fato,Nova Iguaçu,RJ,-22.752322,-43.464593
CR00122,2023-02-19 15:11:00,Vias de Fato,Rio de Janeiro,RJ,-22.957631,-43.242127
CR00123,2023-02-22 21:13:00,Ameaça,Rio de Janeiro,RJ,-22.913767,-43.106184
CR00124,2023-02-21 09:33:00,Furto,Rio de Janeiro,RJ,-22.941562,-43.165804
CR00125,2023-02-22 13:53:00,Vias de Fato,Rio de Janeiro,RJ,-22.907503,-43.208997
CR00126,2023-02-21 21:23:00,Roubo,Rio de Janeiro,RJ,-22.971426,-43.153617
CR00127,2023-02-25 18:12:00,Perturbação da Paz,Duque de Caxias,RJ,-22.774705,-43.340255
CR00128,2023-02-21 11:10:00,Roubo,Rio de Janeiro,RJ,-22.811496,-43.156092
CR00129,2023-02-23 19:38:00,Ameaça,Belford Roxo,RJ,-22.739397,-43.349131
CR00130,2023-02-20 19:40:00,Vias de Fato,Nova Iguaçu,RJ,-22.776616,-43.470264
CR00131,2023-02-21 07:25:00,Dano ao Patrimônio,Duque de Caxias,RJ,-22.802591,-43.299137
CR00132,2023-02-19 06:56:00,Vias de Fato,Niterói,RJ,-22.916868,-43.134997
CR00133,2023-02-23 07:59:00,Ameaça,Rio de Janeiro,RJ,-22.914844,-43.128381
CR00134,2023-02-24 07:38:00,Ameaça,Rio de Janeiro,RJ,-22.864833,-43.211938
CR00135,2023-02-25 11:29:00,Ameaça,Rio de Janeiro,RJ,-22.880901,-43.173446
CR00136,2023-02-21 20:09:00,Furto,Rio de Janeiro,RJ,-22.915228,-43.221536
CR00137,2023-02-21 13:33:00,Injúria,Rio de Janeiro,RJ,-22.947691,-43.176747
CR00138,2023-02-23 10:54:00,Ameaça,Rio de Janeiro,RJ,-22.943715,-43.114453
CR00139,2023-02-20 21:28:00,Furto,Rio de Janeiro,RJ,-22.951581,-43.154987
CR00140,2023-02-23 06:19:00,Roubo,Rio de Janeiro,RJ,-22.895674,-43.166575
CR00141,2023-02-24 06:09:00,Furto,Rio de Janeiro,RJ,-22.996691,-43.13283
CR00142,2023-02-20 16:41:00,Injúria,Duque de Caxias,RJ,-22.781639,-43.274466
CR00143,2023-02-22 08:53:00,Injúria,Duque de Caxias,RJ,-22.821325,-43.311242
CR00144,2023-02-22 13:58:00,Perturbação da Paz,Petrópolis,RJ,-22.434093,-43.133658
CR00145,2023-02-20 11:32:00,Injúria,São João de Meriti,RJ,-22.783698,-43.324213
CR00146,2023-02-23 11:49:00,Furto,Niterói,RJ,-22.870168,-43.175044
CR00147,2023-03-02 08:39:00,Dano ao Patrimônio,Rio de Janeiro,RJ,-22.839527,-43.10374
CR00148,2023-02-26 21:08:00,Perturbação da Paz,Rio de Janeiro,RJ,-22.906318,-43.164788
CR00149,2023-02-26 08:47:00,Perturbação da Paz,Nova Iguaçu,RJ,-22.811306,-43.453148
CR00150,2023-03-01 22:34:00,Perturbação da Paz,Rio de Janeiro,RJ,-22.906342,-43.162949
CR00151,2023-02-28 15:09:00,Perturbação da Paz,Campos dos Goytacazes,RJ,-21.760542,-41.354244
CR00152,2023-02-26 11:20:00,Dano ao Patrimônio,Duque de Caxias,RJ,-22.857068,-43.316607
CR00153,2023-02-27 09:50:00,Injúria,Duque de Caxias,RJ,-22.784043,-43.345502
CR00154,2023-03-01 12:45:00,Dano ao Patrimônio,Duque de Caxias,RJ,-22.734107,-43.267701
CR00155,2023-03-03 22:08:00,Ameaça,Belford Roxo,RJ,-22.755711,-43.407283
CR00156,2023-02-28 14:25:00,Ameaça,Belford Roxo,RJ,-22.789523,-43.386742
CR00157,2023-02-27 17:28:00,Roubo,Rio de Janeiro,RJ,-22.952377,-43.19215
CR00158,2023-03-04 20:59:00,Vias de Fato,Rio de Janeiro,RJ,-22.953283,-43.257566
CR00159,2023-03-02 20:38:00,Ameaça,Nova Iguaçu,RJ,-22.763904,-43.402532
CR00160,2023-03-01 19:56:00,Perturbação da Paz,Nova Iguaçu,RJ,-22.804311,-43.466292
CR00161,2023-03-04 19:30:00,Furto,Campos dos Goytacazes,RJ,-21.697401,-41.250905
CR00162,2023-02-27 22:59:00,Ameaça,Rio de Janeiro,RJ,-22.836652,-43.176632
CR00163,2023-03-02 11:20:00,Perturbação da Paz,Rio de Janeiro,RJ,-22.872749,-43.201191
CR00164,2023-03-02 21:30:00,Ameaça,Duque de Caxias,RJ,-22.749256,-43.310457
CR00165,2023-03-03 08:19:00,Roubo,Rio de Janeiro,RJ,-22.889801,-43.250379
CR00166,2023-03-03 10:11:00,Furto,Volta Redonda,RJ,-22.525336,-44.101541
CR00167,2023-03-01 09:58:00,Roubo,Rio de Janeiro,RJ,-22.923078,-43.196295
CR00168,2023-02-26 06:00:00,Ameaça,Rio de Janeiro,RJ,-22.877829,-43.17038
CR00169,2023-03-04 07:14:00,Lesão Corporal,Niterói,RJ,-22.892639,-43.107837
CR00170,2023-03-03 21:06:00,Vias de Fato,Campos dos Goytacazes,RJ,-21.798944,-41.371279
CR00171,2023-02-28 08:56:00,Lesão Corporal,Rio de Janeiro,RJ,-22.924054,-43.272968
CR00172,2023-03-03 16:24:00,Perturbação da Paz,São João de Meriti,RJ,-22.817736,-43.372657
CR00173,2023-02-26 20:22:00,Perturbação da Paz,Rio de Janeiro,RJ,-22.941293,-43.153745
CR00174,2023-03-03 12:06:00,Injúria,Rio de Janeiro,RJ,-22.912698,-43.109369
CR00175,2023-02-28 08:13:00,Vias de Fato,Petrópolis,RJ,-22.556581,-43.176303
CR00176,2023-03-02 09:39:00,Ameaça,São João de Meriti,RJ,-22.779177,-43.399087
CR00177,2023-02-26 20:34:00,Injúria,Nova Iguaçu,RJ,-22.797717,-43.429923
CR00178,2023-02-28 10:17:00,Roubo,Rio de Janeiro,RJ,-22.94148,-43.168131
CR00179,2023-02-28 14:16:00,Ameaça,Belford Roxo,RJ,-22.771189,-43.382648
CR00180,2023-02-28 08:21:00,Roubo,Niterói,RJ,-22.865867,-43.057088
CR00181,2023-02-27 08:22:00,Perturbação da Paz,Volta Redonda,RJ,-22.569035,-44.108415
CR00182,2023-02-28 08:09:00,Vias de Fato,Rio de Janeiro,RJ,-22.871344,-43.153269
CR00183,2023-03-04 12:31:00,Perturbação da Paz,Niterói,RJ,-22.870366,-43.220924
CR00184,2023-03-03 18:22:00,Ameaça,São João de Meriti,RJ,-22.783329,-43.355099
CR00185,2023-03-01 06:55:00,Lesão Corporal,Rio de Janeiro,RJ,-22.926161,-43.083183
CR00186,2023-03-02 19:49:00,Roubo,Belford Roxo,RJ,-22.759159,-43.439294
CR00187,2023-03-03 06:33:00,Vias de Fato,Duque de Caxias,RJ,-22.795833,-43.341388
CR00188,2023-03-10 08:26:00,Roubo,Niterói,RJ,-22.888047,-43.094775
CR00189,2023-03-09 11:24:00,Dano ao Patrimônio,Petrópolis,RJ,-22.461313,-43.195593
CR00190,2023-03-05 14:36:00,Vias de Fato,Duque de Caxias,RJ,-22.846829,-43.302521
CR00191,2023-03-11 20:35:00,Furto,Nova Iguaçu,RJ,-22.815371,-43.437858
CR00192,2023-03-06 22:27:00,Perturbação da Paz,Belford Roxo,RJ,-22.783712,-43.364378
CR00193,2023-03-10 12:44:00,Dano ao Patrimônio,Petrópolis,RJ,-22.509889,-43.164991
CR00194,2023-03-09 14:43:00,Vias de Fato,Nova Iguaçu,RJ,-22.72625,-43.453471
CR00195,2023-03-09 12:27:00,Ameaça,Rio de Janeiro,RJ,-22.90668,-43.159292
CR00196,2023-03-05 17:43:00,Dano ao Patrimônio,Nova Iguaçu,RJ,-22.744046,-43.500493
CR00197,2023-03-06 19:56:00,Injúria,Rio de Janeiro,RJ,-22.948602,-43.213742
CR00198,2023-03-11 10:45:00,Roubo,Rio de Janeiro,RJ,-22.882012,-43.159305
CR00199,2023-03-10 09:57:00,Perturbação da Paz,Petrópolis,RJ,-22.589818,-43.193678
CR00200,2023-03-10 10:18:00,Dano ao Patrimônio,Duque de Caxias,RJ,-22.743779,-43.264195
CR00201,2023-03-08 17:32:00,Furto,Rio de Janeiro,RJ,-22.927917,-43.172956
CR00202,2023-03-07 13:10:00,Vias de Fato,Duque de Caxias,RJ,-22.758504,-43.349892
CR00203,2023-03-09 14:26:00,Dano ao Patrimônio,Duque de Caxias,RJ,-22.816093,-43.346068
CR00204,2023-03-11 21:18:00,Injúria,Petrópolis,RJ,-22.488,-43.22877
CR00205,2023-03-06 18:06:00,Ameaça,Belford Roxo,RJ,-22.819493,-43.340319
CR00206,2023-03-09 10:18:00,Lesão Corporal,Nova Iguaçu,RJ,-22.741411,-43.457247
CR00207,2023-03-09 19:17:00,Injúria,Rio de Janeiro,RJ,-22.932575,-43.17531
CR00208,2023-03-08 19:08:00,Injúria,Rio de Janeiro,RJ,-22.909894,-43.180775
CR00209,2023-03-05 12:27:00,Vias de Fato,Rio de Janeiro,RJ,-22.943315,-43.163829
CR00210,2023-03-07 16:52:00,Vias de Fato,Niterói,RJ,-22.826388,-43.09395
CR00211,2023-03-09 19:14:00,Lesão Corporal,Rio de Janeiro,RJ,-22.902384,-43.189233
CR00212,2023-03-09 20:34:00,Roubo,Rio de Janeiro,RJ,-22.917868,-43.196744
CR00213,2023-03-07 17:47:00,Dano ao Patrimônio,Niterói,RJ,-22.910042,-43.054648
CR00214,2023-03-09 18:07:00,Vias de Fato,Rio de Janeiro,RJ,-22.857122,-43.127696
CR00215,2023-03-06 06:22:00,Dano ao Patrimônio,Niterói,RJ,-22.927694,-43.075671
CR00216,2023-03-11 19:56:00,Ameaça,São João de Meriti,RJ,-22.767791,-43.314704
CR00217,2023-03-06 14:13:00,Vias de Fato,Belford Roxo,RJ,-22.760319,-43.39604
CR00218,2023-03-07 08:18:00,Perturbação da Paz,Rio de Janeiro,RJ,-22.946345,-43.154887
CR00219,2023-03-05 13:51:00,Injúria,Rio de Janeiro,RJ,-22.914167,-43.183706
CR00220,2023-03-07 08:01:00,Roubo,São João de Meriti,RJ,-22.885298,-43.409968
CR00221,2023-03-08 19:02:00,Furto,Duque de Caxias,RJ,-22.792198,-43.260162
CR00222,2023-03-07 18:12:00,Perturbação da Paz,Rio de Janeiro,RJ,-22.906648,-43.104148
CR00223,2023-03-07 09:37:00,Roubo,Rio de Janeiro,RJ,-22.906219,-43.145296
CR00224,2023-03-07 08:09:00,Roubo,Rio de Janeiro,RJ,-22.865592,-43.165538
CR00225,2023-03-10 08:59:00,Dano ao Patrimônio,Angra dos Reis,RJ,-22.978787,-44.313675
CR00226,2023-03-11 22:57:00,Injúria,Campos dos Goytacazes,RJ,-21.811207,-41.371883
CR00227,2023-03-11 10:15:00,Dano ao Patrimônio,Nova Iguaçu,RJ,-22.798606,-43.485534
CR00228,2023-03-07 18:27:00,Furto,São João de Meriti,RJ,-22.815943,-43.420168
CR00229,2023-03-16 10:17:00,Ameaça,Niterói,RJ,-22.887194,-43.167708
CR00230,2023-03-13 12:45:00,Lesão Corporal,Duque de Caxias,RJ,-22.768901,-43.36452
CR00231,2023-03-16 17:50:00,Furto,Duque de Caxias,RJ,-22.786026,-43.366755
CR00232,2023-03-17 16:46:00,Roubo,Campos dos Goytacazes,RJ,-21.76014,-41.263129
CR00233,2023-03-17 21:28:00,Furto,Niterói,RJ,-22.806448,-43.025281
CR00234,2023-03-14 17:01:00,Roubo,Rio de Janeiro,RJ,-22.949131,-43.225802
CR00235,2023-03-15 08:04:00,Roubo,Niterói,RJ,-22.909823,-43.130668
CR00236,2023-03-13 06:31:00,Lesão Corporal,Rio de Janeiro,RJ,-22.8949,-43.13743
CR00237,2023-03-17 21:01:00,Vias de Fato,Rio de Janeiro,RJ,-23.012868,-43.22802
CR00238,2023-03-15 16:24:00,Furto,Rio de Janeiro,RJ,-22.853802,-43.174677
CR00239,2023-03-16 14:08:00,Vias de Fato,São João de Meriti,RJ,-22.837436,-43.353242
CR00240,2023-03-15 22:05:00,Perturbação da Paz,Rio de Janeiro,RJ,-22.884152,-43.194882
CR00241,2023-03-14 14:31:00,Ameaça,Volta Redonda,RJ,-22.614393,-44.10144
CR00242,2023-03-17 15:28:00,Roubo,Rio de Janeiro,RJ,-22.883979,-43.148172
CR00243,2023-03-17 20:01:00,Perturbação da Paz,Rio de Janeiro,RJ,-22.839457,-43.194139
CR00244,2023-03-17 16:22:00,Vias de Fato,Niterói,RJ,-22.956108,-43.110563
CR00245,2023-03-13 13:58:00,Perturbação da Paz,Rio de Janeiro,RJ,-22.938676,-43.160821
CR00246,2023-03-14 11:58:00,Lesão Corporal,Duque de Caxias,RJ,-22.787142,-43.242114
CR00247,2023-03-15 18:58:00,Ameaça,Rio de Janeiro,RJ,-22.874969,-43.190786
CR00248,2023-03-15 10:31:00,Injúria,Belford Roxo,RJ,-22.737917,-43.37319
CR00249,2023-03-18 06:39:00,Vias de Fato,Nova Iguaçu,RJ,-22.774198,-43.436178
CR00250,2023-03-18 06:36:00,Furto,Duque de Caxias,RJ,-22.720797,-43.297152
CR00251,2023-03-14 18:09:00,Injúria,Rio de Janeiro,RJ,-22.987364,-43.141066
CR00252,2023-03-15 19:56:00,Lesão Corporal,Rio de Janeiro,RJ,-22.907729,-43.09276
CR00253,2023-03-12 10:40:00,Roubo,Duque de Caxias,RJ,-22.801383,-43.396868
CR00254,2023-03-13 22:04:00,Vias de Fato,Duque de Caxias,RJ,-22.812057,-43.357999
CR00255,2023-03-18 20:34:00,Lesão Corporal,Duque de Caxias,RJ,-22.887447,-43.287129
CR00256,2023-03-13 15:38:00,Vias de Fato,Niterói,RJ,-22.923657,-43.054384
CR00257,2023-03-12 13:07:00,Furto,Rio de Janeiro,RJ,-22.874617,-43.199905
CR00258,2023-03-16 11:43:00,Injúria,Rio de Janeiro,RJ,-22.914918,-43.157858
CR00259,2023-03-15 17:34:00,Roubo,Niterói,RJ,-22.90623,-43.10459
CR00260,2023-03-12 06:34:00,Ameaça,Duque de Caxias,RJ,-22.773883,-43.375256
CR00261,2023-03-16 09:29:00,Lesão Corporal,Rio de Janeiro,RJ,-22.949791,-43.137838
CR00262,2023-03-13 19:24:00,Vias de Fato,Niterói,RJ,-22.865058,-43.077384
CR00263,2023-03-18 16:21:00,Ameaça,Campos dos Goytacazes,RJ,-21.737388,-41.30684
CR00264,2023-03-14 22:28:00,Vias de Fato,Duque de Caxias,RJ,-22.772526,-43.340991
CR00265,2023-03-15 21:23:00,Furto,Rio de Janeiro,RJ,-22.884309,-43.224575
CR00266,2023-03-13 07:00:00,Injúria,Rio de Janeiro,RJ,-22.888153,-43.187948
CR00267,2023-03-18 15:42:00,Ameaça,Petrópolis,RJ,-22.520612,-43.142448
CR00268,2023-03-14 11:47:00,Roubo,Volta Redonda,RJ,-22.507922,-44.14998
CR00269,2023-03-16 20:07:00,Dano ao Patrimônio,Rio de Janeiro,RJ,-22.96739,-43.139735
CR00270,2023-03-14 22:37:00,Roubo,São João de Meriti,RJ,-22.786819,-43.351957
CR00271,2023-03-18 21:12:00,Vias de Fato,Duque de Caxias,RJ,-22.736559,-43.426382
CR00272,2023-03-18 12:16:00,Lesão Corporal,Niterói,RJ,-22.880033,-43.05375
CR00273,2023-03-15 19:43:00,Ameaça,Rio de Janeiro,RJ,-22.933676,-43.113804
CR00274,2023-03-14 08:51:00,Roubo,Rio de Janeiro,RJ,-22.832307,-43.148794
CR00275,2023-03-16 21:52:00,Vias de Fato,Niterói,RJ,-22.836499,-43.116659
CR00276,2023-03-18 07:08:00,Roubo,Rio de Janeiro,RJ,-22.879013,-43.162664
CR00277,2023-03-16 16:47:00,Roubo,Duque de Caxias,RJ,-22.802354,-43.222511
CR00278,2023-03-16 22:07:00,Lesão Corporal,Campos dos Goytacazes,RJ,-21.788586,-41.235229
CR00279,2023-03-16 22:50:00,Ameaça,Niterói,RJ,-22.892489,-43.112076
CR00280,2023-03-16 11:11:00,Dano ao Patrimônio,Rio de Janeiro,RJ,-22.943258,-43.139923
CR00281,2023-03-17 18:54:00,Roubo,Rio de Janeiro,RJ,-22.917637,-43.21006
CR00282,2023-03-23 14:31:00,Perturbação da Paz,Rio de Janeiro,RJ,-22.910138,-43.1905
CR00283,2023-03-19 14:30:00,Ameaça,Angra dos Reis,RJ,-23.033285,-44.303676
CR00284,2023-03-20 09:43:00,Dano ao Patrimônio,Duque de Caxias,RJ,-22.773998,-43.218669
CR00285,2023-03-22 21:16:00,Ameaça,Niterói,RJ,-22.896822,-43.083304
CR00286,2023-03-24 19:54:00,Ameaça,Nova Iguaçu,RJ,-22.763768,-43.359116
CR00287,2023-03-21 11:26:00,Dano ao Patrimônio,Duque de Caxias,RJ,-22.747082,-43.340684
CR00288,2023-03-23 13:37:00,Injúria,Rio de Janeiro,RJ,-22.90519,-43.224356
CR00289,2023-03-22 09:35:00,Dano ao Patrimônio,Niterói,RJ,-22.879421,-43.058698
CR00290,2023-03-19 18:13:00,Vias de Fato,Duque de Caxias,RJ,-22.792112,-43.22786
CR00291,2023-03-24 08:16:00,Roubo,Volta Redonda,RJ,-22.505001,-44.082367
CR00292,2023-03-24 18:10:00,Dano ao Patrimônio,Campos dos Goytacazes,RJ,-21.786879,-41.289278
CR00293,2023-03-24 08:23:00,Lesão Corporal,Niterói,RJ,-22.908452,-43.104607
CR00294,2023-03-24 17:08:00,Furto,Duque de Caxias,RJ,-22.82976,-43.298788
CR00295,2023-03-19 19:12:00,Ameaça,Belford Roxo,RJ,-22.787052,-43.424184
CR00296,2023-03-20 08:13:00,Ameaça,Rio de Janeiro,RJ,-22.886851,-43.257188
CR00297,2023-03-20 11:11:00,Lesão Corporal,Belford Roxo,RJ,-22.761683,-43.377275
CR00298,2023-03-25 12:54:00,Roubo,Rio de Janeiro,RJ,-22.898388,-43.201495
CR00299,2023-03-23 16:01:00,Injúria,Niterói,RJ,-22.934521,-43.213687
CR00300,2023-03-24 21:30:00,Injúria,Campos dos Goytacazes,RJ,-21.711345,-41.276459
CR00301,2023-03-23 14:28:00,Ameaça,Rio de Janeiro,RJ,-22.884586,-43.160524
CR00302,2023-03-23 20:59:00,Furto,Duque de Caxias,RJ,-22.823977,-43.281731
CR00303,2023-03-24 22:40:00,Injúria,São João de Meriti,RJ,-22.811836,-43.340603
CR00304,2023-03-24 10:49:00,Perturbação da Paz,Niterói,RJ,-22.893266,-43.17493
CR00305,2023-03-23 11:12:00,Roubo,Duque de Caxias,RJ,-22.848282,-43.340674
CR00306,2023-03-24 12:03:00,Injúria,Petrópolis,RJ,-22.530635,-43.208244
CR00307,2023-03-20 19:58:00,Lesão Corporal,Rio de Janeiro,RJ,-22.922482,-43.167303
CR00308,2023-03-25 19:25:00,Roubo,Nova Iguaçu,RJ,-22.784593,-43.497639
CR00309,2023-03-19 13:59:00,Ameaça,Rio de Janeiro,RJ,-22.905795,-43.181697
CR00310,2023-03-23 12:44:00,Injúria,Belford Roxo,RJ,-22.814896,-43.398023
CR00311,2023-03-21 22:52:00,Furto,Duque de Caxias,RJ,-22.738015,-43.317821
CR00312,2023-03-24 07:08:00,Ameaça,Belford Roxo,RJ,-22.829237,-43.492974
CR00313,2023-03-20 09:33:00,Ameaça,Rio de Janeiro,RJ,-22.962258,-43.229299
CR00314,2023-03-24 17:08:00,Vias de Fato,Nova Iguaçu,RJ,-22.741098,-43.438266
CR00315,2023-03-19 10:59:00,Dano ao Patrimônio,Petrópolis,RJ,-22.507697,-43.133792
CR00316,2023-03-19 09:10:00,Roubo,Niterói,RJ,-22.829475,-43.083377
CR00317,2023-03-20 21:32:00,Injúria,Belford Roxo,RJ,-22.752871,-43.409295
CR00318,2023-03-20 08:01:00,Vias de Fato,Rio de Janeiro,RJ,-22.885515,-43.05633
CR00319,2023-03-23 12:15:00,Furto,São João de Meriti,RJ,-22.778304,-43.372338
CR00320,2023-03-20 09:23:00,Vias de Fato,Belford Roxo,RJ,-22.719118,-43.492972
CR00321,2023-03-22 06:51:00,Injúria,Rio de Janeiro,RJ,-22.955595,-43.206131
CR00322,2023-03-23 08:07:00,Injúria,Belford Roxo,RJ,-22.721019,-43.469809
CR00323,2023-03-19 20:11:00,Perturbação da Paz,Niterói,RJ,-22.942645,-43.083578
CR00324,2023-03-23 10:25:00,Furto,Belford Roxo,RJ,-22.824084,-43.397062
CR00325,2023-03-22 15:51:00,Ameaça,Niterói,RJ,-22.911566,-43.123964
CR00326,2023-03-24 18:17:00,Dano ao Patrimônio,Rio de Janeiro,RJ,-22.916258,-43.235587
CR00327,2023-03-22 22:00:00,Dano ao Patrimônio,Belford Roxo,RJ,-22.759255,-43.303722
CR00328,2023-03-21 16:39:00,Ameaça,Rio de Janeiro,RJ,-22.859144,-43.200748
CR00329,2023-03-23 20:05:00,Lesão Corporal,Niterói,RJ,-22.911747,-43.107273
CR00330,2023-03-22 21:46:00,Lesão Corporal,Volta Redonda,RJ,-22.532097,-44.169502
CR00331,2023-03-21 17:56:00,Injúria,Duque de Caxias,RJ,-22.796824,-43.371727
CR00332,2023-03-21 15:36:00,Ameaça,Nova Iguaçu,RJ,-22.78478,-43.425491
CR00333,2023-03-24 06:50:00,Ameaça,Campos dos Goytacazes,RJ,-21.719578,-41.345792
CR00334,2023-03-22 10:31:00,Injúria,Belford Roxo,RJ,-22.785675,-43.449162
CR00335,2023-03-21 19:47:00,Roubo,Duque de Caxias,RJ,-22.855109,-43.303555
CR00336,2023-03-29 18:06:00,Dano ao Patrimônio,Volta Redonda,RJ,-22.616015,-44.095427
CR00337,2023-03-26 13:03:00,Dano ao Patrimônio,Niterói,RJ,-22.842803,-43.110258
CR00338,2023-03-26 11:58:00,Perturbação da Paz,São João de Meriti,RJ,-22.805927,-43.414707
CR00339,2023-03-30 21:49:00,Lesão Corporal,Campos dos Goytacazes,RJ,-21.730248,-41.377935
CR00340,2023-03-27 08:22:00,Furto,Rio de Janeiro,RJ,-22.829882,-43.127806
CR00341,2023-03-29 20:44:00,Perturbação da Paz,Rio de Janeiro,RJ,-22.903869,-43.171399
CR00342,2023-03-28 16:26:00,Perturbação da Paz,Campos dos Goytacazes,RJ,-21.812179,-41.34506
CR00343,2023-03-27 13:04:00,Roubo,Rio de Janeiro,RJ,-22.93959,-43.168446
CR00344,2023-03-31 10:47:00,Injúria,Rio de Janeiro,RJ,-22.959272,-43.146051
CR00345,2023-04-01 07:52:00,Injúria,São João de Meriti,RJ,-22.82107,-43.338486
CR00346,2023-03-30 21:06:00,Lesão Corporal,Nova Iguaçu,RJ,-22.781826,-43.407132
CR00347,2023-03-27 16:26:00,Perturbação da Paz,Duque de Caxias,RJ,-22.826829,-43.308883
CR00348,2023-03-30 17:33:00,Dano ao Patrimônio,Nova Iguaçu,RJ,-22.801486,-43.493175
CR00349,2023-03-29 07:59:00,Roubo,Niterói,RJ,-22.92051,-42.991317
CR00350,2023-03-31 20:27:00,Perturbação da Paz,Rio de Janeiro,RJ,-22.903919,-43.224714
CR00351,2023-03-26 16:43:00,Vias de Fato,Niterói,RJ,-22.937672,-43.095273
CR00352,2023-04-01 18:07:00,Furto,Duque de Caxias,RJ,-22.781782,-43.409155
CR00353,2023-03-28 14:33:00,Ameaça,Petrópolis,RJ,-22.461133,-43.242781
CR00354,2023-03-28 09:08:00,Furto,Rio de Janeiro,RJ,-22.907116,-43.161946
CR00355,2023-03-29 18:42:00,Furto,Belford Roxo,RJ,-22.777492,-43.405123
CR00356,2023-04-01 08:24:00,Dano ao Patrimônio,Petrópolis,RJ,-22.487802,-43.191277
CR00357,2023-03-28 18:09:00,Roubo,Niterói,RJ,-22.864719,-43.103723
CR00358,2023-03-29 20:21:00,Vias de Fato,Belford Roxo,RJ,-22.843353,-43.388248
CR00359,2023-03-30 10:38:00,Perturbação da Paz,Rio de Janeiro,RJ,-22.880226,-43.135594
CR00360,2023-03-28 16:43:00,Injúria,Duque de Caxias,RJ,-22.754831,-43.262831
CR00361,2023-03-30 20:13:00,Lesão Corporal,Duque de Caxias,RJ,-22.751179,-43.249347
CR00362,2023-04-01 21:34:00,Injúria,Angra dos Reis,RJ,-23.004404,-44.362793
CR00363,2023-03-26 15:10:00,Perturbação da Paz,Duque de Caxias,RJ,-22.776817,-43.322048
CR00364,2023-03-31 11:25:00,Lesão Corporal,Belford Roxo,RJ,-22.763961,-43.364042
CR00365,2023-04-01 13:03:00,Roubo,São João de Meriti,RJ,-22.800092,-43.418932
CR00366,2023-04-01 11:06:00,Roubo,Rio de Janeiro,RJ,-22.897549,-43.184874
CR00367,2023-03-26 06:55:00,Perturbação da Paz,Rio de Janeiro,RJ,-22.913546,-43.13115
CR00368,2023-03-29 16:13:00,Ameaça,Rio de Janeiro,RJ,-22.950184,-43.116399
CR00369,2023-03-30 21:07:00,Furto,Belford Roxo,RJ,-22.772761,-43.372059
CR00370,2023-03-30 08:53:00,Roubo,Duque de Caxias,RJ,-22.808072,-43.336348
CR00371,2023-04-01 22:52:00,Ameaça,Duque de Caxias,RJ,-22.756407,-43.239343
CR00372,2023-03-31 09:44:00,Furto,Rio de Janeiro,RJ,-22.849916,-43.191172
CR00373,2023-03-28 13:32:00,Dano ao Patrimônio,Rio de Janeiro,RJ,-22.949342,-43.164915
CR00374,2023-03-27 18:02:00,Furto,São João de Meriti,RJ,-22.832727,-43.419677
CR00375,2023-03-27 06:51:00,Roubo,Rio de Janeiro,RJ,-22.968841,-43.154779
CR00376,2023-03-26 20:34:00,Vias de Fato,Rio de Janeiro,RJ,-22.863948,-43.148783
CR00377,2023-03-28 21:31:00,Vias de Fato,Rio de Janeiro,RJ,-22.905505,-43.167007
CR00378,2023-03-27 21:13:00,Vias de Fato,Volta Redonda,RJ,-22.502607,-44.082826
CR00379,2023-03-26 16:56:00,Perturbação da Paz,São João de Meriti,RJ,-22.826042,-43.333186
CR00380,2023-03-30 18:42:00,Furto,Rio de Janeiro,RJ,-22.865724,-43.24976
CR00381,2023-03-31 14:32:00,Lesão Corporal,Niterói,RJ,-22.907125,-43.144389
CR00382,2023-04-01 08:22:00,Roubo,Rio de Janeiro,RJ,-22.922944,-43.207427
CR00383,2023-03-26 09:56:00,Injúria,Nova Iguaçu,RJ,-22.760532,-43.497577
CR00384,2023-03-30 16:28:00,Vias de Fato,Rio de Janeiro,RJ,-22.903007,-43.222017
CR00385,2023-03-29 08:27:00,Furto,Angra dos Reis,RJ,-23.036786,-44.354464
CR00386,2023-03-28 14:45:00,Injúria,Rio de Janeiro,RJ,-22.896985,-43.243956
CR00387,2023-04-07 14:19:00,Injúria,São João de Meriti,RJ,-22.765077,-43.422308
CR00388,2023-04-03 07:21:00,Vias de Fato,Nova Iguaçu,RJ,-22.78482,-43.461936
CR00389,2023-04-03 17:07:00,Furto,Rio de Janeiro,RJ,-22.897264,-43.176445
CR00390,2023-04-06 13:32:00,Perturbação da Paz,Niterói,RJ,-22.896068,-43.099512
CR00391,2023-04-04 12:19:00,Dano ao Patrimônio,Duque de Caxias,RJ,-22.861327,-43.303009
CR00392,2023-04-04 13:19:00,Ameaça,Rio de Janeiro,RJ,-22.929218,-43.171658
CR00393,2023-04-03 16:08:00,Furto,Duque de Caxias,RJ,-22.777665,-43.342389
CR00394,2023-04-07 07:05:00,Injúria,Niterói,RJ,-22.861987,-43.094434
CR00395,2023-04-03 18:54:00,Lesão Corporal,Duque de Caxias,RJ,-22.773447,-43.315362
CR00396,2023-04-08 22:44:00,Furto,Petrópolis,RJ,-22.532135,-43.16174
CR00397,2023-04-07 11:05:00,Vias de Fato,Rio de Janeiro,RJ,-22.910568,-43.217337
CR00398,2023-04-05 11:00:00,Ameaça,São João de Meriti,RJ,-22.730313,-43.347848
CR00399,2023-04-03 06:43:00,Vias de Fato,Rio de Janeiro,RJ,-22.900428,-43.174023
CR00400,2023-04-05 13:00:00,Vias de Fato,Rio de Janeiro,RJ,-22.906213,-43.204499
CR00401,2023-04-08 14:43:00,Injúria,Rio de Janeiro,RJ,-22.965672,-43.150294
CR00402,2023-04-08 12:19:00,Perturbação da Paz,São João de Meriti,RJ,-22.74907,-43.393939
CR00403,2023-04-03 06:24:00,Ameaça,Rio de Janeiro,RJ,-22.877327,-43.191402
CR00404,2023-04-05 17:22:00,Lesão Corporal,Rio de Janeiro,RJ,-22.869894,-43.146499
CR00405,2023-04-05 13:39:00,Lesão Corporal,Nova Iguaçu,RJ,-22.798973,-43.424682
CR00406,2023-04-02 21:25:00,Lesão Corporal,Rio de Janeiro,RJ,-22.876125,-43.221888
CR00407,2023-04-08 10:40:00,Dano ao Patrimônio,Rio de Janeiro,RJ,-22.904649,-43.149576
CR00408,2023-04-03 16:09:00,Dano ao Patrimônio,Petrópolis,RJ,-22.549216,-43.23698
CR00409,2023-04-05 08:06:00,Perturbação da Paz,Rio de Janeiro,RJ,-22.919161,-43.179815
CR00410,2023-04-04 06:04:00,Vias de Fato,Duque de Caxias,RJ,-22.79344,-43.325386
CR00411,2023-04-07 10:20:00,Lesão Corporal,Rio de Janeiro,RJ,-22.90454,-43.224345
CR00412,2023-04-04 12:58:00,Lesão Corporal,Rio de Janeiro,RJ,-22.943405,-43.156609
CR00413,2023-04-03 09:17:00,Injúria,Rio de Janeiro,RJ,-22.865904,-43.141817
CR00414,2023-04-07 15:55:00,Lesão Corporal,Niterói,RJ,-22.865087,-43.095896
CR00415,2023-04-05 21:10:00,Ameaça,São João de Meriti,RJ,-22.797616,-43.342812
CR00416,2023-04-02 21:29:00,Furto,Rio de Janeiro,RJ,-22.84506,-43.162634
CR00417,2023-04-03 17:08:00,Furto,Rio de Janeiro,RJ,-22.917987,-43.193382
CR00418,2023-04-05 20:20:00,Furto,Duque de Caxias,RJ,-22.777145,-43.296082
CR00419,2023-04-06 13:27:00,Lesão Corporal,Rio de Janeiro,RJ,-22.887225,-43.183268
CR00420,2023-04-03 10:51:00,Vias de Fato,Campos dos Goytacazes,RJ,-21.723598,-41.302194
CR00421,2023-04-02 13:28:00,Lesão Corporal,Niterói,RJ,-22.884921,-43.095973
CR00422,2023-04-06 15:33:00,Ameaça,Rio de Janeiro,RJ,-22.864062,-43.16898
CR00423,2023-04-02 19:29:00,Vias de Fato,Volta Redonda,RJ,-22.554952,-44.118961
CR00424,2023-04-05 08:13:00,Injúria,Duque de Caxias,RJ,-22.735235,-43.315499
CR00425,2023-04-08 07:21:00,Perturbação da Paz,Petrópolis,RJ,-22.534279,-43.206871
CR00426,2023-04-03 19:00:00,Furto,Duque de Caxias,RJ,-22.780506,-43.31424
CR00427,2023-04-04 08:23:00,Vias de Fato,Nova Iguaçu,RJ,-22.750228,-43.427062
CR00428,2023-04-02 15:20:00,Dano ao Patrimônio,Rio de Janeiro,RJ,-22.936554,-43.193762
CR00429,2023-04-07 22:45:00,Ameaça,Rio de Janeiro,RJ,-22.854754,-43.147563
CR00430,2023-04-08 07:53:00,Furto,Petrópolis,RJ,-22.573869,-43.208635
CR00431,2023-04-04 12:40:00,Ameaça,Rio de Janeiro,RJ,-22.918786,-43.221564
CR00432,2023-04-08 10:28:00,Dano ao Patrimônio,Campos dos Goytacazes,RJ,-21.734191,-41.30028
CR00433,2023-04-02 11:35:00,Dano ao Patrimônio,Nova Iguaçu,RJ,-22.833699,-43.491195
CR00434,2023-04-04 20:29:00,Roubo,Belford Roxo,RJ,-22.783137,-43.318763
CR00435,2023-04-05 11:50:00,Furto,Duque de Caxias,RJ,-22.825566,-43.310228
CR00436,2023-04-03 09:41:00,Lesão Corporal,Rio de Janeiro,RJ,-22.906237,-43.181506
CR00437,2023-04-06 15:59:00,Injúria,Rio de Janeiro,RJ,-22.903168,-43.148708
CR00438,2023-04-04 14:07:00,Vias de Fato,Volta Redonda,RJ,-22.505494,-44.080466
CR00439,2023-04-08 17:32:00,Vias de Fato,Niterói,RJ,-22.832133,-43.032567
CR00440,2023-04-02 08:42:00,Injúria,Duque de Caxias,RJ,-22.789523,-43.337671
CR00441,2023-04-13 16:55:00,Perturbação da Paz,Campos dos Goytacazes,RJ,-21.75106,-41.356162
CR00442,2023-04-09 06:05:00,Perturbação da Paz,Campos dos Goytacazes,RJ,-21.731329,-41.236965
CR00443,2023-04-12 13:01:00,Roubo,Nova Iguaçu,RJ,-22.810676,-43.387787
CR00444,2023-04-13 07:29:00,Vias de Fato,Rio de Janeiro,RJ,-22.910408,-43.209
CR00445,2023-04-10 22:09:00,Dano ao Patrimônio,Rio de Janeiro,RJ,-22.962547,-43.135196
CR00446,2023-04-13 06:04:00,Dano ao Patrimônio,Rio de Janeiro,RJ,-22.936585,-43.175088
CR00447,2023-04-15 22:18:00,Injúria,Nova Iguaçu,RJ,-22.732194,-43.546351
CR00448,2023-04-09 11:47:00,Perturbação da Paz,Niterói,RJ,-22.873933,-43.060317
CR00449,2023-04-13 22:49:00,Furto,Campos dos Goytacazes,RJ,-21.748972,-41.332199
CR00450,2023-04-10 10:16:00,Roubo,Rio de Janeiro,RJ,-22.915371,-43.246753
CR00451,2023-04-14 06:57:00,Furto,Petrópolis,RJ,-22.480249,-43.142764
CR00452,2023-04-11 22:19:00,Roubo,Rio de Janeiro,RJ,-22.831352,-43.194762
CR00453,2023-04-14 15:09:00,Ameaça,Niterói,RJ,-22.839602,-43.092622
CR00454,2023-04-09 17:12:00,Injúria,Niterói,RJ,-22.792703,-43.06486
CR00455,2023-04-11 08:41:00,Furto,Rio de Janeiro,RJ,-22.858692,-43.189964
CR00456,2023-04-09 07:59:00,Injúria,Nova Iguaçu,RJ,-22.7892,-43.471396
CR00457,2023-04-15 06:32:00,Injúria,Rio de Janeiro,RJ,-23.017307,-43.190288
CR00458,2023-04-10 19:53:00,Ameaça,Niterói,RJ,-22.883265,-43.052059
CR00459,2023-04-13 20:56:00,Furto,Rio de Janeiro,RJ,-22.852049,-43.170662
CR00460,2023-04-15 17:45:00,Lesão Corporal,Nova Iguaçu,RJ,-22.743001,-43.361725
CR00461,2023-04-10 13:25:00,Lesão Corporal,Duque de Caxias,RJ,-22.73999,-43.311231
CR00462,2023-04-09 08:48:00,Injúria,Rio de Janeiro,RJ,-22.848003,-43.166121
CR00463,2023-04-15 20:05:00,Roubo,Nova Iguaçu,RJ,-22.74877,-43.452444
CR00464,2023-04-11 18:10:00,Vias de Fato,Rio de Janeiro,RJ,-22.873419,-43.13092
CR00465,2023-04-14 16:20:00,Injúria,Rio de Janeiro,RJ,-22.98899,-43.180443
CR00466,2023-04-10 22:58:00,Lesão Corporal,Duque de Caxias,RJ,-22.813271,-43.251619
CR00467,2023-04-13 16:13:00,Injúria,Duque de Caxias,RJ,-22.78709,-43.303798
CR00468,2023-04-10 10:31:00,Perturbação da Paz,Belford Roxo,RJ,-22.75144,-43.350829
CR00469,2023-04-12 17:54:00,Vias de Fato,Petrópolis,RJ,-22.519591,-43.159887
CR00470,2023-04-11 07:23:00,Roubo,Niterói,RJ,-22.899312,-43.139028
CR00471,2023-04-14 08:05:00,Roubo,Petrópolis,RJ,-22.510091,-43.115384
CR00472,2023-04-15 18:06:00,Furto,Campos dos Goytacazes,RJ,-21.782461,-41.322695
CR00473,2023-04-09 20:53:00,Dano ao Patrimônio,Belford Roxo,RJ,-22.825715,-43.419881
CR00474,2023-04-10 22:03:00,Perturbação da Paz,Nova Iguaçu,RJ,-22.732458,-43.406176
CR00475,2023-04-11 22:29:00,Roubo,Belford Roxo,RJ,-22.830796,-43.386848
CR00476,2023-04-14 15:03:00,Furto,Niterói,RJ,-22.891132,-43.129468
CR00477,2023-04-11 17:37:00,Dano ao Patrimônio,Duque de Caxias,RJ,-22.774353,-43.339602
CR00478,2023-04-15 15:01:00,Perturbação da Paz,Duque de Caxias,RJ,-22.8515,-43.300071
CR00479,2023-04-15 20:33:00,Dano ao Patrimônio,Duque de Caxias,RJ,-22.821641,-43.248673
CR00480,2023-04-09 18:53:00,Injúria,Rio de Janeiro,RJ,-22.852529,-43.202699
CR00481,2023-04-14 13:50:00,Injúria,Rio de Janeiro,RJ,-22.981248,-43.184129
CR00482,2023-04-11 06:46:00,Roubo,Rio de Janeiro,RJ,-22.861448,-43.088625
CR00483,2023-04-11 14:59:00,Roubo,Petrópolis,RJ,-22.566388,-43.137997
CR00484,2023-04-14 12:50:00,Injúria,São João de Meriti,RJ,-22.83972,-43.413524
CR00485,2023-04-10 06:57:00,Vias de Fato,Niterói,RJ,-22.880995,-43.080853
CR00486,2023-04-13 09:44:00,Injúria,Duque de Caxias,RJ,-22.681455,-43.326744
CR00487,2023-04-14 22:29:00,Injúria,Nova Iguaçu,RJ,-22.780603,-43.467227
CR00488,2023-04-13 21:03:00,Perturbação da Paz,Petrópolis,RJ,-22.501916,-43.139262
CR00489,2023-04-22 08:15:00,Furto,Niterói,RJ,-22.934177,-43.156227
CR00490,2023-04-16 09:54:00,Perturbação da Paz,Rio de Janeiro,RJ,-22.937763,-43.19052
CR00491,2023-04-21 12:46:00,Dano ao Patrimônio,Duque de Caxias,RJ,-22.804041,-43.329029
CR00492,2023-04-16 21:56:00,Injúria,Petrópolis,RJ,-22.504041,-43.260365
CR00493,2023-04-19 17:31:00,Furto,Duque de Caxias,RJ,-22.712939,-43.34695
CR00494,2023-04-17 12:19:00,Furto,Belford Roxo,RJ,-22.768973,-43.394916
CR00495,2023-04-19 11:49:00,Roubo,Niterói,RJ,-22.874608,-43.10379
CR00496,2023-04-19 08:36:00,Lesão Corporal,Volta Redonda,RJ,-22.55348,-44.061274
CR00497,2023-04-16 16:45:00,Vias de Fato,Niterói,RJ,-22.905723,-43.054425
CR00498,2023-04-17 10:15:00,Ameaça,Rio de Janeiro,RJ,-22.887422,-43.124191
CR00499,2023-04-16 18:14:00,Perturbação da Paz,Nova Iguaçu,RJ,-22.72299,-43.463385
CR00500,2023-04-21 07:27:00,Dano ao Patrimônio,Rio de Janeiro,RJ,-22.874605,-43.16795
CR00501,2023-04-20 18:28:00,Injúria,Duque de Caxias,RJ,-22.76339,-43.380159
CR00502,2023-04-21 20:55:00,Furto,Nova Iguaçu,RJ,-22.73746,-43.459652
CR00503,2023-04-18 07:43:00,Roubo,São João de Meriti,RJ,-22.804201,-43.389057
CR00504,2023-04-17 08:12:00,Ameaça,Rio de Janeiro,RJ,-22.885112,-43.163113
CR00505,2023-04-21 17:51:00,Furto,Campos dos Goytacazes,RJ,-21.789298,-41.359014
CR00506,2023-04-18 12:56:00,Vias de Fato,Rio de Janeiro,RJ,-22.88759,-43.156591
CR00507,2023-04-19 13:42:00,Injúria,Nova Iguaçu,RJ,-22.778685,-43.463576
CR00508,2023-04-21 09:47:00,Dano ao Patrimônio,Duque de Caxias,RJ,-22.852764,-43.316029
CR00509,2023-04-19 14:18:00,Injúria,São João de Meriti,RJ,-22.816602,-43.458168
CR00510,2023-04-18 20:33:00,Injúria,Rio de Janeiro,RJ,-22.892442,-43.171058
CR00511,2023-04-18 09:35:00,Vias de Fato,Volta Redonda,RJ,-22.560662,-44.096846
CR00512,2023-04-18 11:03:00,Lesão Corporal,Duque de Caxias,RJ,-22.69468,-43.286103
CR00513,2023-04-21 21:32:00,Dano ao Patrimônio,Niterói,RJ,-22.868549,-43.136333
CR00514,2023-04-20 09:14:00,Injúria,Niterói,RJ,-22.923444,-43.06498
CR00515,2023-04-22 15:17:00,Injúria,Belford Roxo,RJ,-22.724626,-43.395891
CR00516,2023-04-22 19:00:00,Dano ao Patrimônio,Nova Iguaçu,RJ,-22.792531,-43.364754
CR00517,2023-04-17 19:23:00,Dano ao Patrimônio,Niterói,RJ,-22.916708,-43.054185
CR00518,2023-04-18 15:32:00,Furto,Rio de Janeiro,RJ,-22.928551,-43.116447
CR00519,2023-04-22 12:33:00,Roubo,Rio de Janeiro,RJ,-22.9427,-43.212614
CR00520,2023-04-20 07:44:00,Perturbação da Paz,Campos dos Goytacazes,RJ,-21.821221,-41.291451
CR00521,2023-04-17 12:29:00,Ameaça,Niterói,RJ,-22.910959,-43.104003
CR00522,2023-04-21 19:41:00,Dano ao Patrimônio,Niterói,RJ,-22.911182,-43.131024
CR00523,2023-04-17 08:05:00,Perturbação da Paz,São João de Meriti,RJ,-22.807605,-43.320077
CR00524,2023-04-21 17:10:00,Lesão Corporal,Rio de Janeiro,RJ,-22.903194,-43.21235
CR00525,2023-04-16 20:14:00,Vias de Fato,Rio de Janeiro,RJ,-22.858503,-43.186068
CR00526,2023-04-22 20:51:00,Dano ao Patrimônio,Rio de Janeiro,RJ,-22.883254,-43.176416
CR00527,2023-04-26 18:01:00,Ameaça,São João de Meriti,RJ,-22.807657,-43.308586
CR00528,2023-04-26 16:48:00,Vias de Fato,Rio de Janeiro,RJ,-22.949095,-43.248813
CR00529,2023-04-29 09:19:00,Perturbação da Paz,Campos dos Goytacazes,RJ,-21.777937,-41.313673
CR00530,2023-04-26 14:55:00,Injúria,Duque de Caxias,RJ,-22.825932,-43.339703
CR00531,2023-04-24 18:50:00,Injúria,Rio de Janeiro,RJ,-22.902048,-43.188882
CR00532,2023-04-29 06:42:00,Lesão Corporal,Campos dos Goytacazes,RJ,-21.726857,-41.266961
CR00533,2023-04-27 13:47:00,Roubo,Rio de Janeiro,RJ,-22.892181,-43.110269
CR00534,2023-04-29 07:18:00,Injúria,Duque de Caxias,RJ,-22.736285,-43.320564
CR00535,2023-04-26 19:10:00,Roubo,Rio de Janeiro,RJ,-22.901153,-43.243159
CR00536,2023-04-29 09:02:00,Dano ao Patrimônio,Rio de Janeiro,RJ,-22.95798,-43.214181
CR00537,2023-04-25 19:54:00,Injúria,Campos dos Goytacazes,RJ,-21.716326,-41.304589
CR00538,2023-04-26 17:45:00,Vias de Fato,Duque de Caxias,RJ,-22.751312,-43.356182
CR00539,2023-04-27 22:30:00,Ameaça,Rio de Janeiro,RJ,-22.913849,-43.156888
CR00540,2023-04-24 08:17:00,Injúria,Angra dos Reis,RJ,-23.008725,-44.289839
CR00541,2023-04-27 12:39:00,Dano ao Patrimônio,Belford Roxo,RJ,-22.761698,-43.394603
CR00542,2023-04-26 07:47:00,Furto,Rio de Janeiro,RJ,-22.899772,-43.121303
CR00543,2023-04-28 17:14:00,Dano ao Patrimônio,Rio de Janeiro,RJ,-22.921628,-43.209092
CR00544,2023-04-26 20:42:00,Furto,Rio de Janeiro,RJ,-22.953584,-43.224977
CR00545,2023-04-23 15:31:00,Dano ao Patrimônio,São João de Meriti,RJ,-22.817511,-43.411977
CR00546,2023-04-25 22:00:00,Ameaça,Belford Roxo,RJ,-22.798518,-43.373297
CR00547,2023-04-24 10:38:00,Lesão Corporal,Rio de Janeiro,RJ,-22.860396,-43.131058
CR00548,2023-04-23 06:12:00,Injúria,Rio de Janeiro,RJ,-22.94888,-43.15724
CR00549,2023-04-26 15:31:00,Lesão Corporal,Rio de Janeiro,RJ,-22.86364,-43.220804
CR00550,2023-04-28 10:40:00,Dano ao Patrimônio,Petrópolis,RJ,-22.470621,-43.206879
CR00551,2023-04-29 18:03:00,Ameaça,Angra dos Reis,RJ,-23.02838,-44.345862
CR00552,2023-04-23 09:51:00,Ameaça,Nova Iguaçu,RJ,-22.728404,-43.412391
CR00553,2023-04-25 16:57:00,Dano ao Patrimônio,Nova Iguaçu,RJ,-22.776303,-43.34571
CR00554,2023-04-24 19:22:00,Ameaça,Rio de Janeiro,RJ,-22.947235,-43.11272
CR00555,2023-04-25 15:53:00,Roubo,Rio de Janeiro,RJ,-22.891409,-43.169121
CR00556,2023-04-27 12:16:00,Ameaça,Rio de Janeiro,RJ,-22.924779,-43.113716
CR00557,2023-04-24 21:27:00,Dano ao Patrimônio,Belford Roxo,RJ,-22.720385,-43.372176
CR00558,2023-04-27 14:12:00,Lesão Corporal,Niterói,RJ,-22.909542,-43.114085
CR00559,2023-04-28 12:39:00,Perturbação da Paz,Rio de Janeiro,RJ,-22.941021,-43.168552
CR00560,2023-04-29 13:01:00,Furto,Duque de Caxias,RJ,-22.840642,-43.337073
CR00561,2023-04-24 12:19:00,Perturbação da Paz,Rio de Janeiro,RJ,-22.906512,-43.19431
CR00562,2023-04-25 15:18:00,Lesão Corporal,Rio de Janeiro,RJ,-22.873073,-43.234529
CR00563,2023-04-26 22:23:00,Furto,Rio de Janeiro,RJ,-22.906433,-43.177551
CR00564,2023-04-26 16:38:00,Perturbação da Paz,Angra dos Reis,RJ,-22.906943,-44.354709
CR00565,2023-04-25 09:52:00,Perturbação da Paz,Volta Redonda,RJ,-22.503269,-44.109201
CR00566,2023-05-02 08:25:00,Vias de Fato,Petrópolis,RJ,-22.502484,-43.185815
CR00567,2023-05-04 06:24:00,Vias de Fato,Volta Redonda,RJ,-22.549583,-44.146711
CR00568,2023-05-03 15:09:00,Dano ao Patrimônio,Rio de Janeiro,RJ,-22.867761,-43.179105
CR00569,2023-05-01 20:52:00,Furto,Rio de Janeiro,RJ,-22.939676,-43.109885
CR00570,2023-05-06 08:07:00,Dano ao Patrimônio,Rio de Janeiro,RJ,-22.942392,-43.231646
CR00571,2023-05-02 15:28:00,Lesão Corporal,Nova Iguaçu,RJ,-22.802643,-43.501395
CR00572,2023-05-06 15:43:00,Vias de Fato,Rio de Janeiro,RJ,-22.88391,-43.246642
CR00573,2023-05-04 07:54:00,Roubo,Rio de Janeiro,RJ,-22.902121,-43.262613
CR00574,2023-04-30 19:59:00,Roubo,Rio de Janeiro,RJ,-22.890944,-43.160677
CR00575,2023-05-03 19:01:00,Vias de Fato,Rio de Janeiro,RJ,-22.906877,-43.160761
CR00576,2023-05-01 08:28:00,Vias de Fato,Belford Roxo,RJ,-22.777698,-43.431902
CR00577,2023-05-03 06:19:00,Roubo,Rio de Janeiro,RJ,-22.932329,-43.199427
CR00578,2023-05-06 07:44:00,Perturbação da Paz,Volta Redonda,RJ,-22.519855,-44.139412
CR00579,2023-05-05 10:09:00,Perturbação da Paz,Rio de Janeiro,RJ,-22.865951,-43.194384
CR00580,2023-05-01 08:15:00,Vias de Fato,Nova Iguaçu,RJ,-22.758399,-43.499065
CR00581,2023-05-04 18:13:00,Dano ao Patrimônio,Nova Iguaçu,RJ,-22.759245,-43.540501
CR00582,2023-05-05 07:43:00,Perturbação da Paz,Rio de Janeiro,RJ,-22.833562,-43.21369
CR00583,2023-05-06 15:55:00,Roubo,Rio de Janeiro,RJ,-22.957718,-43.198678
CR00584,2023-04-30 11:54:00,Perturbação da Paz,São João de Meriti,RJ,-22.790327,-43.428217
CR00585,2023-04-30 09:51:00,Vias de Fato,Nova Iguaçu,RJ,-22.712073,-43.408845
CR00586,2023-05-03 10:16:00,Dano ao Patrimônio,Duque de Caxias,RJ,-22.728735,-43.32775
CR00587,2023-05-03 07:19:00,Furto,Duque de Caxias,RJ,-22.784622,-43.323436
CR00588,2023-05-03 18:26:00,Dano ao Patrimônio,Campos dos Goytacazes,RJ,-21.737601,-41.295359
CR00589,2023-05-01 07:34:00,Lesão Corporal,Petrópolis,RJ,-22.517283,-43.279744
CR00590,2023-04-30 15:10:00,Lesão Corporal,Niterói,RJ,-22.879248,-43.096325
CR00591,2023-04-30 16:38:00,Ameaça,São João de Meriti,RJ,-22.789223,-43.403651
CR00592,2023-05-02 09:08:00,Vias de Fato,Rio de Janeiro,RJ,-22.934065,-43.091644
CR00593,2023-05-09 09:34:00,Dano ao Patrimônio,Rio de Janeiro,RJ,-22.90803,-43.196261
CR00594,2023-05-10 13:23:00,Dano ao Patrimônio,Belford Roxo,RJ,-22.818183,-43.43057
CR00595,2023-05-11 21:47:00,Roubo,Nova Iguaçu,RJ,-22.762789,-43.389291
CR00596,2023-05-07 19:36:00,Perturbação da Paz,Nova Iguaçu,RJ,-22.777083,-43.442679
CR00597,2023-05-10 10:13:00,Perturbação da Paz,Rio de Janeiro,RJ,-22.881171,-43.107804
CR00598,2023-05-09 12:04:00,Ameaça,Campos dos Goytacazes,RJ,-21.785158,-41.372802
CR00599,2023-05-07 13:19:00,Furto,Nova Iguaçu,RJ,-22.709239,-43.423592
CR00600,2023-05-07 20:00:00,Vias de Fato,Nova Iguaçu,RJ,-22.777701,-43.530047
CR00601,2023-05-12 10:14:00,Roubo,Duque de Caxias,RJ,-22.691209,-43.32583
CR00602,2023-05-12 18:32:00,Lesão Corporal,Belford Roxo,RJ,-22.787069,-43.424438
CR00603,2023-05-12 21:23:00,Injúria,Duque de Caxias,RJ,-22.806854,-43.393489
CR00604,2023-05-07 13:54:00,Furto,Volta Redonda,RJ,-22.553488,-44.111716
CR00605,2023-05-08 08:56:00,Vias de Fato,Rio de Janeiro,RJ,-22.961131,-43.206538
CR00606,2023-05-09 16:03:00,Dano ao Patrimônio,Belford Roxo,RJ,-22.81358,-43.384915
CR00607,2023-05-07 21:16:00,Lesão Corporal,Rio de Janeiro,RJ,-22.910635,-43.206294
CR00608,2023-05-07 13:28:00,Dano ao Patrimônio,Nova Iguaçu,RJ,-22.794792,-43.47079
CR00609,2023-05-13 10:39:00,Roubo,Rio de Janeiro,RJ,-22.885886,-43.137341
CR00610,2023-05-07 09:41:00,Roubo,Niterói,RJ,-22.919941,-43.106731
CR00611,2023-05-12 22:07:00,Ameaça,Nova Iguaçu,RJ,-22.778181,-43.477974
CR00612,2023-05-08 18:30:00,Injúria,Rio de Janeiro,RJ,-22.807928,-43.16608
CR00613,2023-05-07 12:00:00,Lesão Corporal,Belford Roxo,RJ,-22.74699,-43.316132
CR00614,2023-05-08 20:24:00,Dano ao Patrimônio,Rio de Janeiro,RJ,-22.969644,-43.142072
CR00615,2023-05-09 09:20:00,Furto,São João de Meriti,RJ,-22.870414,-43.424552
CR00616,2023-05-09 09:28:00,Lesão Corporal,Rio de Janeiro,RJ,-22.897622,-43.193796
CR00617,2023-05-10 11:46:00,Vias de Fato,Petrópolis,RJ,-22.541715,-43.172937
CR00618,2023-05-07 16:03:00,Dano ao Patrimônio,Nova Iguaçu,RJ,-22.721705,-43.482466
CR00619,2023-05-12 16:17:00,Vias de Fato,Rio de Janeiro,RJ,-22.933059,-43.09237
CR00620,2023-05-10 17:20:00,Furto,Angra dos Reis,RJ,-22.975453,-44.275994
CR00621,2023-05-07 14:37:00,Vias de Fato,Rio de Janeiro,RJ,-22.901528,-43.22464
CR00622,2023-05-07 06:59:00,Furto,Rio de Janeiro,RJ,-22.842161,-43.141719
CR00623,2023-05-18 10:17:00,Roubo,Rio de Janeiro,RJ,-22.912929,-43.205865
CR00624,2023-05-15 17:45:00,Ameaça,Nova Iguaçu,RJ,-22.731694,-43.429256
CR00625,2023-05-17 21:32:00,Injúria,Rio de Janeiro,RJ,-22.890284,-43.201946
CR00626,2023-05-17 21:50:00,Ameaça,Nova Iguaçu,RJ,-22.757127,-43.476044
CR00627,2023-05-20 07:37:00,Lesão Corporal,Rio de Janeiro,RJ,-22.864173,-43.151403
CR00628,2023-05-18 08:51:00,Dano ao Patrimônio,Duque de Caxias,RJ,-22.817294,-43.320801
CR00629,2023-05-14 11:50:00,Lesão Corporal,Rio de Janeiro,RJ,-22.873375,-43.177457
CR00630,2023-05-15 08:47:00,Injúria,Nova Iguaçu,RJ,-22.79556,-43.43436
CR00631,2023-05-16 14:10:00,Ameaça,Nova Iguaçu,RJ,-22.652329,-43.461639
CR00632,2023-05-17 08:00:00,Roubo,Rio de Janeiro,RJ,-22.884933,-43.150708
CR00633,2023-05-19 11:39:00,Vias de Fato,Rio de Janeiro,RJ,-22.941842,-43.197686
CR00634,2023-05-14 07:52:00,Perturbação da Paz,Rio de Janeiro,RJ,-22.879256,-43.133833
CR00635,2023-05-16 14:07:00,Vias de Fato,Campos dos Goytacazes,RJ,-21.719976,-41.317315
CR00636,2023-05-18 06:16:00,Injúria,Niterói,RJ,-22.943722,-43.132182
CR00637,2023-05-15 06:00:00,Furto,Duque de Caxias,RJ,-22.824844,-43.340629
CR00638,2023-05-19 11:03:00,Roubo,Niterói,RJ,-22.916673,-43.10025
CR00639,2023-05-16 08:56:00,Vias de Fato,Volta Redonda,RJ,-22.575071,-44.113158
CR00640,2023-05-17 17:33:00,Injúria,Nova Iguaçu,RJ,-22.71266,-43.463348
CR00641,2023-05-20 07:38:00,Dano ao Patrimônio,Rio de Janeiro,RJ,-22.887612,-43.160082
CR00642,2023-05-15 09:50:00,Dano ao Patrimônio,Rio de Janeiro,RJ,-22.909261,-43.144734
CR00643,2023-05-21 13:27:00,Lesão Corporal,Rio de Janeiro,RJ,-22.959477,-43.124569
CR00644,2023-05-22 14:00:00,Vias de Fato,Niterói,RJ,-22.880385,-43.17016
CR00645,2023-05-21 06:08:00,Vias de Fato,Niterói,RJ,-22.920383,-43.10621
CR00646,2023-05-21 18:20:00,Furto,Angra dos Reis,RJ,-23.06481,-44.336055
CR00647,2023-05-23 07:06:00,Vias de Fato,Duque de Caxias,RJ,-22.804989,-43.289868
CR00648,2023-05-24 10:29:00,Furto,Duque de Caxias,RJ,-22.831664,-43.267154
CR00649,2023-05-26 11:19:00,Furto,Rio de Janeiro,RJ,-22.887395,-43.159422
CR00650,2023-05-24 16:12:00,Injúria,Belford Roxo,RJ,-22.756967,-43.353225
CR00651,2023-05-25 09:04:00,Vias de Fato,Niterói,RJ,-22.898615,-43.09002
CR00652,2023-05-24 12:11:00,Lesão Corporal,Rio de Janeiro,RJ,-22.920297,-43.168602
CR00653,2023-05-27 14:11:00,Lesão Corporal,Rio de Janeiro,RJ,-22.926418,-43.157094
CR00654,2023-05-25 14:27:00,Dano ao Patrimônio,Rio de Janeiro,RJ,-22.93954,-43.129642
CR00655,2023-05-23 12:53:00,Furto,Belford Roxo,RJ,-22.841073,-43.444479
CR00656,2023-05-22 14:17:00,Lesão Corporal,Rio de Janeiro,RJ,-22.922789,-43.103155
CR00657,2023-05-29 17:51:00,Lesão Corporal,Nova Iguaçu,RJ,-22.788821,-43.410736
CR00658,2023-05-28 11:41:00,Lesão Corporal,Duque de Caxias,RJ,-22.82674,-43.320386
CR00659,2023-05-30 13:00:00,Vias de Fato,Rio de Janeiro,RJ,-22.93012,-43.148085
CR00660,2023-05-30 14:43:00,Ameaça,Rio de Janeiro,RJ,-22.900738,-43.15089
CR00661,2023-05-30 22:01:00,Lesão Corporal,Niterói,RJ,-22.76026,-43.083062
CR00662,2023-05-31 09:33:00,Dano ao Patrimônio,Duque de Caxias,RJ,-22.803356,-43.331947
CR00663,2023-05-28 10:52:00,Roubo,Niterói,RJ,-22.840302,-43.069174
CR00664,2023-05-29 18:51:00,Vias de Fato,Rio de Janeiro,RJ,-22.875844,-43.23715
CR00665,2023-05-31 17:51:00,Furto,Nova Iguaçu,RJ,-22.722796,-43.439744
CR00666,2023-05-28 20:48:00,Injúria,Campos dos Goytacazes,RJ,-21.764951,-41.32364
CR00667,2023-06-02 07:47:00,Dano ao Patrimônio,Niterói,RJ,-22.881552,-43.114955
CR00668,2023-05-31 11:37:00,Roubo,Rio de Janeiro,RJ,-22.971922,-43.186827
CR00669,2023-05-28 20:16:00,Injúria,Rio de Janeiro,RJ,-22.965531,-43.182195
CR00670,2023-06-06 08:21:00,Perturbação da Paz,Niterói,RJ,-22.920482,-43.101102
CR00671,2023-06-06 19:43:00,Perturbação da Paz,Petrópolis,RJ,-22.519306,-43.287253
CR00672,2023-06-09 07:09:00,Perturbação da Paz,Rio de Janeiro,RJ,-22.947583,-43.166276
CR00673,2023-06-08 16:18:00,Lesão Corporal,Rio de Janeiro,RJ,-22.943933,-43.153472
CR00674,2023-06-04 20:08:00,Lesão Corporal,Rio de Janeiro,RJ,-22.894676,-43.167912
CR00675,2023-06-10 19:02:00,Dano ao Patrimônio,Rio de Janeiro,RJ,-22.930155,-43.173231
CR00676,2023-06-05 22:38:00,Injúria,Rio de Janeiro,RJ,-22.945401,-43.184024
CR00677,2023-06-04 19:15:00,Ameaça,Rio de Janeiro,RJ,-22.933556,-43.175839
CR00678,2023-06-09 18:05:00,Injúria,Rio de Janeiro,RJ,-22.96877,-43.193333
CR00679,2023-06-09 22:48:00,Ameaça,Rio de Janeiro,RJ,-22.948684,-43.149549
CR00680,2023-06-06 15:41:00,Ameaça,Niterói,RJ,-22.95813,-43.123474
CR00681,2023-06-06 15:17:00,Ameaça,Petrópolis,RJ,-22.463426,-43.239728
CR00682,2023-06-07 17:11:00,Dano ao Patrimônio,Duque de Caxias,RJ,-22.800267,-43.244855
CR00683,2023-06-15 14:17:00,Perturbação da Paz,Rio de Janeiro,RJ,-22.908414,-43.260707
CR00684,2023-06-13 08:34:00,Injúria,Duque de Caxias,RJ,-22.829833,-43.309079
CR00685,2023-06-13 20:54:00,Ameaça,Rio de Janeiro,RJ,-22.857664,-43.17258
CR00686,2023-06-17 18:01:00,Perturbação da Paz,Nova Iguaçu,RJ,-22.646622,-43.43609
CR00687,2023-06-14 10:31:00,Vias de Fato,Nova Iguaçu,RJ,-22.7275,-43.515302
CR00688,2023-06-14 21:53:00,Injúria,Volta Redonda,RJ,-22.57417,-44.083852
CR00689,2023-06-16 19:31:00,Perturbação da Paz,Duque de Caxias,RJ,-22.708599,-43.23241
CR00690,2023-06-16 14:59:00,Ameaça,Rio de Janeiro,RJ,-22.86256,-43.186057
CR00691,2023-06-17 14:29:00,Furto,São João de Meriti,RJ,-22.80291,-43.437452
CR00692,2023-06-15 17:17:00,Injúria,Rio de Janeiro,RJ,-22.848328,-43.206744
CR00693,2023-06-12 11:20:00,Vias de Fato,Rio de Janeiro,RJ,-22.875912,-43.168827
CR00694,2023-06-11 11:39:00,Ameaça,Rio de Janeiro,RJ,-22.887142,-43.090344
CR00695,2023-06-12 20:27:00,Injúria,Rio de Janeiro,RJ,-22.869344,-43.234712
CR00696,2023-06-19 10:02:00,Injúria,Niterói,RJ,-22.936164,-43.07927
CR00697,2023-06-20 14:31:00,Dano ao Patrimônio,Duque de Caxias,RJ,-22.784864,-43.331658
CR00698,2023-06-20 22:19:00,Injúria,Rio de Janeiro,RJ,-22.871826,-43.129645
CR00699,2023-06-19 11:10:00,Injúria,São João de Meriti,RJ,-22.81089,-43.422695
CR00700,2023-06-19 11:35:00,Ameaça,Niterói,RJ,-22.826167,-43.105372
CR00701,2023-06-19 07:02:00,Injúria,Belford Roxo,RJ,-22.740612,-43.408941
CR00702,2023-06-20 21:53:00,Injúria,Nova Iguaçu,RJ,-22.752739,-43.385176
CR00703,2023-06-20 10:26:00,Injúria,Belford Roxo,RJ,-22.805865,-43.378772
CR00704,2023-06-19 06:28:00,Vias de Fato,Rio de Janeiro,RJ,-22.89253,-43.185079
CR00705,2023-06-19 08:00:00,Perturbação da Paz,Rio de Janeiro,RJ,-22.880527,-43.201995
CR00706,2023-06-21 08:14:00,Roubo,Rio de Janeiro,RJ,-22.943618,-43.110172
CR00707,2023-06-20 11:31:00,Perturbação da Paz,Nova Iguaçu,RJ,-22.763687,-43.388653
CR00708,2023-06-21 12:21:00,Roubo,Nova Iguaçu,RJ,-22.74035,-43.504529
CR00709,2023-06-26 10:43:00,Ameaça,Duque de Caxias,RJ,-22.818167,-43.304618
CR00710,2023-06-30 21:12:00,Dano ao Patrimônio,Duque de Caxias,RJ,-22.796256,-43.337662
CR00711,2023-06-30 22:31:00,Perturbação da Paz,Rio de Janeiro,RJ,-22.884062,-43.202607
CR00712,2023-06-28 19:04:00,Roubo,Rio de Janeiro,RJ,-22.869726,-43.183009
CR00713,2023-06-29 06:06:00,Injúria,Rio de Janeiro,RJ,-22.939854,-43.144191
CR00714,2023-06-26 11:14:00,Ameaça,Belford Roxo,RJ,-22.709149,-43.332136
CR00715,2023-07-01 09:54:00,Lesão Corporal,Rio de Janeiro,RJ,-22.872766,-43.143872
CR00716,2023-06-28 08:53:00,Ameaça,Rio de Janeiro,RJ,-22.9086,-43.197235
CR00717,2023-07-01 21:28:00,Vias de Fato,Rio de Janeiro,RJ,-22.884497,-43.226402
CR00718,2023-06-27 09:20:00,Roubo,Niterói,RJ,-22.886267,-43.09134
CR00719,2023-06-30 16:44:00,Lesão Corporal,Rio de Janeiro,RJ,-22.938786,-43.19478
CR00720,2023-06-27 11:55:00,Perturbação da Paz,Campos dos Goytacazes,RJ,-21.736574,-41.339464
CR00721,2023-06-25 08:59:00,Ameaça,Nova Iguaçu,RJ,-22.830198,-43.395256
CR00722,2023-07-06 11:22:00,Vias de Fato,Rio de Janeiro,RJ,-22.848473,-43.170095
CR00723,2023-07-03 16:37:00,Furto,Rio de Janeiro,RJ,-22.875339,-43.174456
CR00724,2023-07-03 11:35:00,Furto,Niterói,RJ,-22.902338,-43.177809
CR00725,2023-07-08 17:32:00,Furto,Duque de Caxias,RJ,-22.771672,-43.322322
CR00726,2023-07-07 13:52:00,Dano ao Patrimônio,Nova Iguaçu,RJ,-22.717117,-43.453655
CR00727,2023-07-06 18:53:00,Injúria,Angra dos Reis,RJ,-22.957622,-44.292868
CR00728,2023-07-07 21:35:00,Ameaça,Belford Roxo,RJ,-22.76949,-43.406058
CR00729,2023-07-03 13:43:00,Injúria,São João de Meriti,RJ,-22.791906,-43.428042
CR00730,2023-07-05 18:06:00,Injúria,Rio de Janeiro,RJ,-22.932696,-43.18386
CR00731,2023-07-06 15:54:00,Roubo,Duque de Caxias,RJ,-22.730904,-43.309634
CR00732,2023-07-08 19:47:00,Ameaça,Nova Iguaçu,RJ,-22.730436,-43.426168
CR00733,2023-07-07 14:00:00,Furto,São João de Meriti,RJ,-22.837677,-43.374028
CR00734,2023-07-07 11:34:00,Roubo,Campos dos Goytacazes,RJ,-21.74191,-41.331154
CR00735,2023-07-10 18:37:00,Ameaça,Niterói,RJ,-22.953175,-43.098225
CR00736,2023-07-09 21:14:00,Roubo,Rio de Janeiro,RJ,-22.984104,-43.227341
CR00737,2023-07-11 10:48:00,Furto,Rio de Janeiro,RJ,-22.934278,-43.169713
CR00738,2023-07-10 17:17:00,Dano ao Patrimônio,Rio de Janeiro,RJ,-22.924732,-43.214907
CR00739,2023-07-13 19:28:00,Injúria,Nova Iguaçu,RJ,-22.654141,-43.397093
CR00740,2023-07-14 18:06:00,Vias de Fato,Rio de Janeiro,RJ,-22.959691,-43.121588
CR00741,2023-07-11 09:21:00,Perturbação da Paz,Petrópolis,RJ,-22.547982,-43.228171
CR00742,2023-07-15 11:37:00,Dano ao Patrimônio,Rio de Janeiro,RJ,-22.938048,-43.152006
CR00743,2023-07-14 08:06:00,Perturbação da Paz,Rio de Janeiro,RJ,-22.912482,-43.18403
CR00744,2023-07-13 13:00:00,Lesão Corporal,Belford Roxo,RJ,-22.761176,-43.430472
CR00745,2023-07-12 09:16:00,Furto,Rio de Janeiro,RJ,-22.888588,-43.161666
CR00746,2023-07-13 21:15:00,Injúria,Duque de Caxias,RJ,-22.749151,-43.315731
CR00747,2023-07-10 07:43:00,Ameaça,Duque de Caxias,RJ,-22.774316,-43.30182
CR00748,2023-07-17 17:48:00,Injúria,Rio de Janeiro,RJ,-22.921792,-43.17006
CR00749,2023-07-19 06:32:00,Dano ao Patrimônio,Duque de Caxias,RJ,-22.812519,-43.330663
CR00750,2023-07-21 21:38:00,Perturbação da Paz,Rio de Janeiro,RJ,-22.881528,-43.060912
CR00751,2023-07-19 13:17:00,Lesão Corporal,Niterói,RJ,-22.912877,-43.051726
CR00752,2023-07-21 19:26:00,Lesão Corporal,Rio de Janeiro,RJ,-22.876489,-43.181997
CR00753,2023-07-16 16:02:00,Vias de Fato,Nova Iguaçu,RJ,-22.767153,-43.501974
CR00754,2023-07-19 10:04:00,Lesão Corporal,Nova Iguaçu,RJ,-22.728825,-43.438978
CR00755,2023-07-21 12:26:00,Perturbação da Paz,Rio de Janeiro,RJ,-22.869812,-43.155054
CR00756,2023-07-20 18:26:00,Furto,Niterói,RJ,-22.937556,-43.086886
CR00757,2023-07-16 11:13:00,Vias de Fato,Nova Iguaçu,RJ,-22.795457,-43.432704
CR00758,2023-07-17 16:40:00,Ameaça,Rio de Janeiro,RJ,-22.980897,-43.21071
CR00759,2023-07-21 08:34:00,Vias de Fato,Rio de Janeiro,RJ,-22.919976,-43.171195
CR00760,2023-07-17 06:48:00,Ameaça,Volta Redonda,RJ,-22.461051,-44.119892
CR00761,2023-07-29 13:17:00,Vias de Fato,Nova Iguaçu,RJ,-22.734397,-43.517484
CR00762,2023-07-28 21:25:00,Lesão Corporal,São João de Meriti,RJ,-22.814164,-43.40415
CR00763,2023-07-27 14:50:00,Vias de Fato,Niterói,RJ,-22.988806,-43.13697
CR00764,2023-07-29 08:32:00,Roubo,Niterói,RJ,-22.873098,-43.115895
CR00765,2023-07-24 15:06:00,Lesão Corporal,Nova Iguaçu,RJ,-22.776154,-43.48038
CR00766,2023-07-26 15:41:00,Injúria,Campos dos Goytacazes,RJ,-21.766512,-41.286048
CR00767,2023-07-24 12:33:00,Ameaça,Campos dos Goytacazes,RJ,-21.767662,-41.334633
CR00768,2023-07-25 17:46:00,Ameaça,Duque de Caxias,RJ,-22.830609,-43.3504
CR00769,2023-07-24 21:03:00,Roubo,Rio de Janeiro,RJ,-22.849556,-43.161628
CR00770,2023-07-23 08:05:00,Vias de Fato,São João de Meriti,RJ,-22.808183,-43.42951
CR00771,2023-07-27 06:36:00,Ameaça,Niterói,RJ,-22.88036,-43.197067
CR00772,2023-07-25 14:47:00,Furto,Nova Iguaçu,RJ,-22.791636,-43.427456
CR00773,2023-07-25 16:49:00,Roubo,Rio de Janeiro,RJ,-22.903139,-43.247786
CR00774,2023-07-29 20:51:00,Lesão Corporal,Rio de Janeiro,RJ,-22.891008,-43.221487
CR00775,2023-08-04 18:06:00,Furto,Petrópolis,RJ,-22.57413,-43.222802
CR00776,2023-08-03 07:03:00,Ameaça,Petrópolis,RJ,-22.482986,-43.178399
CR00777,2023-08-05 10:55:00,Lesão Corporal,Nova Iguaçu,RJ,-22.810348,-43.43503
CR00778,2023-07-30 08:37:00,Vias de Fato,Niterói,RJ,-22.871945,-43.123247
CR00779,2023-08-03 07:37:00,Roubo,Rio de Janeiro,RJ,-22.937026,-43.170654
CR00780,2023-08-05 17:22:00,Furto,Niterói,RJ,-22.912834,-43.15232
CR00781,2023-07-30 12:13:00,Furto,Rio de Janeiro,RJ,-22.8817,-43.23684
CR00782,2023-08-02 22:52:00,Vias de Fato,Angra dos Reis,RJ,-22.993858,-44.292407
CR00783,2023-07-30 10:14:00,Furto,Rio de Janeiro,RJ,-22.971529,-43.075047
CR00784,2023-07-30 09:38:00,Dano ao Patrimônio,Rio de Janeiro,RJ,-22.966666,-43.118796
CR00785,2023-08-01 15:34:00,Roubo,Rio de Janeiro,RJ,-22.996277,-43.182664
CR00786,2023-07-31 16:17:00,Lesão Corporal,Rio de Janeiro,RJ,-22.890993,-43.159977
CR00787,2023-08-01 15:15:00,Perturbação da Paz,Rio de Janeiro,RJ,-22.906299,-43.137366
CR00788,2023-08-01 18:53:00,Roubo,Rio de Janeiro,RJ,-22.937022,-43.215151
CR00789,2023-08-04 19:15:00,Vias de Fato,Campos dos Goytacazes,RJ,-21.738641,-41.316054
CR00790,2023-08-03 21:23:00,Perturbação da Paz,Niterói,RJ,-22.824582,-43.099093
CR00791,2023-08-04 08:03:00,Ameaça,Duque de Caxias,RJ,-22.757479,-43.262218
CR00792,2023-07-30 19:53:00,Ameaça,Rio de Janeiro,RJ,-22.909018,-43.174504
CR00793,2023-08-04 14:31:00,Lesão Corporal,Petrópolis,RJ,-22.521809,-43.178062
CR00794,2023-08-02 22:10:00,Dano ao Patrimônio,Nova Iguaçu,RJ,-22.784358,-43.484255
CR00795,2023-08-01 20:11:00,Lesão Corporal,São João de Meriti,RJ,-22.819605,-43.383779
CR00796,2023-08-02 22:44:00,Dano ao Patrimônio,Belford Roxo,RJ,-22.789122,-43.440589
CR00797,2023-07-30 19:39:00,Lesão Corporal,Rio de Janeiro,RJ,-22.838768,-43.199634
CR00798,2023-08-04 12:24:00,Dano ao Patrimônio,Rio de Janeiro,RJ,-22.877027,-43.141891
CR00799,2023-08-04 12:26:00,Dano ao Patrimônio,Rio de Janeiro,RJ,-22.96151,-43.205137
CR00800,2023-07-31 12:20:00,Lesão Corporal,Niterói,RJ,-22.835935,-43.140022
CR00801,2023-08-05 21:17:00,Perturbação da Paz,Duque de Caxias,RJ,-22.813213,-43.287624
CR00802,2023-08-09 07:44:00,Injúria,Rio de Janeiro,RJ,-22.932784,-43.223032
CR00803,2023-08-07 11:12:00,Perturbação da Paz,Rio de Janeiro,RJ,-22.817247,-43.115709
CR00804,2023-08-09 11:35:00,Dano ao Patrimônio,Campos dos Goytacazes,RJ,-21.788021,-41.277748
CR00805,2023-08-10 07:57:00,Dano ao Patrimônio,Campos dos Goytacazes,RJ,-21.685587,-41.317562
CR00806,2023-08-08 11:37:00,Injúria,Niterói,RJ,-22.896639,-43.103493
CR00807,2023-08-08 10:52:00,Perturbação da Paz,Belford Roxo,RJ,-22.826099,-43.434696
CR00808,2023-08-10 22:32:00,Injúria,Niterói,RJ,-22.890557,-43.095844
CR00809,2023-08-10 08:02:00,Perturbação da Paz,Angra dos Reis,RJ,-22.982902,-44.347083
CR00810,2023-08-10 18:46:00,Dano ao Patrimônio,Campos dos Goytacazes,RJ,-21.782227,-41.33135
CR00811,2023-08-08 06:07:00,Perturbação da Paz,Niterói,RJ,-22.941538,-43.142205
CR00812,2023-08-10 12:00:00,Perturbação da Paz,Belford Roxo,RJ,-22.771481,-43.396759
CR00813,2023-08-08 10:03:00,Furto,Niterói,RJ,-22.905464,-43.080816
CR00814,2023-08-12 10:29:00,Perturbação da Paz,Niterói,RJ,-22.849167,-43.075162
CR00815,2023-08-06 06:24:00,Vias de Fato,Duque de Caxias,RJ,-22.74306,-43.337783
CR00816,2023-08-10 14:38:00,Lesão Corporal,Rio de Janeiro,RJ,-22.939764,-43.175891
CR00817,2023-08-06 10:42:00,Furto,Duque de Caxias,RJ,-22.791893,-43.318112
CR00818,2023-08-12 22:12:00,Dano ao Patrimônio,Niterói,RJ,-22.988288,-43.122937
CR00819,2023-08-06 15:20:00,Perturbação da Paz,Belford Roxo,RJ,-22.729975,-43.396086
CR00820,2023-08-07 18:46:00,Roubo,Campos dos Goytacazes,RJ,-21.787231,-41.39305
CR00821,2023-08-12 19:39:00,Furto,Petrópolis,RJ,-22.503036,-43.209714
CR00822,2023-08-14 07:24:00,Dano ao Patrimônio,Niterói,RJ,-22.861786,-43.070992
CR00823,2023-08-19 14:55:00,Furto,Rio de Janeiro,RJ,-22.899962,-43.204025
CR00824,2023-08-17 09:04:00,Injúria,Rio de Janeiro,RJ,-23.003545,-43.121841
CR00825,2023-08-19 18:13:00,Roubo,Belford Roxo,RJ,-22.742059,-43.424911
CR00826,2023-08-18 17:14:00,Lesão Corporal,Rio de Janeiro,RJ,-22.861722,-43.133914
CR00827,2023-08-13 09:04:00,Dano ao Patrimônio,Duque de Caxias,RJ,-22.756294,-43.351699
CR00828,2023-08-16 09:18:00,Furto,Nova Iguaçu,RJ,-22.718797,-43.463272
CR00829,2023-08-16 20:42:00,Perturbação da Paz,Rio de Janeiro,RJ,-22.937461,-43.158909
CR00830,2023-08-18 22:41:00,Furto,Rio de Janeiro,RJ,-22.851485,-43.164834
CR00831,2023-08-16 08:29:00,Ameaça,Rio de Janeiro,RJ,-22.768638,-43.161495
CR00832,2023-08-19 20:08:00,Ameaça,Belford Roxo,RJ,-22.760627,-43.319423
CR00833,2023-08-16 20:18:00,Furto,Rio de Janeiro,RJ,-22.848619,-43.157857
CR00834,2023-08-14 08:09:00,Roubo,Rio de Janeiro,RJ,-22.892352,-43.119372
CR00835,2023-08-18 06:33:00,Ameaça,Rio de Janeiro,RJ,-22.959917,-43.15157
CR00836,2023-08-18 21:26:00,Lesão Corporal,Volta Redonda,RJ,-22.568504,-44.14587
CR00837,2023-08-15 13:29:00,Injúria,Niterói,RJ,-22.859518,-43.100754
CR00838,2023-08-16 14:07:00,Injúria,Angra dos Reis,RJ,-23.049536,-44.338535
CR00839,2023-08-16 12:56:00,Injúria,Rio de Janeiro,RJ,-22.938227,-43.12472
CR00840,2023-08-19 12:07:00,Perturbação da Paz,Rio de Janeiro,RJ,-22.907958,-43.157527
CR00841,2023-08-19 21:59:00,Roubo,Rio de Janeiro,RJ,-22.821933,-43.132772
CR00842,2023-08-14 07:11:00,Furto,Rio de Janeiro,RJ,-22.855699,-43.206625
CR00843,2023-08-14 13:10:00,Perturbação da Paz,Niterói,RJ,-22.871068,-43.136064
CR00844,2023-08-14 18:11:00,Vias de Fato,Niterói,RJ,-22.828218,-43.113993
CR00845,2023-08-15 15:10:00,Lesão Corporal,Rio de Janeiro,RJ,-22.920541,-43.171533
CR00846,2023-08-26 19:13:00,Lesão Corporal,Duque de Caxias,RJ,-22.790403,-43.256507
CR00847,2023-08-25 19:01:00,Injúria,Petrópolis,RJ,-22.520958,-43.114181
CR00848,2023-08-20 16:40:00,Furto,Duque de Caxias,RJ,-22.813174,-43.294948
CR00849,2023-08-20 18:22:00,Injúria,Rio de Janeiro,RJ,-22.870603,-43.126401
CR00850,2023-08-22 07:52:00,Ameaça,Petrópolis,RJ,-22.456327,-43.155117
CR00851,2023-08-26 06:47:00,Perturbação da Paz,Rio de Janeiro,RJ,-22.881169,-43.171655
CR00852,2023-08-24 15:05:00,Roubo,Rio de Janeiro,RJ,-22.948744,-43.202981
CR00853,2023-08-23 20:43:00,Perturbação da Paz,Belford Roxo,RJ,-22.744367,-43.424293
CR00854,2023-08-24 17:35:00,Furto,Rio de Janeiro,RJ,-22.887505,-43.24636
CR00855,2023-08-23 11:41:00,Ameaça,Volta Redonda,RJ,-22.478297,-44.044455
CR00856,2023-08-26 17:53:00,Vias de Fato,Duque de Caxias,RJ,-22.804272,-43.276989
CR00857,2023-08-23 08:42:00,Ameaça,Duque de Caxias,RJ,-22.771894,-43.265381
CR00858,2023-08-20 08:56:00,Perturbação da Paz,Niterói,RJ,-22.868016,-43.029935
CR00859,2023-08-25 21:13:00,Furto,Rio de Janeiro,RJ,-22.91638,-43.188031
CR00860,2023-08-21 14:06:00,Injúria,Rio de Janeiro,RJ,-22.874886,-43.19145
CR00861,2023-08-25 18:08:00,Perturbação da Paz,Rio de Janeiro,RJ,-22.934003,-43.178116
CR00862,2023-08-21 17:02:00,Lesão Corporal,Niterói,RJ,-22.918428,-43.052447
CR00863,2023-08-22 08:50:00,Injúria,Belford Roxo,RJ,-22.79078,-43.332097
CR00864,2023-08-24 10:46:00,Ameaça,Rio de Janeiro,RJ,-22.935694,-43.196689
CR00865,2023-08-22 20:45:00,Roubo,Rio de Janeiro,RJ,-22.823133,-43.15945
CR00866,2023-08-21 08:37:00,Lesão Corporal,Belford Roxo,RJ,-22.762662,-43.389362
CR00867,2023-08-24 14:17:00,Lesão Corporal,Rio de Janeiro,RJ,-22.928483,-43.210807
CR00868,2023-08-22 16:15:00,Ameaça,Rio de Janeiro,RJ,-22.966626,-43.168241
CR00869,2023-08-22 06:57:00,Lesão Corporal,Rio de Janeiro,RJ,-22.88792,-43.150164
CR00870,2023-08-25 15:00:00,Perturbação da Paz,Rio de Janeiro,RJ,-22.845658,-43.132038
CR00871,2023-08-22 11:27:00,Furto,Rio de Janeiro,RJ,-22.925637,-43.171738
CR00872,2023-08-30 07:54:00,Ameaça,Petrópolis,RJ,-22.508744,-43.198492
CR00873,2023-09-01 06:07:00,Injúria,Duque de Caxias,RJ,-22.875807,-43.295415
CR00874,2023-08-29 14:14:00,Lesão Corporal,Nova Iguaçu,RJ,-22.755643,-43.509681
CR00875,2023-08-31 20:43:00,Ameaça,Rio de Janeiro,RJ,-22.921304,-43.190815
CR00876,2023-08-31 08:51:00,Roubo,Volta Redonda,RJ,-22.537788,-44.128755
CR00877,2023-09-02 10:05:00,Vias de Fato,Angra dos Reis,RJ,-23.013867,-44.323589
CR00878,2023-09-02 14:06:00,Dano ao Patrimônio,Rio de Janeiro,RJ,-22.952252,-43.10204
CR00879,2023-08-29 22:26:00,Ameaça,São João de Meriti,RJ,-22.806694,-43.393098
CR00880,2023-08-29 20:36:00,Lesão Corporal,Rio de Janeiro,RJ,-22.887807,-43.200581
CR00881,2023-09-01 15:59:00,Perturbação da Paz,Rio de Janeiro,RJ,-22.88236,-43.23806
CR00882,2023-08-27 10:00:00,Lesão Corporal,Rio de Janeiro,RJ,-22.949817,-43.209827
CR00883,2023-08-27 19:26:00,Furto,São João de Meriti,RJ,-22.819976,-43.414763
CR00884,2023-08-27 08:27:00,Ameaça,Niterói,RJ,-22.911224,-43.041816
CR00885,2023-08-27 11:45:00,Perturbação da Paz,Belford Roxo,RJ,-22.754609,-43.401419
CR00886,2023-08-31 07:13:00,Lesão Corporal,Rio de Janeiro,RJ,-22.876943,-43.202981
CR00887,2023-09-02 10:44:00,Furto,Belford Roxo,RJ,-22.751944,-43.384518
CR00888,2023-08-29 18:01:00,Perturbação da Paz,São João de Meriti,RJ,-22.858269,-43.402027
CR00889,2023-09-02 15:40:00,Injúria,Rio de Janeiro,RJ,-22.96242,-43.18045
CR00890,2023-08-30 14:06:00,Furto,Niterói,RJ,-22.862647,-43.088581
CR00891,2023-09-02 06:11:00,Furto,Rio de Janeiro,RJ,-22.874077,-43.228807
CR00892,2023-08-30 10:42:00,Vias de Fato,Rio de Janeiro,RJ,-22.908286,-43.213711
CR00893,2023-08-28 07:28:00,Dano ao Patrimônio,Rio de Janeiro,RJ,-22.906027,-43.116885
CR00894,2023-08-28 18:51:00,Injúria,Rio de Janeiro,RJ,-22.960569,-43.156655
CR00895,2023-08-31 22:59:00,Roubo,Nova Iguaçu,RJ,-22.769912,-43.47413
CR00896,2023-08-30 17:58:00,Injúria,Rio de Janeiro,RJ,-22.863347,-43.197579
CR00897,2023-08-30 11:05:00,Vias de Fato,Duque de Caxias,RJ,-22.798197,-43.214633
CR00898,2023-09-01 09:18:00,Injúria,São João de Meriti,RJ,-22.729975,-43.338727
CR00899,2023-08-31 17:39:00,Injúria,Rio de Janeiro,RJ,-22.927465,-43.142573
CR00900,2023-08-30 19:04:00,Perturbação da Paz,Nova Iguaçu,RJ,-22.741958,-43.441924
CR00901,2023-09-01 10:52:00,Ameaça,Campos dos Goytacazes,RJ,-21.796517,-41.307295
CR00902,2023-08-27 22:52:00,Ameaça,Rio de Janeiro,RJ,-22.936211,-43.211693
CR00903,2023-08-30 16:20:00,Vias de Fato,Rio de Janeiro,RJ,-22.992895,-43.163283
CR00904,2023-09-01 11:56:00,Injúria,Nova Iguaçu,RJ,-22.811507,-43.419222
CR00905,2023-08-28 20:25:00,Lesão Corporal,Volta Redonda,RJ,-22.563322,-44.141583
CR00906,2023-08-30 10:34:00,Roubo,Rio de Janeiro,RJ,-22.85591,-43.202848
CR00907,2023-08-28 09:38:00,Vias de Fato,Niterói,RJ,-22.890185,-43.115256
CR00908,2023-08-31 16:16:00,Injúria,Rio de Janeiro,RJ,-22.94905,-43.160166
CR00909,2023-09-05 10:09:00,Ameaça,Rio de Janeiro,RJ,-22.954293,-43.182347
CR00910,2023-09-09 06:51:00,Lesão Corporal,Nova Iguaçu,RJ,-22.722857,-43.439495
CR00911,2023-09-06 09:07:00,Furto,Rio de Janeiro,RJ,-22.892147,-43.209482
CR00912,2023-09-06 22:41:00,Vias de Fato,Rio de Janeiro,RJ,-22.864487,-43.162007
CR00913,2023-09-04 20:33:00,Injúria,Niterói,RJ,-22.882952,-43.21146
CR00914,2023-09-05 20:06:00,Furto,Campos dos Goytacazes,RJ,-21.714702,-41.351502
CR00915,2023-09-08 21:24:00,Ameaça,Nova Iguaçu,RJ,-22.694257,-43.436712
CR00916,2023-09-07 19:56:00,Lesão Corporal,Niterói,RJ,-22.858034,-43.133063
CR00917,2023-09-08 10:02:00,Dano ao Patrimônio,Rio de Janeiro,RJ,-22.902076,-43.295821
CR00918,2023-09-07 07:47:00,Injúria,Rio de Janeiro,RJ,-22.942731,-43.155063
CR00919,2023-09-05 18:46:00,Vias de Fato,Belford Roxo,RJ,-22.818179,-43.386745
CR00920,2023-09-05 20:46:00,Dano ao Patrimônio,Niterói,RJ,-22.919721,-43.201233
CR00921,2023-09-08 20:25:00,Ameaça,Nova Iguaçu,RJ,-22.727153,-43.445151
CR00922,2023-09-04 14:53:00,Injúria,Niterói,RJ,-22.863565,-43.043636
CR00923,2023-09-09 12:15:00,Roubo,Rio de Janeiro,RJ,-22.872859,-43.111064
CR00924,2023-09-06 08:04:00,Lesão Corporal,Niterói,RJ,-22.869258,-43.073415
CR00925,2023-09-06 21:26:00,Perturbação da Paz,Duque de Caxias,RJ,-22.738379,-43.236082
CR00926,2023-09-03 14:20:00,Roubo,Duque de Caxias,RJ,-22.763304,-43.316327
CR00927,2023-09-09 16:46:00,Furto,Rio de Janeiro,RJ,-22.952407,-43.190184
CR00928,2023-09-03 16:46:00,Ameaça,Rio de Janeiro,RJ,-22.933441,-43.194933
CR00929,2023-09-07 10:53:00,Vias de Fato,Rio de Janeiro,RJ,-22.797548,-43.149265
CR00930,2023-09-05 08:17:00,Dano ao Patrimônio,Rio de Janeiro,RJ,-22.872955,-43.09932
CR00931,2023-09-05 10:33:00,Furto,Belford Roxo,RJ,-22.79233,-43.440533
CR00932,2023-09-05 20:55:00,Furto,Duque de Caxias,RJ,-22.832712,-43.299171
CR00933,2023-09-04 14:48:00,Vias de Fato,Rio de Janeiro,RJ,-22.925674,-43.197118
CR00934,2023-09-05 07:54:00,Vias de Fato,Angra dos Reis,RJ,-23.007459,-44.319792
CR00935,2023-09-08 14:09:00,Ameaça,Petrópolis,RJ,-22.498699,-43.18855
CR00936,2023-09-08 09:32:00,Dano ao Patrimônio,Duque de Caxias,RJ,-22.803523,-43.30588
CR00937,2023-09-03 13:56:00,Furto,Rio de Janeiro,RJ,-22.93164,-43.210697
CR00938,2023-09-08 10:46:00,Dano ao Patrimônio,Rio de Janeiro,RJ,-22.934586,-43.072072
CR00939,2023-09-04 15:23:00,Vias de Fato,Petrópolis,RJ,-22.431385,-43.21058
CR00940,2023-09-05 08:08:00,Dano ao Patrimônio,Belford Roxo,RJ,-22.742071,-43.393139
CR00941,2023-09-09 22:30:00,Lesão Corporal,Rio de Janeiro,RJ,-22.874843,-43.210483
CR00942,2023-09-07 20:33:00,Injúria,Niterói,RJ,-22.908729,-43.128556
CR00943,2023-09-05 13:28:00,Injúria,Rio de Janeiro,RJ,-22.966817,-43.1807
CR00944,2023-09-06 13:24:00,Perturbação da Paz,Duque de Caxias,RJ,-22.774987,-43.341425
CR00945,2023-09-05 21:39:00,Ameaça,Niterói,RJ,-22.887556,-43.060535
CR00946,2023-09-09 15:54:00,Perturbação da Paz,Niterói,RJ,-22.956304,-43.092966
CR00947,2023-09-05 17:58:00,Ameaça,Nova Iguaçu,RJ,-22.773143,-43.48337
CR00948,2023-09-08 19:47:00,Vias de Fato,Niterói,RJ,-22.839423,-43.139015
CR00949,2023-09-07 18:10:00,Lesão Corporal,Nova Iguaçu,RJ,-22.77352,-43.439605
CR00950,2023-09-08 08:49:00,Roubo,Rio de Janeiro,RJ,-22.908834,-43.187164
CR00951,2023-09-14 13:16:00,Ameaça,Rio de Janeiro,RJ,-22.949106,-43.159906
CR00952,2023-09-12 08:44:00,Injúria,Nova Iguaçu,RJ,-22.669526,-43.540728
CR00953,2023-09-12 08:51:00,Furto,Belford Roxo,RJ,-22.728407,-43.36667
CR00954,2023-09-14 06:33:00,Lesão Corporal,Duque de Caxias,RJ,-22.789791,-43.314835
CR00955,2023-09-16 19:51:00,Dano ao Patrimônio,Rio de Janeiro,RJ,-22.95601,-43.214927
CR00956,2023-09-11 13:55:00,Dano ao Patrimônio,Rio de Janeiro,RJ,-22.886589,-43.23008
CR00957,2023-09-11 15:42:00,Perturbação da Paz,Nova Iguaçu,RJ,-22.725025,-43.490579
CR00958,2023-09-12 12:53:00,Lesão Corporal,Nova Iguaçu,RJ,-22.747155,-43.386846
CR00959,2023-09-12 11:42:00,Injúria,Duque de Caxias,RJ,-22.74321,-43.371624
CR00960,2023-09-15 12:38:00,Vias de Fato,Nova Iguaçu,RJ,-22.685655,-43.46472
CR00961,2023-09-13 10:40:00,Dano ao Patrimônio,Niterói,RJ,-22.917801,-43.155939
CR00962,2023-09-14 21:42:00,Injúria,Niterói,RJ,-22.834708,-43.137708
CR00963,2023-09-16 20:08:00,Dano ao Patrimônio,Rio de Janeiro,RJ,-22.959561,-43.172424
CR00964,2023-09-11 17:27:00,Roubo,Rio de Janeiro,RJ,-23.03122,-43.143578
CR00965,2023-09-16 21:52:00,Lesão Corporal,Rio de Janeiro,RJ,-22.892792,-43.139053
CR00966,2023-09-10 12:59:00,Ameaça,Petrópolis,RJ,-22.489152,-43.157393
CR00967,2023-09-14 14:11:00,Lesão Corporal,Campos dos Goytacazes,RJ,-21.807636,-41.245321
CR00968,2023-09-12 10:31:00,Injúria,Nova Iguaçu,RJ,-22.756513,-43.466567
CR00969,2023-09-13 16:38:00,Roubo,Rio de Janeiro,RJ,-23.001099,-43.097665
CR00970,2023-09-13 09:23:00,Injúria,Duque de Caxias,RJ,-22.80444,-43.338593
CR00971,2023-09-16 15:33:00,Injúria,Angra dos Reis,RJ,-23.032717,-44.336205
CR00972,2023-09-14 17:34:00,Roubo,Nova Iguaçu,RJ,-22.811827,-43.528992
CR00973,2023-09-14 09:56:00,Roubo,Angra dos Reis,RJ,-23.036066,-44.398689
CR00974,2023-09-14 18:13:00,Roubo,Rio de Janeiro,RJ,-22.899301,-43.213011
CR00975,2023-09-11 10:20:00,Furto,Rio de Janeiro,RJ,-22.872073,-43.136805
CR00976,2023-09-14 16:34:00,Dano ao Patrimônio,Rio de Janeiro,RJ,-22.919654,-43.180948
CR00977,2023-09-16 15:24:00,Ameaça,Campos dos Goytacazes,RJ,-21.70603,-41.383036
CR00978,2023-09-12 21:06:00,Vias de Fato,São João de Meriti,RJ,-22.865238,-43.350389
CR00979,2023-09-11 11:11:00,Lesão Corporal,Rio de Janeiro,RJ,-22.90334,-43.208878
CR00980,2023-09-11 07:27:00,Furto,Petrópolis,RJ,-22.553001,-43.171887
CR00981,2023-09-14 16:19:00,Roubo,Rio de Janeiro,RJ,-22.924572,-43.135421
CR00982,2023-09-13 16:20:00,Roubo,Rio de Janeiro,RJ,-22.928453,-43.16202
CR00983,2023-09-16 06:39:00,Ameaça,Rio de Janeiro,RJ,-22.920751,-43.163858
CR00984,2023-09-15 12:12:00,Roubo,Nova Iguaçu,RJ,-22.736825,-43.50979
CR00985,2023-09-15 09:03:00,Lesão Corporal,Nova Iguaçu,RJ,-22.762812,-43.426514
CR00986,2023-09-16 13:35:00,Vias de Fato,Duque de Caxias,RJ,-22.86889,-43.308876
CR00987,2023-09-12 16:19:00,Perturbação da Paz,Duque de Caxias,RJ,-22.735976,-43.280298
CR00988,2023-09-20 06:06:00,Furto,Duque de Caxias,RJ,-22.816616,-43.291681
CR00989,2023-09-19 16:14:00,Roubo,Duque de Caxias,RJ,-22.781508,-43.380863
CR00990,2023-09-23 18:07:00,Roubo,Campos dos Goytacazes,RJ,-21.767999,-41.291282
CR00991,2023-09-19 10:09:00,Vias de Fato,Rio de Janeiro,RJ,-22.861898,-43.125061
CR00992,2023-09-21 22:48:00,Roubo,Rio de Janeiro,RJ,-22.879455,-43.209352
CR00993,2023-09-20 19:32:00,Lesão Corporal,Rio de Janeiro,RJ,-22.933531,-43.162629
CR00994,2023-09-20 06:33:00,Roubo,Duque de Caxias,RJ,-22.770776,-43.332565
CR00995,2023-09-18 21:17:00,Perturbação da Paz,Rio de Janeiro,RJ,-22.831225,-43.117498
CR00996,2023-09-18 14:22:00,Lesão Corporal,Rio de Janeiro,RJ,-22.861601,-43.206093
CR00997,2023-09-21 22:36:00,Roubo,Niterói,RJ,-22.801199,-43.100497
CR00998,2023-09-23 18:50:00,Roubo,Rio de Janeiro,RJ,-22.933334,-43.147837
CR00999,2023-09-23 21:04:00,Ameaça,Rio de Janeiro,RJ,-22.901767,-43.189279
CR01000,2023-09-22 10:49:00,Ameaça,Petrópolis,RJ,-22.512624,-43.23564
CR01001,2023-09-17 22:01:00,Perturbação da Paz,Rio de Janeiro,RJ,-22.931608,-43.166973
CR01002,2023-09-23 20:13:00,Perturbação da Paz,São João de Meriti,RJ,-22.777937,-43.366367
CR01003,2023-09-22 20:13:00,Ameaça,Duque de Caxias,RJ,-22.76882,-43.296102
CR01004,2023-09-21 20:20:00,Roubo,Niterói,RJ,-22.946215,-43.106333
CR01005,2023-09-17 07:01:00,Vias de Fato,Petrópolis,RJ,-22.462401,-43.19283
CR01006,2023-09-19 14:41:00,Perturbação da Paz,Rio de Janeiro,RJ,-22.917118,-43.184879
CR01007,2023-09-22 15:34:00,Furto,Duque de Caxias,RJ,-22.849226,-43.377761
CR01008,2023-09-20 22:10:00,Lesão Corporal,Petrópolis,RJ,-22.474263,-43.229938
CR01009,2023-09-19 20:58:00,Perturbação da Paz,Niterói,RJ,-22.869737,-43.12047
CR01010,2023-09-19 20:42:00,Perturbação da Paz,Rio de Janeiro,RJ,-22.871464,-43.20397
CR01011,2023-09-18 11:19:00,Injúria,Petrópolis,RJ,-22.522552,-43.284067
CR01012,2023-09-22 10:03:00,Dano ao Patrimônio,Campos dos Goytacazes,RJ,-21.829952,-41.277925
CR01013,2023-09-17 07:21:00,Furto,Rio de Janeiro,RJ,-22.866244,-43.23175
CR01014,2023-09-17 11:58:00,Vias de Fato,Niterói,RJ,-22.928766,-43.103479
CR01015,2023-09-21 17:18:00,Dano ao Patrimônio,Niterói,RJ,-22.968884,-43.048805
CR01016,2023-09-23 11:38:00,Dano ao Patrimônio,Rio de Janeiro,RJ,-22.90692,-43.13212
CR01017,2023-09-22 08:53:00,Furto,Rio de Janeiro,RJ,-22.936028,-43.171653
CR01018,2023-09-23 14:26:00,Dano ao Patrimônio,Niterói,RJ,-22.880885,-43.102324
CR01019,2023-09-19 06:07:00,Injúria,Nova Iguaçu,RJ,-22.767929,-43.462911
CR01020,2023-09-19 15:44:00,Perturbação da Paz,Campos dos Goytacazes,RJ,-21.78158,-41.275601
CR01021,2023-09-17 20:06:00,Vias de Fato,Nova Iguaçu,RJ,-22.770294,-43.401546
CR01022,2023-09-25 15:59:00,Lesão Corporal,Belford Roxo,RJ,-22.730486,-43.426621
CR01023,2023-09-26 08:38:00,Furto,Niterói,RJ,-22.892633,-43.075289
CR01024,2023-09-29 07:53:00,Ameaça,Rio de Janeiro,RJ,-22.96425,-43.091685
CR01025,2023-09-26 12:34:00,Ameaça,Petrópolis,RJ,-22.505547,-43.15873
CR01026,2023-09-24 08:29:00,Furto,Rio de Janeiro,RJ,-22.944683,-43.213783
CR01027,2023-09-27 14:47:00,Ameaça,Rio de Janeiro,RJ,-22.912221,-43.171438
CR01028,2023-09-24 10:58:00,Injúria,Rio de Janeiro,RJ,-22.917203,-43.148548
CR01029,2023-09-29 18:35:00,Dano ao Patrimônio,Niterói,RJ,-22.851986,-43.03784
CR01030,2023-09-28 15:16:00,Roubo,Niterói,RJ,-22.912112,-43.077541
CR01031,2023-09-30 13:51:00,Dano ao Patrimônio,Rio de Janeiro,RJ,-22.910116,-43.193318
CR01032,2023-09-28 19:05:00,Ameaça,Rio de Janeiro,RJ,-22.896263,-43.169644
CR01033,2023-09-27 18:35:00,Vias de Fato,Belford Roxo,RJ,-22.819085,-43.420781
CR01034,2023-09-27 09:59:00,Dano ao Patrimônio,Niterói,RJ,-22.907053,-43.084945
CR01035,2023-09-29 12:15:00,Furto,Campos dos Goytacazes,RJ,-21.71134,-41.391672
CR01036,2023-09-24 14:28:00,Vias de Fato,Petrópolis,RJ,-22.505414,-43.231261
CR01037,2023-09-26 12:59:00,Injúria,São João de Meriti,RJ,-22.747228,-43.347741
CR01038,2023-09-27 18:45:00,Vias de Fato,Rio de Janeiro,RJ,-22.931765,-43.25759
CR01039,2023-09-30 09:46:00,Furto,Rio de Janeiro,RJ,-22.899728,-43.209107
CR01040,2023-09-27 16:44:00,Lesão Corporal,Rio de Janeiro,RJ,-22.866147,-43.083629
CR01041,2023-09-30 18:59:00,Perturbação da Paz,Nova Iguaçu,RJ,-22.79746,-43.368709
CR01042,2023-09-29 07:44:00,Perturbação da Paz,Rio de Janeiro,RJ,-22.976432,-43.199538
CR01043,2023-09-25 06:21:00,Dano ao Patrimônio,Rio de Janeiro,RJ,-22.78695,-43.215989
CR01044,2023-09-26 13:59:00,Lesão Corporal,Rio de Janeiro,RJ,-22.87669,-43.168493
CR01045,2023-09-24 12:32:00,Furto,Rio de Janeiro,RJ,-22.893696,-43.150092
CR01046,2023-09-27 07:47:00,Dano ao Patrimônio,Rio de Janeiro,RJ,-22.95367,-43.1969
CR01047,2023-09-27 08:55:00,Perturbação da Paz,Rio de Janeiro,RJ,-22.944229,-43.220428
CR01048,2023-09-28 19:15:00,Dano ao Patrimônio,Rio de Janeiro,RJ,-22.946821,-43.188656
CR01049,2023-09-25 19:19:00,Dano ao Patrimônio,Rio de Janeiro,RJ,-22.928777,-43.190381
CR01050,2023-09-30 11:41:00,Furto,Rio de Janeiro,RJ,-22.85894,-43.137532
CR01051,2023-09-26 07:41:00,Dano ao Patrimônio,Rio de Janeiro,RJ,-22.852647,-43.157218
CR01052,2023-09-27 21:24:00,Injúria,Rio de Janeiro,RJ,-22.917812,-43.158214
CR01053,2023-09-26 21:37:00,Perturbação da Paz,Campos dos Goytacazes,RJ,-21.776163,-41.242607
CR01054,2023-09-26 16:01:00,Furto,São João de Meriti,RJ,-22.787966,-43.403651
CR01055,2023-10-03 22:14:00,Ameaça,Campos dos Goytacazes,RJ,-21.722956,-41.291511
CR01056,2023-10-05 08:29:00,Vias de Fato,Rio de Janeiro,RJ,-22.916021,-43.130719
CR01057,2023-10-04 17:17:00,Lesão Corporal,Nova Iguaçu,RJ,-22.702147,-43.382719
CR01058,2023-10-02 09:48:00,Dano ao Patrimônio,São João de Meriti,RJ,-22.781914,-43.423856
CR01059,2023-10-01 19:39:00,Furto,Rio de Janeiro,RJ,-22.870665,-43.153015
CR01060,2023-10-02 15:26:00,Ameaça,Petrópolis,RJ,-22.565785,-43.259235
CR01061,2023-10-05 12:18:00,Lesão Corporal,Niterói,RJ,-22.839466,-43.128473
CR01062,2023-10-04 17:15:00,Roubo,Rio de Janeiro,RJ,-22.901868,-43.191735
CR01063,2023-10-03 18:30:00,Lesão Corporal,Duque de Caxias,RJ,-22.770285,-43.351492
CR01064,2023-10-07 10:06:00,Injúria,São João de Meriti,RJ,-22.839196,-43.404824
CR01065,2023-10-03 13:20:00,Furto,Nova Iguaçu,RJ,-22.795097,-43.437542
CR01066,2023-10-07 12:59:00,Ameaça,Rio de Janeiro,RJ,-22.936413,-43.174583
CR01067,2023-10-01 16:55:00,Vias de Fato,Petrópolis,RJ,-22.537881,-43.139569
CR01068,2023-10-01 12:00:00,Ameaça,Duque de Caxias,RJ,-22.780215,-43.324148
CR01069,2023-10-02 07:30:00,Injúria,Nova Iguaçu,RJ,-22.800545,-43.431423
CR01070,2023-10-01 08:22:00,Injúria,Rio de Janeiro,RJ,-22.876439,-43.119705
CR01071,2023-10-04 10:14:00,Injúria,Volta Redonda,RJ,-22.584063,-44.131096
CR01072,2023-10-01 06:02:00,Perturbação da Paz,Niterói,RJ,-22.802896,-43.136272
CR01073,2023-10-05 15:10:00,Roubo,Petrópolis,RJ,-22.489541,-43.16695
CR01074,2023-10-05 17:37:00,Furto,Rio de Janeiro,RJ,-22.874971,-43.137205
CR01075,2023-10-03 19:08:00,Injúria,Rio de Janeiro,RJ,-22.898781,-43.16805
CR01076,2023-10-03 16:38:00,Furto,Rio de Janeiro,RJ,-22.954258,-43.115539
CR01077,2023-10-01 08:55:00,Roubo,Nova Iguaçu,RJ,-22.747353,-43.411443
CR01078,2023-10-06 06:05:00,Furto,Angra dos Reis,RJ,-22.971977,-44.39554
CR01079,2023-10-02 21:46:00,Vias de Fato,Campos dos Goytacazes,RJ,-21.774565,-41.318895
CR01080,2023-10-04 11:54:00,Dano ao Patrimônio,Belford Roxo,RJ,-22.68461,-43.421201
CR01081,2023-10-03 10:54:00,Vias de Fato,Campos dos Goytacazes,RJ,-21.724492,-41.312116
CR01082,2023-10-06 08:38:00,Perturbação da Paz,Rio de Janeiro,RJ,-22.870906,-43.173424
CR01083,2023-10-04 12:01:00,Roubo,Campos dos Goytacazes,RJ,-21.764531,-41.284701
CR01084,2023-10-04 07:39:00,Perturbação da Paz,Duque de Caxias,RJ,-22.770426,-43.250599
CR01085,2023-10-02 22:37:00,Roubo,Rio de Janeiro,RJ,-22.944024,-43.183601
CR01086,2023-10-05 13:17:00,Roubo,Duque de Caxias,RJ,-22.811166,-43.344842
CR01087,2023-10-06 21:55:00,Lesão Corporal,Rio de Janeiro,RJ,-22.859773,-43.243423
CR01088,2023-10-06 14:50:00,Lesão Corporal,São João de Meriti,RJ,-22.854337,-43.374002
CR01089,2023-10-02 16:28:00,Lesão Corporal,Rio de Janeiro,RJ,-22.90557,-43.216309
CR01090,2023-10-01 16:26:00,Perturbação da Paz,Duque de Caxias,RJ,-22.807001,-43.274611
CR01091,2023-10-05 16:46:00,Dano ao Patrimônio,Volta Redonda,RJ,-22.48466,-44.115249
CR01092,2023-10-03 11:37:00,Roubo,Rio de Janeiro,RJ,-22.913934,-43.174505
CR01093,2023-10-11 11:20:00,Dano ao Patrimônio,Rio de Janeiro,RJ,-22.902843,-43.132644
CR01094,2023-10-12 07:16:00,Roubo,Rio de Janeiro,RJ,-22.950261,-43.132148
CR01095,2023-10-14 08:44:00,Roubo,Nova Iguaçu,RJ,-22.762248,-43.438172
CR01096,2023-10-12 14:20:00,Injúria,Rio de Janeiro,RJ,-22.877689,-43.175018
CR01097,2023-10-12 17:13:00,Injúria,Angra dos Reis,RJ,-23.008061,-44.266262
CR01098,2023-10-12 11:57:00,Dano ao Patrimônio,Rio de Janeiro,RJ,-22.836489,-43.214084
CR01099,2023-10-08 11:34:00,Ameaça,Duque de Caxias,RJ,-22.734616,-43.286732
CR01100,2023-10-09 15:34:00,Furto,Belford Roxo,RJ,-22.806926,-43.404803
CR01101,2023-10-08 13:10:00,Perturbação da Paz,Petrópolis,RJ,-22.446428,-43.164229
CR01102,2023-10-10 21:27:00,Vias de Fato,Rio de Janeiro,RJ,-22.887853,-43.188359
CR01103,2023-10-11 16:33:00,Ameaça,Rio de Janeiro,RJ,-22.881384,-43.137432
CR01104,2023-10-13 10:55:00,Dano ao Patrimônio,Nova Iguaçu,RJ,-22.75854,-43.394422
CR01105,2023-10-08 20:58:00,Perturbação da Paz,Niterói,RJ,-22.911955,-43.143135
CR01106,2023-10-11 16:09:00,Perturbação da Paz,Rio de Janeiro,RJ,-22.915097,-43.194683
CR01107,2023-10-12 19:04:00,Furto,Nova Iguaçu,RJ,-22.735602,-43.422169
CR01108,2023-10-14 13:09:00,Furto,Rio de Janeiro,RJ,-22.950426,-43.202599
CR01109,2023-10-08 18:29:00,Furto,Rio de Janeiro,RJ,-22.955813,-43.166055
CR01110,2023-10-12 19:03:00,Ameaça,Belford Roxo,RJ,-22.826043,-43.423998
CR01111,2023-10-09 09:59:00,Vias de Fato,Niterói,RJ,-22.826778,-43.071216
CR01112,2023-10-10 10:57:00,Roubo,Rio de Janeiro,RJ,-22.939043,-43.138945
CR01113,2023-10-13 18:44:00,Ameaça,Rio de Janeiro,RJ,-22.898122,-43.182007
CR01114,2023-10-08 09:59:00,Dano ao Patrimônio,Rio de Janeiro,RJ,-22.908538,-43.166242
CR01115,2023-10-12 20:58:00,Perturbação da Paz,Nova Iguaçu,RJ,-22.847598,-43.42851
CR01116,2023-10-09 14:37:00,Vias de Fato,Duque de Caxias,RJ,-22.761506,-43.359861
CR01117,2023-10-10 12:50:00,Injúria,Belford Roxo,RJ,-22.724907,-43.3857
CR01118,2023-10-13 13:49:00,Furto,Duque de Caxias,RJ,-22.763179,-43.337014
CR01119,2023-10-08 21:15:00,Perturbação da Paz,Belford Roxo,RJ,-22.744651,-43.422368
CR01120,2023-10-09 18:00:00,Lesão Corporal,São João de Meriti,RJ,-22.70183,-43.356303
CR01121,2023-10-12 06:20:00,Injúria,São João de Meriti,RJ,-22.747755,-43.422716
CR01122,2023-10-12 15:05:00,Ameaça,Belford Roxo,RJ,-22.778144,-43.461753
CR01123,2023-10-12 16:32:00,Injúria,Rio de Janeiro,RJ,-22.89059,-43.19188
CR01124,2023-10-12 07:24:00,Roubo,Nova Iguaçu,RJ,-22.739585,-43.391015
CR01125,2023-10-14 07:44:00,Injúria,Rio de Janeiro,RJ,-22.929373,-43.141575
CR01126,2023-10-14 19:46:00,Vias de Fato,Campos dos Goytacazes,RJ,-21.747686,-41.287013
CR01127,2023-10-10 11:09:00,Lesão Corporal,Campos dos Goytacazes,RJ,-21.762029,-41.353049
CR01128,2023-10-20 08:29:00,Vias de Fato,Campos dos Goytacazes,RJ,-21.700813,-41.299086
CR01129,2023-10-16 12:14:00,Dano ao Patrimônio,Petrópolis,RJ,-22.514147,-43.175044
CR01130,2023-10-17 17:30:00,Furto,Campos dos Goytacazes,RJ,-21.782186,-41.351723
CR01131,2023-10-15 22:13:00,Furto,Volta Redonda,RJ,-22.527288,-44.109009
CR01132,2023-10-16 07:19:00,Perturbação da Paz,Belford Roxo,RJ,-22.75681,-43.372696
CR01133,2023-10-15 06:40:00,Furto,Rio de Janeiro,RJ,-22.890707,-43.348465
CR01134,2023-10-21 12:50:00,Perturbação da Paz,Niterói,RJ,-22.823024,-43.214578
CR01135,2023-10-16 20:50:00,Roubo,Belford Roxo,RJ,-22.746554,-43.353166
CR01136,2023-10-19 18:40:00,Perturbação da Paz,Rio de Janeiro,RJ,-22.981256,-43.145225
CR01137,2023-10-21 22:10:00,Ameaça,Angra dos Reis,RJ,-23.067296,-44.351939
CR01138,2023-10-20 20:58:00,Injúria,Nova Iguaçu,RJ,-22.81641,-43.420015
CR01139,2023-10-15 17:20:00,Roubo,São João de Meriti,RJ,-22.879392,-43.38749
CR01140,2023-10-19 14:36:00,Vias de Fato,Duque de Caxias,RJ,-22.77583,-43.322274
CR01141,2023-10-20 16:41:00,Injúria,Niterói,RJ,-22.871096,-43.111147
CR01142,2023-10-21 17:46:00,Injúria,Nova Iguaçu,RJ,-22.743754,-43.44997
CR01143,2023-10-20 07:38:00,Dano ao Patrimônio,Niterói,RJ,-22.949632,-43.088384
CR01144,2023-10-16 11:25:00,Roubo,Belford Roxo,RJ,-22.688585,-43.414389
CR01145,2023-10-17 20:28:00,Dano ao Patrimônio,Nova Iguaçu,RJ,-22.697895,-43.396257
CR01146,2023-10-18 17:43:00,Roubo,Rio de Janeiro,RJ,-22.920869,-43.183661
CR01147,2023-10-21 11:49:00,Lesão Corporal,Nova Iguaçu,RJ,-22.749251,-43.466981
CR01148,2023-10-21 20:53:00,Perturbação da Paz,Rio de Janeiro,RJ,-22.861016,-43.148947
CR01149,2023-10-21 11:36:00,Lesão Corporal,Rio de Janeiro,RJ,-22.866287,-43.155671
CR01150,2023-10-19 22:52:00,Roubo,Campos dos Goytacazes,RJ,-21.879776,-41.309086
CR01151,2023-10-20 20:06:00,Furto,Angra dos Reis,RJ,-23.007016,-44.336603
CR01152,2023-10-20 15:39:00,Perturbação da Paz,São João de Meriti,RJ,-22.769509,-43.37353
CR01153,2023-10-18 06:17:00,Dano ao Patrimônio,Duque de Caxias,RJ,-22.854019,-43.333438
CR01154,2023-10-17 20:28:00,Dano ao Patrimônio,Rio de Janeiro,RJ,-22.905507,-43.11807
CR01155,2023-10-18 10:34:00,Furto,Duque de Caxias,RJ,-22.76751,-43.285249
CR01156,2023-10-18 16:26:00,Roubo,Niterói,RJ,-22.838507,-43.080359
CR01157,2023-10-23 09:29:00,Injúria,Rio de Janeiro,RJ,-22.97955,-43.232942
CR01158,2023-10-24 10:28:00,Roubo,Rio de Janeiro,RJ,-22.893813,-43.128216
CR01159,2023-10-27 16:19:00,Perturbação da Paz,Volta Redonda,RJ,-22.556913,-44.11243
CR01160,2023-10-24 07:08:00,Injúria,Belford Roxo,RJ,-22.741744,-43.423028
CR01161,2023-10-25 06:42:00,Roubo,São João de Meriti,RJ,-22.820885,-43.30812
CR01162,2023-10-25 16:08:00,Perturbação da Paz,Campos dos Goytacazes,RJ,-21.731094,-41.326574
CR01163,2023-10-25 07:33:00,Perturbação da Paz,Volta Redonda,RJ,-22.51833,-44.098075
CR01164,2023-10-26 19:52:00,Injúria,Duque de Caxias,RJ,-22.847098,-43.359055
CR01165,2023-10-26 06:08:00,Dano ao Patrimônio,Niterói,RJ,-22.86236,-43.140183
CR01166,2023-10-25 19:43:00,Injúria,Rio de Janeiro,RJ,-22.905674,-43.190601
CR01167,2023-10-26 10:51:00,Lesão Corporal,Angra dos Reis,RJ,-22.915794,-44.309886
CR01168,2023-10-25 12:38:00,Dano ao Patrimônio,Rio de Janeiro,RJ,-22.962565,-43.144859
CR01169,2023-10-27 08:22:00,Injúria,Duque de Caxias,RJ,-22.824063,-43.317697
CR01170,2023-10-25 17:31:00,Lesão Corporal,Rio de Janeiro,RJ,-22.88814,-43.150004
CR01171,2023-10-25 13:49:00,Furto,Niterói,RJ,-22.872898,-43.114461
CR01172,2023-10-22 07:25:00,Dano ao Patrimônio,Duque de Caxias,RJ,-22.838772,-43.305851
CR01173,2023-10-28 14:09:00,Lesão Corporal,Rio de Janeiro,RJ,-22.868186,-43.071766
CR01174,2023-10-22 10:20:00,Perturbação da Paz,Belford Roxo,RJ,-22.756054,-43.391107
CR01175,2023-11-03 15:28:00,Vias de Fato,Rio de Janeiro,RJ,-22.869745,-43.203727
CR01176,2023-10-31 11:50:00,Roubo,Belford Roxo,RJ,-22.775584,-43.399652
CR01177,2023-10-30 20:36:00,Lesão Corporal,Duque de Caxias,RJ,-22.747113,-43.253856
CR01178,2023-10-31 12:32:00,Vias de Fato,Rio de Janeiro,RJ,-22.86388,-43.146957
CR01179,2023-11-02 22:27:00,Vias de Fato,Nova Iguaçu,RJ,-22.728015,-43.451954
CR01180,2023-11-04 19:03:00,Injúria,Duque de Caxias,RJ,-22.737378,-43.35318
CR01181,2023-11-02 15:33:00,Roubo,Rio de Janeiro,RJ,-22.931101,-43.238863
CR01182,2023-11-04 20:22:00,Injúria,Nova Iguaçu,RJ,-22.678488,-43.444011
CR01183,2023-11-04 06:10:00,Dano ao Patrimônio,Nova Iguaçu,RJ,-22.810376,-43.406677
CR01184,2023-11-01 19:30:00,Dano ao Patrimônio,Rio de Janeiro,RJ,-22.860471,-43.127618
CR01185,2023-11-03 08:38:00,Vias de Fato,Campos dos Goytacazes,RJ,-21.723199,-41.262257
CR01186,2023-11-03 07:34:00,Vias de Fato,Rio de Janeiro,RJ,-22.916192,-43.139752
CR01187,2023-10-30 08:16:00,Furto,Niterói,RJ,-22.836324,-43.102673
CR01188,2023-10-30 10:44:00,Roubo,Petrópolis,RJ,-22.488149,-43.160919
CR01189,2023-11-03 19:49:00,Vias de Fato,Rio de Janeiro,RJ,-22.928936,-43.179385
CR01190,2023-11-02 07:19:00,Lesão Corporal,Rio de Janeiro,RJ,-22.904696,-43.207515
CR01191,2023-10-29 20:46:00,Roubo,Duque de Caxias,RJ,-22.777465,-43.288726
CR01192,2023-11-09 15:14:00,Injúria,Rio de Janeiro,RJ,-22.904469,-43.16739
CR01193,2023-11-06 08:55:00,Ameaça,Niterói,RJ,-22.815506,-42.995278
CR01194,2023-11-10 09:01:00,Lesão Corporal,Niterói,RJ,-22.887932,-43.067869
CR01195,2023-11-07 06:01:00,Roubo,Rio de Janeiro,RJ,-22.934483,-43.182665
CR01196,2023-11-09 12:53:00,Furto,Duque de Caxias,RJ,-22.830463,-43.281136
CR01197,2023-11-05 15:39:00,Furto,Rio de Janeiro,RJ,-22.966143,-43.146371
CR01198,2023-11-05 10:51:00,Lesão Corporal,Niterói,RJ,-22.850066,-43.139243
CR01199,2023-11-05 16:07:00,Perturbação da Paz,Rio de Janeiro,RJ,-22.878985,-43.245227
CR01200,2023-11-05 16:22:00,Roubo,Duque de Caxias,RJ,-22.822067,-43.280478
CR01201,2023-11-06 20:43:00,Ameaça,São João de Meriti,RJ,-22.857508,-43.310403
CR01202,2023-11-05 12:56:00,Perturbação da Paz,Rio de Janeiro,RJ,-22.938726,-43.1763
CR01203,2023-11-06 22:33:00,Ameaça,Rio de Janeiro,RJ,-22.899748,-43.180895
CR01204,2023-11-08 20:27:00,Furto,Rio de Janeiro,RJ,-22.9226,-43.19548
CR01205,2023-11-13 11:59:00,Furto,Nova Iguaçu,RJ,-22.699263,-43.459364
CR01206,2023-11-12 07:06:00,Lesão Corporal,Duque de Caxias,RJ,-22.792054,-43.330958
CR01207,2023-11-13 11:50:00,Roubo,Rio de Janeiro,RJ,-22.86991,-43.163179
CR01208,2023-11-13 13:41:00,Roubo,Rio de Janeiro,RJ,-22.897844,-43.108362
CR01209,2023-11-13 16:41:00,Dano ao Patrimônio,Nova Iguaçu,RJ,-22.761334,-43.416538
CR01210,2023-11-17 18:45:00,Injúria,Petrópolis,RJ,-22.545639,-43.235969
CR01211,2023-11-17 13:12:00,Furto,Rio de Janeiro,RJ,-22.878617,-43.142366
CR01212,2023-11-14 21:09:00,Dano ao Patrimônio,Rio de Janeiro,RJ,-22.865763,-43.233349
CR01213,2023-11-13 21:50:00,Dano ao Patrimônio,Duque de Caxias,RJ,-22.853924,-43.317569
CR01214,2023-11-16 22:23:00,Ameaça,Nova Iguaçu,RJ,-22.75564,-43.47685
CR01215,2023-11-13 22:31:00,Dano ao Patrimônio,Niterói,RJ,-22.819023,-43.046102
CR01216,2023-11-12 06:58:00,Perturbação da Paz,Niterói,RJ,-22.895917,-43.081948
CR01217,2023-11-12 18:01:00,Dano ao Patrimônio,Rio de Janeiro,RJ,-22.909275,-43.226676
CR01218,2023-11-19 20:12:00,Roubo,Duque de Caxias,RJ,-22.750527,-43.333045
CR01219,2023-11-19 13:28:00,Injúria,Rio de Janeiro,RJ,-22.92284,-43.220782
CR01220,2023-11-19 14:25:00,Ameaça,Angra dos Reis,RJ,-22.981854,-44.292319
CR01221,2023-11-24 17:23:00,Ameaça,Rio de Janeiro,RJ,-22.862752,-43.193729
CR01222,2023-11-22 06:29:00,Dano ao Patrimônio,São João de Meriti,RJ,-22.797798,-43.354239
CR01223,2023-11-20 08:39:00,Perturbação da Paz,Rio de Janeiro,RJ,-22.878029,-43.219021
CR01224,2023-11-21 13:54:00,Roubo,Niterói,RJ,-22.851982,-43.092098
CR01225,2023-11-23 07:51:00,Ameaça,Niterói,RJ,-22.919571,-43.021627
CR01226,2023-11-22 21:57:00,Ameaça,Niterói,RJ,-22.869315,-43.14775
CR01227,2023-11-19 07:37:00,Ameaça,Rio de Janeiro,RJ,-22.878341,-43.100419
CR01228,2023-11-25 16:01:00,Roubo,Duque de Caxias,RJ,-22.799002,-43.332454
CR01229,2023-11-22 07:15:00,Vias de Fato,Rio de Janeiro,RJ,-22.940512,-43.132961
CR01230,2023-11-20 20:11:00,Roubo,Rio de Janeiro,RJ,-22.929197,-43.103207
CR01231,2023-11-30 21:59:00,Dano ao Patrimônio,Petrópolis,RJ,-22.407661,-43.1269
CR01232,2023-11-26 21:26:00,Roubo,Rio de Janeiro,RJ,-22.900965,-43.200949
CR01233,2023-11-28 20:11:00,Furto,Niterói,RJ,-22.928926,-43.123026
CR01234,2023-12-01 13:04:00,Roubo,Rio de Janeiro,RJ,-22.869027,-43.183475
CR01235,2023-11-28 18:39:00,Roubo,Rio de Janeiro,RJ,-22.887158,-43.12146
CR01236,2023-11-30 10:45:00,Ameaça,Belford Roxo,RJ,-22.728724,-43.458009
CR01237,2023-12-01 14:12:00,Vias de Fato,Duque de Caxias,RJ,-22.868984,-43.317159
CR01238,2023-12-02 21:51:00,Vias de Fato,Nova Iguaçu,RJ,-22.68072,-43.452818
CR01239,2023-11-28 19:56:00,Dano ao Patrimônio,Belford Roxo,RJ,-22.7915,-43.481621
CR01240,2023-12-02 14:50:00,Perturbação da Paz,Rio de Janeiro,RJ,-22.932465,-43.204958
CR01241,2023-11-26 17:26:00,Injúria,Rio de Janeiro,RJ,-22.823049,-43.239335
CR01242,2023-11-28 20:02:00,Vias de Fato,Rio de Janeiro,RJ,-22.895336,-43.198363
CR01243,2023-11-26 15:21:00,Dano ao Patrimônio,Niterói,RJ,-22.861922,-43.076907
CR01244,2023-12-04 12:44:00,Injúria,Rio de Janeiro,RJ,-22.853755,-43.246784
CR01245,2023-12-08 20:44:00,Perturbação da Paz,Rio de Janeiro,RJ,-22.897029,-43.203612
CR01246,2023-12-06 13:50:00,Dano ao Patrimônio,Niterói,RJ,-22.882342,-43.069873
CR01247,2023-12-06 08:35:00,Dano ao Patrimônio,Rio de Janeiro,RJ,-22.964858,-43.163733
CR01248,2023-12-05 13:24:00,Lesão Corporal,Campos dos Goytacazes,RJ,-21.761364,-41.290202
CR01249,2023-12-06 14:44:00,Dano ao Patrimônio,Nova Iguaçu,RJ,-22.768035,-43.469329
CR01250,2023-12-05 13:46:00,Lesão Corporal,Belford Roxo,RJ,-22.794347,-43.393732
CR01251,2023-12-06 11:08:00,Dano ao Patrimônio,Niterói,RJ,-22.891526,-43.10622
CR01252,2023-12-09 12:37:00,Ameaça,Campos dos Goytacazes,RJ,-21.713457,-41.349255
CR01253,2023-12-06 20:16:00,Furto,Nova Iguaçu,RJ,-22.710675,-43.411345
CR01254,2023-12-07 09:21:00,Lesão Corporal,Rio de Janeiro,RJ,-22.907135,-43.199365
CR01255,2023-12-06 17:08:00,Injúria,Niterói,RJ,-22.896433,-43.10288
CR01256,2023-12-04 20:31:00,Lesão Corporal,Rio de Janeiro,RJ,-22.908001,-43.137147
CR01257,2023-12-12 08:32:00,Dano ao Patrimônio,Rio de Janeiro,RJ,-22.872217,-43.176894
CR01258,2023-12-10 18:27:00,Injúria,Duque de Caxias,RJ,-22.792441,-43.364366
CR01259,2023-12-16 08:18:00,Roubo,São João de Meriti,RJ,-22.802725,-43.393586
CR01260,2023-12-10 18:38:00,Vias de Fato,Rio de Janeiro,RJ,-22.940924,-43.19271
CR01261,2023-12-12 06:23:00,Injúria,Rio de Janeiro,RJ,-22.878066,-43.132608
CR01262,2023-12-16 08:05:00,Ameaça,Duque de Caxias,RJ,-22.832011,-43.311206
CR01263,2023-12-10 11:37:00,Perturbação da Paz,Nova Iguaçu,RJ,-22.740115,-43.463981
CR01264,2023-12-16 06:17:00,Furto,Rio de Janeiro,RJ,-22.889648,-43.127645
CR01265,2023-12-16 12:35:00,Ameaça,Rio de Janeiro,RJ,-22.987939,-43.151427
CR01266,2023-12-14 12:07:00,Perturbação da Paz,Duque de Caxias,RJ,-22.755856,-43.245887
CR01267,2023-12-15 14:41:00,Vias de Fato,Duque de Caxias,RJ,-22.682723,-43.286802
CR01268,2023-12-10 08:14:00,Dano ao Patrimônio,Rio de Janeiro,RJ,-22.857488,-43.211135
CR01269,2023-12-10 11:03:00,Lesão Corporal,Belford Roxo,RJ,-22.704954,-43.395062
CR01270,2023-12-23 18:44:00,Ameaça,Nova Iguaçu,RJ,-22.809251,-43.446622
CR01271,2023-12-23 09:09:00,Dano ao Patrimônio,Nova Iguaçu,RJ,-22.7879,-43.46062
CR01272,2023-12-19 20:21:00,Roubo,Duque de Caxias,RJ,-22.850323,-43.2278
CR01273,2023-12-22 12:03:00,Perturbação da Paz,Campos dos Goytacazes,RJ,-21.812378,-41.301733
CR01274,2023-12-17 06:54:00,Injúria,Rio de Janeiro,RJ,-22.884789,-43.102464
CR01275,2023-12-21 18:05:00,Ameaça,Rio de Janeiro,RJ,-22.943599,-43.133821
CR01276,2023-12-22 21:54:00,Lesão Corporal,Volta Redonda,RJ,-22.54312,-44.093707
CR01277,2023-12-19 10:39:00,Dano ao Patrimônio,Angra dos Reis,RJ,-22.966087,-44.308517
CR01278,2023-12-17 06:39:00,Ameaça,São João de Meriti,RJ,-22.872749,-43.438989
CR01279,2023-12-21 21:04:00,Lesão Corporal,Duque de Caxias,RJ,-22.735377,-43.31049
CR01280,2023-12-18 06:53:00,Vias de Fato,Belford Roxo,RJ,-22.79658,-43.438615
CR01281,2023-12-22 19:00:00,Roubo,Duque de Caxias,RJ,-22.759943,-43.311343
CR01282,2023-12-17 13:38:00,Dano ao Patrimônio,Rio de Janeiro,RJ,-22.929985,-43.110659
CR01283,2023-12-24 22:14:00,Ameaça,Rio de Janeiro,RJ,-22.860926,-43.206525
CR01284,2023-12-25 22:11:00,Lesão Corporal,Rio de Janeiro,RJ,-22.917148,-43.171512
CR01285,2023-12-26 10:25:00,Vias de Fato,Rio de Janeiro,RJ,-22.946969,-43.210585
CR01286,2023-12-27 08:27:00,Furto,Niterói,RJ,-22.901818,-43.098649
CR01287,2023-12-25 21:11:00,Roubo,Belford Roxo,RJ,-22.737002,-43.386261
CR01288,2023-12-24 20:57:00,Furto,Rio de Janeiro,RJ,-22.877691,-43.219744
CR01289,2023-12-26 20:21:00,Roubo,Rio de Janeiro,RJ,-22.967005,-43.19437
CR01290,2023-12-24 12:26:00,Injúria,Rio de Janeiro,RJ,-22.891387,-43.173301
CR01291,2023-12-24 13:28:00,Lesão Corporal,Rio de Janeiro,RJ,-22.957484,-43.21402
CR01292,2023-12-30 17:43:00,Perturbação da Paz,Niterói,RJ,-22.882837,-43.158963
CR01293,2023-12-26 17:01:00,Perturbação da Paz,Campos dos Goytacazes,RJ,-21.764461,-41.369592
CR01294,2023-12-25 16:11:00,Ameaça,Niterói,RJ,-22.880883,-43.143792
CR01295,2023-12-26 19:56:00,Perturbação da Paz,Volta Redonda,RJ,-22.468586,-44.110599
