post_id,data_publicacao,texto,toxicity_score
PA000001,2022-12-26 02:19:19,"Meditacao de manha, comecando o dia muito bem.",0.1293
PA000002,2022-12-26 03:04:29,"Sopa de legumes no frio, reconfortante e gostosa.",0.1291
PA000003,2022-12-26 03:56:59,Pedalada de tarde com vista incrivel do parque.,0.0403
PA000004,2022-12-26 06:38:47,"Meditacao de manha, comecando o dia muito bem.",0.1552
PA000005,2022-12-26 08:13:01,Show ao vivo incrivel no fim de semana.,0.1825
PA000006,2022-12-26 09:30:20,"Maratonei a temporada completa, valeu cada minuto.",0.078
PA000007,2022-12-26 09:32:04,"Musica nova do meu artista favorito, de outro nivel.",0.1414
PA000008,2022-12-26 09:55:07,"Passei na certificacao, muito feliz com o resultado.",0.0987
PA000009,2022-12-26 11:26:38,"Home office com cafe fresquinho do lado, otimo.",0.106
PA000010,2022-12-26 12:00:26,"Apresentacao correu muito bem, todos gostaram.",0.0917
PA000011,2022-12-26 14:46:20,"Minha mae fez feijao com arroz e linguica, classico perfeito.",0.0987
PA000012,2022-12-26 15:34:01,"Meu time ganhou hoje, que jogo bonito foi.",0.0678
PA000013,2022-12-26 16:34:38,"Natacao de manha, melhor inicio de dia possivel.",0.0799
PA000014,2022-12-26 17:40:28,"Natacao de manha, melhor inicio de dia possivel.",0.0
PA000015,2022-12-26 18:48:14,"Consegui estacionamento logo de cara, dia de sorte mesmo.",0.0894
PA000016,2022-12-26 20:18:02,Terminei o trabalho da faculdade com antecedencia.,0.1501
PA000017,2022-12-26 21:23:36,App de produtividade novo que encontrei e otimo.,0.1172
PA000018,2022-12-26 22:36:18,Que tarde relaxante lendo na rede.,0.1501
PA000019,2022-12-26 22:48:38,Que manha fresca e agradavel para uma caminhada.,0.1709
PA000020,2022-12-26 22:56:01,Nao consigo entender como essa situacao ainda nao mudou.,0.7874
PA000021,2022-12-26 22:56:20,App de produtividade novo que encontrei e otimo.,0.0127
PA000022,2022-12-27 01:31:00,Pedalada de tarde com vista incrivel do parque.,0.1001
PA000023,2022-12-27 02:53:26,Cafe da manha caprichado: tapioca com ovo e suco de laranja.,0.1214
PA000024,2022-12-27 03:00:03,"Serie nova incrivel, amei o primeiro episodio.",0.0366
PA000025,2022-12-27 03:54:11,Brigadeiro de panela saiu incrivel hoje.,0.1193
PA000026,2022-12-27 04:34:32,"Volei com os amigos, muita risada e diversao.",0.0814
PA000027,2022-12-27 05:23:48,"Choveu a tarde toda, dia perfeito pra ficar em casa lendo.",0.0
PA000028,2022-12-27 07:19:47,"Padaria da esquina lancou sabor novo, recomendo.",0.0234
PA000029,2022-12-27 08:44:24,"Maratonei a temporada completa, valeu cada minuto.",0.089
PA000030,2022-12-27 09:52:42,Semana intensa mas muito satisfatoria no trabalho.,0.1227
PA000031,2022-12-27 09:56:09,"O outono chegou cedo esse ano, que frio gostoso de manha.",0.0585
PA000032,2022-12-27 10:34:40,"Pausa pro cafe com os colegas, bate-papo otimo.",0.0782
PA000033,2022-12-27 12:13:29,"Passeio no interior no fim de semana, natureza linda.",0.0569
PA000034,2022-12-27 12:18:11,Leitura no jardim com tempo agradavel.,0.113
PA000035,2022-12-27 12:48:28,"Cuidando das plantas em casa, muito terapeutico.",0.035
PA000036,2022-12-27 12:56:17,"Meu time ganhou hoje, que jogo bonito foi.",0.0712
PA000037,2022-12-27 13:00:51,"Apresentacao correu muito bem, todos gostaram.",0.0
PA000038,2022-12-27 13:34:23,"Reencontrei um amigo antigo por acaso, que alegria.",0.1061
PA000039,2022-12-27 13:47:00,"Reuniao produtiva hoje, saimos com otimas ideias.",0.0135
PA000040,2022-12-27 13:53:07,Leitura no jardim com tempo agradavel.,0.0173
PA000041,2022-12-27 14:08:37,Cafe da manha caprichado: tapioca com ovo e suco de laranja.,0.0397
PA000042,2022-12-27 14:25:55,"Minha mae fez feijao com arroz e linguica, classico perfeito.",0.0427
PA000043,2022-12-27 15:31:16,"Reencontrei um amigo antigo por acaso, que alegria.",0.0872
PA000044,2022-12-27 16:10:23,"Novo celular chegou, a camera e impressionante.",0.0554
PA000045,2022-12-27 16:11:32,"Home office com cafe fresquinho do lado, otimo.",0.0
PA000046,2022-12-27 16:11:39,Caminhada ate a estacao foi otima hoje.,0.1163
PA000047,2022-12-27 17:43:46,"Passeio com o cachorro no parque, ele adorou.",0.1628
PA000048,2022-12-27 18:21:24,"Musica nova do meu artista favorito, de outro nivel.",0.0839
PA000049,2022-12-27 20:02:02,"Estudando para a prova de amanha, bem concentrado.",0.0546
PA000050,2022-12-27 20:25:47,"Passei na certificacao, muito feliz com o resultado.",0.0853
PA000051,2022-12-27 20:37:26,"Meditacao de manha, comecando o dia muito bem.",0.0405
PA000052,2022-12-27 21:36:35,"Viagem de fim de semana para cidade historica, valeu.",0.0653
PA000053,2022-12-27 21:42:53,"Passei na certificacao, muito feliz com o resultado.",0.1476
PA000054,2022-12-27 21:55:46,"Domingo em familia, melhor dia da semana.",0.0604
PA000055,2022-12-27 22:14:23,Nao aguento mais reclamacao sem solucao pratica.,0.4762
PA000056,2022-12-27 22:42:52,"Pausa pro cafe com os colegas, bate-papo otimo.",0.0889
PA000057,2022-12-28 00:34:46,"Multa de transito injusta, vou recorrer.",0.9135
PA000058,2022-12-28 01:25:18,Que tarde relaxante lendo na rede.,0.0
PA000059,2022-12-28 04:04:23,"Sol lindo hoje, cafe na varanda foi otimo.",0.0625
PA000060,2022-12-28 04:08:27,"Biblioteca da universidade, ambiente otimo para estudar.",0.0791
PA000061,2022-12-28 04:32:53,"Corri 5km de manha, semana otima de treino.",0.1141
PA000062,2022-12-28 07:21:02,"Maratonei a temporada completa, valeu cada minuto.",0.1461
PA000063,2022-12-28 07:29:32,"Minha mae fez feijao com arroz e linguica, classico perfeito.",0.1246
PA000064,2022-12-28 09:14:40,Brigadeiro de panela saiu incrivel hoje.,0.041
PA000065,2022-12-28 10:43:25,"Estrada livre, cheguei no trabalho rapido hoje.",0.0727
PA000066,2022-12-28 13:02:42,"Notebook novo chegou, que desempenho incrivel.",0.0418
PA000067,2022-12-28 13:42:39,"Volei com os amigos, muita risada e diversao.",0.044
PA000068,2022-12-28 14:05:23,"Reencontrei um amigo antigo por acaso, que alegria.",0.1794
PA000069,2022-12-28 14:12:18,"Pipoca e serie boa na sexta, programa perfeito.",0.1019
PA000070,2022-12-28 14:21:03,"Notebook novo chegou, que desempenho incrivel.",0.1281
PA000071,2022-12-28 15:16:19,"Churrasco com a familia no final de semana, delicioso.",0.0
PA000072,2022-12-28 15:23:56,"Acai gelado essa tarde, refrescante demais.",0.1384
PA000073,2022-12-28 17:01:31,"Sopa de legumes no frio, reconfortante e gostosa.",0.0473
PA000074,2022-12-28 17:38:31,"Trilha ecologica incrivel, natureza pura.",0.0991
PA000075,2022-12-28 18:58:57,"Que calor hoje, tive que ligar o ar condicionado logo cedo.",0.1597
PA000076,2022-12-28 19:59:42,Terminei o trabalho da faculdade com antecedencia.,0.1783
PA000077,2022-12-28 20:53:05,"Biblioteca da universidade, ambiente otimo para estudar.",0.0308
PA000078,2022-12-28 21:32:05,Semana intensa mas muito satisfatoria no trabalho.,0.0
PA000079,2022-12-28 22:38:08,"Sol lindo hoje, cafe na varanda foi otimo.",0.0798
PA000080,2022-12-28 23:23:28,"Novo celular chegou, a camera e impressionante.",0.1021
PA000081,2022-12-28 23:59:07,"Meu time ganhou hoje, que jogo bonito foi.",0.1332
PA000082,2022-12-29 05:17:47,"Onibus chegou no horario hoje, que surpresa agradavel.",0.1671
PA000083,2022-12-29 05:18:14,"Metro bem tranquilo essa manha, cheguei bem.",0.1336
PA000084,2022-12-29 05:21:35,"Reuniao produtiva hoje, saimos com otimas ideias.",0.1666
PA000085,2022-12-29 05:53:51,"Reencontrei um amigo antigo por acaso, que alegria.",0.2242
PA000086,2022-12-29 06:57:49,"Choveu a tarde toda, dia perfeito pra ficar em casa lendo.",0.0
PA000087,2022-12-29 06:59:07,"Musica nova do meu artista favorito, de outro nivel.",0.1575
PA000088,2022-12-29 07:23:10,"Natacao de manha, melhor inicio de dia possivel.",0.0
PA000089,2022-12-29 07:51:32,"Domingo em familia, melhor dia da semana.",0.0848
PA000090,2022-12-29 09:27:06,"Passei na certificacao, muito feliz com o resultado.",0.123
PA000091,2022-12-29 09:35:30,Semana intensa mas muito satisfatoria no trabalho.,0.0237
PA000092,2022-12-29 09:39:31,"Chuva passageira a tarde, depois o tempo abriu lindo.",0.0594
PA000093,2022-12-29 10:12:30,"Fechei projeto importante essa semana, que alegria.",0.0818
PA000094,2022-12-29 11:01:15,"Meu time ganhou hoje, que jogo bonito foi.",0.0649
PA000095,2022-12-29 12:33:52,"Reencontrei um amigo antigo por acaso, que alegria.",0.1174
PA000096,2022-12-29 13:42:17,Leitura no jardim com tempo agradavel.,0.174
PA000097,2022-12-29 14:12:20,"Biblioteca da universidade, ambiente otimo para estudar.",0.1205
PA000098,2022-12-29 14:39:44,"Trilha ecologica incrivel, natureza pura.",0.0913
PA000099,2022-12-29 15:06:54,"Tarefa dificil concluida com sucesso, que satisfacao.",0.0035
PA000100,2022-12-29 18:13:41,Semana intensa mas muito satisfatoria no trabalho.,0.165
PA000101,2022-12-29 18:24:29,Que tarde relaxante lendo na rede.,0.0207
PA000102,2022-12-29 19:32:12,"Onibus chegou no horario hoje, que surpresa agradavel.",0.0294
PA000103,2022-12-29 19:50:33,Que manha fresca e agradavel para uma caminhada.,0.1463
PA000104,2022-12-29 23:07:51,Grupo de estudos foi muito produtivo hoje.,0.1064
PA000105,2022-12-30 00:04:19,"Tentei receita nova de bolo de cenoura, ficou fofinho.",0.0685
PA000106,2022-12-30 02:37:02,"Praia tranquila, sol perfeito, descanso total.",0.0792
PA000107,2022-12-30 02:43:51,"Reencontrei um amigo antigo por acaso, que alegria.",0.1308
PA000108,2022-12-30 03:11:39,"Serie nova incrivel, amei o primeiro episodio.",0.0689
PA000109,2022-12-30 03:54:54,Leitura no jardim com tempo agradavel.,0.0494
PA000110,2022-12-30 05:16:34,"Passei na certificacao, muito feliz com o resultado.",0.1695
PA000111,2022-12-30 07:05:13,Brigadeiro de panela saiu incrivel hoje.,0.1215
PA000112,2022-12-30 07:19:32,Grupo de estudos foi muito produtivo hoje.,0.0556
PA000113,2022-12-30 07:59:05,"Cuidando das plantas em casa, muito terapeutico.",0.04
PA000114,2022-12-30 08:01:03,"Corri 5km de manha, semana otima de treino.",0.1233
PA000115,2022-12-30 09:17:25,"Corri 5km de manha, semana otima de treino.",0.1053
PA000116,2022-12-30 11:30:11,"Teatro incrivel ontem, peca muito bem dirigida.",0.0
PA000117,2022-12-30 13:18:13,"Vento agradavel hoje, aproveitei para caminhar no parque.",0.0497
PA000118,2022-12-30 13:35:50,"Fui de bike hoje, que exercicio agradavel de manha.",0.0798
PA000119,2022-12-30 13:48:03,Jogo novo me viciou de um jeito bom.,0.0936
PA000120,2022-12-30 13:52:30,App de produtividade novo que encontrei e otimo.,0.0
PA000121,2022-12-30 14:08:18,"Dia nublado mas tranquilo, bom para estudar sem distracao.",0.0753
PA000122,2022-12-30 14:32:06,"Choveu a tarde toda, dia perfeito pra ficar em casa lendo.",0.087
PA000123,2022-12-30 16:37:49,Feira de artesanato gostosa de passear.,0.0793
PA000124,2022-12-30 17:53:52,"Vento agradavel hoje, aproveitei para caminhar no parque.",0.0702
PA000125,2022-12-30 18:14:19,"Metro bem tranquilo essa manha, cheguei bem.",0.1625
PA000126,2022-12-30 18:39:18,"Cuidando das plantas em casa, muito terapeutico.",0.1238
PA000127,2022-12-30 20:03:53,"Musica nova do meu artista favorito, de outro nivel.",0.1365
PA000128,2022-12-30 20:35:27,Feira de artesanato gostosa de passear.,0.1129
PA000129,2022-12-30 20:40:14,"Testei IA para ajudar com codigo, funcionou bem.",0.0771
PA000130,2022-12-30 21:44:34,App de produtividade novo que encontrei e otimo.,0.1995
PA000131,2022-12-30 22:59:36,Caminhada ate a estacao foi otima hoje.,0.0434
PA000132,2022-12-30 23:56:45,"Tarefa dificil concluida com sucesso, que satisfacao.",0.0
PA000133,2022-12-31 00:31:48,"Notebook novo chegou, que desempenho incrivel.",0.012
PA000134,2022-12-31 00:49:34,"Meditacao de manha, comecando o dia muito bem.",0.0889
PA000135,2022-12-31 01:25:34,"Pausa pro cafe com os colegas, bate-papo otimo.",0.1227
PA000136,2022-12-31 01:38:01,Terminei o trabalho da faculdade com antecedencia.,0.1483
PA000137,2022-12-31 01:46:16,"Pausa pro cafe com os colegas, bate-papo otimo.",0.1369
PA000138,2022-12-31 03:31:53,"Filme otimo ontem, fui ao cinema com a familia.",0.063
PA000139,2022-12-31 05:14:43,"Volei com os amigos, muita risada e diversao.",0.0046
PA000140,2022-12-31 06:24:17,"Novo celular chegou, a camera e impressionante.",0.1168
PA000141,2022-12-31 06:32:55,Semana intensa mas muito satisfatoria no trabalho.,0.0416
PA000142,2022-12-31 06:57:27,"Home office com cafe fresquinho do lado, otimo.",0.0506
PA000143,2022-12-31 06:58:30,"Onibus chegou no horario hoje, que surpresa agradavel.",0.0895
PA000144,2022-12-31 08:14:59,"Livro excelente sobre ciencia de dados, recomendo muito.",0.0182
PA000145,2022-12-31 10:16:51,Aplicativo de carona funcionou perfeitamente.,0.0184
PA000146,2022-12-31 10:53:15,"Notebook novo chegou, que desempenho incrivel.",0.0648
PA000147,2022-12-31 11:30:29,"Passeio com o cachorro no parque, ele adorou.",0.144
PA000148,2022-12-31 12:01:31,"Serie nova incrivel, amei o primeiro episodio.",0.2747
PA000149,2022-12-31 12:52:18,"Que calor hoje, tive que ligar o ar condicionado logo cedo.",0.1338
PA000150,2022-12-31 13:48:13,"Dia nublado mas tranquilo, bom para estudar sem distracao.",0.0027
PA000151,2022-12-31 14:35:41,Jogo novo me viciou de um jeito bom.,0.0813
PA000152,2022-12-31 14:55:44,"Academia hoje, treino puxado mas valeu muito.",0.1025
PA000153,2022-12-31 15:33:34,"Domingo em familia, melhor dia da semana.",0.0639
PA000154,2022-12-31 15:58:33,"Pausa pro cafe com os colegas, bate-papo otimo.",0.0836
PA000155,2022-12-31 18:52:28,Terminei o trabalho da faculdade com antecedencia.,0.0172
PA000156,2022-12-31 19:32:01,"Trilha ecologica incrivel, natureza pura.",0.0
PA000157,2022-12-31 21:27:17,"Cuidando das plantas em casa, muito terapeutico.",0.1141
PA000158,2022-12-31 22:17:40,"Pausa pro cafe com os colegas, bate-papo otimo.",0.0791
PA000159,2022-12-31 23:11:28,"Fechei projeto importante essa semana, que alegria.",0.1226
PA000160,2022-12-31 23:22:14,Que manha fresca e agradavel para uma caminhada.,0.0631
PA000161,2023-01-01 00:37:25,Terminei o trabalho da faculdade com antecedencia.,0.1069
PA000162,2023-01-01 01:42:48,"Reencontrei um amigo antigo por acaso, que alegria.",0.1205
PA000163,2023-01-01 02:14:33,Show ao vivo incrivel no fim de semana.,0.0603
PA000164,2023-01-01 03:30:36,Grupo de estudos foi muito produtivo hoje.,0.1674
PA000165,2023-01-01 04:27:36,"Novo celular chegou, a camera e impressionante.",0.001
PA000166,2023-01-01 04:31:33,"Sol lindo hoje, cafe na varanda foi otimo.",0.0157
PA000167,2023-01-01 05:20:42,Finalmente entendi aquele conceito que me travava.,0.0491
PA000168,2023-01-01 05:23:29,"Testei IA para ajudar com codigo, funcionou bem.",0.0877
PA000169,2023-01-01 05:23:33,Aplicativo de carona funcionou perfeitamente.,0.0743
PA000170,2023-01-01 05:25:17,"Sopa de legumes no frio, reconfortante e gostosa.",0.1652
PA000171,2023-01-01 07:32:54,"Meu time ganhou hoje, que jogo bonito foi.",0.0482
PA000172,2023-01-01 09:07:49,Finalmente entendi aquele conceito que me travava.,0.0812
PA000173,2023-01-01 10:34:09,Leitura no jardim com tempo agradavel.,0.1229
PA000174,2023-01-01 11:12:04,"Sol lindo hoje, cafe na varanda foi otimo.",0.0949
PA000175,2023-01-01 11:25:52,"Teatro incrivel ontem, peca muito bem dirigida.",0.1958
PA000176,2023-01-01 13:23:24,Terminei o trabalho da faculdade com antecedencia.,0.0431
PA000177,2023-01-01 14:19:11,"Yoga pela manha, comecei o dia muito bem.",0.0
PA000178,2023-01-01 14:42:52,"Serie nova incrivel, amei o primeiro episodio.",0.0972
PA000179,2023-01-01 17:28:28,"Cuidando das plantas em casa, muito terapeutico.",0.0852
PA000180,2023-01-01 18:01:08,"Passeio com o cachorro no parque, ele adorou.",0.0738
PA000181,2023-01-01 18:48:06,"Acai gelado essa tarde, refrescante demais.",0.07
PA000182,2023-01-01 19:45:33,Pedalada de tarde com vista incrivel do parque.,0.1077
PA000183,2023-01-01 20:29:14,"Almoco incrivel hoje, fiz lasanha caseira do zero.",0.0964
PA000184,2023-01-01 20:40:25,"Passei na certificacao, muito feliz com o resultado.",0.008
PA000185,2023-01-01 20:45:18,"Fui num restaurante novo, a pizza estava espetacular.",0.1166
PA000186,2023-01-01 20:51:56,Show ao vivo incrivel no fim de semana.,0.059
PA000187,2023-01-01 21:01:47,"Padaria da esquina lancou sabor novo, recomendo.",0.1578
PA000188,2023-01-01 21:08:40,Que manha fresca e agradavel para uma caminhada.,0.1264
PA000189,2023-01-01 22:27:16,"Sopa de legumes no frio, reconfortante e gostosa.",0.1212
PA000190,2023-01-02 00:42:51,Finalmente entendi aquele conceito que me travava.,0.05
PA000191,2023-01-02 02:27:02,"Corri 5km de manha, semana otima de treino.",0.087
PA000192,2023-01-02 03:35:10,"Almoco incrivel hoje, fiz lasanha caseira do zero.",0.1159
PA000193,2023-01-02 04:22:07,"Reuniao produtiva hoje, saimos com otimas ideias.",0.1211
PA000194,2023-01-02 04:54:13,Brigadeiro de panela saiu incrivel hoje.,0.0533
PA000195,2023-01-02 05:24:52,"O outono chegou cedo esse ano, que frio gostoso de manha.",0.083
PA000196,2023-01-02 05:49:46,Podcast sobre tecnologia muito interessante.,0.0548
PA000197,2023-01-02 06:07:02,Caminhada ate a estacao foi otima hoje.,0.0212
PA000198,2023-01-02 06:19:20,Terminei o trabalho da faculdade com antecedencia.,0.1032
PA000199,2023-01-02 08:46:29,"Minha mae fez feijao com arroz e linguica, classico perfeito.",0.1
PA000200,2023-01-02 10:00:55,"Corri 5km de manha, semana otima de treino.",0.1664
PA000201,2023-01-02 10:10:08,"Praia tranquila, sol perfeito, descanso total.",0.0287
PA000202,2023-01-02 10:18:48,"Vento agradavel hoje, aproveitei para caminhar no parque.",0.0852
PA000203,2023-01-02 11:42:42,Grupo de estudos foi muito produtivo hoje.,0.0303
PA000204,2023-01-02 11:46:19,Grupo de estudos foi muito produtivo hoje.,0.1028
PA000205,2023-01-02 11:47:31,Leitura no jardim com tempo agradavel.,0.0
PA000206,2023-01-02 12:23:55,"Apresentacao correu muito bem, todos gostaram.",0.0168
PA000207,2023-01-02 13:54:50,"Reencontrei um amigo antigo por acaso, que alegria.",0.0159
PA000208,2023-01-02 19:08:00,"Fechei projeto importante essa semana, que alegria.",0.1024
PA000209,2023-01-02 19:11:39,"Sol lindo hoje, cafe na varanda foi otimo.",0.1577
PA000210,2023-01-02 20:05:09,"Pausa pro cafe com os colegas, bate-papo otimo.",0.0307
PA000211,2023-01-03 01:24:51,"Home office com cafe fresquinho do lado, otimo.",0.0791
PA000212,2023-01-03 01:26:11,"Choveu a tarde toda, dia perfeito pra ficar em casa lendo.",0.0268
PA000213,2023-01-03 01:32:01,"Yoga pela manha, comecei o dia muito bem.",0.0928
PA000214,2023-01-03 02:26:31,"Filme otimo ontem, fui ao cinema com a familia.",0.0881
PA000215,2023-01-03 03:16:58,"Estudando para a prova de amanha, bem concentrado.",0.0126
PA000216,2023-01-03 03:48:44,"Filme otimo ontem, fui ao cinema com a familia.",0.112
PA000217,2023-01-03 04:16:31,"Passei na certificacao, muito feliz com o resultado.",0.115
PA000218,2023-01-03 06:15:48,"Chuva passageira a tarde, depois o tempo abriu lindo.",0.0989
PA000219,2023-01-03 06:35:43,"Reuniao produtiva hoje, saimos com otimas ideias.",0.1247
PA000220,2023-01-03 08:20:10,"Corri 5km de manha, semana otima de treino.",0.0381
PA000221,2023-01-03 09:47:05,Aula incrivel sobre estatistica aplicada hoje.,0.0786
PA000222,2023-01-03 09:50:25,App de produtividade novo que encontrei e otimo.,0.137
PA000223,2023-01-03 10:32:44,Leitura no jardim com tempo agradavel.,0.0481
PA000224,2023-01-03 10:53:22,"Fui de bike hoje, que exercicio agradavel de manha.",0.106
PA000225,2023-01-03 11:46:35,"Tentei receita nova de bolo de cenoura, ficou fofinho.",0.1009
PA000226,2023-01-03 12:12:15,"Volei com os amigos, muita risada e diversao.",0.007
PA000227,2023-01-03 13:06:45,"Chuva passageira a tarde, depois o tempo abriu lindo.",0.0
PA000228,2023-01-03 13:27:55,"Musica nova do meu artista favorito, de outro nivel.",0.0132
PA000229,2023-01-03 13:52:43,"Fechei projeto importante essa semana, que alegria.",0.1138
PA000230,2023-01-03 15:41:37,"Maratonei a temporada completa, valeu cada minuto.",0.0081
PA000231,2023-01-03 18:00:50,Feira de artesanato gostosa de passear.,0.2
PA000232,2023-01-03 21:31:36,"Metro bem tranquilo essa manha, cheguei bem.",0.0779
PA000233,2023-01-03 21:32:10,"Natacao de manha, melhor inicio de dia possivel.",0.1926
PA000234,2023-01-03 22:07:55,"Filme otimo ontem, fui ao cinema com a familia.",0.1441
PA000235,2023-01-03 23:56:52,Caminhada ate a estacao foi otima hoje.,0.1301
PA000236,2023-01-03 23:58:20,"Fui num restaurante novo, a pizza estava espetacular.",0.085
PA000237,2023-01-04 00:17:23,Podcast sobre tecnologia muito interessante.,0.0244
PA000238,2023-01-04 00:30:05,"Novo celular chegou, a camera e impressionante.",0.105
PA000239,2023-01-04 01:29:59,App de produtividade novo que encontrei e otimo.,0.1176
PA000240,2023-01-04 02:57:25,"Fui de bike hoje, que exercicio agradavel de manha.",0.047
PA000241,2023-01-04 03:28:28,"Livro excelente sobre ciencia de dados, recomendo muito.",0.0194
PA000242,2023-01-04 05:55:31,Grupo de estudos foi muito produtivo hoje.,0.112
PA000243,2023-01-04 07:46:47,"Meu time ganhou hoje, que jogo bonito foi.",0.0746
PA000244,2023-01-04 08:16:27,"Serie nova incrivel, amei o primeiro episodio.",0.0952
PA000245,2023-01-04 09:29:44,"Yoga pela manha, comecei o dia muito bem.",0.0281
PA000246,2023-01-04 11:03:36,"Sopa de legumes no frio, reconfortante e gostosa.",0.1072
PA000247,2023-01-04 11:06:10,Que tarde relaxante lendo na rede.,0.1599
PA000248,2023-01-04 11:08:07,"Tarefa dificil concluida com sucesso, que satisfacao.",0.0884
PA000249,2023-01-04 14:22:25,Caminhada ate a estacao foi otima hoje.,0.0808
PA000250,2023-01-04 14:28:44,"Que bagunca, nada funcionando direito.",0.9405
PA000251,2023-01-04 14:45:04,"Choveu a tarde toda, dia perfeito pra ficar em casa lendo.",0.0317
PA000252,2023-01-04 14:50:41,"Fui de bike hoje, que exercicio agradavel de manha.",0.1246
PA000253,2023-01-04 16:46:30,Jantar simples mas gostoso com a familia.,0.0274
PA000254,2023-01-04 16:49:47,Atualizacao deixou o sistema muito mais rapido.,0.0756
PA000255,2023-01-04 17:33:46,Grupo de estudos foi muito produtivo hoje.,0.1006
PA000256,2023-01-04 17:41:31,"Meu time ganhou hoje, que jogo bonito foi.",0.0401
PA000257,2023-01-04 17:45:38,"Configurei o home office com setup novo, otimo.",0.1619
PA000258,2023-01-04 18:03:11,"Aprendi receita nova no youtube, ficou otimo.",0.0654
PA000259,2023-01-04 18:18:04,"Almoco incrivel hoje, fiz lasanha caseira do zero.",0.0223
PA000260,2023-01-04 18:39:45,"Corri 5km de manha, semana otima de treino.",0.1719
PA000261,2023-01-04 19:14:53,"Domingo em familia, melhor dia da semana.",0.1277
PA000262,2023-01-04 19:59:58,Atualizacao deixou o sistema muito mais rapido.,0.0869
PA000263,2023-01-04 21:29:08,Tarde produtiva organizando e limpando a casa.,0.1371
PA000264,2023-01-04 22:48:05,"Consegui estacionamento logo de cara, dia de sorte mesmo.",0.1091
PA000265,2023-01-05 00:08:24,Cafe da manha caprichado: tapioca com ovo e suco de laranja.,0.0511
PA000266,2023-01-05 04:10:47,Terminei o trabalho da faculdade com antecedencia.,0.0901
PA000267,2023-01-05 07:00:02,"Domingo em familia, melhor dia da semana.",0.1312
PA000268,2023-01-05 07:00:35,Grupo de estudos foi muito produtivo hoje.,0.1068
PA000269,2023-01-05 07:08:31,"Almoco incrivel hoje, fiz lasanha caseira do zero.",0.1174
PA000270,2023-01-05 07:26:22,"Onibus chegou no horario hoje, que surpresa agradavel.",0.1385
PA000271,2023-01-05 07:44:33,Aula incrivel sobre estatistica aplicada hoje.,0.0812
PA000272,2023-01-05 08:31:59,"Pipoca e serie boa na sexta, programa perfeito.",0.0
PA000273,2023-01-05 09:42:59,"Configurei o home office com setup novo, otimo.",0.1456
PA000274,2023-01-05 10:59:00,"Notebook novo chegou, que desempenho incrivel.",0.0691
PA000275,2023-01-05 11:13:46,"Teatro incrivel ontem, peca muito bem dirigida.",0.0081
PA000276,2023-01-05 11:49:46,Que tarde relaxante lendo na rede.,0.088
PA000277,2023-01-05 11:56:48,"Corri 5km de manha, semana otima de treino.",0.1381
PA000278,2023-01-05 12:42:50,Que tarde relaxante lendo na rede.,0.105
PA000279,2023-01-05 12:42:57,Aula incrivel sobre estatistica aplicada hoje.,0.0909
PA000280,2023-01-05 14:57:58,"Reuniao produtiva hoje, saimos com otimas ideias.",0.0977
PA000281,2023-01-05 15:20:43,"O outono chegou cedo esse ano, que frio gostoso de manha.",0.0511
PA000282,2023-01-05 16:25:43,Tarde produtiva organizando e limpando a casa.,0.0784
PA000283,2023-01-05 16:49:22,"Vento agradavel hoje, aproveitei para caminhar no parque.",0.1276
PA000284,2023-01-05 17:42:54,"Plantei temperos na sacada, que satisfacao.",0.0188
PA000285,2023-01-05 17:43:27,"Sopa de legumes no frio, reconfortante e gostosa.",0.0434
PA000286,2023-01-05 18:05:55,"Onibus chegou no horario hoje, que surpresa agradavel.",0.1187
PA000287,2023-01-05 18:19:11,"Meu time ganhou hoje, que jogo bonito foi.",0.1002
PA000288,2023-01-05 21:35:51,"Tentei receita nova de bolo de cenoura, ficou fofinho.",0.1418
PA000289,2023-01-05 21:39:25,"Que calor hoje, tive que ligar o ar condicionado logo cedo.",0.0
PA000290,2023-01-05 21:42:30,"Chuva passageira a tarde, depois o tempo abriu lindo.",0.0609
PA000291,2023-01-05 21:47:19,"Natacao de manha, melhor inicio de dia possivel.",0.0903
PA000292,2023-01-05 22:33:32,"Almoco incrivel hoje, fiz lasanha caseira do zero.",0.0183
PA000293,2023-01-06 00:34:37,"Onibus chegou no horario hoje, que surpresa agradavel.",0.1263
PA000294,2023-01-06 02:48:02,"Estrada livre, cheguei no trabalho rapido hoje.",0.1259
PA000295,2023-01-06 03:32:40,"Estrada livre, cheguei no trabalho rapido hoje.",0.0339
PA000296,2023-01-06 06:00:24,Cafe da manha caprichado: tapioca com ovo e suco de laranja.,0.0523
PA000297,2023-01-06 06:22:04,"Onibus chegou no horario hoje, que surpresa agradavel.",0.0208
PA000298,2023-01-06 08:32:14,Jogo novo me viciou de um jeito bom.,0.0754
PA000299,2023-01-06 08:52:54,"Novo celular chegou, a camera e impressionante.",0.0251
PA000300,2023-01-06 09:03:44,Semana intensa mas muito satisfatoria no trabalho.,0.0853
PA000301,2023-01-06 11:09:23,"Estrada livre, cheguei no trabalho rapido hoje.",0.1611
PA000302,2023-01-06 11:27:01,Leitura no jardim com tempo agradavel.,0.0
PA000303,2023-01-06 12:15:03,"Plantei temperos na sacada, que satisfacao.",0.0341
PA000304,2023-01-06 13:35:27,"Meditacao de manha, comecando o dia muito bem.",0.0972
PA000305,2023-01-06 13:46:24,"Padaria da esquina lancou sabor novo, recomendo.",0.1094
PA000306,2023-01-06 13:49:50,"Serie nova incrivel, amei o primeiro episodio.",0.2675
PA000307,2023-01-06 14:57:37,Brigadeiro de panela saiu incrivel hoje.,0.0
PA000308,2023-01-06 15:24:30,Aplicativo de carona funcionou perfeitamente.,0.0766
PA000309,2023-01-06 15:53:01,Grupo de estudos foi muito produtivo hoje.,0.1556
PA000310,2023-01-06 15:53:03,"Domingo em familia, melhor dia da semana.",0.0784
PA000311,2023-01-06 16:15:05,Caminhada ate a estacao foi otima hoje.,0.0731
PA000312,2023-01-06 16:48:33,"Vento agradavel hoje, aproveitei para caminhar no parque.",0.0299
PA000313,2023-01-06 17:06:30,"Choveu a tarde toda, dia perfeito pra ficar em casa lendo.",0.0446
PA000314,2023-01-06 17:25:17,"Sopa de legumes no frio, reconfortante e gostosa.",0.0976
PA000315,2023-01-06 17:51:30,Brigadeiro de panela saiu incrivel hoje.,0.1009
PA000316,2023-01-06 20:10:19,"Biblioteca da universidade, ambiente otimo para estudar.",0.007
PA000317,2023-01-06 20:25:27,Que tarde relaxante lendo na rede.,0.0
PA000318,2023-01-06 20:33:19,"Fechei projeto importante essa semana, que alegria.",0.091
PA000319,2023-01-06 21:16:10,"Vento agradavel hoje, aproveitei para caminhar no parque.",0.115
PA000320,2023-01-06 21:52:41,"Passei na certificacao, muito feliz com o resultado.",0.0454
PA000321,2023-01-06 22:20:16,"Onibus chegou no horario hoje, que surpresa agradavel.",0.1425
PA000322,2023-01-06 22:56:00,"Estrada livre, cheguei no trabalho rapido hoje.",0.0384
PA000323,2023-01-06 23:17:02,"Padaria da esquina lancou sabor novo, recomendo.",0.0
PA000324,2023-01-06 23:21:09,Jantar simples mas gostoso com a familia.,0.0267
PA000325,2023-01-06 23:30:08,"Metro bem tranquilo essa manha, cheguei bem.",0.1617
PA000326,2023-01-06 23:47:19,"Acai gelado essa tarde, refrescante demais.",0.0857
PA000327,2023-01-07 01:10:26,"Sol lindo hoje, cafe na varanda foi otimo.",0.0978
PA000328,2023-01-07 03:39:05,"Estudando para a prova de amanha, bem concentrado.",0.1626
PA000329,2023-01-07 03:45:19,"Dia nublado mas tranquilo, bom para estudar sem distracao.",0.027
PA000330,2023-01-07 03:47:15,Atualizacao deixou o sistema muito mais rapido.,0.0548
PA000331,2023-01-07 04:13:04,"Maratonei a temporada completa, valeu cada minuto.",0.1059
PA000332,2023-01-07 04:31:18,Pedalada de tarde com vista incrivel do parque.,0.1082
PA000333,2023-01-07 05:33:51,Que manha fresca e agradavel para uma caminhada.,0.0872
PA000334,2023-01-07 06:18:39,Podcast sobre tecnologia muito interessante.,0.0824
PA000335,2023-01-07 07:47:35,"Fechei projeto importante essa semana, que alegria.",0.096
PA000336,2023-01-07 08:17:41,Aplicativo de carona funcionou perfeitamente.,0.0504
PA000337,2023-01-07 08:55:33,"Acai gelado essa tarde, refrescante demais.",0.1403
PA000338,2023-01-07 09:16:41,Tarde produtiva organizando e limpando a casa.,0.0781
PA000339,2023-01-07 09:25:15,Aula incrivel sobre estatistica aplicada hoje.,0.0438
PA000340,2023-01-07 11:08:19,"Plantei temperos na sacada, que satisfacao.",0.1422
PA000341,2023-01-07 11:24:33,"Sol lindo hoje, cafe na varanda foi otimo.",0.0
PA000342,2023-01-07 11:41:29,Aplicativo de carona funcionou perfeitamente.,0.1383
PA000343,2023-01-07 15:00:33,"Meu time ganhou hoje, que jogo bonito foi.",0.0035
PA000344,2023-01-07 17:19:42,Atualizacao deixou o sistema muito mais rapido.,0.0852
PA000345,2023-01-07 17:22:52,"Yoga pela manha, comecei o dia muito bem.",0.1473
PA000346,2023-01-07 17:32:32,"Testei IA para ajudar com codigo, funcionou bem.",0.0103
PA000347,2023-01-07 18:05:11,"Serie nova incrivel, amei o primeiro episodio.",0.051
PA000348,2023-01-07 18:34:26,"Viagem de fim de semana para cidade historica, valeu.",0.1063
PA000349,2023-01-07 21:11:59,"Apresentacao correu muito bem, todos gostaram.",0.1077
PA000350,2023-01-07 21:38:01,App de produtividade novo que encontrei e otimo.,0.0896
PA000351,2023-01-07 22:13:30,"Yoga pela manha, comecei o dia muito bem.",0.1257
PA000352,2023-01-07 22:59:59,"Maratonei a temporada completa, valeu cada minuto.",0.0795
PA000353,2023-01-07 23:02:52,Que manha fresca e agradavel para uma caminhada.,0.1063
PA000354,2023-01-07 23:19:54,"Pausa pro cafe com os colegas, bate-papo otimo.",0.0655
PA000355,2023-01-08 01:21:06,Brigadeiro de panela saiu incrivel hoje.,0.0317
PA000356,2023-01-08 01:54:47,"Natacao de manha, melhor inicio de dia possivel.",0.0926
PA000357,2023-01-08 02:15:57,Caminhada ate a estacao foi otima hoje.,0.1157
PA000358,2023-01-08 02:31:48,"Pausa pro cafe com os colegas, bate-papo otimo.",0.0
PA000359,2023-01-08 03:40:09,Que manha fresca e agradavel para uma caminhada.,0.0316
PA000360,2023-01-08 05:13:32,Aula incrivel sobre estatistica aplicada hoje.,0.0
PA000361,2023-01-08 05:23:02,"Chuva passageira a tarde, depois o tempo abriu lindo.",0.0446
PA000362,2023-01-08 06:06:54,"Apresentacao correu muito bem, todos gostaram.",0.137
PA000363,2023-01-08 06:47:22,"Academia hoje, treino puxado mas valeu muito.",0.1181
PA000364,2023-01-08 07:27:12,Leitura no jardim com tempo agradavel.,0.101
PA000365,2023-01-08 07:36:20,Que manha fresca e agradavel para uma caminhada.,0.0738
PA000366,2023-01-08 08:03:06,Terminei o trabalho da faculdade com antecedencia.,0.0819
PA000367,2023-01-08 09:47:06,"Mais um dia de transito horrivel, situacao absurda.",0.9931
PA000368,2023-01-08 11:27:05,App de produtividade novo que encontrei e otimo.,0.1197
PA000369,2023-01-08 13:12:54,"Trilha ecologica incrivel, natureza pura.",0.0928
PA000370,2023-01-08 16:11:05,"Onibus chegou no horario hoje, que surpresa agradavel.",0.0
PA000371,2023-01-08 17:54:09,Show ao vivo incrivel no fim de semana.,0.0489
PA000372,2023-01-08 18:52:43,"Meditacao de manha, comecando o dia muito bem.",0.0634
PA000373,2023-01-08 19:09:33,"Estudando para a prova de amanha, bem concentrado.",0.1028
PA000374,2023-01-08 20:54:45,Que tarde relaxante lendo na rede.,0.0853
PA000375,2023-01-08 21:58:42,"Estrada livre, cheguei no trabalho rapido hoje.",0.1415
PA000376,2023-01-08 22:28:58,Tarde produtiva organizando e limpando a casa.,0.0
PA000377,2023-01-08 23:06:51,Caminhada ate a estacao foi otima hoje.,0.0325
PA000378,2023-01-08 23:33:23,Jantar simples mas gostoso com a familia.,0.0878
PA000379,2023-01-09 00:02:38,"Vento agradavel hoje, aproveitei para caminhar no parque.",0.0971
PA000380,2023-01-09 00:52:48,Atualizacao deixou o sistema muito mais rapido.,0.0
PA000381,2023-01-09 02:11:16,"Passeio com o cachorro no parque, ele adorou.",0.111
PA000382,2023-01-09 02:50:53,"O outono chegou cedo esse ano, que frio gostoso de manha.",0.0326
PA000383,2023-01-09 03:51:44,"Testei IA para ajudar com codigo, funcionou bem.",0.1043
PA000384,2023-01-09 04:50:00,Cafe da manha caprichado: tapioca com ovo e suco de laranja.,0.1419
PA000385,2023-01-09 07:05:18,Jogo novo me viciou de um jeito bom.,0.1181
PA000386,2023-01-09 07:30:31,"Meditacao de manha, comecando o dia muito bem.",0.0466
PA000387,2023-01-09 08:34:22,"Consegui estacionamento logo de cara, dia de sorte mesmo.",0.0644
PA000388,2023-01-09 09:22:00,Tarde produtiva organizando e limpando a casa.,0.0242
PA000389,2023-01-09 09:50:57,"Atendimento pessimo no banco, perdi a tarde toda.",0.9297
PA000390,2023-01-09 09:57:57,"Passei na certificacao, muito feliz com o resultado.",0.0398
PA000391,2023-01-09 09:58:15,"Passeio no interior no fim de semana, natureza linda.",0.1663
PA000392,2023-01-09 10:03:32,"Praia tranquila, sol perfeito, descanso total.",0.0024
PA000393,2023-01-09 10:05:59,"Plantei temperos na sacada, que satisfacao.",0.1364
PA000394,2023-01-09 11:20:12,"Passeio no interior no fim de semana, natureza linda.",0.0832
PA000395,2023-01-09 11:26:32,Cafe da manha caprichado: tapioca com ovo e suco de laranja.,0.0755
PA000396,2023-01-09 11:26:40,"Corri 5km de manha, semana otima de treino.",0.0267
PA000397,2023-01-09 11:31:39,Feira de artesanato gostosa de passear.,0.1879
PA000398,2023-01-09 11:38:33,"Academia hoje, treino puxado mas valeu muito.",0.1064
PA000399,2023-01-09 11:47:11,Aplicativo de carona funcionou perfeitamente.,0.0455
PA000400,2023-01-09 14:00:03,"Natacao de manha, melhor inicio de dia possivel.",0.1067
PA000401,2023-01-09 14:51:24,Brigadeiro de panela saiu incrivel hoje.,0.1236
PA000402,2023-01-09 16:31:41,Atualizacao deixou o sistema muito mais rapido.,0.2
PA000403,2023-01-09 17:29:59,"Fui de bike hoje, que exercicio agradavel de manha.",0.0788
PA000404,2023-01-09 19:35:29,"Cuidando das plantas em casa, muito terapeutico.",0.0503
PA000405,2023-01-09 20:19:56,"Fui num restaurante novo, a pizza estava espetacular.",0.059
PA000406,2023-01-09 21:07:54,"Fui de bike hoje, que exercicio agradavel de manha.",0.1699
PA000407,2023-01-09 21:26:47,Jogo novo me viciou de um jeito bom.,0.128
PA000408,2023-01-09 21:47:03,"Passeio no interior no fim de semana, natureza linda.",0.0859
PA000409,2023-01-09 23:39:05,"Fechei projeto importante essa semana, que alegria.",0.0671
PA000410,2023-01-10 02:11:52,"Metro bem tranquilo essa manha, cheguei bem.",0.0306
PA000411,2023-01-10 02:44:21,"Trilha ecologica incrivel, natureza pura.",0.1335
PA000412,2023-01-10 02:45:25,"Onibus chegou no horario hoje, que surpresa agradavel.",0.0616
PA000413,2023-01-10 03:29:40,"Configurei o home office com setup novo, otimo.",0.0402
PA000414,2023-01-10 05:01:36,"Maratonei a temporada completa, valeu cada minuto.",0.1527
PA000415,2023-01-10 05:43:45,"Novo celular chegou, a camera e impressionante.",0.1353
PA000416,2023-01-10 05:58:48,"Vento agradavel hoje, aproveitei para caminhar no parque.",0.0696
PA000417,2023-01-10 06:25:12,"Padaria da esquina lancou sabor novo, recomendo.",0.1569
PA000418,2023-01-10 06:48:15,"Estrada livre, cheguei no trabalho rapido hoje.",0.0815
PA000419,2023-01-10 07:06:35,"Minha mae fez feijao com arroz e linguica, classico perfeito.",0.0544
PA000420,2023-01-10 07:13:19,"Dia nublado mas tranquilo, bom para estudar sem distracao.",0.112
PA000421,2023-01-10 09:03:35,"Cuidando das plantas em casa, muito terapeutico.",0.0716
PA000422,2023-01-10 09:12:31,"Volei com os amigos, muita risada e diversao.",0.1026
PA000423,2023-01-10 09:55:29,"Passeio no interior no fim de semana, natureza linda.",0.0142
PA000424,2023-01-10 11:33:45,"Vento agradavel hoje, aproveitei para caminhar no parque.",0.0171
PA000425,2023-01-10 12:27:16,Jantar simples mas gostoso com a familia.,0.064
PA000426,2023-01-10 12:29:08,"Teatro incrivel ontem, peca muito bem dirigida.",0.1504
PA000427,2023-01-10 12:49:08,"Apresentacao correu muito bem, todos gostaram.",0.1341
PA000428,2023-01-10 15:16:56,Leitura no jardim com tempo agradavel.,0.1678
PA000429,2023-01-10 15:26:50,"Multa de transito injusta, vou recorrer.",0.6228
PA000430,2023-01-10 17:27:21,"Consegui estacionamento logo de cara, dia de sorte mesmo.",0.1296
PA000431,2023-01-10 19:54:42,"Tentei receita nova de bolo de cenoura, ficou fofinho.",0.0712
PA000432,2023-01-10 19:58:31,Tarde produtiva organizando e limpando a casa.,0.1294
PA000433,2023-01-10 20:35:18,"Aprendi receita nova no youtube, ficou otimo.",0.051
PA000434,2023-01-10 21:45:36,App de produtividade novo que encontrei e otimo.,0.1185
PA000435,2023-01-10 22:06:36,"Apresentacao correu muito bem, todos gostaram.",0.0574
PA000436,2023-01-10 23:49:40,"Musica nova do meu artista favorito, de outro nivel.",0.0105
PA000437,2023-01-11 00:49:10,"Home office com cafe fresquinho do lado, otimo.",0.0343
PA000438,2023-01-11 00:55:20,Que tarde relaxante lendo na rede.,0.1231
PA000439,2023-01-11 01:25:56,"Tarefa dificil concluida com sucesso, que satisfacao.",0.1496
PA000440,2023-01-11 02:21:36,"Fechei projeto importante essa semana, que alegria.",0.1372
PA000441,2023-01-11 04:19:12,"Padaria da esquina lancou sabor novo, recomendo.",0.0864
PA000442,2023-01-11 07:26:25,"Fui de bike hoje, que exercicio agradavel de manha.",0.1027
PA000443,2023-01-11 07:29:54,"Estudando para a prova de amanha, bem concentrado.",0.0461
PA000444,2023-01-11 07:30:04,"Acai gelado essa tarde, refrescante demais.",0.0367
PA000445,2023-01-11 07:53:54,"Metro bem tranquilo essa manha, cheguei bem.",0.1418
PA000446,2023-01-11 08:52:34,"Que bagunca, nada funcionando direito.",0.6009
PA000447,2023-01-11 09:04:08,"Vento agradavel hoje, aproveitei para caminhar no parque.",0.0248
PA000448,2023-01-11 09:23:46,"Onibus chegou no horario hoje, que surpresa agradavel.",0.0018
PA000449,2023-01-11 09:23:56,"Cuidando das plantas em casa, muito terapeutico.",0.1831
PA000450,2023-01-11 09:38:48,"Passeio no interior no fim de semana, natureza linda.",0.0121
PA000451,2023-01-11 10:59:12,Semana intensa mas muito satisfatoria no trabalho.,0.1517
PA000452,2023-01-11 11:04:34,"Novo celular chegou, a camera e impressionante.",0.1019
PA000453,2023-01-11 11:18:09,"Choveu a tarde toda, dia perfeito pra ficar em casa lendo.",0.1462
PA000454,2023-01-11 11:50:31,"Pipoca e serie boa na sexta, programa perfeito.",0.0082
PA000455,2023-01-11 11:55:55,Show ao vivo incrivel no fim de semana.,0.0918
PA000456,2023-01-11 13:41:53,Finalmente entendi aquele conceito que me travava.,0.0668
PA000457,2023-01-11 13:42:02,"Testei IA para ajudar com codigo, funcionou bem.",0.1348
PA000458,2023-01-11 14:15:46,"Passei na certificacao, muito feliz com o resultado.",0.0383
PA000459,2023-01-11 14:36:36,"Onibus chegou no horario hoje, que surpresa agradavel.",0.072
PA000460,2023-01-11 16:10:52,"Aprendi receita nova no youtube, ficou otimo.",0.0962
PA000461,2023-01-11 19:33:24,"Praia tranquila, sol perfeito, descanso total.",0.1473
PA000462,2023-01-11 19:56:24,"Biblioteca da universidade, ambiente otimo para estudar.",0.0518
PA000463,2023-01-11 20:51:29,Atualizacao deixou o sistema muito mais rapido.,0.0779
PA000464,2023-01-11 21:40:30,Jogo novo me viciou de um jeito bom.,0.013
PA000465,2023-01-11 22:47:17,"Churrasco com a familia no final de semana, delicioso.",0.0456
PA000466,2023-01-11 22:52:46,"Aprendi receita nova no youtube, ficou otimo.",0.0221
PA000467,2023-01-11 23:45:03,Que manha fresca e agradavel para uma caminhada.,0.0275
PA000468,2023-01-11 23:46:53,Podcast sobre tecnologia muito interessante.,0.028
PA000469,2023-01-12 01:39:06,"Fui num restaurante novo, a pizza estava espetacular.",0.0259
PA000470,2023-01-12 02:58:34,"Filme otimo ontem, fui ao cinema com a familia.",0.0441
PA000471,2023-01-12 06:18:06,"Teatro incrivel ontem, peca muito bem dirigida.",0.1059
PA000472,2023-01-12 08:04:29,Caminhada ate a estacao foi otima hoje.,0.0458
PA000473,2023-01-12 08:22:09,"Onibus chegou no horario hoje, que surpresa agradavel.",0.0938
PA000474,2023-01-12 08:32:14,Jantar simples mas gostoso com a familia.,0.0873
PA000475,2023-01-12 10:09:50,"Museu da cidade muito interessante, aprendi bastante.",0.0437
PA000476,2023-01-12 11:17:17,Finalmente entendi aquele conceito que me travava.,0.0798
PA000477,2023-01-12 12:04:14,Finalmente entendi aquele conceito que me travava.,0.038
PA000478,2023-01-12 13:56:28,Jantar simples mas gostoso com a familia.,0.0058
PA000479,2023-01-12 13:57:29,"Padaria da esquina lancou sabor novo, recomendo.",0.0773
PA000480,2023-01-12 14:02:19,Aula incrivel sobre estatistica aplicada hoje.,0.1829
PA000481,2023-01-12 14:10:54,Terminei o trabalho da faculdade com antecedencia.,0.0438
PA000482,2023-01-12 16:00:08,"Viagem de fim de semana para cidade historica, valeu.",0.0207
PA000483,2023-01-12 16:21:16,"Corri 5km de manha, semana otima de treino.",0.0131
PA000484,2023-01-12 17:00:10,Jantar simples mas gostoso com a familia.,0.141
PA000485,2023-01-12 18:27:59,Grupo de estudos foi muito produtivo hoje.,0.121
PA000486,2023-01-12 18:43:03,"Apresentacao correu muito bem, todos gostaram.",0.0401
PA000487,2023-01-12 19:42:41,"Padaria da esquina lancou sabor novo, recomendo.",0.1175
PA000488,2023-01-12 21:38:22,"Configurei o home office com setup novo, otimo.",0.0224
PA000489,2023-01-12 21:40:20,Que tarde relaxante lendo na rede.,0.0823
PA000490,2023-01-12 21:45:58,"Dia nublado mas tranquilo, bom para estudar sem distracao.",0.043
PA000491,2023-01-12 22:22:27,"Acai gelado essa tarde, refrescante demais.",0.1033
PA000492,2023-01-12 23:08:33,"Dia nublado mas tranquilo, bom para estudar sem distracao.",0.2268
PA000493,2023-01-12 23:47:05,Jantar simples mas gostoso com a familia.,0.1164
PA000494,2023-01-13 00:08:48,"Fui num restaurante novo, a pizza estava espetacular.",0.0878
PA000495,2023-01-13 01:08:01,Tarde produtiva organizando e limpando a casa.,0.0223
PA000496,2023-01-13 01:23:49,"Almoco incrivel hoje, fiz lasanha caseira do zero.",0.1519
PA000497,2023-01-13 01:27:39,"Choveu a tarde toda, dia perfeito pra ficar em casa lendo.",0.0
PA000498,2023-01-13 02:19:13,"Metro bem tranquilo essa manha, cheguei bem.",0.1203
PA000499,2023-01-13 02:33:36,"Testei IA para ajudar com codigo, funcionou bem.",0.0
PA000500,2023-01-13 02:46:04,"Home office com cafe fresquinho do lado, otimo.",0.1402
PA000501,2023-01-13 03:35:58,"Viagem de fim de semana para cidade historica, valeu.",0.1177
PA000502,2023-01-13 03:54:08,"Praia tranquila, sol perfeito, descanso total.",0.0569
PA000503,2023-01-13 04:11:25,"Aprendi receita nova no youtube, ficou otimo.",0.2
PA000504,2023-01-13 06:19:48,Que manha fresca e agradavel para uma caminhada.,0.0731
PA000505,2023-01-13 06:50:40,"Teatro incrivel ontem, peca muito bem dirigida.",0.0512
PA000506,2023-01-13 07:09:02,Cafe da manha caprichado: tapioca com ovo e suco de laranja.,0.059
PA000507,2023-01-13 07:38:36,"Novo celular chegou, a camera e impressionante.",0.0636
PA000508,2023-01-13 08:00:09,"Museu da cidade muito interessante, aprendi bastante.",0.1043
PA000509,2023-01-13 12:49:14,"Livro excelente sobre ciencia de dados, recomendo muito.",0.0991
PA000510,2023-01-13 15:28:40,"Apresentacao correu muito bem, todos gostaram.",0.0
PA000511,2023-01-13 16:57:13,"Meu time ganhou hoje, que jogo bonito foi.",0.1129
PA000512,2023-01-13 18:09:10,"Tarefa dificil concluida com sucesso, que satisfacao.",0.0137
PA000513,2023-01-13 19:55:54,"Reencontrei um amigo antigo por acaso, que alegria.",0.0545
PA000514,2023-01-13 20:17:12,"Apresentacao correu muito bem, todos gostaram.",0.1298
PA000515,2023-01-13 20:31:34,Leitura no jardim com tempo agradavel.,0.0473
PA000516,2023-01-13 22:45:17,Aula incrivel sobre estatistica aplicada hoje.,0.1163
PA000517,2023-01-13 23:08:41,"Domingo em familia, melhor dia da semana.",0.1291
PA000518,2023-01-13 23:31:55,Jantar simples mas gostoso com a familia.,0.0408
PA000519,2023-01-13 23:42:23,"Sopa de legumes no frio, reconfortante e gostosa.",0.0642
PA000520,2023-01-14 00:20:10,Leitura no jardim com tempo agradavel.,0.0694
PA000521,2023-01-14 00:58:01,"Meu time ganhou hoje, que jogo bonito foi.",0.0452
PA000522,2023-01-14 02:24:37,"Serie nova incrivel, amei o primeiro episodio.",0.0557
PA000523,2023-01-14 02:44:49,"Fui de bike hoje, que exercicio agradavel de manha.",0.007
PA000524,2023-01-14 04:05:34,"Estrada livre, cheguei no trabalho rapido hoje.",0.0848
PA000525,2023-01-14 06:07:14,"Biblioteca da universidade, ambiente otimo para estudar.",0.1983
PA000526,2023-01-14 06:45:21,Jantar simples mas gostoso com a familia.,0.0898
PA000527,2023-01-14 08:30:02,"Yoga pela manha, comecei o dia muito bem.",0.0206
PA000528,2023-01-14 09:08:33,"Fui num restaurante novo, a pizza estava espetacular.",0.1532
PA000529,2023-01-14 10:54:52,"Acai gelado essa tarde, refrescante demais.",0.0932
PA000530,2023-01-14 13:59:17,Podcast sobre tecnologia muito interessante.,0.1283
PA000531,2023-01-14 15:46:31,"Filme otimo ontem, fui ao cinema com a familia.",0.0794
PA000532,2023-01-14 17:05:13,Show ao vivo incrivel no fim de semana.,0.1279
PA000533,2023-01-14 17:07:14,Que manha fresca e agradavel para uma caminhada.,0.06
PA000534,2023-01-14 18:19:35,Aplicativo de carona funcionou perfeitamente.,0.0673
PA000535,2023-01-14 19:26:11,Show ao vivo incrivel no fim de semana.,0.0532
PA000536,2023-01-14 19:47:43,"Passei na certificacao, muito feliz com o resultado.",0.0846
PA000537,2023-01-14 19:51:48,"Volei com os amigos, muita risada e diversao.",0.0498
PA000538,2023-01-14 20:04:10,"Padaria da esquina lancou sabor novo, recomendo.",0.0998
PA000539,2023-01-14 20:33:38,"Yoga pela manha, comecei o dia muito bem.",0.1461
PA000540,2023-01-14 20:36:49,Grupo de estudos foi muito produtivo hoje.,0.0851
PA000541,2023-01-14 22:08:16,"Fui de bike hoje, que exercicio agradavel de manha.",0.0701
PA000542,2023-01-15 00:02:51,"Acai gelado essa tarde, refrescante demais.",0.1498
PA000543,2023-01-15 00:08:00,"Que calor hoje, tive que ligar o ar condicionado logo cedo.",0.0989
PA000544,2023-01-15 00:30:23,"Aprendi receita nova no youtube, ficou otimo.",0.048
PA000545,2023-01-15 00:41:32,Finalmente entendi aquele conceito que me travava.,0.0621
PA000546,2023-01-15 00:56:06,"Musica nova do meu artista favorito, de outro nivel.",0.124
PA000547,2023-01-15 01:14:18,Terminei o trabalho da faculdade com antecedencia.,0.1426
PA000548,2023-01-15 01:21:00,"Passeio no interior no fim de semana, natureza linda.",0.0744
PA000549,2023-01-15 03:53:12,"Maratonei a temporada completa, valeu cada minuto.",0.1408
PA000550,2023-01-15 04:05:05,"Estrada livre, cheguei no trabalho rapido hoje.",0.1305
PA000551,2023-01-15 04:40:58,"Tarefa dificil concluida com sucesso, que satisfacao.",0.014
PA000552,2023-01-15 05:09:44,"Minha mae fez feijao com arroz e linguica, classico perfeito.",0.1701
PA000553,2023-01-15 07:18:50,"Praia tranquila, sol perfeito, descanso total.",0.0178
PA000554,2023-01-15 09:05:26,"Sol lindo hoje, cafe na varanda foi otimo.",0.1202
PA000555,2023-01-15 09:59:07,"Fechei projeto importante essa semana, que alegria.",0.0
PA000556,2023-01-15 11:17:41,Que manha fresca e agradavel para uma caminhada.,0.1004
PA000557,2023-01-15 13:59:57,Grupo de estudos foi muito produtivo hoje.,0.1246
PA000558,2023-01-15 16:46:01,"Metro bem tranquilo essa manha, cheguei bem.",0.114
PA000559,2023-01-15 16:57:00,"Musica nova do meu artista favorito, de outro nivel.",0.0817
PA000560,2023-01-15 17:10:08,"Volei com os amigos, muita risada e diversao.",0.0346
PA000561,2023-01-15 17:13:29,"Fui de bike hoje, que exercicio agradavel de manha.",0.0784
PA000562,2023-01-15 17:53:17,"Fechei projeto importante essa semana, que alegria.",0.1428
PA000563,2023-01-15 18:20:07,"Aprendi receita nova no youtube, ficou otimo.",0.1476
PA000564,2023-01-15 18:54:22,"Meditacao de manha, comecando o dia muito bem.",0.0801
PA000565,2023-01-15 19:31:39,"Estrada livre, cheguei no trabalho rapido hoje.",0.0539
PA000566,2023-01-15 20:06:42,"Minha mae fez feijao com arroz e linguica, classico perfeito.",0.1014
PA000567,2023-01-15 21:32:16,Jogo novo me viciou de um jeito bom.,0.0356
PA000568,2023-01-16 02:18:52,"Calor absurdo com falta de agua, descaso total.",0.6924
PA000569,2023-01-16 03:13:48,"Minha mae fez feijao com arroz e linguica, classico perfeito.",0.1104
PA000570,2023-01-16 03:21:44,"Trilha ecologica incrivel, natureza pura.",0.1032
PA000571,2023-01-16 04:52:15,"Minha mae fez feijao com arroz e linguica, classico perfeito.",0.0564
PA000572,2023-01-16 05:36:10,"Metro bem tranquilo essa manha, cheguei bem.",0.1018
PA000573,2023-01-16 05:47:23,"Filme otimo ontem, fui ao cinema com a familia.",0.1618
PA000574,2023-01-16 05:54:23,"Novo celular chegou, a camera e impressionante.",0.1288
PA000575,2023-01-16 07:53:34,"Apresentacao correu muito bem, todos gostaram.",0.0613
PA000576,2023-01-16 08:33:41,Leitura no jardim com tempo agradavel.,0.1132
PA000577,2023-01-16 11:11:13,"Academia hoje, treino puxado mas valeu muito.",0.0771
PA000578,2023-01-16 13:38:08,"Estrada livre, cheguei no trabalho rapido hoje.",0.0657
PA000579,2023-01-16 13:51:22,"Chuva passageira a tarde, depois o tempo abriu lindo.",0.0838
PA000580,2023-01-16 14:12:06,Pedalada de tarde com vista incrivel do parque.,0.0777
PA000581,2023-01-16 14:52:41,"Passeio no interior no fim de semana, natureza linda.",0.1078
PA000582,2023-01-16 15:10:58,"Praia tranquila, sol perfeito, descanso total.",0.0026
PA000583,2023-01-16 16:07:08,"Choveu a tarde toda, dia perfeito pra ficar em casa lendo.",0.1803
PA000584,2023-01-16 18:17:34,"Minha mae fez feijao com arroz e linguica, classico perfeito.",0.0882
PA000585,2023-01-16 18:38:05,"Que calor hoje, tive que ligar o ar condicionado logo cedo.",0.0403
PA000586,2023-01-16 20:30:25,"Museu da cidade muito interessante, aprendi bastante.",0.1227
PA000587,2023-01-16 20:53:01,"Padaria da esquina lancou sabor novo, recomendo.",0.0766
PA000588,2023-01-16 20:55:09,Grupo de estudos foi muito produtivo hoje.,0.0625
PA000589,2023-01-16 21:02:22,"Maratonei a temporada completa, valeu cada minuto.",0.1919
PA000590,2023-01-16 21:39:34,Terminei o trabalho da faculdade com antecedencia.,0.1099
PA000591,2023-01-16 21:56:43,"Biblioteca da universidade, ambiente otimo para estudar.",0.0806
PA000592,2023-01-16 21:59:15,"Plantei temperos na sacada, que satisfacao.",0.0651
PA000593,2023-01-16 22:25:01,"Minha mae fez feijao com arroz e linguica, classico perfeito.",0.0
PA000594,2023-01-16 23:15:55,"Vento agradavel hoje, aproveitei para caminhar no parque.",0.039
PA000595,2023-01-16 23:22:31,"Corri 5km de manha, semana otima de treino.",0.0505
PA000596,2023-01-17 00:16:24,"Academia hoje, treino puxado mas valeu muito.",0.0109
PA000597,2023-01-17 00:24:29,"Fui num restaurante novo, a pizza estava espetacular.",0.0985
PA000598,2023-01-17 00:40:39,Terminei o trabalho da faculdade com antecedencia.,0.0334
PA000599,2023-01-17 00:42:32,"Passei na certificacao, muito feliz com o resultado.",0.0851
PA000600,2023-01-17 02:01:05,"Metro bem tranquilo essa manha, cheguei bem.",0.1353
PA000601,2023-01-17 02:21:59,Barulho da rua me deixou irritado o dia todo.,0.5106
PA000602,2023-01-17 02:47:49,Show ao vivo incrivel no fim de semana.,0.1055
PA000603,2023-01-17 02:56:46,"Passei na certificacao, muito feliz com o resultado.",0.0798
PA000604,2023-01-17 04:01:52,"Onibus chegou no horario hoje, que surpresa agradavel.",0.1106
PA000605,2023-01-17 05:41:56,"Domingo em familia, melhor dia da semana.",0.0598
PA000606,2023-01-17 05:55:21,"Fui num restaurante novo, a pizza estava espetacular.",0.0751
PA000607,2023-01-17 07:48:31,"Meu time ganhou hoje, que jogo bonito foi.",0.0879
PA000608,2023-01-17 08:37:47,"Chuva passageira a tarde, depois o tempo abriu lindo.",0.0965
PA000609,2023-01-17 08:56:18,"Tentei receita nova de bolo de cenoura, ficou fofinho.",0.0857
PA000610,2023-01-17 09:04:07,"Musica nova do meu artista favorito, de outro nivel.",0.0783
PA000611,2023-01-17 09:36:29,"Tarefa dificil concluida com sucesso, que satisfacao.",0.0728
PA000612,2023-01-17 09:51:44,Tarde produtiva organizando e limpando a casa.,0.0476
PA000613,2023-01-17 10:11:11,"Que calor hoje, tive que ligar o ar condicionado logo cedo.",0.0739
PA000614,2023-01-17 11:04:25,"Dia nublado mas tranquilo, bom para estudar sem distracao.",0.0469
PA000615,2023-01-17 12:04:06,Jantar simples mas gostoso com a familia.,0.1192
PA000616,2023-01-17 12:28:12,"Reuniao produtiva hoje, saimos com otimas ideias.",0.0587
PA000617,2023-01-17 13:37:27,"Configurei o home office com setup novo, otimo.",0.0203
PA000618,2023-01-17 13:49:29,Que tarde relaxante lendo na rede.,0.1764
PA000619,2023-01-17 14:46:03,"Que calor hoje, tive que ligar o ar condicionado logo cedo.",0.0687
PA000620,2023-01-17 14:52:59,"Dia completamente perdido, muita raiva acumulada.",0.8046
PA000621,2023-01-17 16:20:18,"Churrasco com a familia no final de semana, delicioso.",0.1084
PA000622,2023-01-17 19:20:52,"O outono chegou cedo esse ano, que frio gostoso de manha.",0.038
PA000623,2023-01-17 19:21:37,"Passeio no interior no fim de semana, natureza linda.",0.1105
PA000624,2023-01-17 19:55:26,"Meditacao de manha, comecando o dia muito bem.",0.0198
PA000625,2023-01-17 20:17:30,Semana intensa mas muito satisfatoria no trabalho.,0.0673
PA000626,2023-01-17 20:43:27,"Aprendi receita nova no youtube, ficou otimo.",0.0776
PA000627,2023-01-17 21:20:43,"Apresentacao correu muito bem, todos gostaram.",0.0888
PA000628,2023-01-17 21:59:44,"Metro bem tranquilo essa manha, cheguei bem.",0.1124
PA000629,2023-01-17 22:20:24,"Fui de bike hoje, que exercicio agradavel de manha.",0.0317
PA000630,2023-01-17 22:33:59,"Acai gelado essa tarde, refrescante demais.",0.0
PA000631,2023-01-18 02:12:05,"Home office com cafe fresquinho do lado, otimo.",0.0056
PA000632,2023-01-18 02:16:22,"Metro bem tranquilo essa manha, cheguei bem.",0.0596
PA000633,2023-01-18 03:22:04,"Reencontrei um amigo antigo por acaso, que alegria.",0.0586
PA000634,2023-01-18 04:23:17,"Yoga pela manha, comecei o dia muito bem.",0.0533
PA000635,2023-01-18 07:25:39,"Minha mae fez feijao com arroz e linguica, classico perfeito.",0.134
PA000636,2023-01-18 08:40:07,"Viagem de fim de semana para cidade historica, valeu.",0.0587
PA000637,2023-01-18 09:25:05,Leitura no jardim com tempo agradavel.,0.14
PA000638,2023-01-18 09:51:05,"Viagem de fim de semana para cidade historica, valeu.",0.1461
PA000639,2023-01-18 10:32:15,"Home office com cafe fresquinho do lado, otimo.",0.0
PA000640,2023-01-18 11:15:04,"Meu time ganhou hoje, que jogo bonito foi.",0.0306
PA000641,2023-01-18 14:50:03,"Metro bem tranquilo essa manha, cheguei bem.",0.0465
PA000642,2023-01-18 15:42:03,"Estudando para a prova de amanha, bem concentrado.",0.0501
PA000643,2023-01-18 17:20:51,"Novo celular chegou, a camera e impressionante.",0.1343
PA000644,2023-01-18 17:24:00,Caminhada ate a estacao foi otima hoje.,0.0458
PA000645,2023-01-18 17:42:16,"Dia nublado mas tranquilo, bom para estudar sem distracao.",0.1003
PA000646,2023-01-18 18:32:54,"Vento agradavel hoje, aproveitei para caminhar no parque.",0.1007
PA000647,2023-01-18 18:36:32,Finalmente entendi aquele conceito que me travava.,0.1638
PA000648,2023-01-18 22:38:09,Aula incrivel sobre estatistica aplicada hoje.,0.1541
PA000649,2023-01-18 23:00:43,Feira de artesanato gostosa de passear.,0.1476
PA000650,2023-01-18 23:38:08,"Chuva passageira a tarde, depois o tempo abriu lindo.",0.0837
PA000651,2023-01-19 00:48:58,Jantar simples mas gostoso com a familia.,0.0357
PA000652,2023-01-19 01:25:02,Jogo novo me viciou de um jeito bom.,0.1576
PA000653,2023-01-19 02:16:23,"Tarefa dificil concluida com sucesso, que satisfacao.",0.1046
PA000654,2023-01-19 03:47:30,"Corri 5km de manha, semana otima de treino.",0.0895
PA000655,2023-01-19 03:56:04,"Meu time ganhou hoje, que jogo bonito foi.",0.0433
PA000656,2023-01-19 05:01:35,"Teatro incrivel ontem, peca muito bem dirigida.",0.0697
PA000657,2023-01-19 05:30:59,"Volei com os amigos, muita risada e diversao.",0.0
PA000658,2023-01-19 08:09:21,Aplicativo de carona funcionou perfeitamente.,0.0143
PA000659,2023-01-19 08:30:28,Terminei o trabalho da faculdade com antecedencia.,0.0398
PA000660,2023-01-19 09:06:47,"Que calor hoje, tive que ligar o ar condicionado logo cedo.",0.0651
PA000661,2023-01-19 10:20:16,"Museu da cidade muito interessante, aprendi bastante.",0.1481
PA000662,2023-01-19 10:46:25,"Cuidando das plantas em casa, muito terapeutico.",0.1494
PA000663,2023-01-19 10:59:05,"Churrasco com a familia no final de semana, delicioso.",0.0884
PA000664,2023-01-19 11:37:36,"Dia nublado mas tranquilo, bom para estudar sem distracao.",0.1091
PA000665,2023-01-19 11:45:54,"Academia hoje, treino puxado mas valeu muito.",0.0826
PA000666,2023-01-19 11:46:46,"Onibus chegou no horario hoje, que surpresa agradavel.",0.0516
PA000667,2023-01-19 12:19:45,"Minha mae fez feijao com arroz e linguica, classico perfeito.",0.0903
PA000668,2023-01-19 14:13:11,Pedalada de tarde com vista incrivel do parque.,0.1076
PA000669,2023-01-19 14:28:23,"Dia nublado mas tranquilo, bom para estudar sem distracao.",0.0411
PA000670,2023-01-19 15:01:37,"Teatro incrivel ontem, peca muito bem dirigida.",0.0818
PA000671,2023-01-19 15:15:24,"Consegui estacionamento logo de cara, dia de sorte mesmo.",0.0331
PA000672,2023-01-19 15:25:51,"Meditacao de manha, comecando o dia muito bem.",0.1388
PA000673,2023-01-19 16:15:38,Pedalada de tarde com vista incrivel do parque.,0.1455
PA000674,2023-01-19 17:48:37,"Maratonei a temporada completa, valeu cada minuto.",0.0827
PA000675,2023-01-19 19:16:49,"Filme otimo ontem, fui ao cinema com a familia.",0.108
PA000676,2023-01-19 19:29:19,"Churrasco com a familia no final de semana, delicioso.",0.1884
PA000677,2023-01-19 19:36:04,"Viagem de fim de semana para cidade historica, valeu.",0.1093
PA000678,2023-01-19 21:19:19,Semana intensa mas muito satisfatoria no trabalho.,0.1214
PA000679,2023-01-19 21:59:23,"Passei na certificacao, muito feliz com o resultado.",0.0
PA000680,2023-01-19 22:53:01,"Aprendi receita nova no youtube, ficou otimo.",0.0217
PA000681,2023-01-20 00:18:09,"Volei com os amigos, muita risada e diversao.",0.0389
PA000682,2023-01-20 00:47:21,"Fechei projeto importante essa semana, que alegria.",0.0671
PA000683,2023-01-20 01:28:48,Pedalada de tarde com vista incrivel do parque.,0.121
PA000684,2023-01-20 01:43:27,"Home office com cafe fresquinho do lado, otimo.",0.1353
PA000685,2023-01-20 02:03:07,Pedalada de tarde com vista incrivel do parque.,0.065
PA000686,2023-01-20 04:13:16,"Plantei temperos na sacada, que satisfacao.",0.1261
PA000687,2023-01-20 04:53:43,"Plantei temperos na sacada, que satisfacao.",0.0693
PA000688,2023-01-20 05:05:39,Pedalada de tarde com vista incrivel do parque.,0.0214
PA000689,2023-01-20 05:42:09,"Reencontrei um amigo antigo por acaso, que alegria.",0.0407
PA000690,2023-01-20 06:48:12,"Padaria da esquina lancou sabor novo, recomendo.",0.0683
PA000691,2023-01-20 07:06:11,"Notebook novo chegou, que desempenho incrivel.",0.0847
PA000692,2023-01-20 08:37:07,"Fui de bike hoje, que exercicio agradavel de manha.",0.1025
PA000693,2023-01-20 09:08:02,"Viagem de fim de semana para cidade historica, valeu.",0.112
PA000694,2023-01-20 09:08:45,"Almoco incrivel hoje, fiz lasanha caseira do zero.",0.0096
PA000695,2023-01-20 09:21:14,"Fui de bike hoje, que exercicio agradavel de manha.",0.1134
PA000696,2023-01-20 09:50:19,"Consegui estacionamento logo de cara, dia de sorte mesmo.",0.0741
PA000697,2023-01-20 11:49:50,Brigadeiro de panela saiu incrivel hoje.,0.034
PA000698,2023-01-20 15:22:42,Jantar simples mas gostoso com a familia.,0.0087
PA000699,2023-01-20 15:54:32,"Trilha ecologica incrivel, natureza pura.",0.0411
PA000700,2023-01-20 16:02:09,Leitura no jardim com tempo agradavel.,0.0916
PA000701,2023-01-20 16:16:11,"Que calor hoje, tive que ligar o ar condicionado logo cedo.",0.0968
PA000702,2023-01-20 16:37:53,"Viagem de fim de semana para cidade historica, valeu.",0.162
PA000703,2023-01-20 16:41:30,"Fechei projeto importante essa semana, que alegria.",0.0176
PA000704,2023-01-20 17:03:08,Tarde produtiva organizando e limpando a casa.,0.0589
PA000705,2023-01-20 17:26:38,"Vento agradavel hoje, aproveitei para caminhar no parque.",0.1169
PA000706,2023-01-20 19:13:17,App de produtividade novo que encontrei e otimo.,0.1394
PA000707,2023-01-20 21:29:09,Leitura no jardim com tempo agradavel.,0.0455
PA000708,2023-01-20 21:42:55,Leitura no jardim com tempo agradavel.,0.0837
PA000709,2023-01-20 22:16:18,"Viagem de fim de semana para cidade historica, valeu.",0.0625
PA000710,2023-01-21 02:11:52,Leitura no jardim com tempo agradavel.,0.1252
PA000711,2023-01-21 04:00:20,"Estudando para a prova de amanha, bem concentrado.",0.1002
PA000712,2023-01-21 04:37:50,Pedalada de tarde com vista incrivel do parque.,0.0614
PA000713,2023-01-21 05:49:14,"Apresentacao correu muito bem, todos gostaram.",0.0558
PA000714,2023-01-21 05:56:47,"Plantei temperos na sacada, que satisfacao.",0.0415
PA000715,2023-01-21 06:02:24,"Academia hoje, treino puxado mas valeu muito.",0.0536
PA000716,2023-01-21 06:49:06,Grupo de estudos foi muito produtivo hoje.,0.0925
PA000717,2023-01-21 07:48:33,"Museu da cidade muito interessante, aprendi bastante.",0.0
PA000718,2023-01-21 08:08:02,"Almoco incrivel hoje, fiz lasanha caseira do zero.",0.0
PA000719,2023-01-21 08:12:25,"Livro excelente sobre ciencia de dados, recomendo muito.",0.0606
PA000720,2023-01-21 10:42:37,Jantar simples mas gostoso com a familia.,0.0562
PA000721,2023-01-21 10:45:52,"Estrada livre, cheguei no trabalho rapido hoje.",0.0819
PA000722,2023-01-21 10:56:35,"Tarefa dificil concluida com sucesso, que satisfacao.",0.0193
PA000723,2023-01-21 12:57:50,"Dia nublado mas tranquilo, bom para estudar sem distracao.",0.0159
PA000724,2023-01-21 14:02:26,"Fechei projeto importante essa semana, que alegria.",0.1051
PA000725,2023-01-21 15:34:20,"Onibus chegou no horario hoje, que surpresa agradavel.",0.0726
PA000726,2023-01-21 17:30:48,Aplicativo de carona funcionou perfeitamente.,0.144
PA000727,2023-01-21 17:48:19,"Chuva passageira a tarde, depois o tempo abriu lindo.",0.0091
PA000728,2023-01-21 18:48:46,"Fui num restaurante novo, a pizza estava espetacular.",0.1945
PA000729,2023-01-21 19:06:56,Tarde produtiva organizando e limpando a casa.,0.0
PA000730,2023-01-21 19:08:26,Mais um acidente por causa de imprudencia no transito.,0.7747
PA000731,2023-01-21 19:58:48,"Dia nublado mas tranquilo, bom para estudar sem distracao.",0.0267
PA000732,2023-01-21 20:46:00,"Acai gelado essa tarde, refrescante demais.",0.0837
PA000733,2023-01-21 23:36:31,"Pipoca e serie boa na sexta, programa perfeito.",0.0
PA000734,2023-01-21 23:59:31,"Estrada livre, cheguei no trabalho rapido hoje.",0.0567
PA000735,2023-01-22 02:54:42,"Sopa de legumes no frio, reconfortante e gostosa.",0.0575
PA000736,2023-01-22 03:29:26,Semana intensa mas muito satisfatoria no trabalho.,0.0453
PA000737,2023-01-22 05:46:54,"Trilha ecologica incrivel, natureza pura.",0.1659
PA000738,2023-01-22 05:51:12,Que tarde relaxante lendo na rede.,0.0956
PA000739,2023-01-22 06:20:21,"Natacao de manha, melhor inicio de dia possivel.",0.0275
PA000740,2023-01-22 06:29:23,"Estrada livre, cheguei no trabalho rapido hoje.",0.1488
PA000741,2023-01-22 07:19:15,Leitura no jardim com tempo agradavel.,0.0556
PA000742,2023-01-22 10:09:13,"Churrasco com a familia no final de semana, delicioso.",0.0
PA000743,2023-01-22 10:16:43,"Viagem de fim de semana para cidade historica, valeu.",0.0143
PA000744,2023-01-22 11:30:33,"Pausa pro cafe com os colegas, bate-papo otimo.",0.1397
PA000745,2023-01-22 12:46:23,"Onibus chegou no horario hoje, que surpresa agradavel.",0.0334
PA000746,2023-01-22 14:56:00,"Chuva passageira a tarde, depois o tempo abriu lindo.",0.1327
PA000747,2023-01-22 15:19:59,Semana intensa mas muito satisfatoria no trabalho.,0.0808
PA000748,2023-01-22 15:52:26,Cafe da manha caprichado: tapioca com ovo e suco de laranja.,0.066
PA000749,2023-01-22 16:42:19,"Trilha ecologica incrivel, natureza pura.",0.1432
PA000750,2023-01-22 17:53:31,"Biblioteca da universidade, ambiente otimo para estudar.",0.1575
PA000751,2023-01-22 17:59:38,"Testei IA para ajudar com codigo, funcionou bem.",0.0194
PA000752,2023-01-22 18:01:03,"Onibus chegou no horario hoje, que surpresa agradavel.",0.0503
PA000753,2023-01-22 19:07:44,"Metro bem tranquilo essa manha, cheguei bem.",0.1627
PA000754,2023-01-22 21:13:59,"Teatro incrivel ontem, peca muito bem dirigida.",0.1314
PA000755,2023-01-22 21:15:54,"Serie nova incrivel, amei o primeiro episodio.",0.1122
PA000756,2023-01-22 21:17:40,"Reencontrei um amigo antigo por acaso, que alegria.",0.0999
PA000757,2023-01-23 00:48:49,Leitura no jardim com tempo agradavel.,0.0584
PA000758,2023-01-23 01:26:39,"Academia hoje, treino puxado mas valeu muito.",0.0939
PA000759,2023-01-23 02:27:47,Feira de artesanato gostosa de passear.,0.0845
PA000760,2023-01-23 02:33:54,Cafe da manha caprichado: tapioca com ovo e suco de laranja.,0.0353
PA000761,2023-01-23 02:53:14,Atualizacao deixou o sistema muito mais rapido.,0.1517
PA000762,2023-01-23 03:48:14,Terminei o trabalho da faculdade com antecedencia.,0.0404
PA000763,2023-01-23 05:17:18,Leitura no jardim com tempo agradavel.,0.0277
PA000764,2023-01-23 05:46:17,"Que calor hoje, tive que ligar o ar condicionado logo cedo.",0.0857
PA000765,2023-01-23 06:27:08,"Museu da cidade muito interessante, aprendi bastante.",0.1233
PA000766,2023-01-23 10:34:04,Tarde produtiva organizando e limpando a casa.,0.0233
PA000767,2023-01-23 11:15:41,"Metro bem tranquilo essa manha, cheguei bem.",0.1414
PA000768,2023-01-23 12:46:18,"Corri 5km de manha, semana otima de treino.",0.0511
PA000769,2023-01-23 13:48:54,Terminei o trabalho da faculdade com antecedencia.,0.0416
PA000770,2023-01-23 16:39:12,"Aprendi receita nova no youtube, ficou otimo.",0.0296
PA000771,2023-01-23 18:54:17,"Academia hoje, treino puxado mas valeu muito.",0.0257
PA000772,2023-01-23 19:02:02,"Choveu a tarde toda, dia perfeito pra ficar em casa lendo.",0.1358
PA000773,2023-01-23 19:21:22,"Home office com cafe fresquinho do lado, otimo.",0.1491
PA000774,2023-01-23 19:32:06,"Vento agradavel hoje, aproveitei para caminhar no parque.",0.0322
PA000775,2023-01-23 22:03:50,Semana intensa mas muito satisfatoria no trabalho.,0.1386
PA000776,2023-01-23 23:08:12,Que tarde relaxante lendo na rede.,0.1831
PA000777,2023-01-24 00:08:06,Tarde produtiva organizando e limpando a casa.,0.0997
PA000778,2023-01-24 00:35:28,"Minha mae fez feijao com arroz e linguica, classico perfeito.",0.0513
PA000779,2023-01-24 01:19:33,"Volei com os amigos, muita risada e diversao.",0.1064
PA000780,2023-01-24 01:20:34,"Biblioteca da universidade, ambiente otimo para estudar.",0.0971
PA000781,2023-01-24 01:57:09,"Trilha ecologica incrivel, natureza pura.",0.2
PA000782,2023-01-24 05:11:38,"Onibus chegou no horario hoje, que surpresa agradavel.",0.1342
PA000783,2023-01-24 07:48:56,"Natacao de manha, melhor inicio de dia possivel.",0.0653
PA000784,2023-01-24 08:39:50,"Musica nova do meu artista favorito, de outro nivel.",0.0
PA000785,2023-01-24 09:04:31,"Choveu a tarde toda, dia perfeito pra ficar em casa lendo.",0.0548
PA000786,2023-01-24 09:14:03,"Almoco incrivel hoje, fiz lasanha caseira do zero.",0.1374
PA000787,2023-01-24 11:17:41,"Notebook novo chegou, que desempenho incrivel.",0.1366
PA000788,2023-01-24 12:26:55,"Passei na certificacao, muito feliz com o resultado.",0.1037
PA000789,2023-01-24 12:31:36,"Corri 5km de manha, semana otima de treino.",0.0826
PA000790,2023-01-24 12:46:54,Aplicativo de carona funcionou perfeitamente.,0.0
PA000791,2023-01-24 13:26:07,"Biblioteca da universidade, ambiente otimo para estudar.",0.0735
PA000792,2023-01-24 13:37:37,"Aprendi receita nova no youtube, ficou otimo.",0.1036
PA000793,2023-01-24 15:08:54,"Meditacao de manha, comecando o dia muito bem.",0.0977
PA000794,2023-01-24 15:17:37,"Viagem de fim de semana para cidade historica, valeu.",0.0716
PA000795,2023-01-24 15:48:43,"Churrasco com a familia no final de semana, delicioso.",0.0
PA000796,2023-01-24 16:09:29,"Churrasco com a familia no final de semana, delicioso.",0.0342
PA000797,2023-01-24 16:51:59,"Testei IA para ajudar com codigo, funcionou bem.",0.0242
PA000798,2023-01-24 18:11:09,Leitura no jardim com tempo agradavel.,0.0638
PA000799,2023-01-24 18:24:09,"Consegui estacionamento logo de cara, dia de sorte mesmo.",0.1334
PA000800,2023-01-24 18:33:40,"Domingo em familia, melhor dia da semana.",0.1245
PA000801,2023-01-24 19:47:05,"Notebook novo chegou, que desempenho incrivel.",0.1522
PA000802,2023-01-24 20:51:17,Caminhada ate a estacao foi otima hoje.,0.0411
PA000803,2023-01-25 01:01:04,"Academia hoje, treino puxado mas valeu muito.",0.0595
PA000804,2023-01-25 02:11:35,"Meu time ganhou hoje, que jogo bonito foi.",0.0173
PA000805,2023-01-25 02:58:32,Grupo de estudos foi muito produtivo hoje.,0.147
PA000806,2023-01-25 03:26:42,"Notebook novo chegou, que desempenho incrivel.",0.1392
PA000807,2023-01-25 04:57:20,"Musica nova do meu artista favorito, de outro nivel.",0.0962
PA000808,2023-01-25 07:32:59,App de produtividade novo que encontrei e otimo.,0.1597
PA000809,2023-01-25 08:07:24,"Configurei o home office com setup novo, otimo.",0.0756
PA000810,2023-01-25 10:06:04,Que tarde relaxante lendo na rede.,0.1075
PA000811,2023-01-25 10:48:40,"Acai gelado essa tarde, refrescante demais.",0.1699
PA000812,2023-01-25 11:23:19,"Acai gelado essa tarde, refrescante demais.",0.0946
PA000813,2023-01-25 11:48:16,"Onibus chegou no horario hoje, que surpresa agradavel.",0.0738
PA000814,2023-01-25 11:48:55,"Minha mae fez feijao com arroz e linguica, classico perfeito.",0.0079
PA000815,2023-01-25 13:45:06,Brigadeiro de panela saiu incrivel hoje.,0.1044
PA000816,2023-01-25 14:21:00,Show ao vivo incrivel no fim de semana.,0.0495
PA000817,2023-01-25 14:45:48,Feira de artesanato gostosa de passear.,0.0311
PA000818,2023-01-25 15:24:51,"Teatro incrivel ontem, peca muito bem dirigida.",0.1375
PA000819,2023-01-25 15:41:23,"Minha mae fez feijao com arroz e linguica, classico perfeito.",0.1352
PA000820,2023-01-25 15:53:25,"Meditacao de manha, comecando o dia muito bem.",0.0
PA000821,2023-01-25 17:31:40,"Plantei temperos na sacada, que satisfacao.",0.0042
PA000822,2023-01-25 17:40:26,"Filme otimo ontem, fui ao cinema com a familia.",0.0764
PA000823,2023-01-25 17:55:48,"Yoga pela manha, comecei o dia muito bem.",0.0137
PA000824,2023-01-25 18:18:02,Que tarde relaxante lendo na rede.,0.1334
PA000825,2023-01-25 20:49:26,Atualizacao deixou o sistema muito mais rapido.,0.0764
PA000826,2023-01-25 21:12:09,"Yoga pela manha, comecei o dia muito bem.",0.0764
PA000827,2023-01-25 21:42:13,"Passeio com o cachorro no parque, ele adorou.",0.0363
PA000828,2023-01-25 22:08:54,"Biblioteca da universidade, ambiente otimo para estudar.",0.0577
PA000829,2023-01-25 22:39:56,Atualizacao deixou o sistema muito mais rapido.,0.1289
PA000830,2023-01-26 00:25:40,"Natacao de manha, melhor inicio de dia possivel.",0.0446
PA000831,2023-01-26 00:27:14,"Museu da cidade muito interessante, aprendi bastante.",0.1651
PA000832,2023-01-26 01:19:25,"Pausa pro cafe com os colegas, bate-papo otimo.",0.1197
PA000833,2023-01-26 01:25:39,"Fechei projeto importante essa semana, que alegria.",0.05
PA000834,2023-01-26 02:40:00,"O outono chegou cedo esse ano, que frio gostoso de manha.",0.0758
PA000835,2023-01-26 03:13:02,"Passeio com o cachorro no parque, ele adorou.",0.0484
PA000836,2023-01-26 04:52:42,"Passeio no interior no fim de semana, natureza linda.",0.0651
PA000837,2023-01-26 05:17:59,"Museu da cidade muito interessante, aprendi bastante.",0.0994
PA000838,2023-01-26 05:39:56,"Praia tranquila, sol perfeito, descanso total.",0.0238
PA000839,2023-01-26 07:17:17,"Yoga pela manha, comecei o dia muito bem.",0.0449
PA000840,2023-01-26 08:15:55,Semana intensa mas muito satisfatoria no trabalho.,0.1441
PA000841,2023-01-26 09:00:34,Finalmente entendi aquele conceito que me travava.,0.0131
PA000842,2023-01-26 09:27:17,"Vento agradavel hoje, aproveitei para caminhar no parque.",0.0
PA000843,2023-01-26 11:20:09,Pedalada de tarde com vista incrivel do parque.,0.0529
PA000844,2023-01-26 12:14:38,Atualizacao deixou o sistema muito mais rapido.,0.0781
PA000845,2023-01-26 12:19:16,"Tarefa dificil concluida com sucesso, que satisfacao.",0.0521
PA000846,2023-01-26 12:21:12,"Meu time ganhou hoje, que jogo bonito foi.",0.0587
PA000847,2023-01-26 12:29:44,Jogo novo me viciou de um jeito bom.,0.0
PA000848,2023-01-26 13:33:19,"Acai gelado essa tarde, refrescante demais.",0.0404
PA000849,2023-01-26 14:05:10,Caminhada ate a estacao foi otima hoje.,0.0758
PA000850,2023-01-26 14:27:33,"Estrada livre, cheguei no trabalho rapido hoje.",0.0845
PA000851,2023-01-26 14:41:02,"Home office com cafe fresquinho do lado, otimo.",0.1936
PA000852,2023-01-26 14:59:00,"Almoco incrivel hoje, fiz lasanha caseira do zero.",0.0298
PA000853,2023-01-26 17:37:34,"Passei na certificacao, muito feliz com o resultado.",0.1252
PA000854,2023-01-26 18:06:10,"Viagem de fim de semana para cidade historica, valeu.",0.0
PA000855,2023-01-26 21:20:11,Show ao vivo incrivel no fim de semana.,0.0712
PA000856,2023-01-26 21:30:55,"Praia tranquila, sol perfeito, descanso total.",0.0
PA000857,2023-01-26 22:32:54,Burocracia excessiva impossibilitando qualquer coisa.,0.9449
PA000858,2023-01-27 00:13:38,"Consegui estacionamento logo de cara, dia de sorte mesmo.",0.0971
PA000859,2023-01-27 00:37:45,"Praia tranquila, sol perfeito, descanso total.",0.0589
PA000860,2023-01-27 01:31:48,"Estudando para a prova de amanha, bem concentrado.",0.2
PA000861,2023-01-27 02:28:30,"Praia tranquila, sol perfeito, descanso total.",0.1023
PA000862,2023-01-27 02:54:12,"Domingo em familia, melhor dia da semana.",0.1313
PA000863,2023-01-27 03:00:05,"Domingo em familia, melhor dia da semana.",0.0066
PA000864,2023-01-27 03:25:24,"Passeio no interior no fim de semana, natureza linda.",0.044
PA000865,2023-01-27 07:11:03,"Onibus chegou no horario hoje, que surpresa agradavel.",0.0981
PA000866,2023-01-27 07:25:03,Pedalada de tarde com vista incrivel do parque.,0.1354
PA000867,2023-01-27 08:10:14,"Meu time ganhou hoje, que jogo bonito foi.",0.0
PA000868,2023-01-27 08:47:40,"Cuidando das plantas em casa, muito terapeutico.",0.039
PA000869,2023-01-27 09:57:15,"Choveu a tarde toda, dia perfeito pra ficar em casa lendo.",0.0763
PA000870,2023-01-27 09:57:35,"Fui num restaurante novo, a pizza estava espetacular.",0.0372
PA000871,2023-01-27 10:07:14,"Sopa de legumes no frio, reconfortante e gostosa.",0.1713
PA000872,2023-01-27 10:45:59,"Maratonei a temporada completa, valeu cada minuto.",0.1385
PA000873,2023-01-27 10:56:06,"Viagem de fim de semana para cidade historica, valeu.",0.084
PA000874,2023-01-27 11:32:49,Semana intensa mas muito satisfatoria no trabalho.,0.0197
PA000875,2023-01-27 13:12:26,"Passei na certificacao, muito feliz com o resultado.",0.0219
PA000876,2023-01-27 14:52:51,"Praia tranquila, sol perfeito, descanso total.",0.1233
PA000877,2023-01-27 15:16:45,"Cuidando das plantas em casa, muito terapeutico.",0.0755
PA000878,2023-01-27 15:41:45,"Fui de bike hoje, que exercicio agradavel de manha.",0.0867
PA000879,2023-01-27 16:36:04,"Teatro incrivel ontem, peca muito bem dirigida.",0.1049
PA000880,2023-01-27 18:21:43,"Viagem de fim de semana para cidade historica, valeu.",0.0626
PA000881,2023-01-27 19:21:46,Jantar simples mas gostoso com a familia.,0.0341
PA000882,2023-01-27 20:12:02,"Minha mae fez feijao com arroz e linguica, classico perfeito.",0.0638
PA000883,2023-01-27 20:16:48,"Passeio no interior no fim de semana, natureza linda.",0.0766
PA000884,2023-01-27 21:14:04,"Viagem de fim de semana para cidade historica, valeu.",0.1005
PA000885,2023-01-27 21:39:36,"Pausa pro cafe com os colegas, bate-papo otimo.",0.008
PA000886,2023-01-27 23:05:13,"Passeio com o cachorro no parque, ele adorou.",0.1532
PA000887,2023-01-27 23:21:24,"Cuidando das plantas em casa, muito terapeutico.",0.0
PA000888,2023-01-27 23:35:15,"Metro bem tranquilo essa manha, cheguei bem.",0.0164
PA000889,2023-01-28 00:55:49,"Dia nublado mas tranquilo, bom para estudar sem distracao.",0.1073
PA000890,2023-01-28 00:58:25,Tarde produtiva organizando e limpando a casa.,0.034
PA000891,2023-01-28 01:30:35,"Apresentacao correu muito bem, todos gostaram.",0.2066
PA000892,2023-01-28 04:20:16,"Passeio com o cachorro no parque, ele adorou.",0.2
PA000893,2023-01-28 04:44:29,"Que calor hoje, tive que ligar o ar condicionado logo cedo.",0.0922
PA000894,2023-01-28 05:07:39,"Pausa pro cafe com os colegas, bate-papo otimo.",0.1086
PA000895,2023-01-28 07:01:14,"Yoga pela manha, comecei o dia muito bem.",0.1122
PA000896,2023-01-28 07:35:17,"Filme otimo ontem, fui ao cinema com a familia.",0.024
PA000897,2023-01-28 07:58:52,"Vento agradavel hoje, aproveitei para caminhar no parque.",0.2906
PA000898,2023-01-28 08:21:09,Que tarde relaxante lendo na rede.,0.0592
PA000899,2023-01-28 09:55:10,Caminhada ate a estacao foi otima hoje.,0.0249
PA000900,2023-01-28 10:21:44,"Estrada livre, cheguei no trabalho rapido hoje.",0.0903
PA000901,2023-01-28 10:23:53,"Meditacao de manha, comecando o dia muito bem.",0.0961
PA000902,2023-01-28 10:28:44,"Fui num restaurante novo, a pizza estava espetacular.",0.0226
PA000903,2023-01-28 10:48:11,"Reencontrei um amigo antigo por acaso, que alegria.",0.1577
PA000904,2023-01-28 10:49:13,Show ao vivo incrivel no fim de semana.,0.1247
PA000905,2023-01-28 12:50:30,Jogo novo me viciou de um jeito bom.,0.0711
PA000906,2023-01-28 14:04:54,App de produtividade novo que encontrei e otimo.,0.1414
PA000907,2023-01-28 15:04:10,"Metro bem tranquilo essa manha, cheguei bem.",0.0
PA000908,2023-01-28 15:33:44,"Churrasco com a familia no final de semana, delicioso.",0.1452
PA000909,2023-01-28 16:13:02,"Passei na certificacao, muito feliz com o resultado.",0.0986
PA000910,2023-01-28 16:14:01,"Que calor hoje, tive que ligar o ar condicionado logo cedo.",0.0194
PA000911,2023-01-28 17:35:46,App de produtividade novo que encontrei e otimo.,0.0494
PA000912,2023-01-28 18:32:21,"Fui num restaurante novo, a pizza estava espetacular.",0.0776
PA000913,2023-01-28 19:05:32,"Padaria da esquina lancou sabor novo, recomendo.",0.182
PA000914,2023-01-28 20:15:46,"Novo celular chegou, a camera e impressionante.",0.1472
PA000915,2023-01-28 20:31:00,"Churrasco com a familia no final de semana, delicioso.",0.0
PA000916,2023-01-28 20:36:10,Que tarde relaxante lendo na rede.,0.0878
PA000917,2023-01-28 21:09:08,"Tarefa dificil concluida com sucesso, que satisfacao.",0.0967
PA000918,2023-01-28 21:46:14,Brigadeiro de panela saiu incrivel hoje.,0.0534
PA000919,2023-01-28 22:01:26,"Consegui estacionamento logo de cara, dia de sorte mesmo.",0.0868
PA000920,2023-01-28 22:38:11,"Vento agradavel hoje, aproveitei para caminhar no parque.",0.0673
PA000921,2023-01-29 00:08:16,Caminhada ate a estacao foi otima hoje.,0.0493
PA000922,2023-01-29 00:15:28,Atualizacao deixou o sistema muito mais rapido.,0.144
PA000923,2023-01-29 00:39:00,"Pausa pro cafe com os colegas, bate-papo otimo.",0.075
PA000924,2023-01-29 03:09:41,"Passei na certificacao, muito feliz com o resultado.",0.1688
PA000925,2023-01-29 03:31:44,"Corri 5km de manha, semana otima de treino.",0.1818
PA000926,2023-01-29 04:13:47,"Academia hoje, treino puxado mas valeu muito.",0.0789
PA000927,2023-01-29 04:19:53,"Praia tranquila, sol perfeito, descanso total.",0.1529
PA000928,2023-01-29 05:16:41,Aula incrivel sobre estatistica aplicada hoje.,0.0
PA000929,2023-01-29 05:50:31,"Passeio com o cachorro no parque, ele adorou.",0.0821
PA000930,2023-01-29 05:53:10,"Meu time ganhou hoje, que jogo bonito foi.",0.055
PA000931,2023-01-29 07:27:13,Jantar simples mas gostoso com a familia.,0.1013
PA000932,2023-01-29 07:41:42,Aplicativo travou bem na hora da reuniao importante.,0.787
PA000933,2023-01-29 09:26:07,"Viagem de fim de semana para cidade historica, valeu.",0.0926
PA000934,2023-01-29 09:28:32,"Fechei projeto importante essa semana, que alegria.",0.0531
PA000935,2023-01-29 10:27:26,"Filme otimo ontem, fui ao cinema com a familia.",0.0476
PA000936,2023-01-29 10:34:34,Jantar simples mas gostoso com a familia.,0.0406
PA000937,2023-01-29 11:07:02,Pedalada de tarde com vista incrivel do parque.,0.0458
PA000938,2023-01-29 11:16:08,"Tarefa dificil concluida com sucesso, que satisfacao.",0.0598
PA000939,2023-01-29 12:33:52,"Reuniao produtiva hoje, saimos com otimas ideias.",0.0827
PA000940,2023-01-29 12:46:38,"Teatro incrivel ontem, peca muito bem dirigida.",0.0354
PA000941,2023-01-29 13:01:22,Terminei o trabalho da faculdade com antecedencia.,0.0
PA000942,2023-01-29 15:48:27,"Academia hoje, treino puxado mas valeu muito.",0.091
PA000943,2023-01-29 16:28:57,"Plantei temperos na sacada, que satisfacao.",0.0465
PA000944,2023-01-29 17:25:21,"Maratonei a temporada completa, valeu cada minuto.",0.1067
PA000945,2023-01-29 19:35:31,"Corri 5km de manha, semana otima de treino.",0.0567
PA000946,2023-01-30 01:16:18,"Vento agradavel hoje, aproveitei para caminhar no parque.",0.0914
PA000947,2023-01-30 02:50:43,"Corri 5km de manha, semana otima de treino.",0.122
PA000948,2023-01-30 03:10:45,"O outono chegou cedo esse ano, que frio gostoso de manha.",0.0953
PA000949,2023-01-30 06:13:56,"Acai gelado essa tarde, refrescante demais.",0.1033
PA000950,2023-01-30 06:34:19,"Estudando para a prova de amanha, bem concentrado.",0.1212
PA000951,2023-01-30 06:43:58,Nao acredito mais nessa politica que nao resolve.,0.689
PA000952,2023-01-30 07:01:05,"Home office com cafe fresquinho do lado, otimo.",0.1283
PA000953,2023-01-30 07:04:30,"Tarefa dificil concluida com sucesso, que satisfacao.",0.1651
PA000954,2023-01-30 07:47:57,"Natacao de manha, melhor inicio de dia possivel.",0.1234
PA000955,2023-01-30 08:04:45,"Corri 5km de manha, semana otima de treino.",0.0661
PA000956,2023-01-30 08:25:04,"Biblioteca da universidade, ambiente otimo para estudar.",0.1168
PA000957,2023-01-30 08:28:37,"Estrada livre, cheguei no trabalho rapido hoje.",0.112
PA000958,2023-01-30 09:39:26,"Livro excelente sobre ciencia de dados, recomendo muito.",0.0603
PA000959,2023-01-30 09:55:10,"Teatro incrivel ontem, peca muito bem dirigida.",0.0747
PA000960,2023-01-30 11:36:45,"Consegui estacionamento logo de cara, dia de sorte mesmo.",0.0388
PA000961,2023-01-30 11:56:57,"Fui de bike hoje, que exercicio agradavel de manha.",0.0
PA000962,2023-01-30 11:57:25,"Vento agradavel hoje, aproveitei para caminhar no parque.",0.1307
PA000963,2023-01-30 12:11:41,"Consegui estacionamento logo de cara, dia de sorte mesmo.",0.0206
PA000964,2023-01-30 12:16:42,"Viagem de fim de semana para cidade historica, valeu.",0.1064
PA000965,2023-01-30 12:46:35,"Aprendi receita nova no youtube, ficou otimo.",0.1628
PA000966,2023-01-30 12:47:54,"Volei com os amigos, muita risada e diversao.",0.039
PA000967,2023-01-30 15:05:57,"Fechei projeto importante essa semana, que alegria.",0.0604
PA000968,2023-01-30 17:45:34,"Sol lindo hoje, cafe na varanda foi otimo.",0.1281
PA000969,2023-01-30 18:25:36,"Plantei temperos na sacada, que satisfacao.",0.0823
PA000970,2023-01-30 18:55:17,"Choveu a tarde toda, dia perfeito pra ficar em casa lendo.",0.1165
PA000971,2023-01-30 19:38:50,"Teatro incrivel ontem, peca muito bem dirigida.",0.0975
PA000972,2023-01-30 21:13:22,"Estrada livre, cheguei no trabalho rapido hoje.",0.0383
PA000973,2023-01-30 22:14:20,"Yoga pela manha, comecei o dia muito bem.",0.0208
PA000974,2023-01-31 01:32:50,"Passeio no interior no fim de semana, natureza linda.",0.1126
PA000975,2023-01-31 02:44:53,"Passeio com o cachorro no parque, ele adorou.",0.0465
PA000976,2023-01-31 03:17:02,Pedalada de tarde com vista incrivel do parque.,0.0514
PA000977,2023-01-31 03:20:55,"Domingo em familia, melhor dia da semana.",0.1275
PA000978,2023-01-31 05:44:13,"Aprendi receita nova no youtube, ficou otimo.",0.0835
PA000979,2023-01-31 09:06:33,"Fechei projeto importante essa semana, que alegria.",0.093
PA000980,2023-01-31 09:11:05,"Tarefa dificil concluida com sucesso, que satisfacao.",0.0535
PA000981,2023-01-31 10:14:18,Que manha fresca e agradavel para uma caminhada.,0.1297
PA000982,2023-01-31 12:18:40,"Reencontrei um amigo antigo por acaso, que alegria.",0.0702
PA000983,2023-01-31 12:46:28,"Churrasco com a familia no final de semana, delicioso.",0.018
PA000984,2023-01-31 13:39:22,"Filme otimo ontem, fui ao cinema com a familia.",0.0171
PA000985,2023-01-31 15:16:52,Terminei o trabalho da faculdade com antecedencia.,0.1349
PA000986,2023-01-31 15:19:58,"Notebook novo chegou, que desempenho incrivel.",0.0759
PA000987,2023-01-31 16:45:21,Semana intensa mas muito satisfatoria no trabalho.,0.1533
PA000988,2023-01-31 17:46:45,Terminei o trabalho da faculdade com antecedencia.,0.0571
PA000989,2023-01-31 17:57:33,Pedalada de tarde com vista incrivel do parque.,0.1103
PA000990,2023-01-31 18:02:21,"Natacao de manha, melhor inicio de dia possivel.",0.1218
PA000991,2023-01-31 18:13:55,"Serie nova incrivel, amei o primeiro episodio.",0.0728
PA000992,2023-01-31 20:11:52,Atualizacao deixou o sistema muito mais rapido.,0.0212
PA000993,2023-01-31 20:30:22,"Notebook novo chegou, que desempenho incrivel.",0.1689
PA000994,2023-01-31 22:35:11,"Serie nova incrivel, amei o primeiro episodio.",0.0327
PA000995,2023-01-31 22:35:13,"Acai gelado essa tarde, refrescante demais.",0.0513
PA000996,2023-01-31 22:36:03,"Plantei temperos na sacada, que satisfacao.",0.1323
PA000997,2023-02-01 00:16:05,"Choveu a tarde toda, dia perfeito pra ficar em casa lendo.",0.0205
PA000998,2023-02-01 01:46:10,Show ao vivo incrivel no fim de semana.,0.1696
PA000999,2023-02-01 01:53:17,Jantar simples mas gostoso com a familia.,0.0815
PA001000,2023-02-01 02:48:00,"Aprendi receita nova no youtube, ficou otimo.",0.1011
PA001001,2023-02-01 06:03:43,"Testei IA para ajudar com codigo, funcionou bem.",0.038
PA001002,2023-02-01 06:26:09,"Consegui estacionamento logo de cara, dia de sorte mesmo.",0.0825
PA001003,2023-02-01 06:58:50,Leitura no jardim com tempo agradavel.,0.0824
PA001004,2023-02-01 07:05:09,"Fechei projeto importante essa semana, que alegria.",0.0526
PA001005,2023-02-01 08:49:31,"Minha mae fez feijao com arroz e linguica, classico perfeito.",0.0828
PA001006,2023-02-01 10:13:30,"Consegui estacionamento logo de cara, dia de sorte mesmo.",0.1138
PA001007,2023-02-01 12:08:15,"Fui de bike hoje, que exercicio agradavel de manha.",0.114
PA001008,2023-02-01 14:16:56,"Notebook novo chegou, que desempenho incrivel.",0.1601
PA001009,2023-02-01 14:31:44,"Chuva passageira a tarde, depois o tempo abriu lindo.",0.0463
PA001010,2023-02-01 15:01:56,"Onibus chegou no horario hoje, que surpresa agradavel.",0.1721
PA001011,2023-02-01 16:03:45,"Passeio com o cachorro no parque, ele adorou.",0.0
PA001012,2023-02-01 16:44:02,"Natacao de manha, melhor inicio de dia possivel.",0.0645
PA001013,2023-02-01 17:04:26,"Aprendi receita nova no youtube, ficou otimo.",0.0568
PA001014,2023-02-01 17:43:03,"Passei na certificacao, muito feliz com o resultado.",0.0694
PA001015,2023-02-01 17:49:29,"Cuidando das plantas em casa, muito terapeutico.",0.0143
PA001016,2023-02-01 18:52:38,"Academia hoje, treino puxado mas valeu muito.",0.1001
PA001017,2023-02-01 19:31:41,"Reencontrei um amigo antigo por acaso, que alegria.",0.1433
PA001018,2023-02-01 20:29:46,Show ao vivo incrivel no fim de semana.,0.1031
PA001019,2023-02-01 21:10:43,"Minha mae fez feijao com arroz e linguica, classico perfeito.",0.0537
PA001020,2023-02-01 21:17:47,Que manha fresca e agradavel para uma caminhada.,0.1101
PA001021,2023-02-01 22:26:27,"Pausa pro cafe com os colegas, bate-papo otimo.",0.0496
PA001022,2023-02-01 23:18:40,"Pipoca e serie boa na sexta, programa perfeito.",0.0071
PA001023,2023-02-02 00:29:30,"Almoco incrivel hoje, fiz lasanha caseira do zero.",0.0
PA001024,2023-02-02 01:34:22,Caminhada ate a estacao foi otima hoje.,0.0345
PA001025,2023-02-02 02:51:36,"Tarefa dificil concluida com sucesso, que satisfacao.",0.0324
PA001026,2023-02-02 03:20:12,"Sopa de legumes no frio, reconfortante e gostosa.",0.0864
PA001027,2023-02-02 06:54:24,"Testei IA para ajudar com codigo, funcionou bem.",0.034
PA001028,2023-02-02 07:20:21,"Dia nublado mas tranquilo, bom para estudar sem distracao.",0.1147
PA001029,2023-02-02 07:52:59,"Musica nova do meu artista favorito, de outro nivel.",0.1555
PA001030,2023-02-02 08:13:59,"Corri 5km de manha, semana otima de treino.",0.102
PA001031,2023-02-02 08:43:45,Feira de artesanato gostosa de passear.,0.0426
PA001032,2023-02-02 09:48:25,"Pipoca e serie boa na sexta, programa perfeito.",0.0046
PA001033,2023-02-02 10:33:38,"Churrasco com a familia no final de semana, delicioso.",0.0559
PA001034,2023-02-02 10:51:59,"Padaria da esquina lancou sabor novo, recomendo.",0.0824
PA001035,2023-02-02 11:03:38,Caminhada ate a estacao foi otima hoje.,0.0766
PA001036,2023-02-02 11:17:36,"Metro bem tranquilo essa manha, cheguei bem.",0.0579
PA001037,2023-02-02 11:43:46,"Fui de bike hoje, que exercicio agradavel de manha.",0.0732
PA001038,2023-02-02 11:47:15,"Aprendi receita nova no youtube, ficou otimo.",0.0682
PA001039,2023-02-02 12:33:09,Tarde produtiva organizando e limpando a casa.,0.0831
PA001040,2023-02-02 12:50:27,"O outono chegou cedo esse ano, que frio gostoso de manha.",0.039
PA001041,2023-02-02 13:36:04,"Yoga pela manha, comecei o dia muito bem.",0.1479
PA001042,2023-02-02 13:46:46,"Apresentacao correu muito bem, todos gostaram.",0.0634
PA001043,2023-02-02 15:24:18,"Sol lindo hoje, cafe na varanda foi otimo.",0.1362
PA001044,2023-02-02 16:10:59,"Maratonei a temporada completa, valeu cada minuto.",0.097
PA001045,2023-02-02 16:34:15,"Pipoca e serie boa na sexta, programa perfeito.",0.0753
PA001046,2023-02-02 16:59:49,"Onibus chegou no horario hoje, que surpresa agradavel.",0.0295
PA001047,2023-02-02 17:30:04,"Pausa pro cafe com os colegas, bate-papo otimo.",0.0
PA001048,2023-02-02 18:35:37,Pedalada de tarde com vista incrivel do parque.,0.0607
PA001049,2023-02-02 18:43:38,"Sopa de legumes no frio, reconfortante e gostosa.",0.0071
PA001050,2023-02-02 18:51:12,"Dia nublado mas tranquilo, bom para estudar sem distracao.",0.141
PA001051,2023-02-02 18:56:31,Brigadeiro de panela saiu incrivel hoje.,0.1206
PA001052,2023-02-02 20:30:33,"Acai gelado essa tarde, refrescante demais.",0.16
PA001053,2023-02-02 20:34:54,"Que calor hoje, tive que ligar o ar condicionado logo cedo.",0.0573
PA001054,2023-02-02 21:15:23,App de produtividade novo que encontrei e otimo.,0.0139
PA001055,2023-02-03 01:34:54,"Chuva passageira a tarde, depois o tempo abriu lindo.",0.0
PA001056,2023-02-03 03:51:48,Brigadeiro de panela saiu incrivel hoje.,0.1137
PA001057,2023-02-03 04:00:46,"Livro excelente sobre ciencia de dados, recomendo muito.",0.0442
PA001058,2023-02-03 04:24:27,"Que calor hoje, tive que ligar o ar condicionado logo cedo.",0.0981
PA001059,2023-02-03 05:19:31,"Pausa pro cafe com os colegas, bate-papo otimo.",0.0648
PA001060,2023-02-03 05:48:59,"Sol lindo hoje, cafe na varanda foi otimo.",0.0722
PA001061,2023-02-03 06:07:35,"Viagem de fim de semana para cidade historica, valeu.",0.0759
PA001062,2023-02-03 06:11:30,"Biblioteca da universidade, ambiente otimo para estudar.",0.0013
PA001063,2023-02-03 06:31:52,"Musica nova do meu artista favorito, de outro nivel.",0.1722
PA001064,2023-02-03 08:27:58,Jogo novo me viciou de um jeito bom.,0.131
PA001065,2023-02-03 08:31:10,Terminei o trabalho da faculdade com antecedencia.,0.1085
PA001066,2023-02-03 09:59:55,"Domingo em familia, melhor dia da semana.",0.0635
PA001067,2023-02-03 10:32:18,"Apresentacao correu muito bem, todos gostaram.",0.0512
PA001068,2023-02-03 12:34:51,"Reuniao produtiva hoje, saimos com otimas ideias.",0.0596
PA001069,2023-02-03 15:11:12,"Que bagunca, nada funcionando direito.",0.6889
PA001070,2023-02-03 17:28:20,"Serie nova incrivel, amei o primeiro episodio.",0.1055
PA001071,2023-02-03 17:47:46,Grupo de estudos foi muito produtivo hoje.,0.1072
PA001072,2023-02-03 19:27:38,"Dia nublado mas tranquilo, bom para estudar sem distracao.",0.0141
PA001073,2023-02-03 19:51:51,"Aprendi receita nova no youtube, ficou otimo.",0.0957
PA001074,2023-02-03 20:40:46,Finalmente entendi aquele conceito que me travava.,0.0775
PA001075,2023-02-03 21:42:02,"Acai gelado essa tarde, refrescante demais.",0.2
PA001076,2023-02-03 22:35:01,"Trilha ecologica incrivel, natureza pura.",0.0168
PA001077,2023-02-03 22:49:25,"Maratonei a temporada completa, valeu cada minuto.",0.0453
PA001078,2023-02-04 01:36:42,"Livro excelente sobre ciencia de dados, recomendo muito.",0.0851
PA001079,2023-02-04 04:46:52,"Novo celular chegou, a camera e impressionante.",0.0685
PA001080,2023-02-04 05:42:01,"Academia hoje, treino puxado mas valeu muito.",0.0525
PA001081,2023-02-04 06:36:35,"Fechei projeto importante essa semana, que alegria.",0.0825
PA001082,2023-02-04 07:00:18,"Praia tranquila, sol perfeito, descanso total.",0.0414
PA001083,2023-02-04 07:04:46,Show ao vivo incrivel no fim de semana.,0.0567
PA001084,2023-02-04 07:56:50,"Estudando para a prova de amanha, bem concentrado.",0.1269
PA001085,2023-02-04 09:00:56,"Volei com os amigos, muita risada e diversao.",0.0798
PA001086,2023-02-04 10:05:32,"Plantei temperos na sacada, que satisfacao.",0.1046
PA001087,2023-02-04 10:26:23,Grupo de estudos foi muito produtivo hoje.,0.1577
PA001088,2023-02-04 10:53:19,Aula incrivel sobre estatistica aplicada hoje.,0.0259
PA001089,2023-02-04 11:13:32,Finalmente entendi aquele conceito que me travava.,0.0035
PA001090,2023-02-04 11:39:24,"Aprendi receita nova no youtube, ficou otimo.",0.0
PA001091,2023-02-04 15:10:48,Tarde produtiva organizando e limpando a casa.,0.0091
PA001092,2023-02-04 15:44:08,"Estudando para a prova de amanha, bem concentrado.",0.0432
PA001093,2023-02-04 16:50:16,Aula incrivel sobre estatistica aplicada hoje.,0.0668
PA001094,2023-02-04 17:07:58,"Dia nublado mas tranquilo, bom para estudar sem distracao.",0.0627
PA001095,2023-02-04 17:51:51,"Tarefa dificil concluida com sucesso, que satisfacao.",0.0366
PA001096,2023-02-04 17:59:11,"Novo celular chegou, a camera e impressionante.",0.0172
PA001097,2023-02-04 18:13:17,"Aprendi receita nova no youtube, ficou otimo.",0.0635
PA001098,2023-02-04 18:52:07,"Musica nova do meu artista favorito, de outro nivel.",0.0
PA001099,2023-02-04 20:43:31,"Maratonei a temporada completa, valeu cada minuto.",0.0675
PA001100,2023-02-04 20:49:53,"Fechei projeto importante essa semana, que alegria.",0.0799
PA001101,2023-02-04 22:48:51,"Domingo em familia, melhor dia da semana.",0.0765
PA001102,2023-02-05 00:29:58,Tarde produtiva organizando e limpando a casa.,0.0533
PA001103,2023-02-05 01:03:45,"Passeio no interior no fim de semana, natureza linda.",0.0759
PA001104,2023-02-05 01:10:50,Brigadeiro de panela saiu incrivel hoje.,0.3728
PA001105,2023-02-05 04:15:50,"Home office com cafe fresquinho do lado, otimo.",0.033
PA001106,2023-02-05 05:17:47,"Academia hoje, treino puxado mas valeu muito.",0.0518
PA001107,2023-02-05 05:42:00,"Meditacao de manha, comecando o dia muito bem.",0.0635
PA001108,2023-02-05 07:23:07,"Tentei receita nova de bolo de cenoura, ficou fofinho.",0.1595
PA001109,2023-02-05 08:17:34,"Onibus chegou no horario hoje, que surpresa agradavel.",0.0186
PA001110,2023-02-05 09:29:12,"Teatro incrivel ontem, peca muito bem dirigida.",0.0627
PA001111,2023-02-05 10:16:45,"Testei IA para ajudar com codigo, funcionou bem.",0.0857
PA001112,2023-02-05 11:01:56,Semana intensa mas muito satisfatoria no trabalho.,0.0918
PA001113,2023-02-05 11:25:24,"Musica nova do meu artista favorito, de outro nivel.",0.0674
PA001114,2023-02-05 12:43:12,"Que calor hoje, tive que ligar o ar condicionado logo cedo.",0.1708
PA001115,2023-02-05 13:25:37,"Vento agradavel hoje, aproveitei para caminhar no parque.",0.0139
PA001116,2023-02-05 14:04:09,"Domingo em familia, melhor dia da semana.",0.1038
PA001117,2023-02-05 14:46:01,Cafe da manha caprichado: tapioca com ovo e suco de laranja.,0.0736
PA001118,2023-02-05 14:55:09,"Metro bem tranquilo essa manha, cheguei bem.",0.1581
PA001119,2023-02-05 15:45:00,"Notebook novo chegou, que desempenho incrivel.",0.0041
PA001120,2023-02-05 16:41:25,"Que calor hoje, tive que ligar o ar condicionado logo cedo.",0.1127
PA001121,2023-02-05 16:53:35,"Academia hoje, treino puxado mas valeu muito.",0.0855
PA001122,2023-02-05 17:43:33,"Natacao de manha, melhor inicio de dia possivel.",0.1331
PA001123,2023-02-05 18:44:23,"Choveu a tarde toda, dia perfeito pra ficar em casa lendo.",0.0913
PA001124,2023-02-05 19:26:25,"Sopa de legumes no frio, reconfortante e gostosa.",0.1118
PA001125,2023-02-05 20:06:17,Tarde produtiva organizando e limpando a casa.,0.0488
PA001126,2023-02-05 20:27:06,"Notebook novo chegou, que desempenho incrivel.",0.1153
PA001127,2023-02-05 20:46:40,"Pipoca e serie boa na sexta, programa perfeito.",0.0517
PA001128,2023-02-05 21:00:56,Grupo de estudos foi muito produtivo hoje.,0.0424
PA001129,2023-02-05 21:09:49,"Livro excelente sobre ciencia de dados, recomendo muito.",0.0966
PA001130,2023-02-05 21:52:56,Tarde produtiva organizando e limpando a casa.,0.1126
PA001131,2023-02-05 21:53:30,"Configurei o home office com setup novo, otimo.",0.02
PA001132,2023-02-05 21:54:13,"Padaria da esquina lancou sabor novo, recomendo.",0.0
PA001133,2023-02-05 23:21:09,Que manha fresca e agradavel para uma caminhada.,0.0584
PA001134,2023-02-05 23:43:05,"Maratonei a temporada completa, valeu cada minuto.",0.1014
PA001135,2023-02-06 00:05:34,"Configurei o home office com setup novo, otimo.",0.0
PA001136,2023-02-06 00:53:10,Terminei o trabalho da faculdade com antecedencia.,0.0542
PA001137,2023-02-06 02:00:59,"Padaria da esquina lancou sabor novo, recomendo.",0.1216
PA001138,2023-02-06 03:25:57,"Acai gelado essa tarde, refrescante demais.",0.0987
PA001139,2023-02-06 03:31:11,Show ao vivo incrivel no fim de semana.,0.0871
PA001140,2023-02-06 04:50:27,"Corri 5km de manha, semana otima de treino.",0.0
PA001141,2023-02-06 05:23:45,Jogo novo me viciou de um jeito bom.,0.1854
PA001142,2023-02-06 05:28:48,"Notebook novo chegou, que desempenho incrivel.",0.2
PA001143,2023-02-06 05:36:30,Jogo novo me viciou de um jeito bom.,0.0169
PA001144,2023-02-06 05:48:47,Podcast sobre tecnologia muito interessante.,0.1067
PA001145,2023-02-06 06:51:03,Semana intensa mas muito satisfatoria no trabalho.,0.0881
PA001146,2023-02-06 06:58:59,"Viagem de fim de semana para cidade historica, valeu.",0.0982
PA001147,2023-02-06 07:25:20,"Churrasco com a familia no final de semana, delicioso.",0.1225
PA001148,2023-02-06 07:53:33,"Notebook novo chegou, que desempenho incrivel.",0.1242
PA001149,2023-02-06 08:03:34,"Fechei projeto importante essa semana, que alegria.",0.0799
PA001150,2023-02-06 10:15:55,Que manha fresca e agradavel para uma caminhada.,0.0477
PA001151,2023-02-06 10:28:29,"Passeio com o cachorro no parque, ele adorou.",0.1029
PA001152,2023-02-06 11:16:51,"Estudando para a prova de amanha, bem concentrado.",0.1026
PA001153,2023-02-06 11:38:22,"Configurei o home office com setup novo, otimo.",0.0593
PA001154,2023-02-06 12:23:41,"Meditacao de manha, comecando o dia muito bem.",0.0495
PA001155,2023-02-06 12:36:42,Aplicativo de carona funcionou perfeitamente.,0.0783
PA001156,2023-02-06 13:57:38,Aula incrivel sobre estatistica aplicada hoje.,0.1484
PA001157,2023-02-06 14:34:52,"Tentei receita nova de bolo de cenoura, ficou fofinho.",0.028
PA001158,2023-02-06 14:55:33,Podcast sobre tecnologia muito interessante.,0.0168
PA001159,2023-02-06 16:15:49,"Apresentacao correu muito bem, todos gostaram.",0.0791
PA001160,2023-02-06 17:33:26,Brigadeiro de panela saiu incrivel hoje.,0.1341
PA001161,2023-02-06 18:30:05,Show ao vivo incrivel no fim de semana.,0.0152
PA001162,2023-02-06 18:50:00,"Domingo em familia, melhor dia da semana.",0.0867
PA001163,2023-02-06 19:05:34,"Cuidando das plantas em casa, muito terapeutico.",0.2
PA001164,2023-02-06 19:31:48,"Praia tranquila, sol perfeito, descanso total.",0.1316
PA001165,2023-02-06 19:51:00,"Chuva passageira a tarde, depois o tempo abriu lindo.",0.0577
PA001166,2023-02-06 20:13:36,"Meu time ganhou hoje, que jogo bonito foi.",0.1827
PA001167,2023-02-06 23:48:23,"Yoga pela manha, comecei o dia muito bem.",0.1113
PA001168,2023-02-06 23:57:30,Feira de artesanato gostosa de passear.,0.1325
PA001169,2023-02-07 00:49:44,"Sol lindo hoje, cafe na varanda foi otimo.",0.0781
PA001170,2023-02-07 00:56:14,"Fui de bike hoje, que exercicio agradavel de manha.",0.1215
PA001171,2023-02-07 01:02:57,"Viagem de fim de semana para cidade historica, valeu.",0.0298
PA001172,2023-02-07 01:19:08,"Fechei projeto importante essa semana, que alegria.",0.0273
PA001173,2023-02-07 03:01:20,"Corri 5km de manha, semana otima de treino.",0.0175
PA001174,2023-02-07 03:01:55,"O outono chegou cedo esse ano, que frio gostoso de manha.",0.0122
PA001175,2023-02-07 03:04:19,Tarde produtiva organizando e limpando a casa.,0.0345
PA001176,2023-02-07 05:13:37,"O outono chegou cedo esse ano, que frio gostoso de manha.",0.1072
PA001177,2023-02-07 05:20:47,"Estrada livre, cheguei no trabalho rapido hoje.",0.0
PA001178,2023-02-07 06:07:41,Atualizacao deixou o sistema muito mais rapido.,0.0077
PA001179,2023-02-07 08:02:30,"Choveu a tarde toda, dia perfeito pra ficar em casa lendo.",0.0294
PA001180,2023-02-07 11:10:13,"Home office com cafe fresquinho do lado, otimo.",0.0626
PA001181,2023-02-07 11:27:22,Aula incrivel sobre estatistica aplicada hoje.,0.053
PA001182,2023-02-07 12:02:47,"Musica nova do meu artista favorito, de outro nivel.",0.0947
PA001183,2023-02-07 12:27:36,"Museu da cidade muito interessante, aprendi bastante.",0.1894
PA001184,2023-02-07 12:51:30,Semana intensa mas muito satisfatoria no trabalho.,0.1179
PA001185,2023-02-07 12:53:11,"Aprendi receita nova no youtube, ficou otimo.",0.1031
PA001186,2023-02-07 13:41:34,Que tarde relaxante lendo na rede.,0.0704
PA001187,2023-02-07 14:07:08,"Tentei receita nova de bolo de cenoura, ficou fofinho.",0.1479
PA001188,2023-02-07 14:18:02,"Domingo em familia, melhor dia da semana.",0.0239
PA001189,2023-02-07 17:21:51,"Serie nova incrivel, amei o primeiro episodio.",0.15
PA001190,2023-02-07 17:56:45,"Fui de bike hoje, que exercicio agradavel de manha.",0.005
PA001191,2023-02-07 21:03:52,"Filme otimo ontem, fui ao cinema com a familia.",0.11
PA001192,2023-02-07 22:26:05,"Almoco incrivel hoje, fiz lasanha caseira do zero.",0.0257
PA001193,2023-02-08 00:03:32,Cafe da manha caprichado: tapioca com ovo e suco de laranja.,0.086
PA001194,2023-02-08 00:24:28,"Biblioteca da universidade, ambiente otimo para estudar.",0.0237
PA001195,2023-02-08 01:12:51,Semana intensa mas muito satisfatoria no trabalho.,0.188
PA001196,2023-02-08 04:22:24,"Minha mae fez feijao com arroz e linguica, classico perfeito.",0.1129
PA001197,2023-02-08 05:31:12,"Natacao de manha, melhor inicio de dia possivel.",0.0853
PA001198,2023-02-08 06:46:14,"Onibus chegou no horario hoje, que surpresa agradavel.",0.0753
PA001199,2023-02-08 07:10:14,"Metro bem tranquilo essa manha, cheguei bem.",0.1874
PA001200,2023-02-08 07:44:00,"Estudando para a prova de amanha, bem concentrado.",0.0917
PA001201,2023-02-08 08:22:52,"Sol lindo hoje, cafe na varanda foi otimo.",0.0286
PA001202,2023-02-08 08:26:45,Aplicativo de carona funcionou perfeitamente.,0.0147
PA001203,2023-02-08 10:07:39,"Fui de bike hoje, que exercicio agradavel de manha.",0.1195
PA001204,2023-02-08 11:28:06,"Viagem de fim de semana para cidade historica, valeu.",0.2
PA001205,2023-02-08 11:29:31,"Maratonei a temporada completa, valeu cada minuto.",0.1778
PA001206,2023-02-08 11:29:43,"Yoga pela manha, comecei o dia muito bem.",0.0299
PA001207,2023-02-08 11:51:13,"Apresentacao correu muito bem, todos gostaram.",0.0218
PA001208,2023-02-08 13:19:01,Pedalada de tarde com vista incrivel do parque.,0.011
PA001209,2023-02-08 16:19:24,"Museu da cidade muito interessante, aprendi bastante.",0.0633
PA001210,2023-02-08 16:28:21,Que manha fresca e agradavel para uma caminhada.,0.1573
PA001211,2023-02-08 21:14:56,"Novo celular chegou, a camera e impressionante.",0.0871
PA001212,2023-02-08 21:49:07,"Natacao de manha, melhor inicio de dia possivel.",0.0784
PA001213,2023-02-08 22:22:07,"Meditacao de manha, comecando o dia muito bem.",0.104
PA001214,2023-02-08 23:02:43,"Churrasco com a familia no final de semana, delicioso.",0.0938
PA001215,2023-02-09 00:11:43,"Praia tranquila, sol perfeito, descanso total.",0.0425
PA001216,2023-02-09 01:55:50,Brigadeiro de panela saiu incrivel hoje.,0.0233
PA001217,2023-02-09 03:50:01,Aula incrivel sobre estatistica aplicada hoje.,0.0235
PA001218,2023-02-09 04:39:15,Atualizacao deixou o sistema muito mais rapido.,0.0255
PA001219,2023-02-09 04:42:11,"Metro bem tranquilo essa manha, cheguei bem.",0.0774
PA001220,2023-02-09 04:42:25,"Plantei temperos na sacada, que satisfacao.",0.0
PA001221,2023-02-09 04:46:57,"Museu da cidade muito interessante, aprendi bastante.",0.08
PA001222,2023-02-09 05:46:25,"Minha mae fez feijao com arroz e linguica, classico perfeito.",0.1307
PA001223,2023-02-09 07:49:12,"Museu da cidade muito interessante, aprendi bastante.",0.0207
PA001224,2023-02-09 08:06:31,"Almoco incrivel hoje, fiz lasanha caseira do zero.",0.0336
PA001225,2023-02-09 09:40:38,"Sol lindo hoje, cafe na varanda foi otimo.",0.1071
PA001226,2023-02-09 10:04:32,"Aprendi receita nova no youtube, ficou otimo.",0.0955
PA001227,2023-02-09 11:32:03,"Notebook novo chegou, que desempenho incrivel.",0.0417
PA001228,2023-02-09 12:16:56,Jogo novo me viciou de um jeito bom.,0.0735
PA001229,2023-02-09 12:33:54,Grupo de estudos foi muito produtivo hoje.,0.0253
PA001230,2023-02-09 12:44:07,Aula incrivel sobre estatistica aplicada hoje.,0.0107
PA001231,2023-02-09 13:32:29,"Teatro incrivel ontem, peca muito bem dirigida.",0.0563
PA001232,2023-02-09 13:35:24,Que tarde relaxante lendo na rede.,0.0676
PA001233,2023-02-09 14:16:41,"Tarefa dificil concluida com sucesso, que satisfacao.",0.0613
PA001234,2023-02-09 15:43:18,"Estudando para a prova de amanha, bem concentrado.",0.0365
PA001235,2023-02-09 16:12:31,Tarde produtiva organizando e limpando a casa.,0.1718
PA001236,2023-02-09 17:06:59,"Pausa pro cafe com os colegas, bate-papo otimo.",0.0066
PA001237,2023-02-09 17:07:57,"Filme otimo ontem, fui ao cinema com a familia.",0.0337
PA001238,2023-02-09 17:37:45,Terminei o trabalho da faculdade com antecedencia.,0.0704
PA001239,2023-02-09 18:02:08,"Apresentacao correu muito bem, todos gostaram.",0.0668
PA001240,2023-02-09 18:06:17,"Fechei projeto importante essa semana, que alegria.",0.1031
PA001241,2023-02-09 18:11:10,"Minha mae fez feijao com arroz e linguica, classico perfeito.",0.0775
PA001242,2023-02-09 18:57:51,"Trilha ecologica incrivel, natureza pura.",0.0059
PA001243,2023-02-09 20:01:05,"Almoco incrivel hoje, fiz lasanha caseira do zero.",0.1392
PA001244,2023-02-09 20:35:11,"Pipoca e serie boa na sexta, programa perfeito.",0.0926
PA001245,2023-02-09 20:46:09,"Testei IA para ajudar com codigo, funcionou bem.",0.0689
PA001246,2023-02-09 22:41:11,"Onibus chegou no horario hoje, que surpresa agradavel.",0.0744
PA001247,2023-02-09 22:46:35,"Volei com os amigos, muita risada e diversao.",0.0354
PA001248,2023-02-09 23:50:24,"Novo celular chegou, a camera e impressionante.",0.1111
PA001249,2023-02-10 00:03:14,Terminei o trabalho da faculdade com antecedencia.,0.0398
PA001250,2023-02-10 00:19:53,"Tarefa dificil concluida com sucesso, que satisfacao.",0.1096
PA001251,2023-02-10 00:23:32,"Meditacao de manha, comecando o dia muito bem.",0.0987
PA001252,2023-02-10 01:15:11,"Tarefa dificil concluida com sucesso, que satisfacao.",0.0862
PA001253,2023-02-10 01:36:05,"Viagem de fim de semana para cidade historica, valeu.",0.0
PA001254,2023-02-10 02:27:20,Caminhada ate a estacao foi otima hoje.,0.0366
PA001255,2023-02-10 04:11:10,"Tarefa dificil concluida com sucesso, que satisfacao.",0.0505
PA001256,2023-02-10 04:31:38,"Trilha ecologica incrivel, natureza pura.",0.0784
PA001257,2023-02-10 04:54:28,"Meditacao de manha, comecando o dia muito bem.",0.1278
PA001258,2023-02-10 04:55:58,Cafe da manha caprichado: tapioca com ovo e suco de laranja.,0.068
PA001259,2023-02-10 04:58:01,"Cuidando das plantas em casa, muito terapeutico.",0.0414
PA001260,2023-02-10 05:37:07,"Testei IA para ajudar com codigo, funcionou bem.",0.0525
PA001261,2023-02-10 06:38:03,"Passei na certificacao, muito feliz com o resultado.",0.0867
PA001262,2023-02-10 11:00:38,"Cuidando das plantas em casa, muito terapeutico.",0.1777
PA001263,2023-02-10 13:17:58,"Fechei projeto importante essa semana, que alegria.",0.0865
PA001264,2023-02-10 13:46:59,"Reencontrei um amigo antigo por acaso, que alegria.",0.0487
PA001265,2023-02-10 14:24:59,"Livro excelente sobre ciencia de dados, recomendo muito.",0.002
PA001266,2023-02-10 14:37:53,"Aprendi receita nova no youtube, ficou otimo.",0.0232
PA001267,2023-02-10 16:11:42,"Cuidando das plantas em casa, muito terapeutico.",0.0741
PA001268,2023-02-10 17:22:36,"Tarefa dificil concluida com sucesso, que satisfacao.",0.0575
PA001269,2023-02-10 18:38:08,Grupo de estudos foi muito produtivo hoje.,0.0194
PA001270,2023-02-10 18:44:23,"Fechei projeto importante essa semana, que alegria.",0.2
PA001271,2023-02-10 18:54:22,Que manha fresca e agradavel para uma caminhada.,0.0041
PA001272,2023-02-10 19:15:17,"Yoga pela manha, comecei o dia muito bem.",0.0276
PA001273,2023-02-10 19:49:12,Aplicativo de carona funcionou perfeitamente.,0.0262
PA001274,2023-02-10 20:52:25,Feira de artesanato gostosa de passear.,0.0476
PA001275,2023-02-10 21:29:16,Finalmente entendi aquele conceito que me travava.,0.1537
PA001276,2023-02-10 21:42:40,Mais um acidente por causa de imprudencia no transito.,0.6263
PA001277,2023-02-10 22:40:24,"Reuniao produtiva hoje, saimos com otimas ideias.",0.053
PA001278,2023-02-10 22:41:45,Semana intensa mas muito satisfatoria no trabalho.,0.0858
PA001279,2023-02-10 22:47:25,Pedalada de tarde com vista incrivel do parque.,0.0241
PA001280,2023-02-10 22:49:29,Show ao vivo incrivel no fim de semana.,0.0644
PA001281,2023-02-11 01:39:15,"Testei IA para ajudar com codigo, funcionou bem.",0.1035
PA001282,2023-02-11 02:11:00,Leitura no jardim com tempo agradavel.,0.0322
PA001283,2023-02-11 02:55:15,"Domingo em familia, melhor dia da semana.",0.0695
PA001284,2023-02-11 03:14:03,"Vento agradavel hoje, aproveitei para caminhar no parque.",0.1036
PA001285,2023-02-11 03:43:24,"Home office com cafe fresquinho do lado, otimo.",0.0662
PA001286,2023-02-11 03:54:18,Cafe da manha caprichado: tapioca com ovo e suco de laranja.,0.1244
PA001287,2023-02-11 04:01:38,"Almoco incrivel hoje, fiz lasanha caseira do zero.",0.0441
PA001288,2023-02-11 04:37:43,"Musica nova do meu artista favorito, de outro nivel.",0.0229
PA001289,2023-02-11 06:10:12,"Pipoca e serie boa na sexta, programa perfeito.",0.0746
PA001290,2023-02-11 06:48:03,"Notebook novo chegou, que desempenho incrivel.",0.148
PA001291,2023-02-11 08:03:20,"Aprendi receita nova no youtube, ficou otimo.",0.0718
PA001292,2023-02-11 09:43:30,"Consegui estacionamento logo de cara, dia de sorte mesmo.",0.0976
PA001293,2023-02-11 11:54:24,App de produtividade novo que encontrei e otimo.,0.0498
PA001294,2023-02-11 12:02:52,"Consegui estacionamento logo de cara, dia de sorte mesmo.",0.0452
PA001295,2023-02-11 12:04:30,"Academia hoje, treino puxado mas valeu muito.",0.0
PA001296,2023-02-11 12:32:58,Grupo de estudos foi muito produtivo hoje.,0.1038
PA001297,2023-02-11 14:09:46,"Viagem de fim de semana para cidade historica, valeu.",0.0766
PA001298,2023-02-11 15:15:22,"Biblioteca da universidade, ambiente otimo para estudar.",0.0
PA001299,2023-02-12 00:51:53,"Churrasco com a familia no final de semana, delicioso.",0.1145
PA001300,2023-02-12 02:08:09,"Consegui estacionamento logo de cara, dia de sorte mesmo.",0.1074
PA001301,2023-02-12 03:04:04,Leitura no jardim com tempo agradavel.,0.0393
PA001302,2023-02-12 03:30:10,Semana intensa mas muito satisfatoria no trabalho.,0.0515
PA001303,2023-02-12 04:47:46,"Passeio com o cachorro no parque, ele adorou.",0.0
PA001304,2023-02-12 06:02:04,Que tarde relaxante lendo na rede.,0.1003
PA001305,2023-02-12 06:45:26,Show ao vivo incrivel no fim de semana.,0.0799
PA001306,2023-02-12 07:21:56,"Trilha ecologica incrivel, natureza pura.",0.0576
PA001307,2023-02-12 08:12:01,"Reuniao produtiva hoje, saimos com otimas ideias.",0.113
PA001308,2023-02-12 11:28:37,"Servico publico uma vergonha, esperei horas na fila.",0.6166
PA001309,2023-02-12 12:16:00,"Passeio no interior no fim de semana, natureza linda.",0.1021
PA001310,2023-02-12 15:04:50,"Notebook novo chegou, que desempenho incrivel.",0.0441
PA001311,2023-02-12 17:32:18,Que manha fresca e agradavel para uma caminhada.,0.1314
PA001312,2023-02-12 17:52:54,Caminhada ate a estacao foi otima hoje.,0.0855
PA001313,2023-02-12 19:01:02,Tarde produtiva organizando e limpando a casa.,0.0
PA001314,2023-02-12 19:21:11,"Pausa pro cafe com os colegas, bate-papo otimo.",0.133
PA001315,2023-02-12 19:26:15,"Filme otimo ontem, fui ao cinema com a familia.",0.1112
PA001316,2023-02-12 20:00:54,"Meu time ganhou hoje, que jogo bonito foi.",0.1049
PA001317,2023-02-12 20:09:53,"Almoco incrivel hoje, fiz lasanha caseira do zero.",0.1436
PA001318,2023-02-12 20:18:16,Que manha fresca e agradavel para uma caminhada.,0.0512
PA001319,2023-02-12 20:21:18,"Dia completamente perdido, muita raiva acumulada.",0.9289
PA001320,2023-02-12 20:55:10,"Plantei temperos na sacada, que satisfacao.",0.0813
PA001321,2023-02-12 21:54:16,"Tarefa dificil concluida com sucesso, que satisfacao.",0.1476
PA001322,2023-02-12 23:06:47,"Fui de bike hoje, que exercicio agradavel de manha.",0.1232
PA001323,2023-02-12 23:12:04,"Pipoca e serie boa na sexta, programa perfeito.",0.0777
PA001324,2023-02-13 00:54:09,"Tarefa dificil concluida com sucesso, que satisfacao.",0.0905
PA001325,2023-02-13 01:13:35,"Testei IA para ajudar com codigo, funcionou bem.",0.0658
PA001326,2023-02-13 02:50:53,"Estudando para a prova de amanha, bem concentrado.",0.1974
PA001327,2023-02-13 03:46:55,"Fui de bike hoje, que exercicio agradavel de manha.",0.0711
PA001328,2023-02-13 03:57:04,Caminhada ate a estacao foi otima hoje.,0.0806
PA001329,2023-02-13 05:12:35,Pedalada de tarde com vista incrivel do parque.,0.0
PA001330,2023-02-13 08:14:14,"Corri 5km de manha, semana otima de treino.",0.0
PA001331,2023-02-13 08:37:40,Show ao vivo incrivel no fim de semana.,0.1202
PA001332,2023-02-13 10:58:31,"Biblioteca da universidade, ambiente otimo para estudar.",0.0816
PA001333,2023-02-13 11:20:07,"Padaria da esquina lancou sabor novo, recomendo.",0.0125
PA001334,2023-02-13 11:59:06,Jogo novo me viciou de um jeito bom.,0.0321
PA001335,2023-02-13 13:15:58,"Configurei o home office com setup novo, otimo.",0.0676
PA001336,2023-02-13 13:39:27,"Serie nova incrivel, amei o primeiro episodio.",0.0323
PA001337,2023-02-13 13:53:27,"Apresentacao correu muito bem, todos gostaram.",0.0791
PA001338,2023-02-13 15:10:54,"Livro excelente sobre ciencia de dados, recomendo muito.",0.003
PA001339,2023-02-13 16:14:31,Feira de artesanato gostosa de passear.,0.0878
PA001340,2023-02-13 16:23:25,Atualizacao deixou o sistema muito mais rapido.,0.0355
PA001341,2023-02-13 16:54:21,Grupo de estudos foi muito produtivo hoje.,0.1007
PA001342,2023-02-13 16:59:17,"Fechei projeto importante essa semana, que alegria.",0.0
PA001343,2023-02-13 17:23:40,Cafe da manha caprichado: tapioca com ovo e suco de laranja.,0.0
PA001344,2023-02-13 17:31:58,"Pipoca e serie boa na sexta, programa perfeito.",0.0662
PA001345,2023-02-13 18:02:17,"Passei na certificacao, muito feliz com o resultado.",0.0791
PA001346,2023-02-13 20:08:16,"Apresentacao correu muito bem, todos gostaram.",0.0476
PA001347,2023-02-13 21:42:16,"Maratonei a temporada completa, valeu cada minuto.",0.1161
PA001348,2023-02-13 21:49:38,"Estrada livre, cheguei no trabalho rapido hoje.",0.028
PA001349,2023-02-13 22:23:41,"Serie nova incrivel, amei o primeiro episodio.",0.145
PA001350,2023-02-13 23:39:54,"Livro excelente sobre ciencia de dados, recomendo muito.",0.0253
PA001351,2023-02-14 00:37:16,"Pipoca e serie boa na sexta, programa perfeito.",0.069
PA001352,2023-02-14 00:52:05,"Natacao de manha, melhor inicio de dia possivel.",0.1113
PA001353,2023-02-14 00:57:44,"Chuva passageira a tarde, depois o tempo abriu lindo.",0.0839
PA001354,2023-02-14 01:00:33,"Aprendi receita nova no youtube, ficou otimo.",0.0763
PA001355,2023-02-14 01:13:09,"Fui num restaurante novo, a pizza estava espetacular.",0.1108
PA001356,2023-02-14 01:28:25,Brigadeiro de panela saiu incrivel hoje.,0.0066
PA001357,2023-02-14 01:55:14,"Passei na certificacao, muito feliz com o resultado.",0.0
PA001358,2023-02-14 04:21:55,"Passei na certificacao, muito feliz com o resultado.",0.0793
PA001359,2023-02-14 05:55:49,"Churrasco com a familia no final de semana, delicioso.",0.1289
PA001360,2023-02-14 06:32:28,"Pausa pro cafe com os colegas, bate-papo otimo.",0.0916
PA001361,2023-02-14 09:17:13,"Churrasco com a familia no final de semana, delicioso.",0.0393
PA001362,2023-02-14 10:48:48,"Tentei receita nova de bolo de cenoura, ficou fofinho.",0.1255
PA001363,2023-02-14 12:17:01,Feira de artesanato gostosa de passear.,0.0138
PA001364,2023-02-14 12:53:27,"Novo celular chegou, a camera e impressionante.",0.0648
PA001365,2023-02-14 14:03:49,"Passeio no interior no fim de semana, natureza linda.",0.1611
PA001366,2023-02-14 14:24:22,"Meditacao de manha, comecando o dia muito bem.",0.0919
PA001367,2023-02-14 14:44:57,"Meditacao de manha, comecando o dia muito bem.",0.055
PA001368,2023-02-14 15:06:02,App de produtividade novo que encontrei e otimo.,0.0267
PA001369,2023-02-14 15:23:29,"Choveu a tarde toda, dia perfeito pra ficar em casa lendo.",0.0586
PA001370,2023-02-14 15:35:58,"Academia hoje, treino puxado mas valeu muito.",0.0623
PA001371,2023-02-14 15:49:35,App de produtividade novo que encontrei e otimo.,0.0445
PA001372,2023-02-14 16:22:22,"Natacao de manha, melhor inicio de dia possivel.",0.3547
PA001373,2023-02-14 17:41:00,Semana intensa mas muito satisfatoria no trabalho.,0.0901
PA001374,2023-02-14 18:05:05,"Que dia difícil, nada saiu como eu havia planejado.",0.6036
PA001375,2023-02-14 18:15:55,"Yoga pela manha, comecei o dia muito bem.",0.126
PA001376,2023-02-14 18:23:11,"Passeio com o cachorro no parque, ele adorou.",0.098
PA001377,2023-02-14 19:13:10,"Estudando para a prova de amanha, bem concentrado.",0.1446
PA001378,2023-02-14 20:05:26,"Corri 5km de manha, semana otima de treino.",0.0668
PA001379,2023-02-14 20:47:13,"Viagem de fim de semana para cidade historica, valeu.",0.1417
PA001380,2023-02-14 21:18:46,Caminhada ate a estacao foi otima hoje.,0.0427
PA001381,2023-02-14 21:25:54,"Meditacao de manha, comecando o dia muito bem.",0.0854
PA001382,2023-02-14 22:22:46,App de produtividade novo que encontrei e otimo.,0.0
PA001383,2023-02-14 22:24:55,Caminhada ate a estacao foi otima hoje.,0.1193
PA001384,2023-02-14 22:30:22,"Viagem de fim de semana para cidade historica, valeu.",0.1216
PA001385,2023-02-14 23:34:06,Show ao vivo incrivel no fim de semana.,0.0047
PA001386,2023-02-14 23:44:51,"Sopa de legumes no frio, reconfortante e gostosa.",0.0
PA001387,2023-02-14 23:46:04,Tarde produtiva organizando e limpando a casa.,0.1034
PA001388,2023-02-15 00:05:45,"Serie nova incrivel, amei o primeiro episodio.",0.0
PA001389,2023-02-15 01:13:08,Feira de artesanato gostosa de passear.,0.0749
PA001390,2023-02-15 04:16:32,Nao aguento mais reclamacao sem solucao pratica.,0.5041
PA001391,2023-02-15 04:32:37,"Viagem de fim de semana para cidade historica, valeu.",0.0374
PA001392,2023-02-15 05:39:11,Cafe da manha caprichado: tapioca com ovo e suco de laranja.,0.0535
PA001393,2023-02-15 06:48:22,"Padaria da esquina lancou sabor novo, recomendo.",0.0294
PA001394,2023-02-15 07:24:53,"Sopa de legumes no frio, reconfortante e gostosa.",0.0121
PA001395,2023-02-15 07:52:39,"Sopa de legumes no frio, reconfortante e gostosa.",0.0931
PA001396,2023-02-15 15:04:34,"Choveu a tarde toda, dia perfeito pra ficar em casa lendo.",0.1323
PA001397,2023-02-15 16:22:37,"Consegui estacionamento logo de cara, dia de sorte mesmo.",0.1488
PA001398,2023-02-15 16:37:03,"Musica nova do meu artista favorito, de outro nivel.",0.1869
PA001399,2023-02-15 17:03:22,"Yoga pela manha, comecei o dia muito bem.",0.0615
PA001400,2023-02-15 17:09:38,"Academia hoje, treino puxado mas valeu muito.",0.1558
PA001401,2023-02-15 18:46:45,Jogo novo me viciou de um jeito bom.,0.1387
PA001402,2023-02-15 23:45:29,"Tentei receita nova de bolo de cenoura, ficou fofinho.",0.0516
PA001403,2023-02-15 23:49:02,"Musica nova do meu artista favorito, de outro nivel.",0.1348
PA001404,2023-02-16 00:33:31,"Almoco incrivel hoje, fiz lasanha caseira do zero.",0.0618
PA001405,2023-02-16 01:22:52,Que tarde relaxante lendo na rede.,0.0556
PA001406,2023-02-16 02:01:27,"Estrada livre, cheguei no trabalho rapido hoje.",0.0255
PA001407,2023-02-16 02:51:32,Que manha fresca e agradavel para uma caminhada.,0.1515
PA001408,2023-02-16 03:32:13,"Cuidando das plantas em casa, muito terapeutico.",0.0923
PA001409,2023-02-16 03:35:18,"Museu da cidade muito interessante, aprendi bastante.",0.1275
PA001410,2023-02-16 05:34:38,Que manha fresca e agradavel para uma caminhada.,0.1037
PA001411,2023-02-16 07:30:10,Podcast sobre tecnologia muito interessante.,0.0977
PA001412,2023-02-16 08:25:35,"Estudando para a prova de amanha, bem concentrado.",0.1023
PA001413,2023-02-16 08:57:33,"Domingo em familia, melhor dia da semana.",0.0108
PA001414,2023-02-16 09:04:24,"Pausa pro cafe com os colegas, bate-papo otimo.",0.1437
PA001415,2023-02-16 12:44:42,"Dia nublado mas tranquilo, bom para estudar sem distracao.",0.1196
PA001416,2023-02-16 12:57:11,Pedalada de tarde com vista incrivel do parque.,0.0485
PA001417,2023-02-16 14:10:57,"Apresentacao correu muito bem, todos gostaram.",0.0998
PA001418,2023-02-16 14:13:53,"Meditacao de manha, comecando o dia muito bem.",0.0512
PA001419,2023-02-16 15:01:34,Brigadeiro de panela saiu incrivel hoje.,0.054
PA001420,2023-02-16 15:09:45,"Trilha ecologica incrivel, natureza pura.",0.0654
PA001421,2023-02-16 15:13:19,Cafe da manha caprichado: tapioca com ovo e suco de laranja.,0.0934
PA001422,2023-02-16 15:33:01,"Choveu a tarde toda, dia perfeito pra ficar em casa lendo.",0.0081
PA001423,2023-02-16 18:16:05,"Onibus chegou no horario hoje, que surpresa agradavel.",0.0244
PA001424,2023-02-16 18:54:33,Cafe da manha caprichado: tapioca com ovo e suco de laranja.,0.0162
PA001425,2023-02-16 19:43:37,Brigadeiro de panela saiu incrivel hoje.,0.1325
PA001426,2023-02-16 20:08:00,"Home office com cafe fresquinho do lado, otimo.",0.0932
PA001427,2023-02-16 21:07:34,Que tarde relaxante lendo na rede.,0.0704
PA001428,2023-02-16 21:21:08,Terminei o trabalho da faculdade com antecedencia.,0.1193
PA001429,2023-02-16 22:39:47,"Minha mae fez feijao com arroz e linguica, classico perfeito.",0.0552
PA001430,2023-02-17 01:13:42,Caminhada ate a estacao foi otima hoje.,0.121
PA001431,2023-02-17 01:21:54,"Passei na certificacao, muito feliz com o resultado.",0.1046
PA001432,2023-02-17 01:37:20,"Trilha ecologica incrivel, natureza pura.",0.0206
PA001433,2023-02-17 01:40:39,"Meditacao de manha, comecando o dia muito bem.",0.1152
PA001434,2023-02-17 03:24:50,"Vento agradavel hoje, aproveitei para caminhar no parque.",0.0196
PA001435,2023-02-17 03:52:44,"Fui de bike hoje, que exercicio agradavel de manha.",0.0752
PA001436,2023-02-17 04:29:30,"Pausa pro cafe com os colegas, bate-papo otimo.",0.0679
PA001437,2023-02-17 05:00:33,"Reuniao produtiva hoje, saimos com otimas ideias.",0.0765
PA001438,2023-02-17 07:06:50,"Serie nova incrivel, amei o primeiro episodio.",0.0601
PA001439,2023-02-17 08:26:53,"Livro excelente sobre ciencia de dados, recomendo muito.",0.1217
PA001440,2023-02-17 09:18:36,"Filme otimo ontem, fui ao cinema com a familia.",0.071
PA001441,2023-02-17 09:35:54,Brigadeiro de panela saiu incrivel hoje.,0.085
PA001442,2023-02-17 10:41:07,Que tarde relaxante lendo na rede.,0.079
PA001443,2023-02-17 11:42:30,"Reencontrei um amigo antigo por acaso, que alegria.",0.1156
PA001444,2023-02-17 12:05:43,"Tentei receita nova de bolo de cenoura, ficou fofinho.",0.0538
PA001445,2023-02-17 12:06:52,"Chuva passageira a tarde, depois o tempo abriu lindo.",0.0989
PA001446,2023-02-17 12:07:13,"Vento agradavel hoje, aproveitei para caminhar no parque.",0.1001
PA001447,2023-02-17 13:13:31,"Maratonei a temporada completa, valeu cada minuto.",0.0772
PA001448,2023-02-17 13:25:31,"Dia nublado mas tranquilo, bom para estudar sem distracao.",0.0867
PA001449,2023-02-17 15:52:35,"Configurei o home office com setup novo, otimo.",0.0575
PA001450,2023-02-17 16:03:41,Que tarde relaxante lendo na rede.,0.1401
PA001451,2023-02-17 16:20:39,"Natacao de manha, melhor inicio de dia possivel.",0.0559
PA001452,2023-02-17 17:39:18,"Praia tranquila, sol perfeito, descanso total.",0.1263
PA001453,2023-02-17 19:47:09,"Museu da cidade muito interessante, aprendi bastante.",0.0724
PA001454,2023-02-17 20:04:49,"Tarefa dificil concluida com sucesso, que satisfacao.",0.047
PA001455,2023-02-17 21:06:48,Feira de artesanato gostosa de passear.,0.0661
PA001456,2023-02-17 21:44:36,"Viagem de fim de semana para cidade historica, valeu.",0.0466
PA001457,2023-02-17 21:45:52,"Maratonei a temporada completa, valeu cada minuto.",0.0634
PA001458,2023-02-17 22:32:08,"Passeio com o cachorro no parque, ele adorou.",0.0016
PA001459,2023-02-17 23:32:13,"Viagem de fim de semana para cidade historica, valeu.",0.0849
PA001460,2023-02-17 23:33:48,"Minha mae fez feijao com arroz e linguica, classico perfeito.",0.2
PA001461,2023-02-18 00:17:16,"Maratonei a temporada completa, valeu cada minuto.",0.0599
PA001462,2023-02-18 00:30:53,"Acai gelado essa tarde, refrescante demais.",0.1251
PA001463,2023-02-18 03:00:11,"Filme otimo ontem, fui ao cinema com a familia.",0.1363
PA001464,2023-02-18 04:14:38,"Apresentacao correu muito bem, todos gostaram.",0.0764
PA001465,2023-02-18 04:35:42,"Meditacao de manha, comecando o dia muito bem.",0.0507
PA001466,2023-02-18 06:28:22,"Reencontrei um amigo antigo por acaso, que alegria.",0.1092
PA001467,2023-02-18 08:03:49,"Yoga pela manha, comecei o dia muito bem.",0.0602
PA001468,2023-02-18 08:14:16,Cafe da manha caprichado: tapioca com ovo e suco de laranja.,0.0928
PA001469,2023-02-18 11:07:34,App de produtividade novo que encontrei e otimo.,0.1099
PA001470,2023-02-18 12:14:55,"Musica nova do meu artista favorito, de outro nivel.",0.1645
PA001471,2023-02-18 12:38:10,"Novo celular chegou, a camera e impressionante.",0.0746
PA001472,2023-02-18 13:32:45,"Multa de transito injusta, vou recorrer.",0.6395
PA001473,2023-02-18 13:36:27,"Configurei o home office com setup novo, otimo.",0.1681
PA001474,2023-02-18 14:31:50,App de produtividade novo que encontrei e otimo.,0.0352
PA001475,2023-02-18 15:58:25,Tarde produtiva organizando e limpando a casa.,0.0986
PA001476,2023-02-18 16:00:51,Que tarde relaxante lendo na rede.,0.0774
PA001477,2023-02-18 16:06:09,"Meditacao de manha, comecando o dia muito bem.",0.1074
PA001478,2023-02-18 17:16:21,"Natacao de manha, melhor inicio de dia possivel.",0.0058
PA001479,2023-02-18 19:00:40,"Fui num restaurante novo, a pizza estava espetacular.",0.0595
PA001480,2023-02-18 20:10:25,"Trilha ecologica incrivel, natureza pura.",0.1502
PA001481,2023-02-18 20:24:44,"Consegui estacionamento logo de cara, dia de sorte mesmo.",0.0704
PA001482,2023-02-18 21:59:28,Cafe da manha caprichado: tapioca com ovo e suco de laranja.,0.197
PA001483,2023-02-18 23:41:05,"Filme otimo ontem, fui ao cinema com a familia.",0.1043
PA001484,2023-02-19 00:01:08,"Viagem de fim de semana para cidade historica, valeu.",0.1567
PA001485,2023-02-19 00:45:30,Caminhada ate a estacao foi otima hoje.,0.1232
PA001486,2023-02-19 01:15:48,"Pausa pro cafe com os colegas, bate-papo otimo.",0.0491
PA001487,2023-02-19 01:24:34,"Academia hoje, treino puxado mas valeu muito.",0.1171
PA001488,2023-02-19 01:27:46,"Tarefa dificil concluida com sucesso, que satisfacao.",0.1088
PA001489,2023-02-19 01:37:23,"O outono chegou cedo esse ano, que frio gostoso de manha.",0.1594
PA001490,2023-02-19 02:49:19,"Trilha ecologica incrivel, natureza pura.",0.0964
PA001491,2023-02-19 06:21:20,"Vento agradavel hoje, aproveitei para caminhar no parque.",0.098
PA001492,2023-02-19 06:33:44,Feira de artesanato gostosa de passear.,0.151
PA001493,2023-02-19 06:56:36,Caminhada ate a estacao foi otima hoje.,0.1015
PA001494,2023-02-19 09:48:47,Leitura no jardim com tempo agradavel.,0.0651
PA001495,2023-02-19 10:36:21,"Chuva passageira a tarde, depois o tempo abriu lindo.",0.0765
PA001496,2023-02-19 10:51:02,"Pipoca e serie boa na sexta, programa perfeito.",0.0444
PA001497,2023-02-19 11:22:24,Leitura no jardim com tempo agradavel.,0.0863
PA001498,2023-02-19 11:54:58,"Trilha ecologica incrivel, natureza pura.",0.0778
PA001499,2023-02-19 14:03:50,"Que calor hoje, tive que ligar o ar condicionado logo cedo.",0.0957
PA001500,2023-02-19 14:45:47,"Meditacao de manha, comecando o dia muito bem.",0.1017
PA001501,2023-02-19 14:49:54,"Musica nova do meu artista favorito, de outro nivel.",0.0
PA001502,2023-02-19 15:05:32,"Teatro incrivel ontem, peca muito bem dirigida.",0.0284
PA001503,2023-02-19 15:30:07,"Praia tranquila, sol perfeito, descanso total.",0.0
PA001504,2023-02-19 16:04:38,"Yoga pela manha, comecei o dia muito bem.",0.0955
PA001505,2023-02-19 17:13:03,"Pipoca e serie boa na sexta, programa perfeito.",0.0311
PA001506,2023-02-19 17:37:07,"Passei na certificacao, muito feliz com o resultado.",0.0236
PA001507,2023-02-19 17:54:32,"Praia tranquila, sol perfeito, descanso total.",0.0476
PA001508,2023-02-19 18:06:47,"Metro bem tranquilo essa manha, cheguei bem.",0.1178
PA001509,2023-02-19 18:10:23,Que tarde relaxante lendo na rede.,0.0395
PA001510,2023-02-19 19:39:23,"Serie nova incrivel, amei o primeiro episodio.",0.0463
PA001511,2023-02-19 20:00:37,"Acai gelado essa tarde, refrescante demais.",0.0765
PA001512,2023-02-19 23:50:39,"Passeio no interior no fim de semana, natureza linda.",0.1768
PA001513,2023-02-20 04:52:15,Jogo novo me viciou de um jeito bom.,0.1134
PA001514,2023-02-20 05:59:01,"Metro bem tranquilo essa manha, cheguei bem.",0.1239
PA001515,2023-02-20 10:45:29,"Churrasco com a familia no final de semana, delicioso.",0.1337
PA001516,2023-02-20 11:11:44,Tarde produtiva organizando e limpando a casa.,0.167
PA001517,2023-02-20 11:35:15,"Onibus chegou no horario hoje, que surpresa agradavel.",0.0524
PA001518,2023-02-20 12:03:01,"Pipoca e serie boa na sexta, programa perfeito.",0.0671
PA001519,2023-02-20 12:15:46,"Minha mae fez feijao com arroz e linguica, classico perfeito.",0.1001
PA001520,2023-02-20 12:40:14,Atualizacao deixou o sistema muito mais rapido.,0.1007
PA001521,2023-02-20 12:42:59,"Choveu a tarde toda, dia perfeito pra ficar em casa lendo.",0.0962
PA001522,2023-02-20 13:40:18,"Passeio com o cachorro no parque, ele adorou.",0.0591
PA001523,2023-02-20 14:14:24,"Que calor hoje, tive que ligar o ar condicionado logo cedo.",0.0099
PA001524,2023-02-20 14:19:28,"Configurei o home office com setup novo, otimo.",0.0006
PA001525,2023-02-20 15:25:15,"Fui de bike hoje, que exercicio agradavel de manha.",0.1809
PA001526,2023-02-20 16:04:03,"Almoco incrivel hoje, fiz lasanha caseira do zero.",0.077
PA001527,2023-02-20 16:27:02,"Dia nublado mas tranquilo, bom para estudar sem distracao.",0.0591
PA001528,2023-02-20 17:04:09,"Biblioteca da universidade, ambiente otimo para estudar.",0.0715
PA001529,2023-02-20 17:25:26,"Testei IA para ajudar com codigo, funcionou bem.",0.096
PA001530,2023-02-20 18:07:08,"Estudando para a prova de amanha, bem concentrado.",0.0601
PA001531,2023-02-20 18:07:17,Semana intensa mas muito satisfatoria no trabalho.,0.0251
PA001532,2023-02-20 18:39:18,"Praia tranquila, sol perfeito, descanso total.",0.1117
PA001533,2023-02-20 19:35:39,"Testei IA para ajudar com codigo, funcionou bem.",0.1837
PA001534,2023-02-20 20:36:06,"Cuidando das plantas em casa, muito terapeutico.",0.0791
PA001535,2023-02-20 21:12:14,"Estrada livre, cheguei no trabalho rapido hoje.",0.0315
PA001536,2023-02-20 21:23:52,Tarde produtiva organizando e limpando a casa.,0.0541
PA001537,2023-02-20 21:54:20,"Academia hoje, treino puxado mas valeu muito.",0.0709
PA001538,2023-02-20 22:30:51,"Que calor hoje, tive que ligar o ar condicionado logo cedo.",0.0826
PA001539,2023-02-20 22:43:04,Brigadeiro de panela saiu incrivel hoje.,0.08
PA001540,2023-02-20 23:09:08,"Biblioteca da universidade, ambiente otimo para estudar.",0.1152
PA001541,2023-02-21 00:27:01,"Apresentacao correu muito bem, todos gostaram.",0.0557
PA001542,2023-02-21 00:42:48,"Passeio no interior no fim de semana, natureza linda.",0.1207
PA001543,2023-02-21 01:43:13,Leitura no jardim com tempo agradavel.,0.0896
PA001544,2023-02-21 02:01:52,"Onibus chegou no horario hoje, que surpresa agradavel.",0.0215
PA001545,2023-02-21 02:18:13,"Tarefa dificil concluida com sucesso, que satisfacao.",0.0
PA001546,2023-02-21 04:54:11,"Domingo em familia, melhor dia da semana.",0.1788
PA001547,2023-02-21 06:17:05,"Configurei o home office com setup novo, otimo.",0.0744
PA001548,2023-02-21 06:49:35,"Volei com os amigos, muita risada e diversao.",0.0972
PA001549,2023-02-21 08:55:21,Grupo de estudos foi muito produtivo hoje.,0.0739
PA001550,2023-02-21 10:16:15,"Acai gelado essa tarde, refrescante demais.",0.1029
PA001551,2023-02-21 13:45:14,Tarde produtiva organizando e limpando a casa.,0.1475
PA001552,2023-02-21 14:00:47,"Yoga pela manha, comecei o dia muito bem.",0.0458
PA001553,2023-02-21 15:11:10,Grupo de estudos foi muito produtivo hoje.,0.1201
PA001554,2023-02-21 15:17:18,Brigadeiro de panela saiu incrivel hoje.,0.0836
PA001555,2023-02-21 16:25:19,"Choveu a tarde toda, dia perfeito pra ficar em casa lendo.",0.0773
PA001556,2023-02-21 16:39:20,"Meditacao de manha, comecando o dia muito bem.",0.0662
PA001557,2023-02-21 17:34:26,App de produtividade novo que encontrei e otimo.,0.1089
PA001558,2023-02-21 17:39:30,Feira de artesanato gostosa de passear.,0.1008
PA001559,2023-02-21 19:34:40,Terminei o trabalho da faculdade com antecedencia.,0.0504
PA001560,2023-02-21 22:06:29,"Museu da cidade muito interessante, aprendi bastante.",0.1398
PA001561,2023-02-21 22:19:45,Atualizacao deixou o sistema muito mais rapido.,0.0
PA001562,2023-02-21 22:52:06,"Fui num restaurante novo, a pizza estava espetacular.",0.0267
PA001563,2023-02-21 23:15:19,Atualizacao deixou o sistema muito mais rapido.,0.0467
PA001564,2023-02-22 02:06:07,"Vento agradavel hoje, aproveitei para caminhar no parque.",0.0934
PA001565,2023-02-22 02:07:10,"Almoco incrivel hoje, fiz lasanha caseira do zero.",0.0695
PA001566,2023-02-22 02:19:43,"Dia nublado mas tranquilo, bom para estudar sem distracao.",0.0157
PA001567,2023-02-22 02:49:40,Finalmente entendi aquele conceito que me travava.,0.0868
PA001568,2023-02-22 03:17:36,"Musica nova do meu artista favorito, de outro nivel.",0.0
PA001569,2023-02-22 04:25:29,Brigadeiro de panela saiu incrivel hoje.,0.0
PA001570,2023-02-22 04:44:08,"Almoco incrivel hoje, fiz lasanha caseira do zero.",0.087
PA001571,2023-02-22 05:22:09,"Saturado desse emprego, preciso mudar de vida.",0.6712
PA001572,2023-02-22 05:54:33,"Metro bem tranquilo essa manha, cheguei bem.",0.0368
PA001573,2023-02-22 06:28:46,"Apresentacao correu muito bem, todos gostaram.",0.0535
PA001574,2023-02-22 07:02:42,"Chuva passageira a tarde, depois o tempo abriu lindo.",0.1311
PA001575,2023-02-22 08:42:11,Grupo de estudos foi muito produtivo hoje.,0.1267
PA001576,2023-02-22 10:26:35,Finalmente entendi aquele conceito que me travava.,0.142
PA001577,2023-02-22 10:53:15,"Musica nova do meu artista favorito, de outro nivel.",0.1347
PA001578,2023-02-22 10:58:49,"Vento agradavel hoje, aproveitei para caminhar no parque.",0.1147
PA001579,2023-02-22 11:01:55,Jogo novo me viciou de um jeito bom.,0.1489
PA001580,2023-02-22 11:47:12,"Biblioteca da universidade, ambiente otimo para estudar.",0.0543
PA001581,2023-02-22 13:09:58,Show ao vivo incrivel no fim de semana.,0.0821
PA001582,2023-02-22 15:13:42,"Sol lindo hoje, cafe na varanda foi otimo.",0.1751
PA001583,2023-02-22 15:53:38,"Minha mae fez feijao com arroz e linguica, classico perfeito.",0.0106
PA001584,2023-02-22 17:27:37,"Fechei projeto importante essa semana, que alegria.",0.1166
PA001585,2023-02-22 17:45:52,Atualizacao deixou o sistema muito mais rapido.,0.1079
PA001586,2023-02-22 18:48:58,Feira de artesanato gostosa de passear.,0.0904
PA001587,2023-02-22 19:13:00,"Configurei o home office com setup novo, otimo.",0.0419
PA001588,2023-02-22 19:34:57,"Biblioteca da universidade, ambiente otimo para estudar.",0.0839
PA001589,2023-02-22 20:02:39,"Museu da cidade muito interessante, aprendi bastante.",0.0086
PA001590,2023-02-22 20:27:34,"Volei com os amigos, muita risada e diversao.",0.0444
PA001591,2023-02-22 21:02:22,Grupo de estudos foi muito produtivo hoje.,0.0027
PA001592,2023-02-22 21:16:29,"Choveu a tarde toda, dia perfeito pra ficar em casa lendo.",0.025
PA001593,2023-02-22 21:25:15,"Livro excelente sobre ciencia de dados, recomendo muito.",0.009
PA001594,2023-02-22 23:28:57,Grupo de estudos foi muito produtivo hoje.,0.1323
PA001595,2023-02-23 00:07:32,"Corri 5km de manha, semana otima de treino.",0.0867
PA001596,2023-02-23 01:09:58,Brigadeiro de panela saiu incrivel hoje.,0.0796
PA001597,2023-02-23 01:54:13,"Museu da cidade muito interessante, aprendi bastante.",0.1146
PA001598,2023-02-23 02:29:58,"Estudando para a prova de amanha, bem concentrado.",0.0566
PA001599,2023-02-23 02:54:11,"Sol lindo hoje, cafe na varanda foi otimo.",0.145
PA001600,2023-02-23 02:56:42,"Estrada livre, cheguei no trabalho rapido hoje.",0.1244
PA001601,2023-02-23 04:57:19,Leitura no jardim com tempo agradavel.,0.0842
PA001602,2023-02-23 06:44:34,"Preco de tudo subindo e salario parado, e muita coisa.",0.6864
PA001603,2023-02-23 07:42:49,Aula incrivel sobre estatistica aplicada hoje.,0.1219
PA001604,2023-02-23 08:02:06,"Que calor hoje, tive que ligar o ar condicionado logo cedo.",0.1563
PA001605,2023-02-23 08:32:32,"Fui de bike hoje, que exercicio agradavel de manha.",0.1337
PA001606,2023-02-23 08:40:23,"Que frustracao, meu time perdeu mais uma vez.",0.6115
PA001607,2023-02-23 09:07:13,Atualizacao deixou o sistema muito mais rapido.,0.0094
PA001608,2023-02-23 09:25:11,"Novo celular chegou, a camera e impressionante.",0.2
PA001609,2023-02-23 10:00:36,"Praia tranquila, sol perfeito, descanso total.",0.0163
PA001610,2023-02-23 10:25:14,Aplicativo de carona funcionou perfeitamente.,0.0807
PA001611,2023-02-23 11:59:51,"Consegui estacionamento logo de cara, dia de sorte mesmo.",0.0395
PA001612,2023-02-23 13:00:53,Aula incrivel sobre estatistica aplicada hoje.,0.0874
PA001613,2023-02-23 15:44:10,"Fechei projeto importante essa semana, que alegria.",0.1019
PA001614,2023-02-23 16:08:46,"Sol lindo hoje, cafe na varanda foi otimo.",0.0631
PA001615,2023-02-23 19:54:44,"Trilha ecologica incrivel, natureza pura.",0.1515
PA001616,2023-02-23 19:59:42,"Acai gelado essa tarde, refrescante demais.",0.0853
PA001617,2023-02-23 20:34:34,App de produtividade novo que encontrei e otimo.,0.1263
PA001618,2023-02-23 22:44:31,"Minha mae fez feijao com arroz e linguica, classico perfeito.",0.1129
PA001619,2023-02-23 23:28:13,"Estudando para a prova de amanha, bem concentrado.",0.0
PA001620,2023-02-24 00:39:35,"Plantei temperos na sacada, que satisfacao.",0.0749
PA001621,2023-02-24 01:51:49,"O outono chegou cedo esse ano, que frio gostoso de manha.",0.0
PA001622,2023-02-24 01:59:07,Caminhada ate a estacao foi otima hoje.,0.0546
PA001623,2023-02-24 02:36:30,"Passeio no interior no fim de semana, natureza linda.",0.1329
PA001624,2023-02-24 03:00:16,"Biblioteca da universidade, ambiente otimo para estudar.",0.0089
PA001625,2023-02-24 03:24:10,"Reencontrei um amigo antigo por acaso, que alegria.",0.0416
PA001626,2023-02-24 04:00:40,"Academia hoje, treino puxado mas valeu muito.",0.038
PA001627,2023-02-24 05:21:20,"Meu time ganhou hoje, que jogo bonito foi.",0.057
PA001628,2023-02-24 05:41:14,Leitura no jardim com tempo agradavel.,0.0024
PA001629,2023-02-24 06:10:42,"Museu da cidade muito interessante, aprendi bastante.",0.1156
PA001630,2023-02-24 07:15:00,"Biblioteca da universidade, ambiente otimo para estudar.",0.1398
PA001631,2023-02-24 09:01:50,"Pipoca e serie boa na sexta, programa perfeito.",0.0497
PA001632,2023-02-24 10:07:57,Caminhada ate a estacao foi otima hoje.,0.1196
PA001633,2023-02-24 10:20:58,"Vento agradavel hoje, aproveitei para caminhar no parque.",0.0533
PA001634,2023-02-24 10:34:05,"Maratonei a temporada completa, valeu cada minuto.",0.0777
PA001635,2023-02-24 11:23:47,"Natacao de manha, melhor inicio de dia possivel.",0.0868
PA001636,2023-02-24 11:47:58,"Viagem de fim de semana para cidade historica, valeu.",0.0556
PA001637,2023-02-24 12:55:22,"Que calor hoje, tive que ligar o ar condicionado logo cedo.",0.0592
PA001638,2023-02-24 13:35:27,"Consegui estacionamento logo de cara, dia de sorte mesmo.",0.1415
PA001639,2023-02-24 15:22:45,Aplicativo de carona funcionou perfeitamente.,0.1149
PA001640,2023-02-24 16:47:35,Finalmente entendi aquele conceito que me travava.,0.0937
PA001641,2023-02-24 18:03:51,"Reencontrei um amigo antigo por acaso, que alegria.",0.0
PA001642,2023-02-24 19:18:06,"Meu time ganhou hoje, que jogo bonito foi.",0.0942
PA001643,2023-02-24 20:27:24,"Teatro incrivel ontem, peca muito bem dirigida.",0.1136
PA001644,2023-02-24 21:06:26,"Novo celular chegou, a camera e impressionante.",0.0851
PA001645,2023-02-24 21:18:45,"Sopa de legumes no frio, reconfortante e gostosa.",0.0447
PA001646,2023-02-24 23:25:05,Brigadeiro de panela saiu incrivel hoje.,0.0235
PA001647,2023-02-25 00:14:19,"Volei com os amigos, muita risada e diversao.",0.0963
PA001648,2023-02-25 00:18:29,"Vento agradavel hoje, aproveitei para caminhar no parque.",0.181
PA001649,2023-02-25 00:39:30,Show ao vivo incrivel no fim de semana.,0.0443
PA001650,2023-02-25 01:27:50,"Dia nublado mas tranquilo, bom para estudar sem distracao.",0.0917
PA001651,2023-02-25 01:37:02,"Serie nova incrivel, amei o primeiro episodio.",0.1054
PA001652,2023-02-25 01:51:49,"Pausa pro cafe com os colegas, bate-papo otimo.",0.1303
PA001653,2023-02-25 02:43:32,"Aprendi receita nova no youtube, ficou otimo.",0.0628
PA001654,2023-02-25 04:25:13,"Churrasco com a familia no final de semana, delicioso.",0.0091
PA001655,2023-02-25 04:33:11,"Cuidando das plantas em casa, muito terapeutico.",0.011
PA001656,2023-02-25 06:33:48,Caminhada ate a estacao foi otima hoje.,0.0204
PA001657,2023-02-25 06:41:36,"Volei com os amigos, muita risada e diversao.",0.0966
PA001658,2023-02-25 07:01:41,"Plantei temperos na sacada, que satisfacao.",0.0636
PA001659,2023-02-25 08:08:30,"Reuniao produtiva hoje, saimos com otimas ideias.",0.0
PA001660,2023-02-25 08:15:50,Que tarde relaxante lendo na rede.,0.0498
PA001661,2023-02-25 08:47:10,"Minha mae fez feijao com arroz e linguica, classico perfeito.",0.1342
PA001662,2023-02-25 09:17:47,Grupo de estudos foi muito produtivo hoje.,0.0419
PA001663,2023-02-25 09:47:35,"Pipoca e serie boa na sexta, programa perfeito.",0.0198
PA001664,2023-02-25 10:16:17,"Passei na certificacao, muito feliz com o resultado.",0.0523
PA001665,2023-02-25 10:21:23,Jogo novo me viciou de um jeito bom.,0.0
PA001666,2023-02-25 10:57:50,"Almoco incrivel hoje, fiz lasanha caseira do zero.",0.028
PA001667,2023-02-25 11:14:53,"Domingo em familia, melhor dia da semana.",0.1364
PA001668,2023-02-25 11:55:07,Cafe da manha caprichado: tapioca com ovo e suco de laranja.,0.0914
PA001669,2023-02-25 12:32:13,"Livro excelente sobre ciencia de dados, recomendo muito.",0.0098
PA001670,2023-02-25 13:07:06,"Museu da cidade muito interessante, aprendi bastante.",0.1065
PA001671,2023-02-25 14:19:06,"Passei na certificacao, muito feliz com o resultado.",0.1259
PA001672,2023-02-25 15:07:18,"Passeio no interior no fim de semana, natureza linda.",0.0762
PA001673,2023-02-25 16:22:22,Caminhada ate a estacao foi otima hoje.,0.0018
PA001674,2023-02-25 16:40:34,"Meditacao de manha, comecando o dia muito bem.",0.1034
PA001675,2023-02-25 17:17:17,"Estudando para a prova de amanha, bem concentrado.",0.0463
PA001676,2023-02-25 18:38:36,Aula incrivel sobre estatistica aplicada hoje.,0.0982
PA001677,2023-02-25 18:40:36,"Churrasco com a familia no final de semana, delicioso.",0.1778
PA001678,2023-02-25 21:00:44,"Sol lindo hoje, cafe na varanda foi otimo.",0.0493
PA001679,2023-02-25 23:52:38,"Configurei o home office com setup novo, otimo.",0.0303
PA001680,2023-02-25 23:59:43,"Reuniao produtiva hoje, saimos com otimas ideias.",0.0777
PA001681,2023-02-26 00:24:26,"Serie nova incrivel, amei o primeiro episodio.",0.091
PA001682,2023-02-26 00:25:55,"Filme otimo ontem, fui ao cinema com a familia.",0.0182
PA001683,2023-02-26 02:12:10,"Acai gelado essa tarde, refrescante demais.",0.0374
PA001684,2023-02-26 05:22:35,"Dia nublado mas tranquilo, bom para estudar sem distracao.",0.0787
PA001685,2023-02-26 08:04:22,"Testei IA para ajudar com codigo, funcionou bem.",0.0
PA001686,2023-02-26 09:21:34,"Cuidando das plantas em casa, muito terapeutico.",0.0346
PA001687,2023-02-26 10:16:13,"Biblioteca da universidade, ambiente otimo para estudar.",0.0727
PA001688,2023-02-26 11:35:04,Brigadeiro de panela saiu incrivel hoje.,0.1434
PA001689,2023-02-26 12:07:02,Aula incrivel sobre estatistica aplicada hoje.,0.1421
PA001690,2023-02-26 14:35:48,"Viagem de fim de semana para cidade historica, valeu.",0.1592
PA001691,2023-02-26 15:14:52,"Meu time ganhou hoje, que jogo bonito foi.",0.0293
PA001692,2023-02-26 15:27:27,"Viagem de fim de semana para cidade historica, valeu.",0.0139
PA001693,2023-02-26 16:23:04,"Musica nova do meu artista favorito, de outro nivel.",0.1053
PA001694,2023-02-26 17:06:35,"Choveu a tarde toda, dia perfeito pra ficar em casa lendo.",0.0505
PA001695,2023-02-26 17:55:01,Cafe da manha caprichado: tapioca com ovo e suco de laranja.,0.1119
PA001696,2023-02-26 18:09:58,"Padaria da esquina lancou sabor novo, recomendo.",0.0636
PA001697,2023-02-26 18:30:22,Grupo de estudos foi muito produtivo hoje.,0.0937
PA001698,2023-02-26 21:17:48,"Meu time ganhou hoje, que jogo bonito foi.",0.0
PA001699,2023-02-26 21:22:50,"Praia tranquila, sol perfeito, descanso total.",0.059
PA001700,2023-02-26 22:01:05,"Home office com cafe fresquinho do lado, otimo.",0.1065
PA001701,2023-02-26 23:13:09,"Passeio com o cachorro no parque, ele adorou.",0.0811
PA001702,2023-02-27 00:42:48,Leitura no jardim com tempo agradavel.,0.1368
PA001703,2023-02-27 00:57:10,Jogo novo me viciou de um jeito bom.,0.0671
PA001704,2023-02-27 01:25:01,"Reuniao produtiva hoje, saimos com otimas ideias.",0.0234
PA001705,2023-02-27 05:19:28,Semana intensa mas muito satisfatoria no trabalho.,0.1542
PA001706,2023-02-27 05:35:00,"Volei com os amigos, muita risada e diversao.",0.0971
PA001707,2023-02-27 05:48:52,Cafe da manha caprichado: tapioca com ovo e suco de laranja.,0.2
PA001708,2023-02-27 05:51:44,"Fui num restaurante novo, a pizza estava espetacular.",0.0
PA001709,2023-02-27 06:44:58,"Estrada livre, cheguei no trabalho rapido hoje.",0.1257
PA001710,2023-02-27 07:00:18,"Plantei temperos na sacada, que satisfacao.",0.102
PA001711,2023-02-27 10:45:11,"Churrasco com a familia no final de semana, delicioso.",0.0517
PA001712,2023-02-27 12:52:48,"Consegui estacionamento logo de cara, dia de sorte mesmo.",0.07
PA001713,2023-02-27 15:07:34,Brigadeiro de panela saiu incrivel hoje.,0.1229
PA001714,2023-02-27 15:08:18,Jogo novo me viciou de um jeito bom.,0.1073
PA001715,2023-02-27 15:53:40,"Sol lindo hoje, cafe na varanda foi otimo.",0.0305
PA001716,2023-02-27 16:14:03,"Choveu a tarde toda, dia perfeito pra ficar em casa lendo.",0.1242
PA001717,2023-02-27 16:40:19,"Cuidando das plantas em casa, muito terapeutico.",0.0672
PA001718,2023-02-27 17:14:58,"Acai gelado essa tarde, refrescante demais.",0.0961
PA001719,2023-02-27 18:06:43,Que tarde relaxante lendo na rede.,0.1864
PA001720,2023-02-27 18:13:54,"Serie nova incrivel, amei o primeiro episodio.",0.155
PA001721,2023-02-27 19:25:48,"Internet caindo toda hora, impossivel trabalhar assim.",0.9257
PA001722,2023-02-27 19:39:57,Jogo novo me viciou de um jeito bom.,0.1198
PA001723,2023-02-27 21:02:18,"Onibus chegou no horario hoje, que surpresa agradavel.",0.0559
PA001724,2023-02-27 21:09:14,"Notebook novo chegou, que desempenho incrivel.",0.0706
PA001725,2023-02-27 21:26:57,"O outono chegou cedo esse ano, que frio gostoso de manha.",0.0482
PA001726,2023-02-27 22:50:51,"Filme otimo ontem, fui ao cinema com a familia.",0.1282
PA001727,2023-02-27 22:52:42,Finalmente entendi aquele conceito que me travava.,0.2
PA001728,2023-02-27 23:40:32,Podcast sobre tecnologia muito interessante.,0.0
PA001729,2023-02-28 00:31:35,"Fui de bike hoje, que exercicio agradavel de manha.",0.1212
PA001730,2023-02-28 00:38:00,Que tarde relaxante lendo na rede.,0.0576
PA001731,2023-02-28 01:40:21,"Fui de bike hoje, que exercicio agradavel de manha.",0.0748
PA001732,2023-02-28 04:03:23,"O outono chegou cedo esse ano, que frio gostoso de manha.",0.076
PA001733,2023-02-28 04:05:01,"Reuniao produtiva hoje, saimos com otimas ideias.",0.0944
PA001734,2023-02-28 04:08:39,"Testei IA para ajudar com codigo, funcionou bem.",0.0464
PA001735,2023-02-28 06:53:13,"Testei IA para ajudar com codigo, funcionou bem.",0.0844
PA001736,2023-02-28 07:52:36,"Meditacao de manha, comecando o dia muito bem.",0.0469
PA001737,2023-02-28 08:12:01,"Consegui estacionamento logo de cara, dia de sorte mesmo.",0.0476
PA001738,2023-02-28 08:55:15,"Passeio no interior no fim de semana, natureza linda.",0.0616
PA001739,2023-02-28 09:40:00,"Sol lindo hoje, cafe na varanda foi otimo.",0.164
PA001740,2023-02-28 11:49:33,"Choveu a tarde toda, dia perfeito pra ficar em casa lendo.",0.1102
PA001741,2023-02-28 12:09:25,"Meu time ganhou hoje, que jogo bonito foi.",0.1075
PA001742,2023-02-28 12:23:52,"Reencontrei um amigo antigo por acaso, que alegria.",0.0042
PA001743,2023-02-28 13:59:18,"Tentei receita nova de bolo de cenoura, ficou fofinho.",0.1102
PA001744,2023-02-28 15:35:53,"Fechei projeto importante essa semana, que alegria.",0.1243
PA001745,2023-02-28 15:55:29,"Trilha ecologica incrivel, natureza pura.",0.0982
PA001746,2023-02-28 18:39:56,"Volei com os amigos, muita risada e diversao.",0.0582
PA001747,2023-02-28 18:56:44,"Meu time ganhou hoje, que jogo bonito foi.",0.073
PA001748,2023-02-28 19:05:43,"Fechei projeto importante essa semana, que alegria.",0.0952
PA001749,2023-02-28 20:51:53,App de produtividade novo que encontrei e otimo.,0.0389
PA001750,2023-02-28 22:17:29,"Sol lindo hoje, cafe na varanda foi otimo.",0.0
PA001751,2023-02-28 22:29:16,"Passeio com o cachorro no parque, ele adorou.",0.0187
PA001752,2023-03-01 00:36:50,Finalmente entendi aquele conceito que me travava.,0.0761
PA001753,2023-03-01 01:39:43,"Fui num restaurante novo, a pizza estava espetacular.",0.1341
PA001754,2023-03-01 02:15:33,"Pipoca e serie boa na sexta, programa perfeito.",0.1319
PA001755,2023-03-01 02:16:46,"Almoco incrivel hoje, fiz lasanha caseira do zero.",0.1639
PA001756,2023-03-01 06:02:53,"Museu da cidade muito interessante, aprendi bastante.",0.1446
PA001757,2023-03-01 06:31:03,"Tentei receita nova de bolo de cenoura, ficou fofinho.",0.1527
PA001758,2023-03-01 07:44:13,Que manha fresca e agradavel para uma caminhada.,0.0826
PA001759,2023-03-01 12:24:23,"Maratonei a temporada completa, valeu cada minuto.",0.0954
PA001760,2023-03-01 12:33:15,"Churrasco com a familia no final de semana, delicioso.",0.0774
PA001761,2023-03-01 13:35:22,"Padaria da esquina lancou sabor novo, recomendo.",0.0721
PA001762,2023-03-01 14:10:29,"Padaria da esquina lancou sabor novo, recomendo.",0.0542
PA001763,2023-03-01 14:39:12,Atualizacao deixou o sistema muito mais rapido.,0.0234
PA001764,2023-03-01 14:44:51,"O outono chegou cedo esse ano, que frio gostoso de manha.",0.0471
PA001765,2023-03-01 15:14:10,"Apresentacao correu muito bem, todos gostaram.",0.0199
PA001766,2023-03-01 15:39:12,"Passei na certificacao, muito feliz com o resultado.",0.0723
PA001767,2023-03-01 17:12:59,Tarde produtiva organizando e limpando a casa.,0.0542
PA001768,2023-03-01 19:04:54,"Choveu a tarde toda, dia perfeito pra ficar em casa lendo.",0.0654
PA001769,2023-03-01 19:20:26,"Fui de bike hoje, que exercicio agradavel de manha.",0.0121
PA001770,2023-03-01 21:12:27,App de produtividade novo que encontrei e otimo.,0.0
PA001771,2023-03-01 21:15:00,"Aprendi receita nova no youtube, ficou otimo.",0.0539
PA001772,2023-03-01 23:57:36,Terminei o trabalho da faculdade com antecedencia.,0.0122
PA001773,2023-03-01 23:58:43,"Padaria da esquina lancou sabor novo, recomendo.",0.0459
PA001774,2023-03-02 02:37:49,Podcast sobre tecnologia muito interessante.,0.1571
PA001775,2023-03-02 03:25:15,"Livro excelente sobre ciencia de dados, recomendo muito.",0.1475
PA001776,2023-03-02 03:54:37,"O outono chegou cedo esse ano, que frio gostoso de manha.",0.0162
PA001777,2023-03-02 05:12:00,"Testei IA para ajudar com codigo, funcionou bem.",0.0631
PA001778,2023-03-02 06:19:44,Tarde produtiva organizando e limpando a casa.,0.0
PA001779,2023-03-02 08:04:27,"Reencontrei um amigo antigo por acaso, que alegria.",0.0
PA001780,2023-03-02 08:22:22,"Estudando para a prova de amanha, bem concentrado.",0.0483
PA001781,2023-03-02 10:15:34,Que manha fresca e agradavel para uma caminhada.,0.0592
PA001782,2023-03-02 11:20:09,"Churrasco com a familia no final de semana, delicioso.",0.1381
PA001783,2023-03-02 11:56:57,"Apresentacao correu muito bem, todos gostaram.",0.0195
PA001784,2023-03-02 12:24:23,"Novo celular chegou, a camera e impressionante.",0.0967
PA001785,2023-03-02 12:35:45,"Metro bem tranquilo essa manha, cheguei bem.",0.1826
PA001786,2023-03-02 12:48:42,"Chuva passageira a tarde, depois o tempo abriu lindo.",0.1261
PA001787,2023-03-02 13:06:43,"Musica nova do meu artista favorito, de outro nivel.",0.1088
PA001788,2023-03-02 14:08:54,Jantar simples mas gostoso com a familia.,0.0956
PA001789,2023-03-02 14:15:46,"Calor absurdo com falta de agua, descaso total.",0.4059
PA001790,2023-03-02 14:52:26,Tarde produtiva organizando e limpando a casa.,0.0655
PA001791,2023-03-02 15:29:12,"Almoco incrivel hoje, fiz lasanha caseira do zero.",0.117
PA001792,2023-03-02 17:55:18,Jantar simples mas gostoso com a familia.,0.0318
PA001793,2023-03-02 18:35:17,Show ao vivo incrivel no fim de semana.,0.0395
PA001794,2023-03-02 18:47:13,"Chuva passageira a tarde, depois o tempo abriu lindo.",0.0947
PA001795,2023-03-02 20:16:39,"Passeio no interior no fim de semana, natureza linda.",0.0866
PA001796,2023-03-03 00:37:46,"Cuidando das plantas em casa, muito terapeutico.",0.0468
PA001797,2023-03-03 00:39:28,"Volei com os amigos, muita risada e diversao.",0.1487
PA001798,2023-03-03 00:58:41,"Fui de bike hoje, que exercicio agradavel de manha.",0.089
PA001799,2023-03-03 04:27:37,"Passeio com o cachorro no parque, ele adorou.",0.0427
PA001800,2023-03-03 04:39:44,"Domingo em familia, melhor dia da semana.",0.0099
PA001801,2023-03-03 04:48:15,"Serie nova incrivel, amei o primeiro episodio.",0.0775
PA001802,2023-03-03 05:31:11,"Estudando para a prova de amanha, bem concentrado.",0.0072
PA001803,2023-03-03 07:08:38,"Meditacao de manha, comecando o dia muito bem.",0.0362
PA001804,2023-03-03 07:12:10,"Metro bem tranquilo essa manha, cheguei bem.",0.1265
PA001805,2023-03-03 08:08:41,Brigadeiro de panela saiu incrivel hoje.,0.0799
PA001806,2023-03-03 08:20:47,Show ao vivo incrivel no fim de semana.,0.0705
PA001807,2023-03-03 08:30:30,"O outono chegou cedo esse ano, que frio gostoso de manha.",0.0409
PA001808,2023-03-03 10:44:15,"Padaria da esquina lancou sabor novo, recomendo.",0.0109
PA001809,2023-03-03 11:25:19,Que manha fresca e agradavel para uma caminhada.,0.0765
PA001810,2023-03-03 12:06:03,"Chuva passageira a tarde, depois o tempo abriu lindo.",0.0799
PA001811,2023-03-03 13:18:58,"Livro excelente sobre ciencia de dados, recomendo muito.",0.0725
PA001812,2023-03-03 14:39:54,"Pausa pro cafe com os colegas, bate-papo otimo.",0.0572
PA001813,2023-03-03 18:11:33,"Testei IA para ajudar com codigo, funcionou bem.",0.0423
PA001814,2023-03-03 18:24:01,"Padaria da esquina lancou sabor novo, recomendo.",0.0465
PA001815,2023-03-03 18:34:30,"Tentei receita nova de bolo de cenoura, ficou fofinho.",0.1357
PA001816,2023-03-03 18:53:44,Pedalada de tarde com vista incrivel do parque.,0.0698
PA001817,2023-03-03 20:03:12,"Novo celular chegou, a camera e impressionante.",0.0544
PA001818,2023-03-03 21:09:50,"Teatro incrivel ontem, peca muito bem dirigida.",0.0728
PA001819,2023-03-03 21:32:44,"Dia nublado mas tranquilo, bom para estudar sem distracao.",0.106
PA001820,2023-03-03 21:44:33,"Passeio no interior no fim de semana, natureza linda.",0.0312
PA001821,2023-03-03 21:50:41,"Passei na certificacao, muito feliz com o resultado.",0.0736
PA001822,2023-03-03 22:48:49,Tarde produtiva organizando e limpando a casa.,0.0483
PA001823,2023-03-03 23:05:26,App de produtividade novo que encontrei e otimo.,0.0185
PA001824,2023-03-03 23:56:43,"Fui de bike hoje, que exercicio agradavel de manha.",0.1555
PA001825,2023-03-04 01:05:49,"Plantei temperos na sacada, que satisfacao.",0.1054
PA001826,2023-03-04 01:50:46,"Novo celular chegou, a camera e impressionante.",0.0374
PA001827,2023-03-04 05:58:05,Tarde produtiva organizando e limpando a casa.,0.0878
PA001828,2023-03-04 06:09:52,Caminhada ate a estacao foi otima hoje.,0.1814
PA001829,2023-03-04 10:00:49,"Estudando para a prova de amanha, bem concentrado.",0.093
PA001830,2023-03-04 10:10:05,"Corri 5km de manha, semana otima de treino.",0.0971
PA001831,2023-03-04 10:26:13,Aplicativo de carona funcionou perfeitamente.,0.0781
PA001832,2023-03-04 10:49:59,"Meu time ganhou hoje, que jogo bonito foi.",0.0
PA001833,2023-03-04 12:19:46,Terminei o trabalho da faculdade com antecedencia.,0.2
PA001834,2023-03-04 12:24:32,"Padaria da esquina lancou sabor novo, recomendo.",0.0136
PA001835,2023-03-04 12:52:09,"Testei IA para ajudar com codigo, funcionou bem.",0.046
PA001836,2023-03-04 13:04:00,"Maratonei a temporada completa, valeu cada minuto.",0.0974
PA001837,2023-03-04 13:06:29,"Sopa de legumes no frio, reconfortante e gostosa.",0.1023
PA001838,2023-03-04 13:20:07,"Biblioteca da universidade, ambiente otimo para estudar.",0.1264
PA001839,2023-03-04 15:04:06,"Que dia difícil, nada saiu como eu havia planejado.",0.7052
PA001840,2023-03-04 16:06:24,Brigadeiro de panela saiu incrivel hoje.,0.0506
PA001841,2023-03-04 16:07:47,"Minha mae fez feijao com arroz e linguica, classico perfeito.",0.0748
PA001842,2023-03-04 16:09:54,"Meu time ganhou hoje, que jogo bonito foi.",0.1561
PA001843,2023-03-04 16:25:28,"Pausa pro cafe com os colegas, bate-papo otimo.",0.1117
PA001844,2023-03-04 16:46:49,"Sol lindo hoje, cafe na varanda foi otimo.",0.0368
PA001845,2023-03-04 19:02:10,"Fui de bike hoje, que exercicio agradavel de manha.",0.0
PA001846,2023-03-04 20:41:14,"Estudando para a prova de amanha, bem concentrado.",0.0609
PA001847,2023-03-04 20:50:14,"Viagem de fim de semana para cidade historica, valeu.",0.1091
PA001848,2023-03-04 21:06:34,"Choveu a tarde toda, dia perfeito pra ficar em casa lendo.",0.0236
PA001849,2023-03-04 22:16:26,"Meu time ganhou hoje, que jogo bonito foi.",0.1178
PA001850,2023-03-04 23:26:07,Cafe da manha caprichado: tapioca com ovo e suco de laranja.,0.0428
PA001851,2023-03-05 01:17:21,Jantar simples mas gostoso com a familia.,0.0052
PA001852,2023-03-05 03:00:28,App de produtividade novo que encontrei e otimo.,0.0983
PA001853,2023-03-05 04:12:17,"Biblioteca da universidade, ambiente otimo para estudar.",0.0469
PA001854,2023-03-05 05:07:55,"Consegui estacionamento logo de cara, dia de sorte mesmo.",0.1554
PA001855,2023-03-05 05:30:08,"Pausa pro cafe com os colegas, bate-papo otimo.",0.3299
PA001856,2023-03-05 05:31:12,Que tarde relaxante lendo na rede.,0.1094
PA001857,2023-03-05 05:33:35,"Padaria da esquina lancou sabor novo, recomendo.",0.04
PA001858,2023-03-05 06:03:26,"Biblioteca da universidade, ambiente otimo para estudar.",0.0895
PA001859,2023-03-05 06:20:23,"Domingo em familia, melhor dia da semana.",0.0103
PA001860,2023-03-05 07:03:32,Grupo de estudos foi muito produtivo hoje.,0.0394
PA001861,2023-03-05 07:10:36,Leitura no jardim com tempo agradavel.,0.0616
PA001862,2023-03-05 07:18:43,"Que calor hoje, tive que ligar o ar condicionado logo cedo.",0.0503
PA001863,2023-03-05 08:19:34,Jogo novo me viciou de um jeito bom.,0.1307
PA001864,2023-03-05 09:34:03,"Padaria da esquina lancou sabor novo, recomendo.",0.1068
PA001865,2023-03-05 09:41:27,"Estrada livre, cheguei no trabalho rapido hoje.",0.0706
PA001866,2023-03-05 10:00:49,"Filme otimo ontem, fui ao cinema com a familia.",0.1286
PA001867,2023-03-05 10:08:01,"Teatro incrivel ontem, peca muito bem dirigida.",0.0811
PA001868,2023-03-05 10:22:16,"Apresentacao correu muito bem, todos gostaram.",0.1733
PA001869,2023-03-05 10:26:28,"Fui de bike hoje, que exercicio agradavel de manha.",0.1306
PA001870,2023-03-05 10:34:13,"Vento agradavel hoje, aproveitei para caminhar no parque.",0.0042
PA001871,2023-03-05 13:09:11,"O outono chegou cedo esse ano, que frio gostoso de manha.",0.1299
PA001872,2023-03-05 13:34:00,"Churrasco com a familia no final de semana, delicioso.",0.036
PA001873,2023-03-05 13:38:23,"Acai gelado essa tarde, refrescante demais.",0.1897
PA001874,2023-03-05 13:53:23,"Vento agradavel hoje, aproveitei para caminhar no parque.",0.0646
PA001875,2023-03-05 14:06:18,"Testei IA para ajudar com codigo, funcionou bem.",0.0955
PA001876,2023-03-05 14:07:05,"Sopa de legumes no frio, reconfortante e gostosa.",0.0705
PA001877,2023-03-05 14:49:13,Semana intensa mas muito satisfatoria no trabalho.,0.1158
PA001878,2023-03-05 15:39:49,"Passeio no interior no fim de semana, natureza linda.",0.0562
PA001879,2023-03-05 15:41:33,"Churrasco com a familia no final de semana, delicioso.",0.0
PA001880,2023-03-05 15:42:42,"Testei IA para ajudar com codigo, funcionou bem.",0.0
PA001881,2023-03-05 16:06:21,"Minha mae fez feijao com arroz e linguica, classico perfeito.",0.0161
PA001882,2023-03-05 16:32:27,"Academia hoje, treino puxado mas valeu muito.",0.0859
PA001883,2023-03-05 17:08:56,Leitura no jardim com tempo agradavel.,0.0437
PA001884,2023-03-05 18:13:54,"Servico publico uma vergonha, esperei horas na fila.",0.4486
PA001885,2023-03-05 19:21:10,Caminhada ate a estacao foi otima hoje.,0.0364
PA001886,2023-03-05 19:51:30,Semana intensa mas muito satisfatoria no trabalho.,0.0
PA001887,2023-03-05 20:20:55,Cafe da manha caprichado: tapioca com ovo e suco de laranja.,0.0525
PA001888,2023-03-05 20:44:54,App de produtividade novo que encontrei e otimo.,0.0518
PA001889,2023-03-05 21:50:33,"Corri 5km de manha, semana otima de treino.",0.0
PA001890,2023-03-05 22:58:37,Semana intensa mas muito satisfatoria no trabalho.,0.0334
PA001891,2023-03-06 01:51:37,Pedalada de tarde com vista incrivel do parque.,0.0707
PA001892,2023-03-06 02:17:19,"Minha mae fez feijao com arroz e linguica, classico perfeito.",0.1349
PA001893,2023-03-06 04:15:37,"Trilha ecologica incrivel, natureza pura.",0.0844
PA001894,2023-03-06 05:24:57,"Pipoca e serie boa na sexta, programa perfeito.",0.0239
PA001895,2023-03-06 05:26:22,Finalmente entendi aquele conceito que me travava.,0.1774
PA001896,2023-03-06 06:26:51,Jantar simples mas gostoso com a familia.,0.0307
PA001897,2023-03-06 07:08:15,"Notebook novo chegou, que desempenho incrivel.",0.1084
PA001898,2023-03-06 08:46:25,"Teatro incrivel ontem, peca muito bem dirigida.",0.157
PA001899,2023-03-06 08:49:40,Grupo de estudos foi muito produtivo hoje.,0.1475
PA001900,2023-03-06 11:20:01,Terminei o trabalho da faculdade com antecedencia.,0.1073
PA001901,2023-03-06 12:01:21,"Sopa de legumes no frio, reconfortante e gostosa.",0.142
PA001902,2023-03-06 14:53:20,"Passei na certificacao, muito feliz com o resultado.",0.179
PA001903,2023-03-06 17:02:13,"Aprendi receita nova no youtube, ficou otimo.",0.1471
PA001904,2023-03-06 17:08:30,Pedalada de tarde com vista incrivel do parque.,0.1365
PA001905,2023-03-06 17:11:22,"Padaria da esquina lancou sabor novo, recomendo.",0.0581
PA001906,2023-03-06 17:40:07,Atualizacao deixou o sistema muito mais rapido.,0.1472
PA001907,2023-03-06 17:41:56,Aplicativo de carona funcionou perfeitamente.,0.1303
PA001908,2023-03-06 17:54:34,"Museu da cidade muito interessante, aprendi bastante.",0.113
PA001909,2023-03-06 20:44:51,"Passei na certificacao, muito feliz com o resultado.",0.1929
PA001910,2023-03-06 21:13:19,"Academia hoje, treino puxado mas valeu muito.",0.1328
PA001911,2023-03-06 21:29:51,"Vento agradavel hoje, aproveitei para caminhar no parque.",0.0953
PA001912,2023-03-06 23:22:58,"Praia tranquila, sol perfeito, descanso total.",0.0842
PA001913,2023-03-07 00:34:37,"Plantei temperos na sacada, que satisfacao.",0.0331
PA001914,2023-03-07 05:07:57,Pedalada de tarde com vista incrivel do parque.,0.1053
PA001915,2023-03-07 06:53:14,"Tentei receita nova de bolo de cenoura, ficou fofinho.",0.1855
PA001916,2023-03-07 06:53:25,"Passei na certificacao, muito feliz com o resultado.",0.0684
PA001917,2023-03-07 07:33:22,"Pipoca e serie boa na sexta, programa perfeito.",0.0718
PA001918,2023-03-07 08:04:55,"Padaria da esquina lancou sabor novo, recomendo.",0.0432
PA001919,2023-03-07 08:29:24,Aplicativo de carona funcionou perfeitamente.,0.0842
PA001920,2023-03-07 08:51:49,Semana intensa mas muito satisfatoria no trabalho.,0.0791
PA001921,2023-03-07 09:09:39,"Meditacao de manha, comecando o dia muito bem.",0.0983
PA001922,2023-03-07 09:42:08,"Cuidando das plantas em casa, muito terapeutico.",0.0966
PA001923,2023-03-07 10:16:51,"Choveu a tarde toda, dia perfeito pra ficar em casa lendo.",0.0339
PA001924,2023-03-07 10:31:56,App de produtividade novo que encontrei e otimo.,0.035
PA001925,2023-03-07 11:04:19,"Domingo em familia, melhor dia da semana.",0.0732
PA001926,2023-03-07 12:30:52,Pedalada de tarde com vista incrivel do parque.,0.174
PA001927,2023-03-07 16:14:56,Caminhada ate a estacao foi otima hoje.,0.0919
PA001928,2023-03-07 16:47:05,"Vento agradavel hoje, aproveitei para caminhar no parque.",0.0303
PA001929,2023-03-07 17:34:23,"Viagem de fim de semana para cidade historica, valeu.",0.0231
PA001930,2023-03-07 17:49:02,"Minha mae fez feijao com arroz e linguica, classico perfeito.",0.0673
PA001931,2023-03-07 17:55:13,"Tentei receita nova de bolo de cenoura, ficou fofinho.",0.0788
PA001932,2023-03-07 18:11:51,Aplicativo de carona funcionou perfeitamente.,0.0571
PA001933,2023-03-07 18:30:11,"Reencontrei um amigo antigo por acaso, que alegria.",0.19
PA001934,2023-03-07 18:33:57,"Meditacao de manha, comecando o dia muito bem.",0.0564
PA001935,2023-03-07 18:35:15,Que manha fresca e agradavel para uma caminhada.,0.0986
PA001936,2023-03-07 20:06:50,"Livro excelente sobre ciencia de dados, recomendo muito.",0.0571
PA001937,2023-03-07 20:09:28,Cafe da manha caprichado: tapioca com ovo e suco de laranja.,0.0647
PA001938,2023-03-07 22:04:55,"Fechei projeto importante essa semana, que alegria.",0.0773
PA001939,2023-03-07 22:36:45,Aula incrivel sobre estatistica aplicada hoje.,0.0468
PA001940,2023-03-07 22:44:59,"Viagem de fim de semana para cidade historica, valeu.",0.0709
PA001941,2023-03-07 23:24:49,"Maratonei a temporada completa, valeu cada minuto.",0.1055
PA001942,2023-03-07 23:48:10,Tarde produtiva organizando e limpando a casa.,0.0444
PA001943,2023-03-07 23:53:12,Aplicativo de carona funcionou perfeitamente.,0.1732
PA001944,2023-03-08 02:11:35,"Apresentacao correu muito bem, todos gostaram.",0.0385
PA001945,2023-03-08 04:43:16,"Filme otimo ontem, fui ao cinema com a familia.",0.1042
PA001946,2023-03-08 06:57:50,"Natacao de manha, melhor inicio de dia possivel.",0.078
PA001947,2023-03-08 07:52:23,"Pipoca e serie boa na sexta, programa perfeito.",0.0684
PA001948,2023-03-08 08:03:49,"Tentei receita nova de bolo de cenoura, ficou fofinho.",0.0937
PA001949,2023-03-08 10:30:55,Atualizacao deixou o sistema muito mais rapido.,0.0489
PA001950,2023-03-08 11:46:23,"Consegui estacionamento logo de cara, dia de sorte mesmo.",0.1279
PA001951,2023-03-08 11:50:49,"Acai gelado essa tarde, refrescante demais.",0.1018
PA001952,2023-03-08 12:16:05,"Tentei receita nova de bolo de cenoura, ficou fofinho.",0.0629
PA001953,2023-03-08 13:12:15,"Meditacao de manha, comecando o dia muito bem.",0.0825
PA001954,2023-03-08 13:52:45,"Almoco incrivel hoje, fiz lasanha caseira do zero.",0.0958
PA001955,2023-03-08 15:24:32,"Meditacao de manha, comecando o dia muito bem.",0.0833
PA001956,2023-03-08 16:30:10,Que tarde relaxante lendo na rede.,0.1322
PA001957,2023-03-08 16:48:19,Que manha fresca e agradavel para uma caminhada.,0.1501
PA001958,2023-03-08 17:33:58,"Biblioteca da universidade, ambiente otimo para estudar.",0.0736
PA001959,2023-03-08 18:58:24,"Dia nublado mas tranquilo, bom para estudar sem distracao.",0.0558
PA001960,2023-03-08 19:04:44,"Museu da cidade muito interessante, aprendi bastante.",0.0442
PA001961,2023-03-08 19:25:52,"Domingo em familia, melhor dia da semana.",0.0226
PA001962,2023-03-08 20:35:20,"Configurei o home office com setup novo, otimo.",0.0647
PA001963,2023-03-08 21:43:58,"Reencontrei um amigo antigo por acaso, que alegria.",0.0792
PA001964,2023-03-08 22:39:55,Cafe da manha caprichado: tapioca com ovo e suco de laranja.,0.1326
PA001965,2023-03-08 23:02:17,"Trilha ecologica incrivel, natureza pura.",0.0202
PA001966,2023-03-08 23:09:37,Tarde produtiva organizando e limpando a casa.,0.103
PA001967,2023-03-09 02:50:45,"Estudando para a prova de amanha, bem concentrado.",0.0
PA001968,2023-03-09 03:39:39,"Minha mae fez feijao com arroz e linguica, classico perfeito.",0.187
PA001969,2023-03-09 03:50:38,"Dia nublado mas tranquilo, bom para estudar sem distracao.",0.0896
PA001970,2023-03-09 03:52:12,"Reuniao produtiva hoje, saimos com otimas ideias.",0.0602
PA001971,2023-03-09 03:53:35,"Notebook novo chegou, que desempenho incrivel.",0.1129
PA001972,2023-03-09 04:36:35,Cafe da manha caprichado: tapioca com ovo e suco de laranja.,0.0817
PA001973,2023-03-09 04:36:40,"Museu da cidade muito interessante, aprendi bastante.",0.0643
PA001974,2023-03-09 06:46:00,Atualizacao deixou o sistema muito mais rapido.,0.0297
PA001975,2023-03-09 09:35:37,"Fechei projeto importante essa semana, que alegria.",0.0033
PA001976,2023-03-09 09:44:25,"Choveu a tarde toda, dia perfeito pra ficar em casa lendo.",0.1758
PA001977,2023-03-09 10:03:41,Finalmente entendi aquele conceito que me travava.,0.1202
PA001978,2023-03-09 10:36:45,Jogo novo me viciou de um jeito bom.,0.0075
PA001979,2023-03-09 12:07:20,"Pipoca e serie boa na sexta, programa perfeito.",0.1132
PA001980,2023-03-09 13:45:03,"Meditacao de manha, comecando o dia muito bem.",0.1367
PA001981,2023-03-09 14:16:41,"Volei com os amigos, muita risada e diversao.",0.0427
PA001982,2023-03-09 14:32:57,"Sopa de legumes no frio, reconfortante e gostosa.",0.1623
PA001983,2023-03-09 14:35:53,"Corri 5km de manha, semana otima de treino.",0.0331
PA001984,2023-03-09 14:36:55,Cafe da manha caprichado: tapioca com ovo e suco de laranja.,0.1684
PA001985,2023-03-09 15:01:04,"Passeio com o cachorro no parque, ele adorou.",0.0425
PA001986,2023-03-09 16:39:40,"Praia tranquila, sol perfeito, descanso total.",0.0012
PA001987,2023-03-09 16:56:32,"Serie nova incrivel, amei o primeiro episodio.",0.08
PA001988,2023-03-09 17:11:34,Brigadeiro de panela saiu incrivel hoje.,0.0151
PA001989,2023-03-09 17:55:30,Aula incrivel sobre estatistica aplicada hoje.,0.1488
PA001990,2023-03-09 18:28:27,Atualizacao deixou o sistema muito mais rapido.,0.0457
PA001991,2023-03-09 18:32:05,"Trilha ecologica incrivel, natureza pura.",0.1587
PA001992,2023-03-09 19:29:50,"Cuidando das plantas em casa, muito terapeutico.",0.0651
PA001993,2023-03-09 19:49:45,"Passeio com o cachorro no parque, ele adorou.",0.1208
PA001994,2023-03-09 19:55:40,"Academia hoje, treino puxado mas valeu muito.",0.0463
PA001995,2023-03-09 20:14:54,"Consegui estacionamento logo de cara, dia de sorte mesmo.",0.1452
PA001996,2023-03-09 20:45:29,"Yoga pela manha, comecei o dia muito bem.",0.1357
PA001997,2023-03-09 21:04:40,Jogo novo me viciou de um jeito bom.,0.0677
PA001998,2023-03-10 00:55:19,Que tarde relaxante lendo na rede.,0.1133
PA001999,2023-03-10 01:22:14,Tarde produtiva organizando e limpando a casa.,0.1317
PA002000,2023-03-10 02:01:38,"Meu time ganhou hoje, que jogo bonito foi.",0.1534
PA002001,2023-03-10 02:25:12,"Churrasco com a familia no final de semana, delicioso.",0.0
PA002002,2023-03-10 04:15:30,"Apresentacao correu muito bem, todos gostaram.",0.0812
PA002003,2023-03-10 05:50:08,"Dia nublado mas tranquilo, bom para estudar sem distracao.",0.1085
PA002004,2023-03-10 06:16:09,"Novo celular chegou, a camera e impressionante.",0.0805
PA002005,2023-03-10 06:45:38,Tarde produtiva organizando e limpando a casa.,0.1422
PA002006,2023-03-10 07:22:04,"Fui de bike hoje, que exercicio agradavel de manha.",0.0859
PA002007,2023-03-10 07:29:24,"Que semana frustrante, precisava que as coisas dessem certo.",0.7926
PA002008,2023-03-10 07:39:34,"Teatro incrivel ontem, peca muito bem dirigida.",0.1768
PA002009,2023-03-10 08:15:32,"Acai gelado essa tarde, refrescante demais.",0.1061
PA002010,2023-03-10 10:16:00,"Consegui estacionamento logo de cara, dia de sorte mesmo.",0.0923
PA002011,2023-03-10 10:44:31,"O outono chegou cedo esse ano, que frio gostoso de manha.",0.0857
PA002012,2023-03-10 11:23:35,"Pausa pro cafe com os colegas, bate-papo otimo.",0.1253
PA002013,2023-03-10 12:01:53,"Vento agradavel hoje, aproveitei para caminhar no parque.",0.0027
PA002014,2023-03-10 14:00:33,"Choveu a tarde toda, dia perfeito pra ficar em casa lendo.",0.0632
PA002015,2023-03-10 15:17:57,Feira de artesanato gostosa de passear.,0.2
PA002016,2023-03-10 15:24:26,"Museu da cidade muito interessante, aprendi bastante.",0.1211
PA002017,2023-03-10 16:29:04,Grupo de estudos foi muito produtivo hoje.,0.0
PA002018,2023-03-10 20:39:37,"Meu time ganhou hoje, que jogo bonito foi.",0.0788
PA002019,2023-03-10 22:12:42,"Pausa pro cafe com os colegas, bate-papo otimo.",0.0438
PA002020,2023-03-10 23:47:38,"Que calor hoje, tive que ligar o ar condicionado logo cedo.",0.0713
PA002021,2023-03-10 23:59:46,"Choveu a tarde toda, dia perfeito pra ficar em casa lendo.",0.0065
PA002022,2023-03-11 00:21:46,Jogo novo me viciou de um jeito bom.,0.0599
PA002023,2023-03-11 02:06:28,"Reuniao produtiva hoje, saimos com otimas ideias.",0.2
PA002024,2023-03-11 02:52:24,"Reencontrei um amigo antigo por acaso, que alegria.",0.12
PA002025,2023-03-11 03:24:27,"Churrasco com a familia no final de semana, delicioso.",0.0871
PA002026,2023-03-11 04:01:37,"Padaria da esquina lancou sabor novo, recomendo.",0.1497
PA002027,2023-03-11 04:21:16,"Viagem de fim de semana para cidade historica, valeu.",0.0543
PA002028,2023-03-11 05:35:43,Feira de artesanato gostosa de passear.,0.0271
PA002029,2023-03-11 06:12:09,"Serie nova incrivel, amei o primeiro episodio.",0.0973
PA002030,2023-03-11 06:55:09,"Tentei receita nova de bolo de cenoura, ficou fofinho.",0.1127
PA002031,2023-03-11 07:50:22,"Que calor hoje, tive que ligar o ar condicionado logo cedo.",0.0615
PA002032,2023-03-11 08:35:54,Grupo de estudos foi muito produtivo hoje.,0.0977
PA002033,2023-03-11 10:57:14,"Academia hoje, treino puxado mas valeu muito.",0.0566
PA002034,2023-03-11 12:31:12,Nao aguento mais essas politicas que nao funcionam.,0.4458
PA002035,2023-03-11 14:15:07,"Estudando para a prova de amanha, bem concentrado.",0.0082
PA002036,2023-03-11 14:24:09,"Vento agradavel hoje, aproveitei para caminhar no parque.",0.0
PA002037,2023-03-11 16:43:18,"Reuniao produtiva hoje, saimos com otimas ideias.",0.0
PA002038,2023-03-11 17:48:30,"Apresentacao correu muito bem, todos gostaram.",0.1209
PA002039,2023-03-11 19:10:07,"Praia tranquila, sol perfeito, descanso total.",0.0797
PA002040,2023-03-11 19:16:42,"Biblioteca da universidade, ambiente otimo para estudar.",0.0
PA002041,2023-03-11 19:57:45,"Musica nova do meu artista favorito, de outro nivel.",0.0
PA002042,2023-03-11 20:52:39,"Biblioteca da universidade, ambiente otimo para estudar.",0.1318
PA002043,2023-03-11 21:16:15,"Dia nublado mas tranquilo, bom para estudar sem distracao.",0.0213
PA002044,2023-03-11 21:22:43,Feira de artesanato gostosa de passear.,0.0773
PA002045,2023-03-11 22:01:27,Que tarde relaxante lendo na rede.,0.062
PA002046,2023-03-11 22:09:27,"Configurei o home office com setup novo, otimo.",0.0586
PA002047,2023-03-11 22:15:50,"Sopa de legumes no frio, reconfortante e gostosa.",0.0703
PA002048,2023-03-12 00:05:51,Terminei o trabalho da faculdade com antecedencia.,0.1267
PA002049,2023-03-12 00:23:08,Show ao vivo incrivel no fim de semana.,0.0908
PA002050,2023-03-12 00:48:48,Pedalada de tarde com vista incrivel do parque.,0.0249
PA002051,2023-03-12 01:59:06,"Onibus chegou no horario hoje, que surpresa agradavel.",0.1052
PA002052,2023-03-12 02:55:36,"Chuva passageira a tarde, depois o tempo abriu lindo.",0.153
PA002053,2023-03-12 03:16:43,"Sol lindo hoje, cafe na varanda foi otimo.",0.0139
PA002054,2023-03-12 03:27:09,"Reencontrei um amigo antigo por acaso, que alegria.",0.0192
PA002055,2023-03-12 03:54:07,"Sopa de legumes no frio, reconfortante e gostosa.",0.0222
PA002056,2023-03-12 03:57:13,Jantar simples mas gostoso com a familia.,0.0747
PA002057,2023-03-12 04:03:10,Leitura no jardim com tempo agradavel.,0.0998
PA002058,2023-03-12 04:32:45,"Que calor hoje, tive que ligar o ar condicionado logo cedo.",0.1273
PA002059,2023-03-12 05:14:22,"Chuva passageira a tarde, depois o tempo abriu lindo.",0.0816
PA002060,2023-03-12 06:05:12,"Meditacao de manha, comecando o dia muito bem.",0.0552
PA002061,2023-03-12 06:38:27,"Que calor hoje, tive que ligar o ar condicionado logo cedo.",0.0
PA002062,2023-03-12 07:59:37,"Tarefa dificil concluida com sucesso, que satisfacao.",0.0544
PA002063,2023-03-12 08:39:41,"Natacao de manha, melhor inicio de dia possivel.",0.0562
PA002064,2023-03-12 08:45:19,"Passeio no interior no fim de semana, natureza linda.",0.0456
PA002065,2023-03-12 09:47:07,"Meditacao de manha, comecando o dia muito bem.",0.1189
PA002066,2023-03-12 10:33:22,"Livro excelente sobre ciencia de dados, recomendo muito.",0.0141
PA002067,2023-03-12 11:55:57,"Passei na certificacao, muito feliz com o resultado.",0.0807
PA002068,2023-03-12 12:52:30,Semana intensa mas muito satisfatoria no trabalho.,0.1031
PA002069,2023-03-12 13:38:42,"Novo celular chegou, a camera e impressionante.",0.0339
PA002070,2023-03-12 13:45:47,"Passeio com o cachorro no parque, ele adorou.",0.0
PA002071,2023-03-12 14:49:15,"Plantei temperos na sacada, que satisfacao.",0.1329
PA002072,2023-03-12 17:37:38,Feira de artesanato gostosa de passear.,0.1133
PA002073,2023-03-12 18:23:24,"Minha mae fez feijao com arroz e linguica, classico perfeito.",0.0817
PA002074,2023-03-12 20:23:09,"Academia hoje, treino puxado mas valeu muito.",0.1481
PA002075,2023-03-12 20:59:11,"Saturado desse emprego, preciso mudar de vida.",0.6895
PA002076,2023-03-12 22:06:53,"Home office com cafe fresquinho do lado, otimo.",0.1221
PA002077,2023-03-12 22:10:04,"Domingo em familia, melhor dia da semana.",0.0957
PA002078,2023-03-12 23:07:08,"Sol lindo hoje, cafe na varanda foi otimo.",0.105
PA002079,2023-03-12 23:48:45,"Que calor hoje, tive que ligar o ar condicionado logo cedo.",0.058
PA002080,2023-03-13 01:38:25,"O outono chegou cedo esse ano, que frio gostoso de manha.",0.0541
PA002081,2023-03-13 02:22:48,"Sol lindo hoje, cafe na varanda foi otimo.",0.1063
PA002082,2023-03-13 02:35:07,"Museu da cidade muito interessante, aprendi bastante.",0.0892
PA002083,2023-03-13 04:32:35,Semana intensa mas muito satisfatoria no trabalho.,0.0725
PA002084,2023-03-13 05:05:12,"Passeio com o cachorro no parque, ele adorou.",0.1066
PA002085,2023-03-13 06:26:28,"Tarefa dificil concluida com sucesso, que satisfacao.",0.0562
PA002086,2023-03-13 06:55:43,Jantar simples mas gostoso com a familia.,0.0
PA002087,2023-03-13 07:21:09,"Churrasco com a familia no final de semana, delicioso.",0.0697
PA002088,2023-03-13 12:33:53,"Configurei o home office com setup novo, otimo.",0.1535
PA002089,2023-03-13 13:41:29,"Livro excelente sobre ciencia de dados, recomendo muito.",0.0788
PA002090,2023-03-13 14:02:03,"Passeio no interior no fim de semana, natureza linda.",0.0941
PA002091,2023-03-13 14:17:31,"Volei com os amigos, muita risada e diversao.",0.0886
PA002092,2023-03-13 15:54:14,"Meditacao de manha, comecando o dia muito bem.",0.1143
PA002093,2023-03-13 16:58:40,Jantar simples mas gostoso com a familia.,0.1382
PA002094,2023-03-13 17:00:54,"Fechei projeto importante essa semana, que alegria.",0.0914
PA002095,2023-03-13 17:01:30,Atualizacao deixou o sistema muito mais rapido.,0.154
PA002096,2023-03-13 18:32:18,Semana intensa mas muito satisfatoria no trabalho.,0.1125
PA002097,2023-03-13 19:04:30,Terminei o trabalho da faculdade com antecedencia.,0.1055
PA002098,2023-03-13 20:09:21,"Natacao de manha, melhor inicio de dia possivel.",0.0814
PA002099,2023-03-13 20:43:05,"Meu time ganhou hoje, que jogo bonito foi.",0.0858
PA002100,2023-03-13 21:13:30,"Yoga pela manha, comecei o dia muito bem.",0.1146
PA002101,2023-03-13 21:43:45,"Tentei receita nova de bolo de cenoura, ficou fofinho.",0.1718
PA002102,2023-03-13 22:03:36,"Musica nova do meu artista favorito, de outro nivel.",0.1034
PA002103,2023-03-13 23:11:24,"Chuva passageira a tarde, depois o tempo abriu lindo.",0.0201
PA002104,2023-03-14 01:07:55,Jogo novo me viciou de um jeito bom.,0.101
PA002105,2023-03-14 02:03:35,"Dia nublado mas tranquilo, bom para estudar sem distracao.",0.0425
PA002106,2023-03-14 03:00:10,"Almoco incrivel hoje, fiz lasanha caseira do zero.",0.1271
PA002107,2023-03-14 03:50:14,"Choveu a tarde toda, dia perfeito pra ficar em casa lendo.",0.131
PA002108,2023-03-14 06:07:01,"Pausa pro cafe com os colegas, bate-papo otimo.",0.0726
PA002109,2023-03-14 07:49:34,"Configurei o home office com setup novo, otimo.",0.015
PA002110,2023-03-14 09:42:43,Jantar simples mas gostoso com a familia.,0.0268
PA002111,2023-03-14 12:39:28,Brigadeiro de panela saiu incrivel hoje.,0.0
PA002112,2023-03-14 12:50:06,"Passei na certificacao, muito feliz com o resultado.",0.0095
PA002113,2023-03-14 13:29:55,"Metro bem tranquilo essa manha, cheguei bem.",0.1694
PA002114,2023-03-14 13:50:58,"Almoco incrivel hoje, fiz lasanha caseira do zero.",0.1416
PA002115,2023-03-14 14:18:42,"Maratonei a temporada completa, valeu cada minuto.",0.0872
PA002116,2023-03-14 15:12:23,App de produtividade novo que encontrei e otimo.,0.03
PA002117,2023-03-14 15:33:25,"Home office com cafe fresquinho do lado, otimo.",0.0525
PA002118,2023-03-14 17:46:34,"Vento agradavel hoje, aproveitei para caminhar no parque.",0.0539
PA002119,2023-03-14 19:13:55,"Consegui estacionamento logo de cara, dia de sorte mesmo.",0.0
PA002120,2023-03-14 19:20:01,Atualizacao deixou o sistema muito mais rapido.,0.0918
PA002121,2023-03-14 20:43:55,"Chuva passageira a tarde, depois o tempo abriu lindo.",0.1253
PA002122,2023-03-14 21:39:31,"Teatro incrivel ontem, peca muito bem dirigida.",0.1074
PA002123,2023-03-14 21:41:47,"O outono chegou cedo esse ano, que frio gostoso de manha.",0.1284
PA002124,2023-03-14 21:50:14,"Meu time ganhou hoje, que jogo bonito foi.",0.0869
PA002125,2023-03-14 22:00:31,"Almoco incrivel hoje, fiz lasanha caseira do zero.",0.1098
PA002126,2023-03-14 22:19:58,"Natacao de manha, melhor inicio de dia possivel.",0.0122
PA002127,2023-03-14 22:40:40,App de produtividade novo que encontrei e otimo.,0.1176
PA002128,2023-03-15 01:59:35,"Tentei receita nova de bolo de cenoura, ficou fofinho.",0.1374
PA002129,2023-03-15 06:08:39,Terminei o trabalho da faculdade com antecedencia.,0.1415
PA002130,2023-03-15 07:07:04,Tarde produtiva organizando e limpando a casa.,0.1307
PA002131,2023-03-15 07:21:40,"Almoco incrivel hoje, fiz lasanha caseira do zero.",0.1897
PA002132,2023-03-15 08:34:02,Pedalada de tarde com vista incrivel do parque.,0.0819
PA002133,2023-03-15 08:39:43,Pedalada de tarde com vista incrivel do parque.,0.1581
PA002134,2023-03-15 10:52:05,Show ao vivo incrivel no fim de semana.,0.0318
PA002135,2023-03-15 11:09:25,Atualizacao deixou o sistema muito mais rapido.,0.1327
PA002136,2023-03-15 11:41:28,"Tentei receita nova de bolo de cenoura, ficou fofinho.",0.0985
PA002137,2023-03-15 13:00:39,"Corri 5km de manha, semana otima de treino.",0.032
PA002138,2023-03-15 13:33:44,Brigadeiro de panela saiu incrivel hoje.,0.0943
PA002139,2023-03-15 14:36:12,"Livro excelente sobre ciencia de dados, recomendo muito.",0.0574
PA002140,2023-03-15 14:44:04,Aplicativo de carona funcionou perfeitamente.,0.1246
PA002141,2023-03-15 15:52:05,Brigadeiro de panela saiu incrivel hoje.,0.0399
PA002142,2023-03-15 15:53:05,"Onibus chegou no horario hoje, que surpresa agradavel.",0.1579
PA002143,2023-03-15 20:03:20,"Biblioteca da universidade, ambiente otimo para estudar.",0.0532
PA002144,2023-03-15 20:53:59,"Yoga pela manha, comecei o dia muito bem.",0.0877
PA002145,2023-03-15 21:11:08,"Viagem de fim de semana para cidade historica, valeu.",0.2
PA002146,2023-03-15 21:22:27,"Reencontrei um amigo antigo por acaso, que alegria.",0.1057
PA002147,2023-03-15 22:05:57,"Padaria da esquina lancou sabor novo, recomendo.",0.0938
PA002148,2023-03-15 23:06:03,"Padaria da esquina lancou sabor novo, recomendo.",0.1419
PA002149,2023-03-16 00:15:03,"Volei com os amigos, muita risada e diversao.",0.1217
PA002150,2023-03-16 00:15:36,Brigadeiro de panela saiu incrivel hoje.,0.0667
PA002151,2023-03-16 01:10:52,Que manha fresca e agradavel para uma caminhada.,0.0782
PA002152,2023-03-16 02:58:01,"Praia tranquila, sol perfeito, descanso total.",0.1847
PA002153,2023-03-16 03:11:15,"Domingo em familia, melhor dia da semana.",0.0681
PA002154,2023-03-16 04:09:01,Grupo de estudos foi muito produtivo hoje.,0.1553
PA002155,2023-03-16 04:17:33,"Serie nova incrivel, amei o primeiro episodio.",0.0468
PA002156,2023-03-16 04:48:43,"Acai gelado essa tarde, refrescante demais.",0.0
PA002157,2023-03-16 06:13:47,Podcast sobre tecnologia muito interessante.,0.1035
PA002158,2023-03-16 06:40:41,"Passeio no interior no fim de semana, natureza linda.",0.0
PA002159,2023-03-16 09:28:32,"Churrasco com a familia no final de semana, delicioso.",0.0
PA002160,2023-03-16 12:29:57,"Reuniao produtiva hoje, saimos com otimas ideias.",0.066
PA002161,2023-03-16 14:18:55,"O outono chegou cedo esse ano, que frio gostoso de manha.",0.0813
PA002162,2023-03-16 14:26:47,"Vento agradavel hoje, aproveitei para caminhar no parque.",0.1278
PA002163,2023-03-16 15:01:34,"Tarefa dificil concluida com sucesso, que satisfacao.",0.1884
PA002164,2023-03-16 15:12:17,Jogo novo me viciou de um jeito bom.,0.062
PA002165,2023-03-16 16:14:06,Terminei o trabalho da faculdade com antecedencia.,0.1823
PA002166,2023-03-16 16:29:10,"Aprendi receita nova no youtube, ficou otimo.",0.0804
PA002167,2023-03-16 16:37:11,"Plantei temperos na sacada, que satisfacao.",0.0431
PA002168,2023-03-16 16:38:36,"Meu time ganhou hoje, que jogo bonito foi.",0.1053
PA002169,2023-03-16 18:57:05,Caminhada ate a estacao foi otima hoje.,0.0009
PA002170,2023-03-16 20:04:31,"Biblioteca da universidade, ambiente otimo para estudar.",0.1575
PA002171,2023-03-16 20:05:35,"Trilha ecologica incrivel, natureza pura.",0.0273
PA002172,2023-03-16 21:22:43,"Reencontrei um amigo antigo por acaso, que alegria.",0.0384
PA002173,2023-03-16 22:59:30,Terminei o trabalho da faculdade com antecedencia.,0.1589
PA002174,2023-03-17 00:47:56,"Metro bem tranquilo essa manha, cheguei bem.",0.1647
PA002175,2023-03-17 00:58:45,"Reuniao produtiva hoje, saimos com otimas ideias.",0.0905
PA002176,2023-03-17 01:12:26,"Novo celular chegou, a camera e impressionante.",0.1375
PA002177,2023-03-17 02:39:38,Brigadeiro de panela saiu incrivel hoje.,0.0869
PA002178,2023-03-17 03:11:42,"Sopa de legumes no frio, reconfortante e gostosa.",0.0
PA002179,2023-03-17 03:53:01,Semana intensa mas muito satisfatoria no trabalho.,0.113
PA002180,2023-03-17 04:30:36,"Chuva passageira a tarde, depois o tempo abriu lindo.",0.1997
PA002181,2023-03-17 04:45:54,"Choveu a tarde toda, dia perfeito pra ficar em casa lendo.",0.0512
PA002182,2023-03-17 06:01:36,Grupo de estudos foi muito produtivo hoje.,0.0151
PA002183,2023-03-17 06:06:46,"O outono chegou cedo esse ano, que frio gostoso de manha.",0.1841
PA002184,2023-03-17 06:25:23,"Acai gelado essa tarde, refrescante demais.",0.1254
PA002185,2023-03-17 06:39:56,"Metro bem tranquilo essa manha, cheguei bem.",0.2
PA002186,2023-03-17 06:59:45,"Que calor hoje, tive que ligar o ar condicionado logo cedo.",0.0361
PA002187,2023-03-17 07:47:50,"Que calor hoje, tive que ligar o ar condicionado logo cedo.",0.0727
PA002188,2023-03-17 10:55:57,"Musica nova do meu artista favorito, de outro nivel.",0.0435
PA002189,2023-03-17 11:23:50,"Natacao de manha, melhor inicio de dia possivel.",0.1428
PA002190,2023-03-17 11:59:40,Grupo de estudos foi muito produtivo hoje.,0.0403
PA002191,2023-03-17 13:26:54,"Mais um dia de transito horrivel, situacao absurda.",0.9879
PA002192,2023-03-17 13:43:55,"Fui de bike hoje, que exercicio agradavel de manha.",0.1371
PA002193,2023-03-17 15:04:06,"Tarefa dificil concluida com sucesso, que satisfacao.",0.0494
PA002194,2023-03-17 15:14:31,"Teatro incrivel ontem, peca muito bem dirigida.",0.0488
PA002195,2023-03-17 15:40:39,"Meu time ganhou hoje, que jogo bonito foi.",0.0482
PA002196,2023-03-17 15:47:31,Semana intensa mas muito satisfatoria no trabalho.,0.141
PA002197,2023-03-17 17:16:51,"Sopa de legumes no frio, reconfortante e gostosa.",0.1425
PA002198,2023-03-17 17:41:33,"Sopa de legumes no frio, reconfortante e gostosa.",0.09
PA002199,2023-03-17 19:10:49,Feira de artesanato gostosa de passear.,0.1028
PA002200,2023-03-17 19:56:39,"Corri 5km de manha, semana otima de treino.",0.124
PA002201,2023-03-17 20:35:14,"Sopa de legumes no frio, reconfortante e gostosa.",0.0826
PA002202,2023-03-17 20:41:59,"Minha mae fez feijao com arroz e linguica, classico perfeito.",0.1313
PA002203,2023-03-17 21:41:34,"Musica nova do meu artista favorito, de outro nivel.",0.1285
PA002204,2023-03-17 22:53:15,"Tarefa dificil concluida com sucesso, que satisfacao.",0.0541
PA002205,2023-03-17 23:16:50,Cafe da manha caprichado: tapioca com ovo e suco de laranja.,0.066
PA002206,2023-03-18 01:22:22,Jantar simples mas gostoso com a familia.,0.067
PA002207,2023-03-18 03:28:41,Aula incrivel sobre estatistica aplicada hoje.,0.093
PA002208,2023-03-18 04:16:26,"Sol lindo hoje, cafe na varanda foi otimo.",0.0
PA002209,2023-03-18 04:53:28,"Chega de promessa vazia, quero resultado de verdade.",0.9814
PA002210,2023-03-18 05:54:08,"Novo celular chegou, a camera e impressionante.",0.0666
PA002211,2023-03-18 06:30:42,"Padaria da esquina lancou sabor novo, recomendo.",0.101
PA002212,2023-03-18 06:31:02,"Praia tranquila, sol perfeito, descanso total.",0.061
PA002213,2023-03-18 08:11:27,"Academia hoje, treino puxado mas valeu muito.",0.05
PA002214,2023-03-18 08:11:38,"Vento agradavel hoje, aproveitei para caminhar no parque.",0.0657
PA002215,2023-03-18 08:47:06,"Yoga pela manha, comecei o dia muito bem.",0.0786
PA002216,2023-03-18 09:26:35,"Que semana frustrante, precisava que as coisas dessem certo.",0.9752
PA002217,2023-03-18 10:03:15,"Aprendi receita nova no youtube, ficou otimo.",0.0906
PA002218,2023-03-18 10:48:05,Caminhada ate a estacao foi otima hoje.,0.2
PA002219,2023-03-18 12:02:15,"Apresentacao correu muito bem, todos gostaram.",0.0984
PA002220,2023-03-18 16:46:31,"Serie nova incrivel, amei o primeiro episodio.",0.1136
PA002221,2023-03-18 17:01:18,"Fui num restaurante novo, a pizza estava espetacular.",0.0334
PA002222,2023-03-18 17:54:37,Cafe da manha caprichado: tapioca com ovo e suco de laranja.,0.1317
PA002223,2023-03-18 18:02:26,"Tentei receita nova de bolo de cenoura, ficou fofinho.",0.0764
PA002224,2023-03-18 19:17:24,"Corri 5km de manha, semana otima de treino.",0.0812
PA002225,2023-03-18 20:19:45,"Meu time ganhou hoje, que jogo bonito foi.",0.1735
PA002226,2023-03-18 20:39:53,"Churrasco com a familia no final de semana, delicioso.",0.0868
PA002227,2023-03-18 21:05:31,"Home office com cafe fresquinho do lado, otimo.",0.0262
PA002228,2023-03-18 21:15:10,"Viagem de fim de semana para cidade historica, valeu.",0.0805
PA002229,2023-03-18 21:53:19,"Onibus chegou no horario hoje, que surpresa agradavel.",0.117
PA002230,2023-03-18 22:25:10,"Passeio com o cachorro no parque, ele adorou.",0.1472
PA002231,2023-03-18 23:01:25,"Home office com cafe fresquinho do lado, otimo.",0.032
PA002232,2023-03-19 00:34:32,"Novo celular chegou, a camera e impressionante.",0.0547
PA002233,2023-03-19 00:49:14,"Que calor hoje, tive que ligar o ar condicionado logo cedo.",0.0971
PA002234,2023-03-19 00:51:11,"Padaria da esquina lancou sabor novo, recomendo.",0.1091
PA002235,2023-03-19 03:09:39,"Estrada livre, cheguei no trabalho rapido hoje.",0.0
PA002236,2023-03-19 04:10:28,"Passeio no interior no fim de semana, natureza linda.",0.0593
PA002237,2023-03-19 04:42:39,"Plantei temperos na sacada, que satisfacao.",0.0923
PA002238,2023-03-19 04:49:16,"Musica nova do meu artista favorito, de outro nivel.",0.0817
PA002239,2023-03-19 05:52:31,"Sopa de legumes no frio, reconfortante e gostosa.",0.0
PA002240,2023-03-19 06:33:35,"Domingo em familia, melhor dia da semana.",0.1043
PA002241,2023-03-19 07:38:55,Terminei o trabalho da faculdade com antecedencia.,0.012
PA002242,2023-03-19 08:21:52,"Que dia difícil, nada saiu como eu havia planejado.",0.4632
PA002243,2023-03-19 08:56:04,"Academia hoje, treino puxado mas valeu muito.",0.0484
PA002244,2023-03-19 09:59:17,Finalmente entendi aquele conceito que me travava.,0.0869
PA002245,2023-03-19 10:10:32,"Plantei temperos na sacada, que satisfacao.",0.1537
PA002246,2023-03-19 11:45:39,"Livro excelente sobre ciencia de dados, recomendo muito.",0.1081
PA002247,2023-03-19 11:55:31,"Volei com os amigos, muita risada e diversao.",0.0424
PA002248,2023-03-19 12:09:53,"Corri 5km de manha, semana otima de treino.",0.0759
PA002249,2023-03-19 13:51:31,Que tarde relaxante lendo na rede.,0.0616
PA002250,2023-03-19 14:10:32,"Meu time ganhou hoje, que jogo bonito foi.",0.0924
PA002251,2023-03-19 14:39:54,"O outono chegou cedo esse ano, que frio gostoso de manha.",0.099
PA002252,2023-03-19 14:41:57,"Musica nova do meu artista favorito, de outro nivel.",0.0692
PA002253,2023-03-19 14:52:58,"Volei com os amigos, muita risada e diversao.",0.1626
PA002254,2023-03-19 15:09:44,"Vento agradavel hoje, aproveitei para caminhar no parque.",0.0629
PA002255,2023-03-19 15:41:55,Grupo de estudos foi muito produtivo hoje.,0.1071
PA002256,2023-03-19 15:51:29,"Domingo em familia, melhor dia da semana.",0.0688
PA002257,2023-03-19 16:20:37,"Onibus chegou no horario hoje, que surpresa agradavel.",0.0819
PA002258,2023-03-19 17:16:17,"Minha mae fez feijao com arroz e linguica, classico perfeito.",0.049
PA002259,2023-03-19 17:57:49,Podcast sobre tecnologia muito interessante.,0.0
PA002260,2023-03-19 18:22:51,"Estrada livre, cheguei no trabalho rapido hoje.",0.0935
PA002261,2023-03-19 18:46:12,Que manha fresca e agradavel para uma caminhada.,0.157
PA002262,2023-03-19 19:32:42,"Musica nova do meu artista favorito, de outro nivel.",0.1493
PA002263,2023-03-19 20:52:36,"Tarefa dificil concluida com sucesso, que satisfacao.",0.0378
PA002264,2023-03-19 21:13:59,"Museu da cidade muito interessante, aprendi bastante.",0.1111
PA002265,2023-03-19 21:58:34,Grupo de estudos foi muito produtivo hoje.,0.0
PA002266,2023-03-19 22:06:53,"Tentei receita nova de bolo de cenoura, ficou fofinho.",0.08
PA002267,2023-03-19 22:58:27,"Metro bem tranquilo essa manha, cheguei bem.",0.0896
PA002268,2023-03-19 23:12:37,Grupo de estudos foi muito produtivo hoje.,0.1116
PA002269,2023-03-20 01:39:54,"Que calor hoje, tive que ligar o ar condicionado logo cedo.",0.064
PA002270,2023-03-20 02:43:19,Tarde produtiva organizando e limpando a casa.,0.037
PA002271,2023-03-20 03:46:33,"Vento agradavel hoje, aproveitei para caminhar no parque.",0.0317
PA002272,2023-03-20 03:51:21,"Novo celular chegou, a camera e impressionante.",0.0184
PA002273,2023-03-20 05:35:49,"Vento agradavel hoje, aproveitei para caminhar no parque.",0.1809
PA002274,2023-03-20 08:50:52,Aplicativo de carona funcionou perfeitamente.,0.0853
PA002275,2023-03-20 09:17:16,"Cuidando das plantas em casa, muito terapeutico.",0.0821
PA002276,2023-03-20 09:52:41,App de produtividade novo que encontrei e otimo.,0.076
PA002277,2023-03-20 11:27:21,"Volei com os amigos, muita risada e diversao.",0.0632
PA002278,2023-03-20 11:55:06,"Chuva passageira a tarde, depois o tempo abriu lindo.",0.1635
PA002279,2023-03-20 13:31:05,"Acai gelado essa tarde, refrescante demais.",0.0673
PA002280,2023-03-20 13:39:38,"Reuniao produtiva hoje, saimos com otimas ideias.",0.0
PA002281,2023-03-20 17:15:36,"Trilha ecologica incrivel, natureza pura.",0.0832
PA002282,2023-03-20 17:32:02,"Trilha ecologica incrivel, natureza pura.",0.0059
PA002283,2023-03-20 18:59:37,Terminei o trabalho da faculdade com antecedencia.,0.0
PA002284,2023-03-20 19:17:51,"Padaria da esquina lancou sabor novo, recomendo.",0.035
PA002285,2023-03-20 19:36:41,"Volei com os amigos, muita risada e diversao.",0.1876
PA002286,2023-03-20 19:37:53,"Trilha ecologica incrivel, natureza pura.",0.1339
PA002287,2023-03-20 21:26:39,"Teatro incrivel ontem, peca muito bem dirigida.",0.1148
PA002288,2023-03-20 21:48:05,"Cuidando das plantas em casa, muito terapeutico.",0.0389
PA002289,2023-03-20 22:19:12,Grupo de estudos foi muito produtivo hoje.,0.1954
PA002290,2023-03-20 22:37:55,"Home office com cafe fresquinho do lado, otimo.",0.0867
PA002291,2023-03-20 23:27:14,"Praia tranquila, sol perfeito, descanso total.",0.0878
PA002292,2023-03-20 23:29:43,"Testei IA para ajudar com codigo, funcionou bem.",0.1359
PA002293,2023-03-21 00:40:21,App de produtividade novo que encontrei e otimo.,0.0701
PA002294,2023-03-21 01:54:27,"Praia tranquila, sol perfeito, descanso total.",0.1431
PA002295,2023-03-21 04:11:27,App de produtividade novo que encontrei e otimo.,0.0097
PA002296,2023-03-21 04:17:56,"Volei com os amigos, muita risada e diversao.",0.0
PA002297,2023-03-21 06:26:35,"Vento agradavel hoje, aproveitei para caminhar no parque.",0.1354
PA002298,2023-03-21 06:30:34,"Natacao de manha, melhor inicio de dia possivel.",0.1106
PA002299,2023-03-21 08:19:23,Aplicativo de carona funcionou perfeitamente.,0.0691
PA002300,2023-03-21 09:19:32,"Praia tranquila, sol perfeito, descanso total.",0.0186
PA002301,2023-03-21 09:19:41,"Metro bem tranquilo essa manha, cheguei bem.",0.006
PA002302,2023-03-21 09:30:49,"Trilha ecologica incrivel, natureza pura.",0.0715
PA002303,2023-03-21 09:31:07,"Tentei receita nova de bolo de cenoura, ficou fofinho.",0.0509
PA002304,2023-03-21 09:46:54,"Domingo em familia, melhor dia da semana.",0.1024
PA002305,2023-03-21 10:20:11,"Sol lindo hoje, cafe na varanda foi otimo.",0.0256
PA002306,2023-03-21 10:30:48,"Churrasco com a familia no final de semana, delicioso.",0.059
PA002307,2023-03-21 13:22:24,"Academia hoje, treino puxado mas valeu muito.",0.066
PA002308,2023-03-21 13:23:18,"Tentei receita nova de bolo de cenoura, ficou fofinho.",0.0824
PA002309,2023-03-21 14:11:44,"Pausa pro cafe com os colegas, bate-papo otimo.",0.0173
PA002310,2023-03-21 15:07:04,Caminhada ate a estacao foi otima hoje.,0.124
PA002311,2023-03-21 15:10:58,Leitura no jardim com tempo agradavel.,0.0723
PA002312,2023-03-21 15:15:13,Semana intensa mas muito satisfatoria no trabalho.,0.1481
PA002313,2023-03-21 15:24:44,"Churrasco com a familia no final de semana, delicioso.",0.064
PA002314,2023-03-21 16:35:19,"Onibus chegou no horario hoje, que surpresa agradavel.",0.0
PA002315,2023-03-21 16:59:41,Brigadeiro de panela saiu incrivel hoje.,0.044
PA002316,2023-03-21 19:17:40,"Acai gelado essa tarde, refrescante demais.",0.1716
PA002317,2023-03-21 19:49:38,"Plantei temperos na sacada, que satisfacao.",0.012
PA002318,2023-03-21 19:56:56,"Padaria da esquina lancou sabor novo, recomendo.",0.0429
PA002319,2023-03-21 20:36:14,"Pausa pro cafe com os colegas, bate-papo otimo.",0.0794
PA002320,2023-03-21 21:10:47,"Filme otimo ontem, fui ao cinema com a familia.",0.0537
PA002321,2023-03-21 21:59:35,"Cuidando das plantas em casa, muito terapeutico.",0.0716
PA002322,2023-03-21 23:43:49,Feira de artesanato gostosa de passear.,0.0001
PA002323,2023-03-21 23:55:49,"Meditacao de manha, comecando o dia muito bem.",0.0842
PA002324,2023-03-22 00:38:20,Cafe da manha caprichado: tapioca com ovo e suco de laranja.,0.1062
PA002325,2023-03-22 01:38:33,"Yoga pela manha, comecei o dia muito bem.",0.1523
PA002326,2023-03-22 03:23:15,Tarde produtiva organizando e limpando a casa.,0.1765
PA002327,2023-03-22 05:20:57,"Churrasco com a familia no final de semana, delicioso.",0.0165
PA002328,2023-03-22 05:51:10,"Biblioteca da universidade, ambiente otimo para estudar.",0.1718
PA002329,2023-03-22 05:51:31,Cafe da manha caprichado: tapioca com ovo e suco de laranja.,0.0095
PA002330,2023-03-22 08:08:42,Burocracia excessiva impossibilitando qualquer coisa.,0.6448
PA002331,2023-03-22 08:19:38,"Trilha ecologica incrivel, natureza pura.",0.027
PA002332,2023-03-22 08:57:45,"Metro bem tranquilo essa manha, cheguei bem.",0.1092
PA002333,2023-03-22 09:41:15,"Chuva passageira a tarde, depois o tempo abriu lindo.",0.144
PA002334,2023-03-22 12:31:48,"Museu da cidade muito interessante, aprendi bastante.",0.0717
PA002335,2023-03-22 13:39:54,Grupo de estudos foi muito produtivo hoje.,0.0
PA002336,2023-03-22 13:46:12,Que tarde relaxante lendo na rede.,0.1021
PA002337,2023-03-22 13:59:46,"Plantei temperos na sacada, que satisfacao.",0.0337
PA002338,2023-03-22 15:19:56,"Que calor hoje, tive que ligar o ar condicionado logo cedo.",0.0655
PA002339,2023-03-22 17:42:47,Jogo novo me viciou de um jeito bom.,0.1748
PA002340,2023-03-22 18:18:27,"Dia nublado mas tranquilo, bom para estudar sem distracao.",0.0057
PA002341,2023-03-22 19:05:15,"Filme otimo ontem, fui ao cinema com a familia.",0.0471
PA002342,2023-03-22 20:36:35,Jantar simples mas gostoso com a familia.,0.0803
PA002343,2023-03-22 21:41:31,"Serie nova incrivel, amei o primeiro episodio.",0.1002
PA002344,2023-03-22 22:03:39,"Praia tranquila, sol perfeito, descanso total.",0.0
PA002345,2023-03-23 01:15:03,"Churrasco com a familia no final de semana, delicioso.",0.0514
PA002346,2023-03-23 01:46:35,"Home office com cafe fresquinho do lado, otimo.",0.092
PA002347,2023-03-23 02:00:39,"Acai gelado essa tarde, refrescante demais.",0.0882
PA002348,2023-03-23 06:33:31,"Livro excelente sobre ciencia de dados, recomendo muito.",0.0868
PA002349,2023-03-23 08:15:52,"Tentei receita nova de bolo de cenoura, ficou fofinho.",0.1754
PA002350,2023-03-23 09:00:07,Caminhada ate a estacao foi otima hoje.,0.1081
PA002351,2023-03-23 12:09:16,"Meu time ganhou hoje, que jogo bonito foi.",0.0415
PA002352,2023-03-23 12:41:57,"Passeio com o cachorro no parque, ele adorou.",0.1609
PA002353,2023-03-23 13:27:54,"Plantei temperos na sacada, que satisfacao.",0.0839
PA002354,2023-03-23 13:46:22,"Sol lindo hoje, cafe na varanda foi otimo.",0.0617
PA002355,2023-03-23 15:12:52,Show ao vivo incrivel no fim de semana.,0.0309
PA002356,2023-03-23 15:49:13,"Yoga pela manha, comecei o dia muito bem.",0.1264
PA002357,2023-03-23 16:15:27,"Praia tranquila, sol perfeito, descanso total.",0.0666
PA002358,2023-03-23 16:32:02,"Dia nublado mas tranquilo, bom para estudar sem distracao.",0.0897
PA002359,2023-03-23 17:06:47,"Notebook novo chegou, que desempenho incrivel.",0.1279
PA002360,2023-03-23 17:38:51,"Viagem de fim de semana para cidade historica, valeu.",0.0177
PA002361,2023-03-23 18:54:53,Pedalada de tarde com vista incrivel do parque.,0.1493
PA002362,2023-03-23 19:33:45,"Reuniao produtiva hoje, saimos com otimas ideias.",0.0544
PA002363,2023-03-23 19:55:50,"Minha mae fez feijao com arroz e linguica, classico perfeito.",0.0966
PA002364,2023-03-23 20:57:48,"Choveu a tarde toda, dia perfeito pra ficar em casa lendo.",0.0574
PA002365,2023-03-23 21:12:05,"Onibus chegou no horario hoje, que surpresa agradavel.",0.1471
PA002366,2023-03-23 22:08:49,"Testei IA para ajudar com codigo, funcionou bem.",0.0821
PA002367,2023-03-23 22:16:32,"Teatro incrivel ontem, peca muito bem dirigida.",0.1047
PA002368,2023-03-23 23:01:51,"Passeio no interior no fim de semana, natureza linda.",0.0032
PA002369,2023-03-24 00:53:36,"Pipoca e serie boa na sexta, programa perfeito.",0.0549
PA002370,2023-03-24 02:24:36,Feira de artesanato gostosa de passear.,0.05
PA002371,2023-03-24 03:20:48,Que manha fresca e agradavel para uma caminhada.,0.0
PA002372,2023-03-24 03:25:15,Leitura no jardim com tempo agradavel.,0.0667
PA002373,2023-03-24 04:00:20,Semana intensa mas muito satisfatoria no trabalho.,0.0556
PA002374,2023-03-24 04:11:05,"Filme otimo ontem, fui ao cinema com a familia.",0.0217
PA002375,2023-03-24 04:19:19,"Minha mae fez feijao com arroz e linguica, classico perfeito.",0.1043
PA002376,2023-03-24 04:21:29,"Filme otimo ontem, fui ao cinema com a familia.",0.12
PA002377,2023-03-24 04:27:05,Show ao vivo incrivel no fim de semana.,0.0544
PA002378,2023-03-24 04:28:38,"Trilha ecologica incrivel, natureza pura.",0.1024
PA002379,2023-03-24 04:56:19,"Pausa pro cafe com os colegas, bate-papo otimo.",0.0553
PA002380,2023-03-24 05:04:35,App de produtividade novo que encontrei e otimo.,0.0871
PA002381,2023-03-24 05:46:41,"Passeio no interior no fim de semana, natureza linda.",0.1358
PA002382,2023-03-24 08:32:56,"Choveu a tarde toda, dia perfeito pra ficar em casa lendo.",0.1299
PA002383,2023-03-24 08:45:12,Aplicativo de carona funcionou perfeitamente.,0.1084
PA002384,2023-03-24 11:29:01,Aplicativo de carona funcionou perfeitamente.,0.0337
PA002385,2023-03-24 12:58:47,"Academia hoje, treino puxado mas valeu muito.",0.156
PA002386,2023-03-24 14:20:14,Aula incrivel sobre estatistica aplicada hoje.,0.094
PA002387,2023-03-24 14:46:29,Que manha fresca e agradavel para uma caminhada.,0.1847
PA002388,2023-03-24 15:00:03,"Almoco incrivel hoje, fiz lasanha caseira do zero.",0.0723
PA002389,2023-03-24 15:15:12,"Pipoca e serie boa na sexta, programa perfeito.",0.1152
PA002390,2023-03-24 15:57:59,"Academia hoje, treino puxado mas valeu muito.",0.1218
PA002391,2023-03-24 16:11:11,Jantar simples mas gostoso com a familia.,0.1526
PA002392,2023-03-24 16:48:13,"Apresentacao correu muito bem, todos gostaram.",0.0909
PA002393,2023-03-24 17:37:47,"Maratonei a temporada completa, valeu cada minuto.",0.1074
PA002394,2023-03-24 18:30:03,"Governo aumentando imposto de novo, inacreditavel.",0.7772
PA002395,2023-03-24 20:39:31,"Yoga pela manha, comecei o dia muito bem.",0.0931
PA002396,2023-03-24 23:15:17,"Fui num restaurante novo, a pizza estava espetacular.",0.1015
PA002397,2023-03-24 23:15:58,"Pipoca e serie boa na sexta, programa perfeito.",0.0717
PA002398,2023-03-24 23:59:26,"Biblioteca da universidade, ambiente otimo para estudar.",0.1231
PA002399,2023-03-25 00:36:58,"Livro excelente sobre ciencia de dados, recomendo muito.",0.0913
PA002400,2023-03-25 01:11:53,"Aprendi receita nova no youtube, ficou otimo.",0.0194
PA002401,2023-03-25 01:44:03,"Vizinho fazendo barulho ate tarde da noite, falta de respeito.",0.8051
PA002402,2023-03-25 01:56:35,"Consegui estacionamento logo de cara, dia de sorte mesmo.",0.0912
PA002403,2023-03-25 02:00:39,Show ao vivo incrivel no fim de semana.,0.0766
PA002404,2023-03-25 02:22:43,"Domingo em familia, melhor dia da semana.",0.0449
PA002405,2023-03-25 03:26:05,"Churrasco com a familia no final de semana, delicioso.",0.0311
PA002406,2023-03-25 03:43:04,"Cuidando das plantas em casa, muito terapeutico.",0.0586
PA002407,2023-03-25 04:48:16,"Museu da cidade muito interessante, aprendi bastante.",0.0871
PA002408,2023-03-25 04:58:13,"Pipoca e serie boa na sexta, programa perfeito.",0.0708
PA002409,2023-03-25 05:51:30,Semana intensa mas muito satisfatoria no trabalho.,0.043
PA002410,2023-03-25 08:18:46,"Chuva passageira a tarde, depois o tempo abriu lindo.",0.0464
PA002411,2023-03-25 10:45:04,"Home office com cafe fresquinho do lado, otimo.",0.0676
PA002412,2023-03-25 11:20:34,Que tarde relaxante lendo na rede.,0.1399
PA002413,2023-03-25 11:49:22,"Testei IA para ajudar com codigo, funcionou bem.",0.0556
PA002414,2023-03-25 11:53:18,"Fui de bike hoje, que exercicio agradavel de manha.",0.0576
PA002415,2023-03-25 12:19:40,"Onibus chegou no horario hoje, que surpresa agradavel.",0.1216
PA002416,2023-03-25 12:31:53,"O outono chegou cedo esse ano, que frio gostoso de manha.",0.0995
PA002417,2023-03-25 15:03:49,"Academia hoje, treino puxado mas valeu muito.",0.109
PA002418,2023-03-25 15:26:09,"Que calor hoje, tive que ligar o ar condicionado logo cedo.",0.1022
PA002419,2023-03-25 15:46:41,"Vento agradavel hoje, aproveitei para caminhar no parque.",0.0906
PA002420,2023-03-25 17:13:18,Finalmente entendi aquele conceito que me travava.,0.0596
PA002421,2023-03-25 17:54:36,Que manha fresca e agradavel para uma caminhada.,0.0241
PA002422,2023-03-25 18:18:15,"Passeio com o cachorro no parque, ele adorou.",0.1195
PA002423,2023-03-25 19:55:25,Que manha fresca e agradavel para uma caminhada.,0.0843
PA002424,2023-03-25 20:50:00,"Padaria da esquina lancou sabor novo, recomendo.",0.0436
PA002425,2023-03-25 21:34:58,"Musica nova do meu artista favorito, de outro nivel.",0.1304
PA002426,2023-03-25 21:57:33,Semana intensa mas muito satisfatoria no trabalho.,0.0174
PA002427,2023-03-25 23:08:28,Caminhada ate a estacao foi otima hoje.,0.0795
PA002428,2023-03-25 23:21:42,Cafe da manha caprichado: tapioca com ovo e suco de laranja.,0.1087
PA002429,2023-03-25 23:50:32,Podcast sobre tecnologia muito interessante.,0.1597
PA002430,2023-03-26 00:12:18,"Reuniao produtiva hoje, saimos com otimas ideias.",0.172
PA002431,2023-03-26 00:22:28,Pacote atrasado pelos correios pela terceira vez.,0.5781
PA002432,2023-03-26 01:05:40,Podcast sobre tecnologia muito interessante.,0.0556
PA002433,2023-03-26 02:14:43,"Reencontrei um amigo antigo por acaso, que alegria.",0.0891
PA002434,2023-03-26 02:49:24,"Tentei receita nova de bolo de cenoura, ficou fofinho.",0.1314
PA002435,2023-03-26 02:58:50,App de produtividade novo que encontrei e otimo.,0.2
PA002436,2023-03-26 03:50:59,Terminei o trabalho da faculdade com antecedencia.,0.0928
PA002437,2023-03-26 03:53:14,"Natacao de manha, melhor inicio de dia possivel.",0.1357
PA002438,2023-03-26 05:45:03,Jantar simples mas gostoso com a familia.,0.1227
PA002439,2023-03-26 07:03:58,"Choveu a tarde toda, dia perfeito pra ficar em casa lendo.",0.1286
PA002440,2023-03-26 07:07:00,"Acai gelado essa tarde, refrescante demais.",0.1405
PA002441,2023-03-26 07:30:07,"Consegui estacionamento logo de cara, dia de sorte mesmo.",0.0
PA002442,2023-03-26 09:08:46,Cafe da manha caprichado: tapioca com ovo e suco de laranja.,0.0846
PA002443,2023-03-26 09:37:31,"Fechei projeto importante essa semana, que alegria.",0.0714
PA002444,2023-03-26 11:41:29,"Reuniao produtiva hoje, saimos com otimas ideias.",0.0401
PA002445,2023-03-26 13:05:20,"Sopa de legumes no frio, reconfortante e gostosa.",0.0066
PA002446,2023-03-26 13:18:40,"Livro excelente sobre ciencia de dados, recomendo muito.",0.0972
PA002447,2023-03-26 14:07:31,"Passei na certificacao, muito feliz com o resultado.",0.0
PA002448,2023-03-26 14:24:42,"Passeio no interior no fim de semana, natureza linda.",0.0716
PA002449,2023-03-26 15:32:22,"Onibus chegou no horario hoje, que surpresa agradavel.",0.1474
PA002450,2023-03-26 16:21:12,"Testei IA para ajudar com codigo, funcionou bem.",0.0717
PA002451,2023-03-26 16:23:06,Finalmente entendi aquele conceito que me travava.,0.0966
PA002452,2023-03-26 17:20:11,"Aprendi receita nova no youtube, ficou otimo.",0.1189
PA002453,2023-03-26 17:37:20,Caminhada ate a estacao foi otima hoje.,0.0636
PA002454,2023-03-26 18:27:11,Semana intensa mas muito satisfatoria no trabalho.,0.0163
PA002455,2023-03-26 18:48:11,"Fui de bike hoje, que exercicio agradavel de manha.",0.0579
PA002456,2023-03-26 22:11:30,Leitura no jardim com tempo agradavel.,0.1204
PA002457,2023-03-26 22:38:22,Que manha fresca e agradavel para uma caminhada.,0.12
PA002458,2023-03-27 02:36:30,App de produtividade novo que encontrei e otimo.,0.0
PA002459,2023-03-27 04:27:51,"Plantei temperos na sacada, que satisfacao.",0.0378
PA002460,2023-03-27 05:15:41,"Meditacao de manha, comecando o dia muito bem.",0.0713
PA002461,2023-03-27 05:23:38,"Museu da cidade muito interessante, aprendi bastante.",0.0787
PA002462,2023-03-27 06:01:32,"Estrada livre, cheguei no trabalho rapido hoje.",0.1294
PA002463,2023-03-27 06:23:21,"Volei com os amigos, muita risada e diversao.",0.016
PA002464,2023-03-27 06:47:50,"Aprendi receita nova no youtube, ficou otimo.",0.0945
PA002465,2023-03-27 07:33:37,"Configurei o home office com setup novo, otimo.",0.0784
PA002466,2023-03-27 09:12:04,"Natacao de manha, melhor inicio de dia possivel.",0.086
PA002467,2023-03-27 09:30:02,Aula incrivel sobre estatistica aplicada hoje.,0.1388
PA002468,2023-03-27 10:31:36,Aplicativo de carona funcionou perfeitamente.,0.0556
PA002469,2023-03-27 10:45:01,"Padaria da esquina lancou sabor novo, recomendo.",0.1776
PA002470,2023-03-27 11:30:14,"Passei na certificacao, muito feliz com o resultado.",0.0747
PA002471,2023-03-27 12:13:08,"Estudando para a prova de amanha, bem concentrado.",0.1098
PA002472,2023-03-27 12:38:56,"Meu time ganhou hoje, que jogo bonito foi.",0.087
PA002473,2023-03-27 12:41:49,"Passeio no interior no fim de semana, natureza linda.",0.0896
PA002474,2023-03-27 13:11:41,"Teatro incrivel ontem, peca muito bem dirigida.",0.0732
PA002475,2023-03-27 13:16:30,"Plantei temperos na sacada, que satisfacao.",0.0419
PA002476,2023-03-27 13:27:05,Aula incrivel sobre estatistica aplicada hoje.,0.0819
PA002477,2023-03-27 13:36:08,"Acai gelado essa tarde, refrescante demais.",0.0813
PA002478,2023-03-27 14:06:03,"Praia tranquila, sol perfeito, descanso total.",0.1069
PA002479,2023-03-27 14:34:55,"Estudando para a prova de amanha, bem concentrado.",0.0351
PA002480,2023-03-27 15:40:01,Podcast sobre tecnologia muito interessante.,0.0736
PA002481,2023-03-27 16:19:17,"O outono chegou cedo esse ano, que frio gostoso de manha.",0.0
PA002482,2023-03-27 16:24:36,Jantar simples mas gostoso com a familia.,0.1279
PA002483,2023-03-27 16:46:48,"Academia hoje, treino puxado mas valeu muito.",0.0814
PA002484,2023-03-27 17:24:52,"Reencontrei um amigo antigo por acaso, que alegria.",0.0558
PA002485,2023-03-27 18:55:33,"Home office com cafe fresquinho do lado, otimo.",0.0974
PA002486,2023-03-27 19:12:21,"Minha mae fez feijao com arroz e linguica, classico perfeito.",0.12
PA002487,2023-03-27 19:26:54,Show ao vivo incrivel no fim de semana.,0.0677
PA002488,2023-03-27 21:48:56,"Tentei receita nova de bolo de cenoura, ficou fofinho.",0.0963
PA002489,2023-03-27 22:35:49,"Pipoca e serie boa na sexta, programa perfeito.",0.0917
PA002490,2023-03-27 22:59:12,"Novo celular chegou, a camera e impressionante.",0.0625
PA002491,2023-03-27 23:05:56,"Sol lindo hoje, cafe na varanda foi otimo.",0.1268
PA002492,2023-03-27 23:10:31,"Teatro incrivel ontem, peca muito bem dirigida.",0.1109
PA002493,2023-03-28 00:27:55,"Que calor hoje, tive que ligar o ar condicionado logo cedo.",0.0792
PA002494,2023-03-28 01:04:05,"Fui num restaurante novo, a pizza estava espetacular.",0.0652
PA002495,2023-03-28 03:50:52,"Tarefa dificil concluida com sucesso, que satisfacao.",0.1527
PA002496,2023-03-28 04:12:29,"Teatro incrivel ontem, peca muito bem dirigida.",0.029
PA002497,2023-03-28 04:35:55,"Fui num restaurante novo, a pizza estava espetacular.",0.0275
PA002498,2023-03-28 04:46:49,Brigadeiro de panela saiu incrivel hoje.,0.0256
PA002499,2023-03-28 05:55:14,"Choveu a tarde toda, dia perfeito pra ficar em casa lendo.",0.0172
PA002500,2023-03-28 06:33:11,"Viagem de fim de semana para cidade historica, valeu.",0.1171
PA002501,2023-03-28 11:00:04,"Aprendi receita nova no youtube, ficou otimo.",0.009
PA002502,2023-03-28 12:07:58,App de produtividade novo que encontrei e otimo.,0.0986
PA002503,2023-03-28 13:23:14,"Fui num restaurante novo, a pizza estava espetacular.",0.033
PA002504,2023-03-28 13:40:46,"Padaria da esquina lancou sabor novo, recomendo.",0.0293
PA002505,2023-03-28 14:08:56,"Reuniao produtiva hoje, saimos com otimas ideias.",0.111
PA002506,2023-03-28 15:25:29,"Teatro incrivel ontem, peca muito bem dirigida.",0.1306
PA002507,2023-03-28 15:26:42,"Tentei receita nova de bolo de cenoura, ficou fofinho.",0.142
PA002508,2023-03-28 15:49:03,"Dia nublado mas tranquilo, bom para estudar sem distracao.",0.0394
PA002509,2023-03-28 16:11:51,"Acai gelado essa tarde, refrescante demais.",0.0494
PA002510,2023-03-28 16:31:41,Brigadeiro de panela saiu incrivel hoje.,0.0831
PA002511,2023-03-28 17:29:36,"Configurei o home office com setup novo, otimo.",0.0876
PA002512,2023-03-28 18:32:22,"Chuva passageira a tarde, depois o tempo abriu lindo.",0.0604
PA002513,2023-03-28 18:38:15,Terminei o trabalho da faculdade com antecedencia.,0.0401
PA002514,2023-03-28 19:07:34,"Fui num restaurante novo, a pizza estava espetacular.",0.0104
PA002515,2023-03-28 22:26:48,"Sopa de legumes no frio, reconfortante e gostosa.",0.0681
PA002516,2023-03-28 22:33:34,"Teatro incrivel ontem, peca muito bem dirigida.",0.0689
PA002517,2023-03-28 22:57:43,"Fechei projeto importante essa semana, que alegria.",0.1301
PA002518,2023-03-29 00:07:24,Grupo de estudos foi muito produtivo hoje.,0.0477
PA002519,2023-03-29 00:08:23,"Passeio no interior no fim de semana, natureza linda.",0.0847
PA002520,2023-03-29 01:11:46,"Vento agradavel hoje, aproveitei para caminhar no parque.",0.064
PA002521,2023-03-29 01:56:06,"Minha mae fez feijao com arroz e linguica, classico perfeito.",0.0685
PA002522,2023-03-29 03:20:06,"Cuidando das plantas em casa, muito terapeutico.",0.0739
PA002523,2023-03-29 04:02:38,"Plantei temperos na sacada, que satisfacao.",0.2
PA002524,2023-03-29 04:32:38,"Padaria da esquina lancou sabor novo, recomendo.",0.0695
PA002525,2023-03-29 05:24:57,"Passeio no interior no fim de semana, natureza linda.",0.1927
PA002526,2023-03-29 05:27:40,"Churrasco com a familia no final de semana, delicioso.",0.098
PA002527,2023-03-29 05:28:18,"Apresentacao correu muito bem, todos gostaram.",0.0654
PA002528,2023-03-29 06:42:02,"Serie nova incrivel, amei o primeiro episodio.",0.0836
PA002529,2023-03-29 07:08:14,"Corri 5km de manha, semana otima de treino.",0.1234
PA002530,2023-03-29 07:56:03,"Natacao de manha, melhor inicio de dia possivel.",0.0709
PA002531,2023-03-29 10:09:14,Podcast sobre tecnologia muito interessante.,0.1058
PA002532,2023-03-29 10:21:04,"Consegui estacionamento logo de cara, dia de sorte mesmo.",0.1119
PA002533,2023-03-29 12:40:01,"Apresentacao correu muito bem, todos gostaram.",0.0598
PA002534,2023-03-29 13:31:40,"Passei na certificacao, muito feliz com o resultado.",0.1393
PA002535,2023-03-29 13:50:50,Jogo novo me viciou de um jeito bom.,0.0111
PA002536,2023-03-29 13:57:26,"Testei IA para ajudar com codigo, funcionou bem.",0.0269
PA002537,2023-03-29 14:51:16,"Plantei temperos na sacada, que satisfacao.",0.1097
PA002538,2023-03-29 16:01:02,"Testei IA para ajudar com codigo, funcionou bem.",0.1647
PA002539,2023-03-29 16:28:05,Jogo novo me viciou de um jeito bom.,0.0626
PA002540,2023-03-29 19:25:58,Que tarde relaxante lendo na rede.,0.0556
PA002541,2023-03-29 20:04:35,"Que calor hoje, tive que ligar o ar condicionado logo cedo.",0.0957
PA002542,2023-03-29 20:25:13,"Choveu a tarde toda, dia perfeito pra ficar em casa lendo.",0.0827
PA002543,2023-03-29 21:19:09,"Volei com os amigos, muita risada e diversao.",0.0391
PA002544,2023-03-30 00:17:20,"Domingo em familia, melhor dia da semana.",0.1126
PA002545,2023-03-30 02:19:40,"Fechei projeto importante essa semana, que alegria.",0.0
PA002546,2023-03-30 03:35:07,"Dia nublado mas tranquilo, bom para estudar sem distracao.",0.0864
PA002547,2023-03-30 03:55:41,Atualizacao deixou o sistema muito mais rapido.,0.1534
PA002548,2023-03-30 04:21:32,Grupo de estudos foi muito produtivo hoje.,0.1039
PA002549,2023-03-30 08:38:54,"Vento agradavel hoje, aproveitei para caminhar no parque.",0.0481
PA002550,2023-03-30 09:45:46,"Praia tranquila, sol perfeito, descanso total.",0.086
PA002551,2023-03-30 10:16:18,Jantar simples mas gostoso com a familia.,0.0991
PA002552,2023-03-30 12:44:44,"Dia nublado mas tranquilo, bom para estudar sem distracao.",0.0273
PA002553,2023-03-30 13:43:18,"Passeio com o cachorro no parque, ele adorou.",0.1346
PA002554,2023-03-30 13:50:11,Show ao vivo incrivel no fim de semana.,0.0391
PA002555,2023-03-30 14:31:19,"Pipoca e serie boa na sexta, programa perfeito.",0.0831
PA002556,2023-03-30 16:19:02,"Tentei receita nova de bolo de cenoura, ficou fofinho.",0.0968
PA002557,2023-03-30 16:35:44,"Vento agradavel hoje, aproveitei para caminhar no parque.",0.052
PA002558,2023-03-30 16:58:38,"Churrasco com a familia no final de semana, delicioso.",0.1776
PA002559,2023-03-30 17:47:33,"Notebook novo chegou, que desempenho incrivel.",0.1528
PA002560,2023-03-30 18:02:37,"Praia tranquila, sol perfeito, descanso total.",0.0757
PA002561,2023-03-30 18:11:04,"Almoco incrivel hoje, fiz lasanha caseira do zero.",0.0
PA002562,2023-03-30 18:58:38,Leitura no jardim com tempo agradavel.,0.0224
PA002563,2023-03-30 20:37:31,Podcast sobre tecnologia muito interessante.,0.0224
PA002564,2023-03-30 20:49:47,Aula incrivel sobre estatistica aplicada hoje.,0.0943
PA002565,2023-03-30 22:13:07,"Fui de bike hoje, que exercicio agradavel de manha.",0.0143
PA002566,2023-03-30 23:20:08,"Yoga pela manha, comecei o dia muito bem.",0.0053
PA002567,2023-03-30 23:59:58,"Notebook novo chegou, que desempenho incrivel.",0.0583
PA002568,2023-03-31 01:49:22,"Estudando para a prova de amanha, bem concentrado.",0.1111
PA002569,2023-03-31 03:45:15,"Home office com cafe fresquinho do lado, otimo.",0.0983
PA002570,2023-03-31 03:56:51,"Fui de bike hoje, que exercicio agradavel de manha.",0.1549
PA002571,2023-03-31 06:30:05,"Filme otimo ontem, fui ao cinema com a familia.",0.0
PA002572,2023-03-31 07:13:50,"Churrasco com a familia no final de semana, delicioso.",0.0
PA002573,2023-03-31 07:40:53,"Sol lindo hoje, cafe na varanda foi otimo.",0.1542
PA002574,2023-03-31 07:44:20,Finalmente entendi aquele conceito que me travava.,0.1138
PA002575,2023-03-31 08:47:15,"Onibus chegou no horario hoje, que surpresa agradavel.",0.0319
PA002576,2023-03-31 09:19:36,Brigadeiro de panela saiu incrivel hoje.,0.0785
PA002577,2023-03-31 10:42:23,"Filme otimo ontem, fui ao cinema com a familia.",0.0172
PA002578,2023-03-31 12:04:05,"Configurei o home office com setup novo, otimo.",0.05
PA002579,2023-03-31 13:11:27,"Maratonei a temporada completa, valeu cada minuto.",0.0901
PA002580,2023-03-31 13:33:30,"Acai gelado essa tarde, refrescante demais.",0.0636
PA002581,2023-03-31 13:58:45,Jogo novo me viciou de um jeito bom.,0.074
PA002582,2023-03-31 14:32:24,Feira de artesanato gostosa de passear.,0.0418
PA002583,2023-03-31 15:55:57,"Pipoca e serie boa na sexta, programa perfeito.",0.0383
PA002584,2023-03-31 15:58:45,Que tarde relaxante lendo na rede.,0.0049
PA002585,2023-03-31 18:27:13,Terminei o trabalho da faculdade com antecedencia.,0.115
PA002586,2023-03-31 18:33:00,"Dia nublado mas tranquilo, bom para estudar sem distracao.",0.0361
PA002587,2023-03-31 20:26:39,"Fechei projeto importante essa semana, que alegria.",0.0258
PA002588,2023-03-31 21:26:36,Podcast sobre tecnologia muito interessante.,0.0201
PA002589,2023-03-31 21:32:33,"Pausa pro cafe com os colegas, bate-papo otimo.",0.0166
PA002590,2023-03-31 21:37:28,"Serie nova incrivel, amei o primeiro episodio.",0.0772
PA002591,2023-03-31 22:20:55,"Chuva passageira a tarde, depois o tempo abriu lindo.",0.1057
PA002592,2023-03-31 23:19:22,Jantar simples mas gostoso com a familia.,0.1542
PA002593,2023-03-31 23:44:05,Show ao vivo incrivel no fim de semana.,0.0805
PA002594,2023-03-31 23:55:53,"Testei IA para ajudar com codigo, funcionou bem.",0.0842
PA002595,2023-04-01 00:16:33,Tarde produtiva organizando e limpando a casa.,0.0769
PA002596,2023-04-01 02:46:21,"Natacao de manha, melhor inicio de dia possivel.",0.0732
PA002597,2023-04-01 03:33:04,"Minha mae fez feijao com arroz e linguica, classico perfeito.",0.0766
PA002598,2023-04-01 03:53:27,"Minha mae fez feijao com arroz e linguica, classico perfeito.",0.1025
PA002599,2023-04-01 04:08:39,Aula incrivel sobre estatistica aplicada hoje.,0.1041
PA002600,2023-04-01 04:24:44,"Plantei temperos na sacada, que satisfacao.",0.1349
PA002601,2023-04-01 05:46:01,"Pausa pro cafe com os colegas, bate-papo otimo.",0.1001
PA002602,2023-04-01 07:02:16,Tarde produtiva organizando e limpando a casa.,0.0582
PA002603,2023-04-01 07:59:33,"Almoco incrivel hoje, fiz lasanha caseira do zero.",0.1298
PA002604,2023-04-01 09:39:41,Aula incrivel sobre estatistica aplicada hoje.,0.1381
PA002605,2023-04-01 09:47:27,"Pipoca e serie boa na sexta, programa perfeito.",0.074
PA002606,2023-04-01 10:30:01,"Tarefa dificil concluida com sucesso, que satisfacao.",0.0694
PA002607,2023-04-01 10:40:08,Brigadeiro de panela saiu incrivel hoje.,0.0121
PA002608,2023-04-01 13:44:46,"Corri 5km de manha, semana otima de treino.",0.0089
PA002609,2023-04-01 13:48:19,"Testei IA para ajudar com codigo, funcionou bem.",0.094
PA002610,2023-04-01 14:04:33,"Cuidando das plantas em casa, muito terapeutico.",0.0
PA002611,2023-04-01 14:08:21,"Pipoca e serie boa na sexta, programa perfeito.",0.0648
PA002612,2023-04-01 15:33:36,Aplicativo de carona funcionou perfeitamente.,0.0745
PA002613,2023-04-01 16:30:28,"O outono chegou cedo esse ano, que frio gostoso de manha.",0.0832
PA002614,2023-04-01 18:16:53,"Meditacao de manha, comecando o dia muito bem.",0.067
PA002615,2023-04-01 20:31:40,"Novo celular chegou, a camera e impressionante.",0.0799
PA002616,2023-04-01 21:38:12,"Choveu a tarde toda, dia perfeito pra ficar em casa lendo.",0.0585
PA002617,2023-04-01 21:45:27,Grupo de estudos foi muito produtivo hoje.,0.1032
PA002618,2023-04-01 22:45:56,"Tarefa dificil concluida com sucesso, que satisfacao.",0.0424
PA002619,2023-04-01 23:02:31,Pedalada de tarde com vista incrivel do parque.,0.0596
PA002620,2023-04-01 23:41:17,Aula incrivel sobre estatistica aplicada hoje.,0.0568
PA002621,2023-04-02 00:33:43,Podcast sobre tecnologia muito interessante.,0.1114
PA002622,2023-04-02 00:52:33,Grupo de estudos foi muito produtivo hoje.,0.0143
PA002623,2023-04-02 02:58:03,"Viagem de fim de semana para cidade historica, valeu.",0.0664
PA002624,2023-04-02 05:45:27,"Que calor hoje, tive que ligar o ar condicionado logo cedo.",0.0306
PA002625,2023-04-02 08:34:01,"Home office com cafe fresquinho do lado, otimo.",0.0
PA002626,2023-04-02 09:24:41,"Plantei temperos na sacada, que satisfacao.",0.0529
PA002627,2023-04-02 10:01:13,"Minha mae fez feijao com arroz e linguica, classico perfeito.",0.0531
PA002628,2023-04-02 10:20:52,"Onibus chegou no horario hoje, que surpresa agradavel.",0.0749
PA002629,2023-04-02 10:50:57,"Choveu a tarde toda, dia perfeito pra ficar em casa lendo.",0.0447
PA002630,2023-04-02 10:55:27,Semana intensa mas muito satisfatoria no trabalho.,0.0386
PA002631,2023-04-02 11:21:39,Nao aguento mais reclamacao sem solucao pratica.,0.7164
PA002632,2023-04-02 11:29:12,"Volei com os amigos, muita risada e diversao.",0.0991
PA002633,2023-04-02 15:34:00,"Passei na certificacao, muito feliz com o resultado.",0.0294
PA002634,2023-04-02 16:28:11,Finalmente entendi aquele conceito que me travava.,0.0507
PA002635,2023-04-02 16:48:05,App de produtividade novo que encontrei e otimo.,0.1421
PA002636,2023-04-02 16:54:00,"Choveu a tarde toda, dia perfeito pra ficar em casa lendo.",0.1202
PA002637,2023-04-02 17:32:38,Leitura no jardim com tempo agradavel.,0.0467
PA002638,2023-04-02 18:00:04,"Filme otimo ontem, fui ao cinema com a familia.",0.0871
PA002639,2023-04-02 19:05:44,Aula incrivel sobre estatistica aplicada hoje.,0.0462
PA002640,2023-04-02 19:37:31,"Teatro incrivel ontem, peca muito bem dirigida.",0.1105
PA002641,2023-04-02 20:38:36,"Maratonei a temporada completa, valeu cada minuto.",0.1437
PA002642,2023-04-02 23:04:35,"Corri 5km de manha, semana otima de treino.",0.1063
PA002643,2023-04-02 23:16:43,"Aprendi receita nova no youtube, ficou otimo.",0.0759
PA002644,2023-04-02 23:18:37,"Praia tranquila, sol perfeito, descanso total.",0.0763
PA002645,2023-04-02 23:34:21,Aplicativo de carona funcionou perfeitamente.,0.0729
PA002646,2023-04-02 23:44:46,"Onibus chegou no horario hoje, que surpresa agradavel.",0.0086
PA002647,2023-04-03 00:23:29,"Chuva passageira a tarde, depois o tempo abriu lindo.",0.106
PA002648,2023-04-03 00:42:14,"Churrasco com a familia no final de semana, delicioso.",0.0224
PA002649,2023-04-03 02:40:58,"Internet caindo toda hora, impossivel trabalhar assim.",0.4214
PA002650,2023-04-03 02:49:20,"Academia hoje, treino puxado mas valeu muito.",0.0516
PA002651,2023-04-03 03:25:46,"Estrada livre, cheguei no trabalho rapido hoje.",0.1243
PA002652,2023-04-03 03:54:46,"Novo celular chegou, a camera e impressionante.",0.0191
PA002653,2023-04-03 04:33:09,"Teatro incrivel ontem, peca muito bem dirigida.",0.0449
PA002654,2023-04-03 04:55:32,"Passeio com o cachorro no parque, ele adorou.",0.1472
PA002655,2023-04-03 07:02:00,"Chuva passageira a tarde, depois o tempo abriu lindo.",0.1266
PA002656,2023-04-03 09:28:32,Caminhada ate a estacao foi otima hoje.,0.1312
PA002657,2023-04-03 10:02:42,"Sopa de legumes no frio, reconfortante e gostosa.",0.1124
PA002658,2023-04-03 10:12:55,Brigadeiro de panela saiu incrivel hoje.,0.0892
PA002659,2023-04-03 10:37:00,"Sopa de legumes no frio, reconfortante e gostosa.",0.1201
PA002660,2023-04-03 11:23:29,"Notebook novo chegou, que desempenho incrivel.",0.0682
PA002661,2023-04-03 11:40:56,"Aprendi receita nova no youtube, ficou otimo.",0.1201
PA002662,2023-04-03 13:23:26,Feira de artesanato gostosa de passear.,0.0627
PA002663,2023-04-03 14:09:05,"Domingo em familia, melhor dia da semana.",0.0545
PA002664,2023-04-03 15:17:07,"Acai gelado essa tarde, refrescante demais.",0.1816
PA002665,2023-04-03 15:33:57,"Academia hoje, treino puxado mas valeu muito.",0.0
PA002666,2023-04-03 15:40:43,"Testei IA para ajudar com codigo, funcionou bem.",0.0319
PA002667,2023-04-03 16:44:12,"O outono chegou cedo esse ano, que frio gostoso de manha.",0.0109
PA002668,2023-04-03 17:01:26,"Fechei projeto importante essa semana, que alegria.",0.0495
PA002669,2023-04-03 17:23:56,Tudo caro e qualidade cada vez pior.,0.5753
PA002670,2023-04-03 19:19:45,"Pipoca e serie boa na sexta, programa perfeito.",0.0051
PA002671,2023-04-03 19:40:34,"Serie nova incrivel, amei o primeiro episodio.",0.0671
PA002672,2023-04-03 19:47:06,"O outono chegou cedo esse ano, que frio gostoso de manha.",0.0287
PA002673,2023-04-03 20:04:51,"Vento agradavel hoje, aproveitei para caminhar no parque.",0.1283
PA002674,2023-04-03 20:34:25,"Praia tranquila, sol perfeito, descanso total.",0.0564
PA002675,2023-04-03 20:40:06,Caminhada ate a estacao foi otima hoje.,0.0463
PA002676,2023-04-03 20:54:09,Atualizacao deixou o sistema muito mais rapido.,0.0
PA002677,2023-04-03 22:12:44,"Acai gelado essa tarde, refrescante demais.",0.1396
PA002678,2023-04-03 22:34:45,"Minha mae fez feijao com arroz e linguica, classico perfeito.",0.0565
PA002679,2023-04-04 01:06:48,"Viagem de fim de semana para cidade historica, valeu.",0.1071
PA002680,2023-04-04 01:34:50,"Tarefa dificil concluida com sucesso, que satisfacao.",0.1363
PA002681,2023-04-04 01:35:49,"Plantei temperos na sacada, que satisfacao.",0.1167
PA002682,2023-04-04 02:26:40,Aula incrivel sobre estatistica aplicada hoje.,0.1083
PA002683,2023-04-04 04:15:17,Brigadeiro de panela saiu incrivel hoje.,0.054
PA002684,2023-04-04 04:29:42,"Corri 5km de manha, semana otima de treino.",0.1564
PA002685,2023-04-04 04:42:25,"Metro bem tranquilo essa manha, cheguei bem.",0.1087
PA002686,2023-04-04 06:09:22,Cafe da manha caprichado: tapioca com ovo e suco de laranja.,0.1391
PA002687,2023-04-04 07:37:26,"Livro excelente sobre ciencia de dados, recomendo muito.",0.1522
PA002688,2023-04-04 08:19:53,"Trilha ecologica incrivel, natureza pura.",0.0338
PA002689,2023-04-04 11:20:07,"Cuidando das plantas em casa, muito terapeutico.",0.0335
PA002690,2023-04-04 11:29:51,"Livro excelente sobre ciencia de dados, recomendo muito.",0.127
PA002691,2023-04-04 11:40:22,"Fui de bike hoje, que exercicio agradavel de manha.",0.0407
PA002692,2023-04-04 12:45:27,"Choveu a tarde toda, dia perfeito pra ficar em casa lendo.",0.1069
PA002693,2023-04-04 12:49:08,"Natacao de manha, melhor inicio de dia possivel.",0.138
PA002694,2023-04-04 18:07:26,"Natacao de manha, melhor inicio de dia possivel.",0.136
PA002695,2023-04-04 18:25:55,Feira de artesanato gostosa de passear.,0.0803
PA002696,2023-04-04 18:28:19,"Natacao de manha, melhor inicio de dia possivel.",0.0633
PA002697,2023-04-05 01:30:15,"Reencontrei um amigo antigo por acaso, que alegria.",0.1502
PA002698,2023-04-05 01:42:31,Aplicativo de carona funcionou perfeitamente.,0.1385
PA002699,2023-04-05 02:08:55,"Maratonei a temporada completa, valeu cada minuto.",0.0694
PA002700,2023-04-05 02:21:34,"Fui num restaurante novo, a pizza estava espetacular.",0.0505
PA002701,2023-04-05 03:36:43,"Padaria da esquina lancou sabor novo, recomendo.",0.0547
PA002702,2023-04-05 04:34:13,"Chuva passageira a tarde, depois o tempo abriu lindo.",0.0739
PA002703,2023-04-05 04:51:57,"Testei IA para ajudar com codigo, funcionou bem.",0.0014
PA002704,2023-04-05 08:18:41,App de produtividade novo que encontrei e otimo.,0.0819
PA002705,2023-04-05 08:23:51,"Yoga pela manha, comecei o dia muito bem.",0.1599
PA002706,2023-04-05 09:11:58,Finalmente entendi aquele conceito que me travava.,0.0011
PA002707,2023-04-05 09:17:52,"Plantei temperos na sacada, que satisfacao.",0.0
PA002708,2023-04-05 09:31:19,"Testei IA para ajudar com codigo, funcionou bem.",0.0615
PA002709,2023-04-05 09:35:28,Grupo de estudos foi muito produtivo hoje.,0.0466
PA002710,2023-04-05 09:39:05,"Metro bem tranquilo essa manha, cheguei bem.",0.0864
PA002711,2023-04-05 09:52:45,"Volei com os amigos, muita risada e diversao.",0.006
PA002712,2023-04-05 10:21:24,"Trilha ecologica incrivel, natureza pura.",0.0739
PA002713,2023-04-05 11:52:17,Grupo de estudos foi muito produtivo hoje.,0.0879
PA002714,2023-04-05 11:54:38,"Cuidando das plantas em casa, muito terapeutico.",0.0549
PA002715,2023-04-05 13:07:33,Pedalada de tarde com vista incrivel do parque.,0.0207
PA002716,2023-04-05 14:18:51,"Fila do hospital andando devagar, sistema falido.",0.5731
PA002717,2023-04-05 14:56:24,"Sol lindo hoje, cafe na varanda foi otimo.",0.0512
PA002718,2023-04-05 15:08:04,"Apresentacao correu muito bem, todos gostaram.",0.0244
PA002719,2023-04-05 16:17:53,"Novo celular chegou, a camera e impressionante.",0.0307
PA002720,2023-04-05 16:55:49,"Maratonei a temporada completa, valeu cada minuto.",0.1023
PA002721,2023-04-05 17:37:16,"Natacao de manha, melhor inicio de dia possivel.",0.018
PA002722,2023-04-05 18:09:33,"Academia hoje, treino puxado mas valeu muito.",0.1172
PA002723,2023-04-05 18:49:27,"Notebook novo chegou, que desempenho incrivel.",0.0174
PA002724,2023-04-05 19:19:50,"Acai gelado essa tarde, refrescante demais.",0.0585
PA002725,2023-04-05 20:24:00,Caminhada ate a estacao foi otima hoje.,0.0
PA002726,2023-04-05 22:13:56,"Home office com cafe fresquinho do lado, otimo.",0.0902
PA002727,2023-04-05 22:32:14,"Estudando para a prova de amanha, bem concentrado.",0.1293
PA002728,2023-04-06 00:31:46,"Passeio com o cachorro no parque, ele adorou.",0.0462
PA002729,2023-04-06 00:58:19,App de produtividade novo que encontrei e otimo.,0.0581
PA002730,2023-04-06 01:31:16,"Padaria da esquina lancou sabor novo, recomendo.",0.1027
PA002731,2023-04-06 04:49:59,Finalmente entendi aquele conceito que me travava.,0.0723
PA002732,2023-04-06 05:35:02,"Notebook novo chegou, que desempenho incrivel.",0.0
PA002733,2023-04-06 06:10:49,"Fui de bike hoje, que exercicio agradavel de manha.",0.0978
PA002734,2023-04-06 07:05:35,Finalmente entendi aquele conceito que me travava.,0.1217
PA002735,2023-04-06 07:44:44,"Fui num restaurante novo, a pizza estava espetacular.",0.1493
PA002736,2023-04-06 09:23:05,"Fechei projeto importante essa semana, que alegria.",0.1004
PA002737,2023-04-06 10:31:05,"Tarefa dificil concluida com sucesso, que satisfacao.",0.1522
PA002738,2023-04-06 10:53:34,"Corri 5km de manha, semana otima de treino.",0.0793
PA002739,2023-04-06 10:59:02,"Onibus chegou no horario hoje, que surpresa agradavel.",0.0743
PA002740,2023-04-06 11:27:20,"Musica nova do meu artista favorito, de outro nivel.",0.1632
PA002741,2023-04-06 13:22:18,"Acai gelado essa tarde, refrescante demais.",0.1127
PA002742,2023-04-06 14:50:57,"Tarefa dificil concluida com sucesso, que satisfacao.",0.0471
PA002743,2023-04-06 18:32:55,"Trilha ecologica incrivel, natureza pura.",0.0526
PA002744,2023-04-06 19:18:08,"Volei com os amigos, muita risada e diversao.",0.0432
PA002745,2023-04-06 19:32:52,"Trilha ecologica incrivel, natureza pura.",0.0619
PA002746,2023-04-06 20:09:15,"Fui num restaurante novo, a pizza estava espetacular.",0.0705
PA002747,2023-04-06 20:46:33,"Que calor hoje, tive que ligar o ar condicionado logo cedo.",0.1257
PA002748,2023-04-06 21:25:07,"Maratonei a temporada completa, valeu cada minuto.",0.1116
PA002749,2023-04-06 22:43:59,"Notebook novo chegou, que desempenho incrivel.",0.0719
PA002750,2023-04-06 23:29:35,"Passeio com o cachorro no parque, ele adorou.",0.1319
PA002751,2023-04-07 00:50:53,"Padaria da esquina lancou sabor novo, recomendo.",0.1087
PA002752,2023-04-07 02:07:34,Cansado desse sistema publico que nao funciona.,0.6155
PA002753,2023-04-07 03:47:55,"Musica nova do meu artista favorito, de outro nivel.",0.0059
PA002754,2023-04-07 05:18:16,"Almoco incrivel hoje, fiz lasanha caseira do zero.",0.1523
PA002755,2023-04-07 06:39:27,Jantar simples mas gostoso com a familia.,0.0251
PA002756,2023-04-07 08:09:03,"Novo celular chegou, a camera e impressionante.",0.1247
PA002757,2023-04-07 08:43:14,Show ao vivo incrivel no fim de semana.,0.131
PA002758,2023-04-07 09:12:24,"Dia nublado mas tranquilo, bom para estudar sem distracao.",0.1465
PA002759,2023-04-07 09:25:48,"Yoga pela manha, comecei o dia muito bem.",0.1707
PA002760,2023-04-07 09:25:56,"Filme otimo ontem, fui ao cinema com a familia.",0.0548
PA002761,2023-04-07 09:29:14,Aula incrivel sobre estatistica aplicada hoje.,0.1592
PA002762,2023-04-07 10:22:05,"Estudando para a prova de amanha, bem concentrado.",0.1404
PA002763,2023-04-07 11:01:58,Caminhada ate a estacao foi otima hoje.,0.1059
PA002764,2023-04-07 11:41:27,"Maratonei a temporada completa, valeu cada minuto.",0.0942
PA002765,2023-04-07 11:59:34,"Configurei o home office com setup novo, otimo.",0.1181
PA002766,2023-04-07 12:00:42,"Fechei projeto importante essa semana, que alegria.",0.0181
PA002767,2023-04-07 13:52:41,"Chuva passageira a tarde, depois o tempo abriu lindo.",0.0221
PA002768,2023-04-07 14:20:32,"Choveu a tarde toda, dia perfeito pra ficar em casa lendo.",0.0661
PA002769,2023-04-07 16:40:40,"Metro bem tranquilo essa manha, cheguei bem.",0.0
PA002770,2023-04-07 16:44:50,Podcast sobre tecnologia muito interessante.,0.0
PA002771,2023-04-07 19:58:34,"Filme otimo ontem, fui ao cinema com a familia.",0.0971
PA002772,2023-04-07 20:33:54,Aula incrivel sobre estatistica aplicada hoje.,0.056
PA002773,2023-04-07 21:09:25,"Pausa pro cafe com os colegas, bate-papo otimo.",0.0976
PA002774,2023-04-07 21:35:53,"Plantei temperos na sacada, que satisfacao.",0.1223
PA002775,2023-04-07 22:47:21,Jogo novo me viciou de um jeito bom.,0.0999
PA002776,2023-04-08 01:01:03,"Biblioteca da universidade, ambiente otimo para estudar.",0.0967
PA002777,2023-04-08 01:32:10,"Academia hoje, treino puxado mas valeu muito.",0.0259
PA002778,2023-04-08 04:57:27,App de produtividade novo que encontrei e otimo.,0.087
PA002779,2023-04-08 05:33:12,Atualizacao deixou o sistema muito mais rapido.,0.0623
PA002780,2023-04-08 05:41:59,"Passeio no interior no fim de semana, natureza linda.",0.062
PA002781,2023-04-08 06:14:56,"Fui de bike hoje, que exercicio agradavel de manha.",0.16
PA002782,2023-04-08 06:15:14,"Padaria da esquina lancou sabor novo, recomendo.",0.0561
PA002783,2023-04-08 06:40:19,"Onibus chegou no horario hoje, que surpresa agradavel.",0.0611
PA002784,2023-04-08 06:47:57,"Chuva passageira a tarde, depois o tempo abriu lindo.",0.0824
PA002785,2023-04-08 07:08:45,Tarde produtiva organizando e limpando a casa.,0.0767
PA002786,2023-04-08 07:33:52,"Natacao de manha, melhor inicio de dia possivel.",0.0344
PA002787,2023-04-08 09:49:19,Pedalada de tarde com vista incrivel do parque.,0.1718
PA002788,2023-04-08 10:34:16,Aula incrivel sobre estatistica aplicada hoje.,0.121
PA002789,2023-04-08 11:04:49,Caminhada ate a estacao foi otima hoje.,0.0889
PA002790,2023-04-08 11:08:34,"O outono chegou cedo esse ano, que frio gostoso de manha.",0.0483
PA002791,2023-04-08 12:13:56,"Pausa pro cafe com os colegas, bate-papo otimo.",0.0112
PA002792,2023-04-08 12:57:38,"Praia tranquila, sol perfeito, descanso total.",0.0312
PA002793,2023-04-08 13:52:14,"O outono chegou cedo esse ano, que frio gostoso de manha.",0.0
PA002794,2023-04-08 14:05:04,Pedalada de tarde com vista incrivel do parque.,0.111
PA002795,2023-04-08 15:18:51,"Reuniao produtiva hoje, saimos com otimas ideias.",0.1064
PA002796,2023-04-08 15:25:39,Atualizacao deixou o sistema muito mais rapido.,0.0686
PA002797,2023-04-08 17:20:37,"Metro bem tranquilo essa manha, cheguei bem.",0.0276
PA002798,2023-04-08 18:22:49,"Padaria da esquina lancou sabor novo, recomendo.",0.0404
PA002799,2023-04-08 19:56:07,"Configurei o home office com setup novo, otimo.",0.0915
PA002800,2023-04-08 20:03:47,Caminhada ate a estacao foi otima hoje.,0.0927
PA002801,2023-04-08 20:24:22,"Padaria da esquina lancou sabor novo, recomendo.",0.0341
PA002802,2023-04-08 20:38:53,"Fui de bike hoje, que exercicio agradavel de manha.",0.0676
PA002803,2023-04-08 21:52:47,"Meu time ganhou hoje, que jogo bonito foi.",0.0489
PA002804,2023-04-08 23:09:38,Semana intensa mas muito satisfatoria no trabalho.,0.0865
PA002805,2023-04-09 00:10:21,"Volei com os amigos, muita risada e diversao.",0.0628
PA002806,2023-04-09 00:10:51,"Apresentacao correu muito bem, todos gostaram.",0.0476
PA002807,2023-04-09 00:51:59,"Consegui estacionamento logo de cara, dia de sorte mesmo.",0.063
PA002808,2023-04-09 01:40:17,App de produtividade novo que encontrei e otimo.,0.0983
PA002809,2023-04-09 01:55:37,"Praia tranquila, sol perfeito, descanso total.",0.1216
PA002810,2023-04-09 02:26:13,"Pipoca e serie boa na sexta, programa perfeito.",0.0839
PA002811,2023-04-09 02:41:25,"Configurei o home office com setup novo, otimo.",0.022
PA002812,2023-04-09 04:32:20,"Meditacao de manha, comecando o dia muito bem.",0.0752
PA002813,2023-04-09 04:35:24,"Meu time ganhou hoje, que jogo bonito foi.",0.1311
PA002814,2023-04-09 04:56:38,"Novo celular chegou, a camera e impressionante.",0.0206
PA002815,2023-04-09 05:07:37,"Almoco incrivel hoje, fiz lasanha caseira do zero.",0.0106
PA002816,2023-04-09 06:32:21,"Teatro incrivel ontem, peca muito bem dirigida.",0.0711
PA002817,2023-04-09 06:48:21,Que manha fresca e agradavel para uma caminhada.,0.1206
PA002818,2023-04-09 07:52:40,"Meditacao de manha, comecando o dia muito bem.",0.0651
PA002819,2023-04-09 08:50:48,App de produtividade novo que encontrei e otimo.,0.1003
PA002820,2023-04-09 09:25:53,"Praia tranquila, sol perfeito, descanso total.",0.118
PA002821,2023-04-09 14:01:37,"Aprendi receita nova no youtube, ficou otimo.",0.0625
PA002822,2023-04-09 15:07:37,"Sol lindo hoje, cafe na varanda foi otimo.",0.0218
PA002823,2023-04-09 15:26:19,"Fui de bike hoje, que exercicio agradavel de manha.",0.1929
PA002824,2023-04-09 15:43:51,Grupo de estudos foi muito produtivo hoje.,0.0381
PA002825,2023-04-09 17:00:38,"Serie nova incrivel, amei o primeiro episodio.",0.0756
PA002826,2023-04-09 19:07:19,"Trilha ecologica incrivel, natureza pura.",0.0
PA002827,2023-04-09 19:08:12,Leitura no jardim com tempo agradavel.,0.161
PA002828,2023-04-09 19:46:41,Feira de artesanato gostosa de passear.,0.0158
PA002829,2023-04-09 19:50:38,"Testei IA para ajudar com codigo, funcionou bem.",0.1027
PA002830,2023-04-09 21:57:38,Show ao vivo incrivel no fim de semana.,0.1072
PA002831,2023-04-09 22:16:07,"Fechei projeto importante essa semana, que alegria.",0.1418
PA002832,2023-04-09 22:26:07,Grupo de estudos foi muito produtivo hoje.,0.0868
PA002833,2023-04-09 22:35:16,"Chuva passageira a tarde, depois o tempo abriu lindo.",0.1843
PA002834,2023-04-09 23:41:50,"Passeio com o cachorro no parque, ele adorou.",0.0533
PA002835,2023-04-09 23:59:05,"Onibus chegou no horario hoje, que surpresa agradavel.",0.0757
PA002836,2023-04-10 01:20:08,Grupo de estudos foi muito produtivo hoje.,0.0326
PA002837,2023-04-10 02:54:36,Tarde produtiva organizando e limpando a casa.,0.0672
PA002838,2023-04-10 04:48:38,"Serie nova incrivel, amei o primeiro episodio.",0.0489
PA002839,2023-04-10 05:08:42,"Meditacao de manha, comecando o dia muito bem.",0.1388
PA002840,2023-04-10 05:18:21,"Sol lindo hoje, cafe na varanda foi otimo.",0.0334
PA002841,2023-04-10 05:33:33,"Serie nova incrivel, amei o primeiro episodio.",0.0
PA002842,2023-04-10 06:52:41,"Passeio no interior no fim de semana, natureza linda.",0.0952
PA002843,2023-04-10 08:37:24,"Tarefa dificil concluida com sucesso, que satisfacao.",0.1591
PA002844,2023-04-10 10:59:13,Tarde produtiva organizando e limpando a casa.,0.0666
PA002845,2023-04-10 11:00:05,"Pausa pro cafe com os colegas, bate-papo otimo.",0.1106
PA002846,2023-04-10 11:20:03,"Calor absurdo com falta de agua, descaso total.",0.8799
PA002847,2023-04-10 12:24:51,"Consegui estacionamento logo de cara, dia de sorte mesmo.",0.1001
PA002848,2023-04-10 12:30:42,Atualizacao deixou o sistema muito mais rapido.,0.092
PA002849,2023-04-10 12:34:28,"Novo celular chegou, a camera e impressionante.",0.066
PA002850,2023-04-10 13:00:07,"Consegui estacionamento logo de cara, dia de sorte mesmo.",0.1848
PA002851,2023-04-10 13:59:28,"Plantei temperos na sacada, que satisfacao.",0.1465
PA002852,2023-04-10 14:08:59,"Reencontrei um amigo antigo por acaso, que alegria.",0.1245
PA002853,2023-04-10 14:18:00,"Minha mae fez feijao com arroz e linguica, classico perfeito.",0.1193
PA002854,2023-04-10 14:22:50,"Onibus chegou no horario hoje, que surpresa agradavel.",0.0818
PA002855,2023-04-10 14:45:52,"Home office com cafe fresquinho do lado, otimo.",0.0713
PA002856,2023-04-10 14:57:42,"Acai gelado essa tarde, refrescante demais.",0.0449
PA002857,2023-04-10 15:33:32,"Que calor hoje, tive que ligar o ar condicionado logo cedo.",0.1603
PA002858,2023-04-10 15:35:52,"Estrada livre, cheguei no trabalho rapido hoje.",0.0646
PA002859,2023-04-10 16:12:20,"Chuva passageira a tarde, depois o tempo abriu lindo.",0.1338
PA002860,2023-04-10 16:28:24,"Vento agradavel hoje, aproveitei para caminhar no parque.",0.1002
PA002861,2023-04-10 17:48:49,"Biblioteca da universidade, ambiente otimo para estudar.",0.0222
PA002862,2023-04-10 18:10:19,"O outono chegou cedo esse ano, que frio gostoso de manha.",0.0824
PA002863,2023-04-10 18:40:27,"Dia nublado mas tranquilo, bom para estudar sem distracao.",0.0583
PA002864,2023-04-10 19:15:03,"Natacao de manha, melhor inicio de dia possivel.",0.0621
PA002865,2023-04-10 19:39:25,"Onibus chegou no horario hoje, que surpresa agradavel.",0.1072
PA002866,2023-04-10 19:48:58,Terminei o trabalho da faculdade com antecedencia.,0.0
PA002867,2023-04-10 19:53:16,Terminei o trabalho da faculdade com antecedencia.,0.0218
PA002868,2023-04-10 20:02:32,"Pipoca e serie boa na sexta, programa perfeito.",0.1016
PA002869,2023-04-10 20:48:01,"Reencontrei um amigo antigo por acaso, que alegria.",0.0076
PA002870,2023-04-10 22:19:43,Leitura no jardim com tempo agradavel.,0.0878
PA002871,2023-04-10 22:54:12,"Metro bem tranquilo essa manha, cheguei bem.",0.0467
PA002872,2023-04-11 01:36:52,"Chuva passageira a tarde, depois o tempo abriu lindo.",0.0757
PA002873,2023-04-11 03:47:01,"Filme otimo ontem, fui ao cinema com a familia.",0.155
PA002874,2023-04-11 04:49:47,Terminei o trabalho da faculdade com antecedencia.,0.1327
PA002875,2023-04-11 06:33:32,Tarde produtiva organizando e limpando a casa.,0.1376
PA002876,2023-04-11 08:53:04,Pedalada de tarde com vista incrivel do parque.,0.0711
PA002877,2023-04-11 08:54:08,"Chuva passageira a tarde, depois o tempo abriu lindo.",0.0596
PA002878,2023-04-11 12:17:15,"Corri 5km de manha, semana otima de treino.",0.0428
PA002879,2023-04-11 12:43:54,"Choveu a tarde toda, dia perfeito pra ficar em casa lendo.",0.0
PA002880,2023-04-11 13:12:01,"Cuidando das plantas em casa, muito terapeutico.",0.0934
PA002881,2023-04-11 13:15:52,"Passei na certificacao, muito feliz com o resultado.",0.1059
PA002882,2023-04-11 13:50:39,"Sol lindo hoje, cafe na varanda foi otimo.",0.0073
PA002883,2023-04-11 14:06:59,"Chuva passageira a tarde, depois o tempo abriu lindo.",0.1405
PA002884,2023-04-11 14:58:07,Que manha fresca e agradavel para uma caminhada.,0.0867
PA002885,2023-04-11 16:40:16,"Meu time ganhou hoje, que jogo bonito foi.",0.1052
PA002886,2023-04-11 17:27:20,"Almoco incrivel hoje, fiz lasanha caseira do zero.",0.1072
PA002887,2023-04-11 19:10:06,"Academia hoje, treino puxado mas valeu muito.",0.0686
PA002888,2023-04-11 19:40:50,"Acai gelado essa tarde, refrescante demais.",0.0477
PA002889,2023-04-11 20:04:04,Caminhada ate a estacao foi otima hoje.,0.096
PA002890,2023-04-11 21:13:47,"Passei na certificacao, muito feliz com o resultado.",0.0672
PA002891,2023-04-12 00:13:14,"Corri 5km de manha, semana otima de treino.",0.1661
PA002892,2023-04-12 02:59:54,Pedalada de tarde com vista incrivel do parque.,0.0166
PA002893,2023-04-12 03:10:29,"Maratonei a temporada completa, valeu cada minuto.",0.0736
PA002894,2023-04-12 04:05:33,Que tarde relaxante lendo na rede.,0.0947
PA002895,2023-04-12 04:05:46,"Consegui estacionamento logo de cara, dia de sorte mesmo.",0.0872
PA002896,2023-04-12 05:30:46,App de produtividade novo que encontrei e otimo.,0.0
PA002897,2023-04-12 06:13:34,Tarde produtiva organizando e limpando a casa.,0.0788
PA002898,2023-04-12 06:29:29,"Home office com cafe fresquinho do lado, otimo.",0.0994
PA002899,2023-04-12 07:24:03,App de produtividade novo que encontrei e otimo.,0.1239
PA002900,2023-04-12 08:28:35,"Musica nova do meu artista favorito, de outro nivel.",0.1555
PA002901,2023-04-12 09:24:33,"Passeio com o cachorro no parque, ele adorou.",0.059
PA002902,2023-04-12 09:33:40,"Livro excelente sobre ciencia de dados, recomendo muito.",0.1638
PA002903,2023-04-12 10:34:41,"Estrada livre, cheguei no trabalho rapido hoje.",0.1386
PA002904,2023-04-12 11:03:55,"Reencontrei um amigo antigo por acaso, que alegria.",0.0377
PA002905,2023-04-12 11:53:20,Que tarde relaxante lendo na rede.,0.1097
PA002906,2023-04-12 12:22:46,Jantar simples mas gostoso com a familia.,0.0
PA002907,2023-04-12 12:54:40,"Internet caindo toda hora, impossivel trabalhar assim.",0.5304
PA002908,2023-04-12 15:47:24,"Vento agradavel hoje, aproveitei para caminhar no parque.",0.0
PA002909,2023-04-12 17:39:24,"Estrada livre, cheguei no trabalho rapido hoje.",0.0654
PA002910,2023-04-12 19:20:05,"Yoga pela manha, comecei o dia muito bem.",0.1735
PA002911,2023-04-12 20:17:29,"Passei na certificacao, muito feliz com o resultado.",0.1451
PA002912,2023-04-12 21:19:42,"Pausa pro cafe com os colegas, bate-papo otimo.",0.0803
PA002913,2023-04-12 21:39:32,"Tarefa dificil concluida com sucesso, que satisfacao.",0.0513
PA002914,2023-04-12 22:40:55,"Sopa de legumes no frio, reconfortante e gostosa.",0.0573
PA002915,2023-04-13 01:05:03,"Estrada livre, cheguei no trabalho rapido hoje.",0.1113
PA002916,2023-04-13 02:14:31,"Pausa pro cafe com os colegas, bate-papo otimo.",0.164
PA002917,2023-04-13 02:33:38,"Dia nublado mas tranquilo, bom para estudar sem distracao.",0.0695
PA002918,2023-04-13 02:44:16,"Musica nova do meu artista favorito, de outro nivel.",0.0825
PA002919,2023-04-13 03:03:03,"Fui de bike hoje, que exercicio agradavel de manha.",0.1261
PA002920,2023-04-13 04:06:30,"Metro bem tranquilo essa manha, cheguei bem.",0.0617
PA002921,2023-04-13 05:06:55,"Consegui estacionamento logo de cara, dia de sorte mesmo.",0.1508
PA002922,2023-04-13 05:31:03,"Fui de bike hoje, que exercicio agradavel de manha.",0.1104
PA002923,2023-04-13 08:10:34,"Volei com os amigos, muita risada e diversao.",0.0626
PA002924,2023-04-13 09:04:27,"Onibus chegou no horario hoje, que surpresa agradavel.",0.1237
PA002925,2023-04-13 09:09:01,"Que dia difícil, nada saiu como eu havia planejado.",0.6093
PA002926,2023-04-13 09:17:21,"O outono chegou cedo esse ano, que frio gostoso de manha.",0.1332
PA002927,2023-04-13 09:26:01,Atualizacao deixou o sistema muito mais rapido.,0.021
PA002928,2023-04-13 09:55:54,"Fui de bike hoje, que exercicio agradavel de manha.",0.0
PA002929,2023-04-13 10:47:49,Finalmente entendi aquele conceito que me travava.,0.07
PA002930,2023-04-13 11:38:00,"Que calor hoje, tive que ligar o ar condicionado logo cedo.",0.0
PA002931,2023-04-13 12:13:37,"Fui de bike hoje, que exercicio agradavel de manha.",0.0161
PA002932,2023-04-13 12:28:04,"Reencontrei um amigo antigo por acaso, que alegria.",0.0714
PA002933,2023-04-13 12:44:57,"Choveu a tarde toda, dia perfeito pra ficar em casa lendo.",0.0388
PA002934,2023-04-13 12:49:20,"Metro bem tranquilo essa manha, cheguei bem.",0.1552
PA002935,2023-04-13 14:36:25,"Acai gelado essa tarde, refrescante demais.",0.2
PA002936,2023-04-13 15:07:57,"Meditacao de manha, comecando o dia muito bem.",0.0192
PA002937,2023-04-13 18:12:31,"Filme otimo ontem, fui ao cinema com a familia.",0.1009
PA002938,2023-04-13 19:52:41,Terminei o trabalho da faculdade com antecedencia.,0.0723
PA002939,2023-04-13 20:17:24,"Fui num restaurante novo, a pizza estava espetacular.",0.0723
PA002940,2023-04-13 20:27:33,Aplicativo de carona funcionou perfeitamente.,0.045
PA002941,2023-04-13 21:21:37,"Novo celular chegou, a camera e impressionante.",0.0622
PA002942,2023-04-13 21:27:57,"Choveu a tarde toda, dia perfeito pra ficar em casa lendo.",0.1518
PA002943,2023-04-13 22:19:29,Leitura no jardim com tempo agradavel.,0.1804
PA002944,2023-04-13 23:59:07,Que tarde relaxante lendo na rede.,0.0995
PA002945,2023-04-14 00:32:02,"Plantei temperos na sacada, que satisfacao.",0.1522
PA002946,2023-04-14 01:05:06,"Minha mae fez feijao com arroz e linguica, classico perfeito.",0.1693
PA002947,2023-04-14 02:18:33,"Dia nublado mas tranquilo, bom para estudar sem distracao.",0.0807
PA002948,2023-04-14 02:37:19,"Dia nublado mas tranquilo, bom para estudar sem distracao.",0.1286
PA002949,2023-04-14 02:53:24,"Maratonei a temporada completa, valeu cada minuto.",0.1935
PA002950,2023-04-14 03:42:13,"Sopa de legumes no frio, reconfortante e gostosa.",0.024
PA002951,2023-04-14 04:07:16,"Passeio no interior no fim de semana, natureza linda.",0.0894
PA002952,2023-04-14 05:18:51,"Fechei projeto importante essa semana, que alegria.",0.1302
PA002953,2023-04-14 05:22:12,Show ao vivo incrivel no fim de semana.,0.1289
PA002954,2023-04-14 06:41:51,"Natacao de manha, melhor inicio de dia possivel.",0.056
PA002955,2023-04-14 06:44:24,Podcast sobre tecnologia muito interessante.,0.0916
PA002956,2023-04-14 06:48:43,"Consegui estacionamento logo de cara, dia de sorte mesmo.",0.1384
PA002957,2023-04-14 07:02:05,Caminhada ate a estacao foi otima hoje.,0.1001
PA002958,2023-04-14 07:07:48,"Passeio no interior no fim de semana, natureza linda.",0.1416
PA002959,2023-04-14 08:40:01,"Domingo em familia, melhor dia da semana.",0.1102
PA002960,2023-04-14 09:07:08,"Cuidando das plantas em casa, muito terapeutico.",0.0664
PA002961,2023-04-14 09:19:12,"Maratonei a temporada completa, valeu cada minuto.",0.0
PA002962,2023-04-14 10:32:18,Tarde produtiva organizando e limpando a casa.,0.0566
PA002963,2023-04-14 11:20:03,Terminei o trabalho da faculdade com antecedencia.,0.151
PA002964,2023-04-14 11:56:21,"Reuniao produtiva hoje, saimos com otimas ideias.",0.2
PA002965,2023-04-14 12:27:07,"Novo celular chegou, a camera e impressionante.",0.0753
PA002966,2023-04-14 14:33:26,"Pausa pro cafe com os colegas, bate-papo otimo.",0.0526
PA002967,2023-04-14 15:16:26,"Domingo em familia, melhor dia da semana.",0.0661
PA002968,2023-04-14 16:53:36,"Biblioteca da universidade, ambiente otimo para estudar.",0.1182
PA002969,2023-04-14 17:43:08,"Onibus chegou no horario hoje, que surpresa agradavel.",0.1037
PA002970,2023-04-14 18:31:55,Jogo novo me viciou de um jeito bom.,0.2
PA002971,2023-04-14 19:04:29,"Reencontrei um amigo antigo por acaso, que alegria.",0.0
PA002972,2023-04-14 20:18:16,"Reuniao produtiva hoje, saimos com otimas ideias.",0.0713
PA002973,2023-04-14 20:21:10,"Metro bem tranquilo essa manha, cheguei bem.",0.1434
PA002974,2023-04-14 20:30:33,Pedalada de tarde com vista incrivel do parque.,0.1337
PA002975,2023-04-14 21:14:22,Show ao vivo incrivel no fim de semana.,0.0615
PA002976,2023-04-14 22:44:01,"Praia tranquila, sol perfeito, descanso total.",0.0651
PA002977,2023-04-14 23:48:36,"Academia hoje, treino puxado mas valeu muito.",0.0469
PA002978,2023-04-14 23:58:47,Terminei o trabalho da faculdade com antecedencia.,0.0
PA002979,2023-04-15 01:10:06,"Sol lindo hoje, cafe na varanda foi otimo.",0.1032
PA002980,2023-04-15 01:17:50,"Sol lindo hoje, cafe na varanda foi otimo.",0.0
PA002981,2023-04-15 01:46:31,"Fui num restaurante novo, a pizza estava espetacular.",0.0613
PA002982,2023-04-15 01:53:09,"Serie nova incrivel, amei o primeiro episodio.",0.088
PA002983,2023-04-15 03:35:57,"Onibus chegou no horario hoje, que surpresa agradavel.",0.054
PA002984,2023-04-15 03:51:11,"Maratonei a temporada completa, valeu cada minuto.",0.0852
PA002985,2023-04-15 03:56:26,"Fui de bike hoje, que exercicio agradavel de manha.",0.0935
PA002986,2023-04-15 05:15:19,"Livro excelente sobre ciencia de dados, recomendo muito.",0.0606
PA002987,2023-04-15 07:42:37,"Yoga pela manha, comecei o dia muito bem.",0.0456
PA002988,2023-04-15 08:38:21,"Que calor hoje, tive que ligar o ar condicionado logo cedo.",0.0558
PA002989,2023-04-15 09:03:51,"Fui de bike hoje, que exercicio agradavel de manha.",0.1534
PA002990,2023-04-15 09:50:19,Que tarde relaxante lendo na rede.,0.0
PA002991,2023-04-15 10:08:12,"Musica nova do meu artista favorito, de outro nivel.",0.0967
PA002992,2023-04-15 12:15:29,"Natacao de manha, melhor inicio de dia possivel.",0.0
PA002993,2023-04-15 14:30:20,"Novo celular chegou, a camera e impressionante.",0.1052
PA002994,2023-04-15 14:49:13,"Aprendi receita nova no youtube, ficou otimo.",0.0562
PA002995,2023-04-15 15:01:49,"Teatro incrivel ontem, peca muito bem dirigida.",0.0802
PA002996,2023-04-15 15:09:09,"Corri 5km de manha, semana otima de treino.",0.1271
PA002997,2023-04-15 17:34:36,Caminhada ate a estacao foi otima hoje.,0.1201
PA002998,2023-04-15 17:48:42,"Fui de bike hoje, que exercicio agradavel de manha.",0.0623
PA002999,2023-04-15 17:48:45,"Choveu a tarde toda, dia perfeito pra ficar em casa lendo.",0.1677
PA003000,2023-04-15 19:51:59,"Sol lindo hoje, cafe na varanda foi otimo.",0.1116
PA003001,2023-04-15 20:22:27,"Meu time ganhou hoje, que jogo bonito foi.",0.1193
PA003002,2023-04-15 21:08:57,Que tarde relaxante lendo na rede.,0.0674
PA003003,2023-04-15 21:39:04,Politico corrupto aparecendo na midia de novo.,0.78
PA003004,2023-04-15 22:38:28,Terminei o trabalho da faculdade com antecedencia.,0.1241
PA003005,2023-04-15 23:54:08,"Reuniao produtiva hoje, saimos com otimas ideias.",0.0957
PA003006,2023-04-16 00:54:41,"Churrasco com a familia no final de semana, delicioso.",0.1003
PA003007,2023-04-16 02:57:08,Caminhada ate a estacao foi otima hoje.,0.0
PA003008,2023-04-16 03:16:48,"Configurei o home office com setup novo, otimo.",0.0498
PA003009,2023-04-16 03:49:04,Caminhada ate a estacao foi otima hoje.,0.109
PA003010,2023-04-16 05:51:54,"Tentei receita nova de bolo de cenoura, ficou fofinho.",0.08
PA003011,2023-04-16 10:00:33,"Estudando para a prova de amanha, bem concentrado.",0.1243
PA003012,2023-04-16 11:21:40,"Volei com os amigos, muita risada e diversao.",0.1115
PA003013,2023-04-16 12:28:17,"Plantei temperos na sacada, que satisfacao.",0.0977
PA003014,2023-04-16 12:36:53,"Meu time ganhou hoje, que jogo bonito foi.",0.0207
PA003015,2023-04-16 13:05:06,"Consegui estacionamento logo de cara, dia de sorte mesmo.",0.1015
PA003016,2023-04-16 13:13:07,"Passeio com o cachorro no parque, ele adorou.",0.042
PA003017,2023-04-16 14:21:11,Cafe da manha caprichado: tapioca com ovo e suco de laranja.,0.151
PA003018,2023-04-16 14:48:17,"Praia tranquila, sol perfeito, descanso total.",0.0794
PA003019,2023-04-16 16:34:38,Tarde produtiva organizando e limpando a casa.,0.1181
PA003020,2023-04-16 17:08:00,Terminei o trabalho da faculdade com antecedencia.,0.1353
PA003021,2023-04-16 17:16:12,"Que calor hoje, tive que ligar o ar condicionado logo cedo.",0.0987
PA003022,2023-04-16 20:19:05,Grupo de estudos foi muito produtivo hoje.,0.0804
PA003023,2023-04-16 21:31:06,"Fui num restaurante novo, a pizza estava espetacular.",0.0618
PA003024,2023-04-16 22:17:58,"Plantei temperos na sacada, que satisfacao.",0.0805
PA003025,2023-04-17 00:46:41,Jantar simples mas gostoso com a familia.,0.139
PA003026,2023-04-17 01:04:38,Que tarde relaxante lendo na rede.,0.0301
PA003027,2023-04-17 01:21:01,"Fui num restaurante novo, a pizza estava espetacular.",0.0439
PA003028,2023-04-17 02:28:47,"Fui de bike hoje, que exercicio agradavel de manha.",0.1367
PA003029,2023-04-17 02:53:50,"Maratonei a temporada completa, valeu cada minuto.",0.0711
PA003030,2023-04-17 03:06:27,"Padaria da esquina lancou sabor novo, recomendo.",0.1231
PA003031,2023-04-17 04:14:35,"Onibus chegou no horario hoje, que surpresa agradavel.",0.0698
PA003032,2023-04-17 06:39:14,"Serie nova incrivel, amei o primeiro episodio.",0.1504
PA003033,2023-04-17 07:35:52,"Cuidando das plantas em casa, muito terapeutico.",0.1079
PA003034,2023-04-17 07:57:37,"Livro excelente sobre ciencia de dados, recomendo muito.",0.0839
PA003035,2023-04-17 08:45:39,"Biblioteca da universidade, ambiente otimo para estudar.",0.0833
PA003036,2023-04-17 11:05:04,Pedalada de tarde com vista incrivel do parque.,0.1018
PA003037,2023-04-17 11:50:49,"Academia hoje, treino puxado mas valeu muito.",0.1198
PA003038,2023-04-17 14:07:16,"Chuva passageira a tarde, depois o tempo abriu lindo.",0.0769
PA003039,2023-04-17 15:03:51,"Pipoca e serie boa na sexta, programa perfeito.",0.1331
PA003040,2023-04-17 17:50:19,"Vento agradavel hoje, aproveitei para caminhar no parque.",0.0684
PA003041,2023-04-17 18:07:33,"Academia hoje, treino puxado mas valeu muito.",0.1305
PA003042,2023-04-17 18:51:32,App de produtividade novo que encontrei e otimo.,0.0
PA003043,2023-04-17 21:26:51,"Academia hoje, treino puxado mas valeu muito.",0.0472
PA003044,2023-04-17 21:49:48,Leitura no jardim com tempo agradavel.,0.1168
PA003045,2023-04-17 22:06:43,Que tarde relaxante lendo na rede.,0.0108
PA003046,2023-04-17 22:20:04,Brigadeiro de panela saiu incrivel hoje.,0.0
PA003047,2023-04-17 23:00:18,Que manha fresca e agradavel para uma caminhada.,0.0656
PA003048,2023-04-18 01:45:17,"Estrada livre, cheguei no trabalho rapido hoje.",0.1101
PA003049,2023-04-18 02:53:50,"Domingo em familia, melhor dia da semana.",0.0428
PA003050,2023-04-18 04:10:23,Finalmente entendi aquele conceito que me travava.,0.0416
PA003051,2023-04-18 06:30:09,"Biblioteca da universidade, ambiente otimo para estudar.",0.0421
PA003052,2023-04-18 06:44:17,"Fui num restaurante novo, a pizza estava espetacular.",0.0
PA003053,2023-04-18 07:51:51,"Onibus chegou no horario hoje, que surpresa agradavel.",0.0706
PA003054,2023-04-18 07:59:00,"O outono chegou cedo esse ano, que frio gostoso de manha.",0.1166
PA003055,2023-04-18 08:10:11,"Corri 5km de manha, semana otima de treino.",0.0682
PA003056,2023-04-18 08:12:29,"Consegui estacionamento logo de cara, dia de sorte mesmo.",0.0
PA003057,2023-04-18 11:05:20,"Pipoca e serie boa na sexta, programa perfeito.",0.0676
PA003058,2023-04-18 12:58:17,"Tarefa dificil concluida com sucesso, que satisfacao.",0.0586
PA003059,2023-04-18 13:58:46,Show ao vivo incrivel no fim de semana.,0.0064
PA003060,2023-04-18 14:09:03,"Natacao de manha, melhor inicio de dia possivel.",0.0264
PA003061,2023-04-18 15:00:37,"Sopa de legumes no frio, reconfortante e gostosa.",0.1393
PA003062,2023-04-18 15:11:45,"Apresentacao correu muito bem, todos gostaram.",0.0917
PA003063,2023-04-18 15:48:50,"Praia tranquila, sol perfeito, descanso total.",0.0
PA003064,2023-04-18 15:49:04,Aula incrivel sobre estatistica aplicada hoje.,0.0
PA003065,2023-04-18 17:29:13,"Tarefa dificil concluida com sucesso, que satisfacao.",0.1154
PA003066,2023-04-18 18:37:24,"Tentei receita nova de bolo de cenoura, ficou fofinho.",0.1153
PA003067,2023-04-18 18:46:03,App de produtividade novo que encontrei e otimo.,0.0929
PA003068,2023-04-18 21:02:12,"Serie nova incrivel, amei o primeiro episodio.",0.1136
PA003069,2023-04-19 00:27:04,Aplicativo de carona funcionou perfeitamente.,0.0549
PA003070,2023-04-19 01:03:36,App de produtividade novo que encontrei e otimo.,0.058
PA003071,2023-04-19 02:24:12,"Aprendi receita nova no youtube, ficou otimo.",0.0334
PA003072,2023-04-19 03:10:32,"Passeio com o cachorro no parque, ele adorou.",0.0468
PA003073,2023-04-19 05:30:21,"Consegui estacionamento logo de cara, dia de sorte mesmo.",0.0367
PA003074,2023-04-19 05:52:06,"Notebook novo chegou, que desempenho incrivel.",0.0946
PA003075,2023-04-19 06:12:18,"Passei na certificacao, muito feliz com o resultado.",0.0842
PA003076,2023-04-19 07:01:32,"Cuidando das plantas em casa, muito terapeutico.",0.07
PA003077,2023-04-19 08:10:04,"Sopa de legumes no frio, reconfortante e gostosa.",0.0996
PA003078,2023-04-19 08:15:25,Atualizacao deixou o sistema muito mais rapido.,0.0658
PA003079,2023-04-19 10:42:12,"Metro bem tranquilo essa manha, cheguei bem.",0.1029
PA003080,2023-04-19 10:43:51,"Sopa de legumes no frio, reconfortante e gostosa.",0.0864
PA003081,2023-04-19 11:06:13,"Choveu a tarde toda, dia perfeito pra ficar em casa lendo.",0.001
PA003082,2023-04-19 11:06:15,"Viagem de fim de semana para cidade historica, valeu.",0.1373
PA003083,2023-04-19 12:37:15,"Acai gelado essa tarde, refrescante demais.",0.1562
PA003084,2023-04-19 12:54:54,Leitura no jardim com tempo agradavel.,0.1175
PA003085,2023-04-19 12:59:29,Tarde produtiva organizando e limpando a casa.,0.0
PA003086,2023-04-19 13:49:21,"Fui de bike hoje, que exercicio agradavel de manha.",0.0223
PA003087,2023-04-19 14:40:15,"Trilha ecologica incrivel, natureza pura.",0.042
PA003088,2023-04-19 14:50:35,"Reencontrei um amigo antigo por acaso, que alegria.",0.0792
PA003089,2023-04-19 16:09:31,Pedalada de tarde com vista incrivel do parque.,0.1357
PA003090,2023-04-19 16:21:02,"Serie nova incrivel, amei o primeiro episodio.",0.1364
PA003091,2023-04-19 16:34:42,"Maratonei a temporada completa, valeu cada minuto.",0.1009
PA003092,2023-04-19 16:57:58,Brigadeiro de panela saiu incrivel hoje.,0.0
PA003093,2023-04-19 20:06:08,"Padaria da esquina lancou sabor novo, recomendo.",0.0746
PA003094,2023-04-19 20:07:37,"O outono chegou cedo esse ano, que frio gostoso de manha.",0.1255
PA003095,2023-04-19 20:13:02,Show ao vivo incrivel no fim de semana.,0.1023
PA003096,2023-04-19 20:25:49,"Sopa de legumes no frio, reconfortante e gostosa.",0.0841
PA003097,2023-04-19 21:13:57,"Passeio no interior no fim de semana, natureza linda.",0.0
PA003098,2023-04-19 23:17:00,"Chuva passageira a tarde, depois o tempo abriu lindo.",0.0748
PA003099,2023-04-20 00:49:57,"Biblioteca da universidade, ambiente otimo para estudar.",0.0528
PA003100,2023-04-20 01:54:24,"Teatro incrivel ontem, peca muito bem dirigida.",0.0243
PA003101,2023-04-20 02:31:06,"Fechei projeto importante essa semana, que alegria.",0.1089
PA003102,2023-04-20 03:49:56,"Acai gelado essa tarde, refrescante demais.",0.0724
PA003103,2023-04-20 07:48:45,"Consegui estacionamento logo de cara, dia de sorte mesmo.",0.017
PA003104,2023-04-20 08:14:22,"Chuva passageira a tarde, depois o tempo abriu lindo.",0.1193
PA003105,2023-04-20 08:52:55,"Cuidando das plantas em casa, muito terapeutico.",0.117
PA003106,2023-04-20 11:56:08,"Acai gelado essa tarde, refrescante demais.",0.1365
PA003107,2023-04-20 14:07:47,"Configurei o home office com setup novo, otimo.",0.0135
PA003108,2023-04-20 14:42:54,Brigadeiro de panela saiu incrivel hoje.,0.0
PA003109,2023-04-20 15:02:02,"Chuva passageira a tarde, depois o tempo abriu lindo.",0.0
PA003110,2023-04-20 16:36:25,"Almoco incrivel hoje, fiz lasanha caseira do zero.",0.0825
PA003111,2023-04-20 17:34:35,"Cuidando das plantas em casa, muito terapeutico.",0.1525
PA003112,2023-04-20 17:54:44,"Viagem de fim de semana para cidade historica, valeu.",0.0119
PA003113,2023-04-20 18:12:06,"Passeio no interior no fim de semana, natureza linda.",0.1197
PA003114,2023-04-20 18:13:00,"Maratonei a temporada completa, valeu cada minuto.",0.1255
PA003115,2023-04-20 18:21:36,Show ao vivo incrivel no fim de semana.,0.1317
PA003116,2023-04-20 18:32:08,"Que calor hoje, tive que ligar o ar condicionado logo cedo.",0.0992
PA003117,2023-04-20 18:41:28,"Reencontrei um amigo antigo por acaso, que alegria.",0.0714
PA003118,2023-04-20 19:09:09,"Natacao de manha, melhor inicio de dia possivel.",0.0356
PA003119,2023-04-20 19:46:54,"Novo celular chegou, a camera e impressionante.",0.0833
PA003120,2023-04-20 19:59:23,"Churrasco com a familia no final de semana, delicioso.",0.0753
PA003121,2023-04-20 20:02:40,"Livro excelente sobre ciencia de dados, recomendo muito.",0.0793
PA003122,2023-04-20 21:36:45,Caminhada ate a estacao foi otima hoje.,0.0651
PA003123,2023-04-20 22:55:15,"Trilha ecologica incrivel, natureza pura.",0.0852
PA003124,2023-04-20 23:07:43,"Cuidando das plantas em casa, muito terapeutico.",0.0693
PA003125,2023-04-21 02:19:31,"Teatro incrivel ontem, peca muito bem dirigida.",0.0734
PA003126,2023-04-21 06:32:30,"Sopa de legumes no frio, reconfortante e gostosa.",0.0172
PA003127,2023-04-21 07:58:01,"O outono chegou cedo esse ano, que frio gostoso de manha.",0.1168
PA003128,2023-04-21 08:08:02,"Biblioteca da universidade, ambiente otimo para estudar.",0.0497
PA003129,2023-04-21 08:20:33,"Aprendi receita nova no youtube, ficou otimo.",0.1049
PA003130,2023-04-21 10:02:02,Caminhada ate a estacao foi otima hoje.,0.0896
PA003131,2023-04-21 10:08:14,"Churrasco com a familia no final de semana, delicioso.",0.0318
PA003132,2023-04-21 10:17:30,"Fechei projeto importante essa semana, que alegria.",0.0616
PA003133,2023-04-21 10:17:33,"Viagem de fim de semana para cidade historica, valeu.",0.0867
PA003134,2023-04-21 11:07:54,"Academia hoje, treino puxado mas valeu muito.",0.0435
PA003135,2023-04-21 14:42:10,"Choveu a tarde toda, dia perfeito pra ficar em casa lendo.",0.1152
PA003136,2023-04-21 15:01:26,"Cuidando das plantas em casa, muito terapeutico.",0.0821
PA003137,2023-04-21 15:29:03,Brigadeiro de panela saiu incrivel hoje.,0.1033
PA003138,2023-04-21 15:35:17,"Almoco incrivel hoje, fiz lasanha caseira do zero.",0.0888
PA003139,2023-04-21 15:43:45,"Onibus chegou no horario hoje, que surpresa agradavel.",0.1002
PA003140,2023-04-21 15:46:33,Feira de artesanato gostosa de passear.,0.0828
PA003141,2023-04-21 18:26:15,"Apresentacao correu muito bem, todos gostaram.",0.0796
PA003142,2023-04-21 19:09:08,"Museu da cidade muito interessante, aprendi bastante.",0.0518
PA003143,2023-04-21 19:12:08,"Meditacao de manha, comecando o dia muito bem.",0.1026
PA003144,2023-04-21 19:31:21,Aplicativo de carona funcionou perfeitamente.,0.0976
PA003145,2023-04-21 20:36:44,Tarde produtiva organizando e limpando a casa.,0.1223
PA003146,2023-04-21 21:42:47,"Yoga pela manha, comecei o dia muito bem.",0.169
PA003147,2023-04-21 22:48:39,"Aprendi receita nova no youtube, ficou otimo.",0.0639
PA003148,2023-04-21 23:50:17,"Biblioteca da universidade, ambiente otimo para estudar.",0.0691
PA003149,2023-04-22 00:15:02,"Que calor hoje, tive que ligar o ar condicionado logo cedo.",0.1341
PA003150,2023-04-22 00:50:39,"Dia nublado mas tranquilo, bom para estudar sem distracao.",0.0739
PA003151,2023-04-22 01:01:05,Jogo novo me viciou de um jeito bom.,0.0486
PA003152,2023-04-22 02:41:14,"Reuniao produtiva hoje, saimos com otimas ideias.",0.1165
PA003153,2023-04-22 03:25:05,"Reuniao produtiva hoje, saimos com otimas ideias.",0.0905
PA003154,2023-04-22 03:30:24,"Tentei receita nova de bolo de cenoura, ficou fofinho.",0.0661
PA003155,2023-04-22 03:33:14,"Churrasco com a familia no final de semana, delicioso.",0.0874
PA003156,2023-04-22 05:35:49,"Governo aumentando imposto de novo, inacreditavel.",0.9671
PA003157,2023-04-22 05:42:23,Finalmente entendi aquele conceito que me travava.,0.1071
PA003158,2023-04-22 06:29:18,"Apresentacao correu muito bem, todos gostaram.",0.1126
PA003159,2023-04-22 06:41:34,"Cuidando das plantas em casa, muito terapeutico.",0.0888
PA003160,2023-04-22 07:04:45,Semana intensa mas muito satisfatoria no trabalho.,0.0115
PA003161,2023-04-22 07:35:39,Tarde produtiva organizando e limpando a casa.,0.1657
PA003162,2023-04-22 07:40:56,Show ao vivo incrivel no fim de semana.,0.0154
PA003163,2023-04-22 10:11:41,Aula incrivel sobre estatistica aplicada hoje.,0.0877
PA003164,2023-04-22 10:19:38,"Biblioteca da universidade, ambiente otimo para estudar.",0.1647
PA003165,2023-04-22 11:07:08,"Corri 5km de manha, semana otima de treino.",0.1353
PA003166,2023-04-22 11:11:48,"Cuidando das plantas em casa, muito terapeutico.",0.1645
PA003167,2023-04-22 11:17:29,"Novo celular chegou, a camera e impressionante.",0.01
PA003168,2023-04-22 11:20:43,"Testei IA para ajudar com codigo, funcionou bem.",0.0783
PA003169,2023-04-22 12:05:48,Show ao vivo incrivel no fim de semana.,0.102
PA003170,2023-04-22 12:10:53,"Que calor hoje, tive que ligar o ar condicionado logo cedo.",0.1362
PA003171,2023-04-22 14:00:30,"Natacao de manha, melhor inicio de dia possivel.",0.0175
PA003172,2023-04-22 14:15:00,"Estrada livre, cheguei no trabalho rapido hoje.",0.1311
PA003173,2023-04-22 14:22:30,"Notebook novo chegou, que desempenho incrivel.",0.1175
PA003174,2023-04-22 14:26:31,Tarde produtiva organizando e limpando a casa.,0.0914
PA003175,2023-04-22 14:26:44,"Praia tranquila, sol perfeito, descanso total.",0.1052
PA003176,2023-04-22 15:18:08,"Notebook novo chegou, que desempenho incrivel.",0.1199
PA003177,2023-04-22 15:36:21,"Fui de bike hoje, que exercicio agradavel de manha.",0.0
PA003178,2023-04-22 15:43:41,"Filme otimo ontem, fui ao cinema com a familia.",0.0593
PA003179,2023-04-22 16:05:44,"Meditacao de manha, comecando o dia muito bem.",0.0548
PA003180,2023-04-22 17:10:40,"Reuniao produtiva hoje, saimos com otimas ideias.",0.0
PA003181,2023-04-22 17:26:31,Brigadeiro de panela saiu incrivel hoje.,0.072
PA003182,2023-04-22 18:43:27,"Musica nova do meu artista favorito, de outro nivel.",0.1026
PA003183,2023-04-22 19:13:02,Jantar simples mas gostoso com a familia.,0.1551
PA003184,2023-04-22 20:17:02,"Livro excelente sobre ciencia de dados, recomendo muito.",0.0957
PA003185,2023-04-22 20:31:09,"Apresentacao correu muito bem, todos gostaram.",0.0944
PA003186,2023-04-22 21:27:26,"Pausa pro cafe com os colegas, bate-papo otimo.",0.1204
PA003187,2023-04-23 01:05:03,Aula incrivel sobre estatistica aplicada hoje.,0.0657
PA003188,2023-04-23 01:08:03,"Consegui estacionamento logo de cara, dia de sorte mesmo.",0.1384
PA003189,2023-04-23 01:40:42,"Filme otimo ontem, fui ao cinema com a familia.",0.1002
PA003190,2023-04-23 02:39:50,"Passei na certificacao, muito feliz com o resultado.",0.0876
PA003191,2023-04-23 03:10:17,Aula incrivel sobre estatistica aplicada hoje.,0.021
PA003192,2023-04-23 04:04:54,"Churrasco com a familia no final de semana, delicioso.",0.1307
PA003193,2023-04-23 06:46:48,"Sopa de legumes no frio, reconfortante e gostosa.",0.074
PA003194,2023-04-23 07:03:47,"Passeio no interior no fim de semana, natureza linda.",0.0278
PA003195,2023-04-23 07:18:09,Caminhada ate a estacao foi otima hoje.,0.1583
PA003196,2023-04-23 13:55:22,Pedalada de tarde com vista incrivel do parque.,0.0187
PA003197,2023-04-23 16:13:33,"Tentei receita nova de bolo de cenoura, ficou fofinho.",0.0172
PA003198,2023-04-23 17:33:25,Feira de artesanato gostosa de passear.,0.1522
PA003199,2023-04-23 17:55:53,"Chuva passageira a tarde, depois o tempo abriu lindo.",0.0604
PA003200,2023-04-23 18:08:03,"Novo celular chegou, a camera e impressionante.",0.0825
PA003201,2023-04-23 18:23:19,"Minha mae fez feijao com arroz e linguica, classico perfeito.",0.1532
PA003202,2023-04-23 18:45:21,Grupo de estudos foi muito produtivo hoje.,0.0131
PA003203,2023-04-23 19:00:18,"Pipoca e serie boa na sexta, programa perfeito.",0.0327
PA003204,2023-04-23 19:23:04,Finalmente entendi aquele conceito que me travava.,0.0
PA003205,2023-04-23 19:38:41,"Corri 5km de manha, semana otima de treino.",0.0654
PA003206,2023-04-23 20:58:53,Aula incrivel sobre estatistica aplicada hoje.,0.0987
PA003207,2023-04-23 21:57:23,"Yoga pela manha, comecei o dia muito bem.",0.0919
PA003208,2023-04-23 22:52:16,Tarde produtiva organizando e limpando a casa.,0.0696
PA003209,2023-04-23 23:09:23,"Notebook novo chegou, que desempenho incrivel.",0.0383
PA003210,2023-04-23 23:24:04,"Pausa pro cafe com os colegas, bate-papo otimo.",0.0763
PA003211,2023-04-23 23:33:48,"Onibus chegou no horario hoje, que surpresa agradavel.",0.1609
PA003212,2023-04-23 23:35:22,Pedalada de tarde com vista incrivel do parque.,0.0744
PA003213,2023-04-23 23:36:02,"Onibus chegou no horario hoje, que surpresa agradavel.",0.1378
PA003214,2023-04-24 00:40:05,"Trilha ecologica incrivel, natureza pura.",0.1411
PA003215,2023-04-24 00:49:28,"Consegui estacionamento logo de cara, dia de sorte mesmo.",0.0
PA003216,2023-04-24 01:31:34,"Musica nova do meu artista favorito, de outro nivel.",0.0495
PA003217,2023-04-24 03:11:18,Terminei o trabalho da faculdade com antecedencia.,0.0
PA003218,2023-04-24 04:17:16,Show ao vivo incrivel no fim de semana.,0.1141
PA003219,2023-04-24 05:04:53,"Vento agradavel hoje, aproveitei para caminhar no parque.",0.1371
PA003220,2023-04-24 07:05:27,"Fui num restaurante novo, a pizza estava espetacular.",0.0647
PA003221,2023-04-24 07:59:56,"Meu time ganhou hoje, que jogo bonito foi.",0.1433
PA003222,2023-04-24 08:23:12,"Choveu a tarde toda, dia perfeito pra ficar em casa lendo.",0.1277
PA003223,2023-04-24 08:47:52,Pedalada de tarde com vista incrivel do parque.,0.0
PA003224,2023-04-24 09:08:34,"Filme otimo ontem, fui ao cinema com a familia.",0.1278
PA003225,2023-04-24 09:10:20,"Meu time ganhou hoje, que jogo bonito foi.",0.0823
PA003226,2023-04-24 09:25:19,"Que calor hoje, tive que ligar o ar condicionado logo cedo.",0.0557
PA003227,2023-04-24 10:15:22,"Academia hoje, treino puxado mas valeu muito.",0.063
PA003228,2023-04-24 12:28:09,"Testei IA para ajudar com codigo, funcionou bem.",0.1546
PA003229,2023-04-24 12:56:39,Aplicativo de carona funcionou perfeitamente.,0.1268
PA003230,2023-04-24 17:59:51,"Biblioteca da universidade, ambiente otimo para estudar.",0.0835
PA003231,2023-04-24 18:37:17,"Home office com cafe fresquinho do lado, otimo.",0.1703
PA003232,2023-04-24 19:14:33,"Meditacao de manha, comecando o dia muito bem.",0.0138
PA003233,2023-04-24 19:31:12,"Chega de promessa vazia, quero resultado de verdade.",0.5925
PA003234,2023-04-24 20:45:42,"Cuidando das plantas em casa, muito terapeutico.",0.118
PA003235,2023-04-24 20:45:53,"Home office com cafe fresquinho do lado, otimo.",0.1101
PA003236,2023-04-24 20:51:58,"Fui de bike hoje, que exercicio agradavel de manha.",0.1322
PA003237,2023-04-24 21:18:10,App de produtividade novo que encontrei e otimo.,0.058
PA003238,2023-04-24 22:51:45,Grupo de estudos foi muito produtivo hoje.,0.0147
PA003239,2023-04-24 22:58:28,"Choveu a tarde toda, dia perfeito pra ficar em casa lendo.",0.0858
PA003240,2023-04-24 23:01:45,Aplicativo de carona funcionou perfeitamente.,0.0125
PA003241,2023-04-24 23:49:26,"Passei na certificacao, muito feliz com o resultado.",0.0929
PA003242,2023-04-25 00:29:53,Aplicativo de carona funcionou perfeitamente.,0.083
PA003243,2023-04-25 01:11:45,"Tentei receita nova de bolo de cenoura, ficou fofinho.",0.1144
PA003244,2023-04-25 03:06:53,Finalmente entendi aquele conceito que me travava.,0.1492
PA003245,2023-04-25 04:59:50,"Meditacao de manha, comecando o dia muito bem.",0.0
PA003246,2023-04-25 05:42:18,"Novo celular chegou, a camera e impressionante.",0.0631
PA003247,2023-04-25 06:12:46,Grupo de estudos foi muito produtivo hoje.,0.1772
PA003248,2023-04-25 06:21:06,"Metro bem tranquilo essa manha, cheguei bem.",0.198
PA003249,2023-04-25 07:17:21,Mais um acidente por causa de imprudencia no transito.,0.906
PA003250,2023-04-25 08:25:02,"Academia hoje, treino puxado mas valeu muito.",0.0
PA003251,2023-04-25 08:47:12,"Viagem de fim de semana para cidade historica, valeu.",0.0782
PA003252,2023-04-25 09:45:26,"Passeio com o cachorro no parque, ele adorou.",0.0035
PA003253,2023-04-25 11:37:18,"Tentei receita nova de bolo de cenoura, ficou fofinho.",0.149
PA003254,2023-04-25 11:56:20,"Padaria da esquina lancou sabor novo, recomendo.",0.2
PA003255,2023-04-25 12:19:00,"Natacao de manha, melhor inicio de dia possivel.",0.0775
PA003256,2023-04-25 13:05:08,"Tentei receita nova de bolo de cenoura, ficou fofinho.",0.1441
PA003257,2023-04-25 13:15:15,"Volei com os amigos, muita risada e diversao.",0.0529
PA003258,2023-04-25 14:17:33,"Metro bem tranquilo essa manha, cheguei bem.",0.0323
PA003259,2023-04-25 15:20:51,"Sol lindo hoje, cafe na varanda foi otimo.",0.0407
PA003260,2023-04-25 15:22:36,"Metro bem tranquilo essa manha, cheguei bem.",0.1386
PA003261,2023-04-25 16:59:21,"Metro bem tranquilo essa manha, cheguei bem.",0.1065
PA003262,2023-04-25 19:24:20,"Consegui estacionamento logo de cara, dia de sorte mesmo.",0.0
PA003263,2023-04-25 20:13:33,"Reuniao produtiva hoje, saimos com otimas ideias.",0.0722
PA003264,2023-04-25 21:22:27,"Notebook novo chegou, que desempenho incrivel.",0.1428
PA003265,2023-04-25 21:31:02,"Testei IA para ajudar com codigo, funcionou bem.",0.0337
PA003266,2023-04-25 21:34:05,"Consegui estacionamento logo de cara, dia de sorte mesmo.",0.1198
PA003267,2023-04-25 23:20:43,"Viagem de fim de semana para cidade historica, valeu.",0.043
PA003268,2023-04-25 23:42:38,"Padaria da esquina lancou sabor novo, recomendo.",0.0711
PA003269,2023-04-25 23:43:48,"Onibus chegou no horario hoje, que surpresa agradavel.",0.1013
PA003270,2023-04-26 02:49:59,Caminhada ate a estacao foi otima hoje.,0.0917
PA003271,2023-04-26 02:59:03,"Natacao de manha, melhor inicio de dia possivel.",0.0078
PA003272,2023-04-26 03:21:42,"Consegui estacionamento logo de cara, dia de sorte mesmo.",0.1132
PA003273,2023-04-26 04:06:39,"Notebook novo chegou, que desempenho incrivel.",0.158
PA003274,2023-04-26 04:23:29,"Metro bem tranquilo essa manha, cheguei bem.",0.1182
PA003275,2023-04-26 04:58:26,Aplicativo de carona funcionou perfeitamente.,0.0874
PA003276,2023-04-26 05:14:21,Podcast sobre tecnologia muito interessante.,0.0731
PA003277,2023-04-26 06:42:24,"Dia nublado mas tranquilo, bom para estudar sem distracao.",0.102
PA003278,2023-04-26 09:51:24,"Testei IA para ajudar com codigo, funcionou bem.",0.0617
PA003279,2023-04-26 10:36:03,"Churrasco com a familia no final de semana, delicioso.",0.0914
PA003280,2023-04-26 11:01:15,Podcast sobre tecnologia muito interessante.,0.0471
PA003281,2023-04-26 11:11:39,Cafe da manha caprichado: tapioca com ovo e suco de laranja.,0.112
PA003282,2023-04-26 12:00:10,"Reencontrei um amigo antigo por acaso, que alegria.",0.0743
PA003283,2023-04-26 12:08:49,"Mais um dia de transito horrivel, situacao absurda.",0.6427
PA003284,2023-04-26 13:08:08,"Minha mae fez feijao com arroz e linguica, classico perfeito.",0.0348
PA003285,2023-04-26 13:19:37,"Academia hoje, treino puxado mas valeu muito.",0.0309
PA003286,2023-04-26 13:30:48,"Museu da cidade muito interessante, aprendi bastante.",0.1085
PA003287,2023-04-26 15:20:08,"Tentei receita nova de bolo de cenoura, ficou fofinho.",0.1208
PA003288,2023-04-26 18:01:26,"Choveu a tarde toda, dia perfeito pra ficar em casa lendo.",0.0587
PA003289,2023-04-26 19:23:38,"Dia nublado mas tranquilo, bom para estudar sem distracao.",0.1524
PA003290,2023-04-26 19:32:30,"Sol lindo hoje, cafe na varanda foi otimo.",0.0184
PA003291,2023-04-26 19:40:03,"Biblioteca da universidade, ambiente otimo para estudar.",0.0157
PA003292,2023-04-26 21:35:47,App de produtividade novo que encontrei e otimo.,0.0861
PA003293,2023-04-26 23:26:07,Que tarde relaxante lendo na rede.,0.1079
PA003294,2023-04-26 23:31:40,Aula incrivel sobre estatistica aplicada hoje.,0.0403
PA003295,2023-04-26 23:33:56,"Volei com os amigos, muita risada e diversao.",0.0657
PA003296,2023-04-27 00:11:32,Leitura no jardim com tempo agradavel.,0.1504
PA003297,2023-04-27 01:55:00,"Teatro incrivel ontem, peca muito bem dirigida.",0.1071
PA003298,2023-04-27 02:29:44,"Fui de bike hoje, que exercicio agradavel de manha.",0.1036
PA003299,2023-04-27 03:09:43,Pedalada de tarde com vista incrivel do parque.,0.1125
PA003300,2023-04-27 04:03:08,"Apresentacao correu muito bem, todos gostaram.",0.13
PA003301,2023-04-27 04:29:03,"Governo aumentando imposto de novo, inacreditavel.",0.7201
PA003302,2023-04-27 04:40:42,"Trilha ecologica incrivel, natureza pura.",0.0599
PA003303,2023-04-27 06:29:50,"Acai gelado essa tarde, refrescante demais.",0.0717
PA003304,2023-04-27 06:39:21,"Consegui estacionamento logo de cara, dia de sorte mesmo.",0.1572
PA003305,2023-04-27 07:28:17,"Reencontrei um amigo antigo por acaso, que alegria.",0.0
PA003306,2023-04-27 08:03:56,"Yoga pela manha, comecei o dia muito bem.",0.1077
PA003307,2023-04-27 08:04:29,"Meditacao de manha, comecando o dia muito bem.",0.0253
PA003308,2023-04-27 08:55:15,"Natacao de manha, melhor inicio de dia possivel.",0.1047
PA003309,2023-04-27 09:08:50,"Domingo em familia, melhor dia da semana.",0.0
PA003310,2023-04-27 09:14:03,"Museu da cidade muito interessante, aprendi bastante.",0.0448
PA003311,2023-04-27 09:14:19,"Vento agradavel hoje, aproveitei para caminhar no parque.",0.0322
PA003312,2023-04-27 09:42:54,"Fui de bike hoje, que exercicio agradavel de manha.",0.1126
PA003313,2023-04-27 10:28:13,"Maratonei a temporada completa, valeu cada minuto.",0.0905
PA003314,2023-04-27 11:26:57,"Corri 5km de manha, semana otima de treino.",0.1348
PA003315,2023-04-27 12:05:12,"Vento agradavel hoje, aproveitei para caminhar no parque.",0.0549
PA003316,2023-04-27 12:34:24,"Estrada livre, cheguei no trabalho rapido hoje.",0.0926
PA003317,2023-04-27 13:24:53,"Filme otimo ontem, fui ao cinema com a familia.",0.1088
PA003318,2023-04-27 13:43:09,"Sopa de legumes no frio, reconfortante e gostosa.",0.1173
PA003319,2023-04-27 13:46:00,Semana intensa mas muito satisfatoria no trabalho.,0.0955
PA003320,2023-04-27 14:01:58,"Fui de bike hoje, que exercicio agradavel de manha.",0.0
PA003321,2023-04-27 15:51:57,"Sopa de legumes no frio, reconfortante e gostosa.",0.0619
PA003322,2023-04-27 16:13:48,"Passeio no interior no fim de semana, natureza linda.",0.1407
PA003323,2023-04-27 16:15:11,Brigadeiro de panela saiu incrivel hoje.,0.0
PA003324,2023-04-27 16:40:49,App de produtividade novo que encontrei e otimo.,0.0033
PA003325,2023-04-27 17:38:05,"Choveu a tarde toda, dia perfeito pra ficar em casa lendo.",0.1296
PA003326,2023-04-27 19:19:07,"Tarefa dificil concluida com sucesso, que satisfacao.",0.0782
PA003327,2023-04-27 19:57:30,Atualizacao deixou o sistema muito mais rapido.,0.0348
PA003328,2023-04-27 20:27:01,"Cuidando das plantas em casa, muito terapeutico.",0.0979
PA003329,2023-04-27 21:36:47,"Choveu a tarde toda, dia perfeito pra ficar em casa lendo.",0.0504
PA003330,2023-04-27 23:32:19,App de produtividade novo que encontrei e otimo.,0.0901
PA003331,2023-04-27 23:36:14,"Choveu a tarde toda, dia perfeito pra ficar em casa lendo.",0.0808
PA003332,2023-04-28 00:22:20,Brigadeiro de panela saiu incrivel hoje.,0.0019
PA003333,2023-04-28 00:57:15,"Passei na certificacao, muito feliz com o resultado.",0.0824
PA003334,2023-04-28 01:37:49,Caminhada ate a estacao foi otima hoje.,0.0552
PA003335,2023-04-28 02:11:37,Nao aguento mais reclamacao sem solucao pratica.,0.9705
PA003336,2023-04-28 04:06:19,Cafe da manha caprichado: tapioca com ovo e suco de laranja.,0.0539
PA003337,2023-04-28 04:57:06,Podcast sobre tecnologia muito interessante.,0.0389
PA003338,2023-04-28 06:47:41,Show ao vivo incrivel no fim de semana.,0.1172
PA003339,2023-04-28 07:28:18,"Metro bem tranquilo essa manha, cheguei bem.",0.0796
PA003340,2023-04-28 07:52:38,Que tarde relaxante lendo na rede.,0.0921
PA003341,2023-04-28 11:07:48,"Dia nublado mas tranquilo, bom para estudar sem distracao.",0.0649
PA003342,2023-04-28 11:18:21,"Plantei temperos na sacada, que satisfacao.",0.2
PA003343,2023-04-28 11:27:35,Jogo novo me viciou de um jeito bom.,0.0012
PA003344,2023-04-28 11:30:18,"Estrada livre, cheguei no trabalho rapido hoje.",0.1107
PA003345,2023-04-28 12:42:48,"Minha mae fez feijao com arroz e linguica, classico perfeito.",0.0601
PA003346,2023-04-28 13:44:37,Que tarde relaxante lendo na rede.,0.1077
PA003347,2023-04-28 13:45:59,Aplicativo de carona funcionou perfeitamente.,0.0752
PA003348,2023-04-28 15:15:20,"Teatro incrivel ontem, peca muito bem dirigida.",0.0599
PA003349,2023-04-28 16:42:19,"Tarefa dificil concluida com sucesso, que satisfacao.",0.13
PA003350,2023-04-28 18:12:16,"Volei com os amigos, muita risada e diversao.",0.0335
PA003351,2023-04-28 19:29:50,"Fui de bike hoje, que exercicio agradavel de manha.",0.0522
PA003352,2023-04-28 20:15:04,"Pausa pro cafe com os colegas, bate-papo otimo.",0.003
PA003353,2023-04-28 20:17:22,"Tentei receita nova de bolo de cenoura, ficou fofinho.",0.1131
PA003354,2023-04-28 22:39:40,"Notebook novo chegou, que desempenho incrivel.",0.0798
PA003355,2023-04-29 00:04:05,"Reuniao produtiva hoje, saimos com otimas ideias.",0.0854
PA003356,2023-04-29 01:47:04,"Configurei o home office com setup novo, otimo.",0.1033
PA003357,2023-04-29 01:58:52,"Corri 5km de manha, semana otima de treino.",0.0635
PA003358,2023-04-29 02:52:58,"Corri 5km de manha, semana otima de treino.",0.1141
PA003359,2023-04-29 02:53:36,"Academia hoje, treino puxado mas valeu muito.",0.0093
PA003360,2023-04-29 04:43:10,Finalmente entendi aquele conceito que me travava.,0.1257
PA003361,2023-04-29 04:56:10,"Volei com os amigos, muita risada e diversao.",0.0194
PA003362,2023-04-29 05:39:22,Pedalada de tarde com vista incrivel do parque.,0.0
PA003363,2023-04-29 06:15:15,Que manha fresca e agradavel para uma caminhada.,0.1274
PA003364,2023-04-29 06:47:13,"Chuva passageira a tarde, depois o tempo abriu lindo.",0.0366
PA003365,2023-04-29 07:20:21,Terminei o trabalho da faculdade com antecedencia.,0.1436
PA003366,2023-04-29 08:10:08,"Almoco incrivel hoje, fiz lasanha caseira do zero.",0.115
PA003367,2023-04-29 09:42:00,"Musica nova do meu artista favorito, de outro nivel.",0.0964
PA003368,2023-04-29 11:09:55,Leitura no jardim com tempo agradavel.,0.0
PA003369,2023-04-29 11:18:05,"Onibus chegou no horario hoje, que surpresa agradavel.",0.108
PA003370,2023-04-29 13:16:20,"Minha mae fez feijao com arroz e linguica, classico perfeito.",0.0345
PA003371,2023-04-29 14:53:54,"Natacao de manha, melhor inicio de dia possivel.",0.2
PA003372,2023-04-29 15:18:46,"Estudando para a prova de amanha, bem concentrado.",0.0236
PA003373,2023-04-29 15:44:28,Feira de artesanato gostosa de passear.,0.1759
PA003374,2023-04-29 16:58:51,"Almoco incrivel hoje, fiz lasanha caseira do zero.",0.0775
PA003375,2023-04-29 17:04:21,"Estrada livre, cheguei no trabalho rapido hoje.",0.0711
PA003376,2023-04-29 19:36:16,"Yoga pela manha, comecei o dia muito bem.",0.1944
PA003377,2023-04-29 20:07:28,"Dia nublado mas tranquilo, bom para estudar sem distracao.",0.0871
PA003378,2023-04-29 20:07:44,"Pausa pro cafe com os colegas, bate-papo otimo.",0.0343
PA003379,2023-04-29 20:44:50,"Corri 5km de manha, semana otima de treino.",0.046
PA003380,2023-04-29 21:25:41,"Passeio com o cachorro no parque, ele adorou.",0.0575
PA003381,2023-04-29 22:12:18,"Churrasco com a familia no final de semana, delicioso.",0.0331
PA003382,2023-04-29 22:23:44,Terminei o trabalho da faculdade com antecedencia.,0.1504
PA003383,2023-04-29 23:02:28,"Maratonei a temporada completa, valeu cada minuto.",0.0648
PA003384,2023-04-29 23:30:04,Que manha fresca e agradavel para uma caminhada.,0.1007
PA003385,2023-04-29 23:37:05,"Que calor hoje, tive que ligar o ar condicionado logo cedo.",0.0525
PA003386,2023-04-30 03:48:30,"Choveu a tarde toda, dia perfeito pra ficar em casa lendo.",0.0961
PA003387,2023-04-30 03:56:01,"Metro bem tranquilo essa manha, cheguei bem.",0.0373
PA003388,2023-04-30 04:54:14,Brigadeiro de panela saiu incrivel hoje.,0.001
PA003389,2023-04-30 05:47:13,"Home office com cafe fresquinho do lado, otimo.",0.0
PA003390,2023-04-30 11:04:00,"Onibus chegou no horario hoje, que surpresa agradavel.",0.0819
PA003391,2023-04-30 11:47:01,"Yoga pela manha, comecei o dia muito bem.",0.0692
PA003392,2023-04-30 11:55:23,"Home office com cafe fresquinho do lado, otimo.",0.1264
PA003393,2023-04-30 12:39:34,"Home office com cafe fresquinho do lado, otimo.",0.0646
PA003394,2023-04-30 13:19:55,"Meu time ganhou hoje, que jogo bonito foi.",0.0584
PA003395,2023-04-30 13:48:40,"Pausa pro cafe com os colegas, bate-papo otimo.",0.1752
PA003396,2023-04-30 13:49:56,"Aprendi receita nova no youtube, ficou otimo.",0.069
PA003397,2023-04-30 18:09:55,Aula incrivel sobre estatistica aplicada hoje.,0.0
PA003398,2023-04-30 18:14:27,"Reuniao produtiva hoje, saimos com otimas ideias.",0.146
PA003399,2023-04-30 18:37:36,"Tentei receita nova de bolo de cenoura, ficou fofinho.",0.1107
PA003400,2023-04-30 19:06:14,"Estudando para a prova de amanha, bem concentrado.",0.0661
PA003401,2023-04-30 20:15:56,"Fechei projeto importante essa semana, que alegria.",0.0701
PA003402,2023-04-30 23:39:52,"Reuniao produtiva hoje, saimos com otimas ideias.",0.0236
PA003403,2023-05-01 01:45:59,"Fui de bike hoje, que exercicio agradavel de manha.",0.0487
PA003404,2023-05-01 01:56:26,"Fui de bike hoje, que exercicio agradavel de manha.",0.0411
PA003405,2023-05-01 02:07:07,"Fui de bike hoje, que exercicio agradavel de manha.",0.0943
PA003406,2023-05-01 05:41:21,"Testei IA para ajudar com codigo, funcionou bem.",0.1251
PA003407,2023-05-01 05:53:08,"Meu time ganhou hoje, que jogo bonito foi.",0.1109
PA003408,2023-05-01 08:02:08,"Meditacao de manha, comecando o dia muito bem.",0.0743
PA003409,2023-05-01 08:05:53,"Reuniao produtiva hoje, saimos com otimas ideias.",0.1688
PA003410,2023-05-01 09:08:45,"Que calor hoje, tive que ligar o ar condicionado logo cedo.",0.0503
PA003411,2023-05-01 09:28:06,Semana intensa mas muito satisfatoria no trabalho.,0.1076
PA003412,2023-05-01 10:06:38,"Vento agradavel hoje, aproveitei para caminhar no parque.",0.0416
PA003413,2023-05-01 10:19:29,Cafe da manha caprichado: tapioca com ovo e suco de laranja.,0.09
PA003414,2023-05-01 10:39:56,"Estudando para a prova de amanha, bem concentrado.",0.0291
PA003415,2023-05-01 11:31:30,Feira de artesanato gostosa de passear.,0.0607
PA003416,2023-05-01 12:08:20,"Metro bem tranquilo essa manha, cheguei bem.",0.0662
PA003417,2023-05-01 14:03:12,"Corri 5km de manha, semana otima de treino.",0.0607
PA003418,2023-05-01 17:25:36,"Viagem de fim de semana para cidade historica, valeu.",0.0303
PA003419,2023-05-01 18:25:50,"Fui num restaurante novo, a pizza estava espetacular.",0.1054
PA003420,2023-05-01 18:56:21,"Domingo em familia, melhor dia da semana.",0.0905
PA003421,2023-05-01 20:07:16,"Passei na certificacao, muito feliz com o resultado.",0.135
PA003422,2023-05-01 20:25:14,Jantar simples mas gostoso com a familia.,0.1111
PA003423,2023-05-01 21:59:46,"Notebook novo chegou, que desempenho incrivel.",0.0
PA003424,2023-05-02 00:45:40,"Vento agradavel hoje, aproveitei para caminhar no parque.",0.1576
PA003425,2023-05-02 03:12:27,"Reencontrei um amigo antigo por acaso, que alegria.",0.0727
PA003426,2023-05-02 04:43:23,"Reencontrei um amigo antigo por acaso, que alegria.",0.1221
PA003427,2023-05-02 08:34:01,"Volei com os amigos, muita risada e diversao.",0.1282
PA003428,2023-05-02 08:56:49,Pacote atrasado pelos correios pela terceira vez.,0.6553
PA003429,2023-05-02 10:21:23,"Museu da cidade muito interessante, aprendi bastante.",0.0893
PA003430,2023-05-02 11:10:55,"Passeio com o cachorro no parque, ele adorou.",0.004
PA003431,2023-05-02 11:16:35,Aula incrivel sobre estatistica aplicada hoje.,0.1216
PA003432,2023-05-02 11:38:59,"Dia nublado mas tranquilo, bom para estudar sem distracao.",0.0503
PA003433,2023-05-02 12:35:01,"Consegui estacionamento logo de cara, dia de sorte mesmo.",0.0613
PA003434,2023-05-02 12:43:05,Caminhada ate a estacao foi otima hoje.,0.0166
PA003435,2023-05-02 14:51:22,"Corri 5km de manha, semana otima de treino.",0.0774
PA003436,2023-05-02 15:09:27,"Chuva passageira a tarde, depois o tempo abriu lindo.",0.1421
PA003437,2023-05-02 15:51:05,"Musica nova do meu artista favorito, de outro nivel.",0.1331
PA003438,2023-05-02 16:32:23,Brigadeiro de panela saiu incrivel hoje.,0.0346
PA003439,2023-05-02 16:40:07,Atualizacao deixou o sistema muito mais rapido.,0.0784
PA003440,2023-05-02 16:55:43,"Yoga pela manha, comecei o dia muito bem.",0.0536
PA003441,2023-05-02 17:10:28,"Sol lindo hoje, cafe na varanda foi otimo.",0.0602
PA003442,2023-05-02 18:06:55,Brigadeiro de panela saiu incrivel hoje.,0.0625
PA003443,2023-05-02 20:18:18,"Natacao de manha, melhor inicio de dia possivel.",0.0
PA003444,2023-05-02 20:58:04,"Passei na certificacao, muito feliz com o resultado.",0.0064
PA003445,2023-05-02 21:30:37,"Teatro incrivel ontem, peca muito bem dirigida.",0.1006
PA003446,2023-05-02 22:02:29,"Choveu a tarde toda, dia perfeito pra ficar em casa lendo.",0.0844
PA003447,2023-05-02 22:22:58,"Academia hoje, treino puxado mas valeu muito.",0.1079
PA003448,2023-05-03 00:06:49,"Biblioteca da universidade, ambiente otimo para estudar.",0.0863
PA003449,2023-05-03 00:30:49,"Viagem de fim de semana para cidade historica, valeu.",0.0745
PA003450,2023-05-03 01:24:50,Terminei o trabalho da faculdade com antecedencia.,0.2
PA003451,2023-05-03 01:25:13,"Almoco incrivel hoje, fiz lasanha caseira do zero.",0.0764
PA003452,2023-05-03 02:21:38,"Biblioteca da universidade, ambiente otimo para estudar.",0.3354
PA003453,2023-05-03 02:48:34,"Biblioteca da universidade, ambiente otimo para estudar.",0.1081
PA003454,2023-05-03 02:58:54,"Fechei projeto importante essa semana, que alegria.",0.1117
PA003455,2023-05-03 04:17:32,"Pipoca e serie boa na sexta, programa perfeito.",0.0356
PA003456,2023-05-03 04:33:13,"Praia tranquila, sol perfeito, descanso total.",0.06
PA003457,2023-05-03 04:41:36,"Sol lindo hoje, cafe na varanda foi otimo.",0.0183
PA003458,2023-05-03 04:51:53,App de produtividade novo que encontrei e otimo.,0.2593
PA003459,2023-05-03 04:55:36,"Livro excelente sobre ciencia de dados, recomendo muito.",0.0425
PA003460,2023-05-03 04:57:34,"Yoga pela manha, comecei o dia muito bem.",0.0999
PA003461,2023-05-03 05:25:14,"Volei com os amigos, muita risada e diversao.",0.0544
PA003462,2023-05-03 08:20:57,"Sol lindo hoje, cafe na varanda foi otimo.",0.1931
PA003463,2023-05-03 10:19:37,"Teatro incrivel ontem, peca muito bem dirigida.",0.0972
PA003464,2023-05-03 12:25:06,Feira de artesanato gostosa de passear.,0.0472
PA003465,2023-05-03 12:56:26,Semana intensa mas muito satisfatoria no trabalho.,0.0539
PA003466,2023-05-03 12:56:54,Aula incrivel sobre estatistica aplicada hoje.,0.0
PA003467,2023-05-03 13:17:14,"Pausa pro cafe com os colegas, bate-papo otimo.",0.1444
PA003468,2023-05-03 14:22:12,Jogo novo me viciou de um jeito bom.,0.081
PA003469,2023-05-03 18:34:40,Finalmente entendi aquele conceito que me travava.,0.1196
PA003470,2023-05-03 20:15:31,"Filme otimo ontem, fui ao cinema com a familia.",0.0743
PA003471,2023-05-03 20:35:50,"Passeio no interior no fim de semana, natureza linda.",0.0356
PA003472,2023-05-03 20:55:44,Terminei o trabalho da faculdade com antecedencia.,0.0561
PA003473,2023-05-03 20:59:13,App de produtividade novo que encontrei e otimo.,0.1266
PA003474,2023-05-03 21:33:05,"Reuniao produtiva hoje, saimos com otimas ideias.",0.1223
PA003475,2023-05-03 21:33:36,"Plantei temperos na sacada, que satisfacao.",0.1207
PA003476,2023-05-03 21:42:09,"Tarefa dificil concluida com sucesso, que satisfacao.",0.001
PA003477,2023-05-03 21:46:43,Aula incrivel sobre estatistica aplicada hoje.,0.0196
PA003478,2023-05-03 22:35:06,"Estudando para a prova de amanha, bem concentrado.",0.0795
PA003479,2023-05-03 23:32:55,"Musica nova do meu artista favorito, de outro nivel.",0.1087
PA003480,2023-05-04 00:02:24,"Vento agradavel hoje, aproveitei para caminhar no parque.",0.125
PA003481,2023-05-04 00:17:31,"Cuidando das plantas em casa, muito terapeutico.",0.064
PA003482,2023-05-04 04:10:32,"Museu da cidade muito interessante, aprendi bastante.",0.0559
PA003483,2023-05-04 06:36:19,"Passeio com o cachorro no parque, ele adorou.",0.1211
PA003484,2023-05-04 06:48:06,Terminei o trabalho da faculdade com antecedencia.,0.0994
PA003485,2023-05-04 07:39:34,"Biblioteca da universidade, ambiente otimo para estudar.",0.0149
PA003486,2023-05-04 08:19:21,"Maratonei a temporada completa, valeu cada minuto.",0.1012
PA003487,2023-05-04 09:32:51,"Novo celular chegou, a camera e impressionante.",0.1548
PA003488,2023-05-04 10:03:07,"Sopa de legumes no frio, reconfortante e gostosa.",0.1362
PA003489,2023-05-04 11:14:12,"Biblioteca da universidade, ambiente otimo para estudar.",0.0704
PA003490,2023-05-04 12:01:50,Semana intensa mas muito satisfatoria no trabalho.,0.0664
PA003491,2023-05-04 13:23:13,"Home office com cafe fresquinho do lado, otimo.",0.0284
PA003492,2023-05-04 13:33:47,"Dia nublado mas tranquilo, bom para estudar sem distracao.",0.0754
PA003493,2023-05-04 14:27:38,"Estudando para a prova de amanha, bem concentrado.",0.1495
PA003494,2023-05-04 14:57:01,"Meu time ganhou hoje, que jogo bonito foi.",0.1168
PA003495,2023-05-04 15:18:11,"Serie nova incrivel, amei o primeiro episodio.",0.0616
PA003496,2023-05-04 18:00:47,"Domingo em familia, melhor dia da semana.",0.1268
PA003497,2023-05-04 18:11:50,Terminei o trabalho da faculdade com antecedencia.,0.1815
PA003498,2023-05-04 19:31:18,"Praia tranquila, sol perfeito, descanso total.",0.1139
PA003499,2023-05-04 19:43:06,"Livro excelente sobre ciencia de dados, recomendo muito.",0.0209
PA003500,2023-05-04 20:11:49,"Natacao de manha, melhor inicio de dia possivel.",0.1105
PA003501,2023-05-04 20:12:02,"Tentei receita nova de bolo de cenoura, ficou fofinho.",0.0438
PA003502,2023-05-04 20:48:14,"Fui num restaurante novo, a pizza estava espetacular.",0.0964
PA003503,2023-05-04 21:21:48,"Volei com os amigos, muita risada e diversao.",0.1546
PA003504,2023-05-04 21:30:14,"Choveu a tarde toda, dia perfeito pra ficar em casa lendo.",0.0481
PA003505,2023-05-04 22:19:04,"Meditacao de manha, comecando o dia muito bem.",0.1643
PA003506,2023-05-04 22:21:15,"Consegui estacionamento logo de cara, dia de sorte mesmo.",0.1103
PA003507,2023-05-05 03:23:21,"Consegui estacionamento logo de cara, dia de sorte mesmo.",0.1135
PA003508,2023-05-05 03:25:41,"Almoco incrivel hoje, fiz lasanha caseira do zero.",0.0899
PA003509,2023-05-05 04:14:03,Tarde produtiva organizando e limpando a casa.,0.1052
PA003510,2023-05-05 04:24:56,"Dia nublado mas tranquilo, bom para estudar sem distracao.",0.009
PA003511,2023-05-05 04:47:53,"Teatro incrivel ontem, peca muito bem dirigida.",0.0
PA003512,2023-05-05 04:56:21,"Fechei projeto importante essa semana, que alegria.",0.0431
PA003513,2023-05-05 05:09:56,"O outono chegou cedo esse ano, que frio gostoso de manha.",0.0549
PA003514,2023-05-05 05:58:27,Grupo de estudos foi muito produtivo hoje.,0.0
PA003515,2023-05-05 06:11:24,Que tarde relaxante lendo na rede.,0.1252
PA003516,2023-05-05 07:22:25,"Biblioteca da universidade, ambiente otimo para estudar.",0.074
PA003517,2023-05-05 07:43:17,"Museu da cidade muito interessante, aprendi bastante.",0.0928
PA003518,2023-05-05 08:41:49,"Testei IA para ajudar com codigo, funcionou bem.",0.1385
PA003519,2023-05-05 08:48:26,"Meditacao de manha, comecando o dia muito bem.",0.0704
PA003520,2023-05-05 09:36:46,"Plantei temperos na sacada, que satisfacao.",0.1096
PA003521,2023-05-05 11:44:10,"Volei com os amigos, muita risada e diversao.",0.089
PA003522,2023-05-05 12:30:06,Feira de artesanato gostosa de passear.,0.1549
PA003523,2023-05-05 13:16:45,"Yoga pela manha, comecei o dia muito bem.",0.0
PA003524,2023-05-05 14:19:28,"Testei IA para ajudar com codigo, funcionou bem.",0.1138
PA003525,2023-05-05 15:32:58,"Sol lindo hoje, cafe na varanda foi otimo.",0.0686
PA003526,2023-05-05 15:49:05,Atualizacao deixou o sistema muito mais rapido.,0.0743
PA003527,2023-05-05 16:30:09,"Serie nova incrivel, amei o primeiro episodio.",0.0765
PA003528,2023-05-05 17:03:30,Aplicativo de carona funcionou perfeitamente.,0.1285
PA003529,2023-05-05 18:43:46,Barulho da rua me deixou irritado o dia todo.,0.6847
PA003530,2023-05-05 19:31:15,Jogo novo me viciou de um jeito bom.,0.0859
PA003531,2023-05-05 19:33:23,Pedalada de tarde com vista incrivel do parque.,0.0171
PA003532,2023-05-05 20:10:35,Caminhada ate a estacao foi otima hoje.,0.0774
PA003533,2023-05-05 20:37:25,"Reuniao produtiva hoje, saimos com otimas ideias.",0.1232
PA003534,2023-05-05 20:47:47,"Churrasco com a familia no final de semana, delicioso.",0.0267
PA003535,2023-05-05 21:19:34,"Apresentacao correu muito bem, todos gostaram.",0.0604
PA003536,2023-05-05 21:19:49,"Testei IA para ajudar com codigo, funcionou bem.",0.083
PA003537,2023-05-05 21:32:36,"Filme otimo ontem, fui ao cinema com a familia.",0.1018
PA003538,2023-05-05 21:49:53,"Filme otimo ontem, fui ao cinema com a familia.",0.0227
PA003539,2023-05-05 22:19:11,"Domingo em familia, melhor dia da semana.",0.0665
PA003540,2023-05-05 22:36:35,"Maratonei a temporada completa, valeu cada minuto.",0.0947
PA003541,2023-05-05 22:39:03,"Maratonei a temporada completa, valeu cada minuto.",0.1399
PA003542,2023-05-06 00:23:55,"Fechei projeto importante essa semana, que alegria.",0.0645
PA003543,2023-05-06 01:46:25,"Praia tranquila, sol perfeito, descanso total.",0.0307
PA003544,2023-05-06 02:35:41,"Natacao de manha, melhor inicio de dia possivel.",0.178
PA003545,2023-05-06 03:03:23,Grupo de estudos foi muito produtivo hoje.,0.0
PA003546,2023-05-06 03:26:50,"Meu time ganhou hoje, que jogo bonito foi.",0.1655
PA003547,2023-05-06 03:56:07,Feira de artesanato gostosa de passear.,0.0485
PA003548,2023-05-06 04:08:52,Aplicativo de carona funcionou perfeitamente.,0.1563
PA003549,2023-05-06 04:33:15,"Academia hoje, treino puxado mas valeu muito.",0.0406
PA003550,2023-05-06 08:38:34,Feira de artesanato gostosa de passear.,0.0389
PA003551,2023-05-06 10:59:13,"Meditacao de manha, comecando o dia muito bem.",0.0222
PA003552,2023-05-06 12:00:11,"Meditacao de manha, comecando o dia muito bem.",0.0938
PA003553,2023-05-06 12:21:41,"Notebook novo chegou, que desempenho incrivel.",0.0972
PA003554,2023-05-06 13:21:06,"Notebook novo chegou, que desempenho incrivel.",0.1313
PA003555,2023-05-06 18:47:32,"Dia nublado mas tranquilo, bom para estudar sem distracao.",0.0259
PA003556,2023-05-06 19:29:42,"Novo celular chegou, a camera e impressionante.",0.07
PA003557,2023-05-06 19:46:56,"Configurei o home office com setup novo, otimo.",0.0427
PA003558,2023-05-06 20:06:27,Finalmente entendi aquele conceito que me travava.,0.0765
PA003559,2023-05-06 20:32:57,Atualizacao deixou o sistema muito mais rapido.,0.1295
PA003560,2023-05-06 21:04:31,Cafe da manha caprichado: tapioca com ovo e suco de laranja.,0.0883
PA003561,2023-05-06 21:20:21,"Consegui estacionamento logo de cara, dia de sorte mesmo.",0.0
PA003562,2023-05-06 21:46:28,"Teatro incrivel ontem, peca muito bem dirigida.",0.0677
PA003563,2023-05-06 22:49:32,"Corri 5km de manha, semana otima de treino.",0.1449
PA003564,2023-05-06 23:04:38,"Pausa pro cafe com os colegas, bate-papo otimo.",0.0445
PA003565,2023-05-06 23:38:31,Pedalada de tarde com vista incrivel do parque.,0.1298
PA003566,2023-05-07 00:31:37,"Minha mae fez feijao com arroz e linguica, classico perfeito.",0.0843
PA003567,2023-05-07 00:38:31,Show ao vivo incrivel no fim de semana.,0.0802
PA003568,2023-05-07 01:50:42,"Tentei receita nova de bolo de cenoura, ficou fofinho.",0.109
PA003569,2023-05-07 03:46:47,"Praia tranquila, sol perfeito, descanso total.",0.0562
PA003570,2023-05-07 04:00:03,"Aprendi receita nova no youtube, ficou otimo.",0.0475
PA003571,2023-05-07 04:35:00,"Consegui estacionamento logo de cara, dia de sorte mesmo.",0.0682
PA003572,2023-05-07 04:56:37,"Novo celular chegou, a camera e impressionante.",0.0263
PA003573,2023-05-07 05:04:53,"Aprendi receita nova no youtube, ficou otimo.",0.1148
PA003574,2023-05-07 05:18:16,"Serie nova incrivel, amei o primeiro episodio.",0.1516
PA003575,2023-05-07 10:11:34,Podcast sobre tecnologia muito interessante.,0.047
PA003576,2023-05-07 10:29:59,"Estudando para a prova de amanha, bem concentrado.",0.1319
PA003577,2023-05-07 10:48:57,"Cuidando das plantas em casa, muito terapeutico.",0.1368
PA003578,2023-05-07 11:13:34,"Volei com os amigos, muita risada e diversao.",0.0597
PA003579,2023-05-07 11:27:52,"Serie nova incrivel, amei o primeiro episodio.",0.065
PA003580,2023-05-07 11:31:22,Leitura no jardim com tempo agradavel.,0.1197
PA003581,2023-05-07 11:45:19,"Pausa pro cafe com os colegas, bate-papo otimo.",0.1172
PA003582,2023-05-07 12:32:36,"Reuniao produtiva hoje, saimos com otimas ideias.",0.0651
PA003583,2023-05-07 12:56:20,"Choveu a tarde toda, dia perfeito pra ficar em casa lendo.",0.1103
PA003584,2023-05-07 13:23:06,Que manha fresca e agradavel para uma caminhada.,0.0
PA003585,2023-05-07 16:21:59,"Praia tranquila, sol perfeito, descanso total.",0.1595
PA003586,2023-05-07 17:17:04,"Metro bem tranquilo essa manha, cheguei bem.",0.0291
PA003587,2023-05-07 17:44:38,"Vento agradavel hoje, aproveitei para caminhar no parque.",0.0402
PA003588,2023-05-07 20:54:23,"Novo celular chegou, a camera e impressionante.",0.087
PA003589,2023-05-07 21:52:07,Que manha fresca e agradavel para uma caminhada.,0.1036
PA003590,2023-05-07 22:11:15,"Natacao de manha, melhor inicio de dia possivel.",0.0
PA003591,2023-05-07 22:24:27,Terminei o trabalho da faculdade com antecedencia.,0.0139
PA003592,2023-05-08 00:24:57,Atualizacao deixou o sistema muito mais rapido.,0.3687
PA003593,2023-05-08 00:25:35,Caminhada ate a estacao foi otima hoje.,0.1565
PA003594,2023-05-08 00:30:19,"Vento agradavel hoje, aproveitei para caminhar no parque.",0.0078
PA003595,2023-05-08 01:05:02,"Plantei temperos na sacada, que satisfacao.",0.0854
PA003596,2023-05-08 02:10:57,"Onibus chegou no horario hoje, que surpresa agradavel.",0.1069
PA003597,2023-05-08 02:48:24,"Praia tranquila, sol perfeito, descanso total.",0.0997
PA003598,2023-05-08 03:31:08,"Museu da cidade muito interessante, aprendi bastante.",0.1416
PA003599,2023-05-08 03:53:16,"Minha mae fez feijao com arroz e linguica, classico perfeito.",0.0162
PA003600,2023-05-08 05:08:32,"O outono chegou cedo esse ano, que frio gostoso de manha.",0.0484
PA003601,2023-05-08 05:59:14,Que manha fresca e agradavel para uma caminhada.,0.023
PA003602,2023-05-08 06:22:21,"Que calor hoje, tive que ligar o ar condicionado logo cedo.",0.0122
PA003603,2023-05-08 06:30:47,Tarde produtiva organizando e limpando a casa.,0.0007
PA003604,2023-05-08 07:02:06,"Estrada livre, cheguei no trabalho rapido hoje.",0.1933
PA003605,2023-05-08 07:08:17,"Museu da cidade muito interessante, aprendi bastante.",0.1455
PA003606,2023-05-08 07:12:12,"Chuva passageira a tarde, depois o tempo abriu lindo.",0.0175
PA003607,2023-05-08 08:07:18,"O outono chegou cedo esse ano, que frio gostoso de manha.",0.1284
PA003608,2023-05-08 09:21:06,Caminhada ate a estacao foi otima hoje.,0.1325
PA003609,2023-05-08 09:59:53,Semana intensa mas muito satisfatoria no trabalho.,0.1265
PA003610,2023-05-08 10:06:30,"Filme otimo ontem, fui ao cinema com a familia.",0.1096
PA003611,2023-05-08 10:11:05,"Consegui estacionamento logo de cara, dia de sorte mesmo.",0.0379
PA003612,2023-05-08 13:17:11,App de produtividade novo que encontrei e otimo.,0.0605
PA003613,2023-05-08 13:37:06,Cafe da manha caprichado: tapioca com ovo e suco de laranja.,0.1813
PA003614,2023-05-08 13:44:57,Brigadeiro de panela saiu incrivel hoje.,0.119
PA003615,2023-05-08 14:19:53,Atualizacao deixou o sistema muito mais rapido.,0.0618
PA003616,2023-05-08 16:13:38,"Trilha ecologica incrivel, natureza pura.",0.014
PA003617,2023-05-08 16:27:25,"Pausa pro cafe com os colegas, bate-papo otimo.",0.0788
PA003618,2023-05-08 17:04:11,"Teatro incrivel ontem, peca muito bem dirigida.",0.0932
PA003619,2023-05-08 17:06:20,"Choveu a tarde toda, dia perfeito pra ficar em casa lendo.",0.1091
PA003620,2023-05-08 18:27:50,"Pausa pro cafe com os colegas, bate-papo otimo.",0.1379
PA003621,2023-05-08 19:57:08,"Fui num restaurante novo, a pizza estava espetacular.",0.0567
PA003622,2023-05-08 20:34:07,"Natacao de manha, melhor inicio de dia possivel.",0.126
PA003623,2023-05-08 20:54:59,"Meditacao de manha, comecando o dia muito bem.",0.0097
PA003624,2023-05-08 21:01:03,"O outono chegou cedo esse ano, que frio gostoso de manha.",0.0971
PA003625,2023-05-08 21:21:36,"Aprendi receita nova no youtube, ficou otimo.",0.0
PA003626,2023-05-08 21:56:13,"Testei IA para ajudar com codigo, funcionou bem.",0.0387
PA003627,2023-05-08 22:10:48,"Pipoca e serie boa na sexta, programa perfeito.",0.079
PA003628,2023-05-08 23:01:52,"Metro bem tranquilo essa manha, cheguei bem.",0.1275
PA003629,2023-05-09 01:00:06,"Novo celular chegou, a camera e impressionante.",0.046
PA003630,2023-05-09 05:55:04,"Padaria da esquina lancou sabor novo, recomendo.",0.0699
PA003631,2023-05-09 06:13:14,Aula incrivel sobre estatistica aplicada hoje.,0.0058
PA003632,2023-05-09 06:13:55,"Onibus chegou no horario hoje, que surpresa agradavel.",0.1711
PA003633,2023-05-09 06:55:00,Atualizacao deixou o sistema muito mais rapido.,0.05
PA003634,2023-05-09 07:44:13,"Dia nublado mas tranquilo, bom para estudar sem distracao.",0.03
PA003635,2023-05-09 08:20:54,"Acai gelado essa tarde, refrescante demais.",0.1783
PA003636,2023-05-09 09:18:39,Grupo de estudos foi muito produtivo hoje.,0.0235
PA003637,2023-05-09 09:41:31,"Fui num restaurante novo, a pizza estava espetacular.",0.0796
PA003638,2023-05-09 14:03:15,"Fui num restaurante novo, a pizza estava espetacular.",0.0501
PA003639,2023-05-09 15:20:25,App de produtividade novo que encontrei e otimo.,0.0516
PA003640,2023-05-09 16:05:57,"Academia hoje, treino puxado mas valeu muito.",0.0189
PA003641,2023-05-09 17:18:42,Que manha fresca e agradavel para uma caminhada.,0.1292
PA003642,2023-05-09 17:56:47,Que tarde relaxante lendo na rede.,0.1165
PA003643,2023-05-09 18:54:30,"Meu time ganhou hoje, que jogo bonito foi.",0.0403
PA003644,2023-05-09 19:30:56,Cansado desse sistema publico que nao funciona.,0.5178
PA003645,2023-05-09 21:13:14,"Volei com os amigos, muita risada e diversao.",0.0
PA003646,2023-05-09 23:14:14,Aplicativo de carona funcionou perfeitamente.,0.0356
PA003647,2023-05-09 23:27:16,Que manha fresca e agradavel para uma caminhada.,0.1307
PA003648,2023-05-09 23:40:10,Jantar simples mas gostoso com a familia.,0.1304
PA003649,2023-05-10 00:06:55,"Tentei receita nova de bolo de cenoura, ficou fofinho.",0.051
PA003650,2023-05-10 00:21:36,Aula incrivel sobre estatistica aplicada hoje.,0.0535
PA003651,2023-05-10 01:58:41,Grupo de estudos foi muito produtivo hoje.,0.0826
PA003652,2023-05-10 01:59:19,"Almoco incrivel hoje, fiz lasanha caseira do zero.",0.0158
PA003653,2023-05-10 03:23:06,"Meditacao de manha, comecando o dia muito bem.",0.0506
PA003654,2023-05-10 03:45:51,"Domingo em familia, melhor dia da semana.",0.1055
PA003655,2023-05-10 03:50:52,"Apresentacao correu muito bem, todos gostaram.",0.0657
PA003656,2023-05-10 04:30:14,"Yoga pela manha, comecei o dia muito bem.",0.1007
PA003657,2023-05-10 05:22:58,"Volei com os amigos, muita risada e diversao.",0.121
PA003658,2023-05-10 05:47:40,"Academia hoje, treino puxado mas valeu muito.",0.165
PA003659,2023-05-10 06:32:03,Terminei o trabalho da faculdade com antecedencia.,0.1047
PA003660,2023-05-10 08:32:03,"Fechei projeto importante essa semana, que alegria.",0.0977
PA003661,2023-05-10 09:23:17,"Fui de bike hoje, que exercicio agradavel de manha.",0.0146
PA003662,2023-05-10 10:09:27,"Tentei receita nova de bolo de cenoura, ficou fofinho.",0.1015
PA003663,2023-05-10 10:09:46,"Corri 5km de manha, semana otima de treino.",0.1064
PA003664,2023-05-10 11:01:50,"Vento agradavel hoje, aproveitei para caminhar no parque.",0.1355
PA003665,2023-05-10 11:30:24,"O outono chegou cedo esse ano, que frio gostoso de manha.",0.0823
PA003666,2023-05-10 13:16:54,"Reuniao produtiva hoje, saimos com otimas ideias.",0.1504
PA003667,2023-05-10 13:39:37,"Biblioteca da universidade, ambiente otimo para estudar.",0.1196
PA003668,2023-05-10 14:22:14,"Aprendi receita nova no youtube, ficou otimo.",0.0537
PA003669,2023-05-10 16:44:28,"Tarefa dificil concluida com sucesso, que satisfacao.",0.0528
PA003670,2023-05-10 17:56:51,Caminhada ate a estacao foi otima hoje.,0.1457
PA003671,2023-05-10 18:39:03,Leitura no jardim com tempo agradavel.,0.1358
PA003672,2023-05-10 19:32:51,"Museu da cidade muito interessante, aprendi bastante.",0.0833
PA003673,2023-05-10 20:01:21,"Aprendi receita nova no youtube, ficou otimo.",0.1076
PA003674,2023-05-10 23:18:04,App de produtividade novo que encontrei e otimo.,0.1154
PA003675,2023-05-11 01:15:04,"Cuidando das plantas em casa, muito terapeutico.",0.1119
PA003676,2023-05-11 02:36:34,"Aprendi receita nova no youtube, ficou otimo.",0.0522
PA003677,2023-05-11 06:25:54,"Tarefa dificil concluida com sucesso, que satisfacao.",0.1173
PA003678,2023-05-11 06:36:18,"Viagem de fim de semana para cidade historica, valeu.",0.0449
PA003679,2023-05-11 08:44:53,"Aprendi receita nova no youtube, ficou otimo.",0.0641
PA003680,2023-05-11 09:00:21,"Testei IA para ajudar com codigo, funcionou bem.",0.0706
PA003681,2023-05-11 10:57:29,"Filme otimo ontem, fui ao cinema com a familia.",0.032
PA003682,2023-05-11 13:41:20,"Museu da cidade muito interessante, aprendi bastante.",0.1016
PA003683,2023-05-11 13:57:43,"Que calor hoje, tive que ligar o ar condicionado logo cedo.",0.0582
PA003684,2023-05-11 14:20:58,"Livro excelente sobre ciencia de dados, recomendo muito.",0.1251
PA003685,2023-05-11 15:37:27,Que manha fresca e agradavel para uma caminhada.,0.0127
PA003686,2023-05-11 16:22:49,"Cuidando das plantas em casa, muito terapeutico.",0.0933
PA003687,2023-05-11 17:25:15,"Academia hoje, treino puxado mas valeu muito.",0.0873
PA003688,2023-05-11 17:48:47,Feira de artesanato gostosa de passear.,0.0216
PA003689,2023-05-11 18:51:36,Que tarde relaxante lendo na rede.,0.0417
PA003690,2023-05-11 19:41:13,Que tarde relaxante lendo na rede.,0.1565
PA003691,2023-05-11 20:31:11,"Filme otimo ontem, fui ao cinema com a familia.",0.0652
PA003692,2023-05-11 22:57:17,"Praia tranquila, sol perfeito, descanso total.",0.0339
PA003693,2023-05-11 23:10:15,Leitura no jardim com tempo agradavel.,0.0773
PA003694,2023-05-11 23:36:34,Tarde produtiva organizando e limpando a casa.,0.1147
PA003695,2023-05-12 02:13:47,"Novo celular chegou, a camera e impressionante.",0.0888
PA003696,2023-05-12 03:01:40,Jantar simples mas gostoso com a familia.,0.0389
PA003697,2023-05-12 03:30:13,Que tarde relaxante lendo na rede.,0.037
PA003698,2023-05-12 04:09:58,"Onibus chegou no horario hoje, que surpresa agradavel.",0.0785
PA003699,2023-05-12 04:15:20,Leitura no jardim com tempo agradavel.,0.0645
PA003700,2023-05-12 04:21:11,Jogo novo me viciou de um jeito bom.,0.0
PA003701,2023-05-12 04:26:16,"Configurei o home office com setup novo, otimo.",0.1006
PA003702,2023-05-12 04:56:11,"Vento agradavel hoje, aproveitei para caminhar no parque.",0.079
PA003703,2023-05-12 07:10:15,"Almoco incrivel hoje, fiz lasanha caseira do zero.",0.0
PA003704,2023-05-12 09:17:11,Caminhada ate a estacao foi otima hoje.,0.045
PA003705,2023-05-12 09:56:13,"Estrada livre, cheguei no trabalho rapido hoje.",0.1855
PA003706,2023-05-12 10:00:03,"Reencontrei um amigo antigo por acaso, que alegria.",0.0618
PA003707,2023-05-12 10:30:50,"Fechei projeto importante essa semana, que alegria.",0.0438
PA003708,2023-05-12 13:42:35,Grupo de estudos foi muito produtivo hoje.,0.0915
PA003709,2023-05-12 16:53:22,"Academia hoje, treino puxado mas valeu muito.",0.0635
PA003710,2023-05-12 17:11:19,"Volei com os amigos, muita risada e diversao.",0.1408
PA003711,2023-05-12 18:02:02,"Consegui estacionamento logo de cara, dia de sorte mesmo.",0.1805
PA003712,2023-05-12 18:17:08,"O outono chegou cedo esse ano, que frio gostoso de manha.",0.081
PA003713,2023-05-12 18:18:26,"Tarefa dificil concluida com sucesso, que satisfacao.",0.0
PA003714,2023-05-12 18:28:45,"Pausa pro cafe com os colegas, bate-papo otimo.",0.0421
PA003715,2023-05-12 20:00:08,"Novo celular chegou, a camera e impressionante.",0.0
PA003716,2023-05-12 20:07:42,"Reuniao produtiva hoje, saimos com otimas ideias.",0.1832
PA003717,2023-05-12 21:35:46,"Minha mae fez feijao com arroz e linguica, classico perfeito.",0.1418
PA003718,2023-05-12 21:45:15,"Meu time ganhou hoje, que jogo bonito foi.",0.1797
PA003719,2023-05-13 00:15:06,Show ao vivo incrivel no fim de semana.,0.116
PA003720,2023-05-13 00:48:53,Brigadeiro de panela saiu incrivel hoje.,0.1124
PA003721,2023-05-13 03:22:19,Jogo novo me viciou de um jeito bom.,0.0
PA003722,2023-05-13 03:49:01,"O outono chegou cedo esse ano, que frio gostoso de manha.",0.1103
PA003723,2023-05-13 04:25:09,"Tentei receita nova de bolo de cenoura, ficou fofinho.",0.0171
PA003724,2023-05-13 04:30:41,"Volei com os amigos, muita risada e diversao.",0.0854
PA003725,2023-05-13 06:47:52,"Biblioteca da universidade, ambiente otimo para estudar.",0.0746
PA003726,2023-05-13 07:11:11,"Padaria da esquina lancou sabor novo, recomendo.",0.1537
PA003727,2023-05-13 08:19:11,"Tarefa dificil concluida com sucesso, que satisfacao.",0.0
PA003728,2023-05-13 09:06:22,"Chuva passageira a tarde, depois o tempo abriu lindo.",0.0494
PA003729,2023-05-13 09:29:29,"Pipoca e serie boa na sexta, programa perfeito.",0.0408
PA003730,2023-05-13 11:07:38,"Trilha ecologica incrivel, natureza pura.",0.0172
PA003731,2023-05-13 11:10:10,"Tentei receita nova de bolo de cenoura, ficou fofinho.",0.0868
PA003732,2023-05-13 11:22:18,Que tarde relaxante lendo na rede.,0.0607
PA003733,2023-05-13 12:01:03,"Reencontrei um amigo antigo por acaso, que alegria.",0.0651
PA003734,2023-05-13 13:28:26,Atualizacao deixou o sistema muito mais rapido.,0.0985
PA003735,2023-05-13 14:57:26,"Viagem de fim de semana para cidade historica, valeu.",0.1087
PA003736,2023-05-13 15:27:56,"Academia hoje, treino puxado mas valeu muito.",0.0
PA003737,2023-05-13 16:17:14,"Metro bem tranquilo essa manha, cheguei bem.",0.0862
PA003738,2023-05-13 16:40:36,"Metro bem tranquilo essa manha, cheguei bem.",0.0
PA003739,2023-05-13 17:13:05,"Passei na certificacao, muito feliz com o resultado.",0.1316
PA003740,2023-05-13 17:16:27,Feira de artesanato gostosa de passear.,0.0994
PA003741,2023-05-13 17:30:38,"Praia tranquila, sol perfeito, descanso total.",0.1536
PA003742,2023-05-13 18:28:00,"Fui de bike hoje, que exercicio agradavel de manha.",0.1082
PA003743,2023-05-13 18:57:58,"Domingo em familia, melhor dia da semana.",0.0748
PA003744,2023-05-13 19:16:45,"Passeio com o cachorro no parque, ele adorou.",0.1241
PA003745,2023-05-13 19:19:11,Tarde produtiva organizando e limpando a casa.,0.1529
PA003746,2023-05-13 20:51:49,"Onibus chegou no horario hoje, que surpresa agradavel.",0.0782
PA003747,2023-05-13 20:53:11,"Serie nova incrivel, amei o primeiro episodio.",0.3431
PA003748,2023-05-13 21:55:49,Leitura no jardim com tempo agradavel.,0.2
PA003749,2023-05-13 23:01:48,"Yoga pela manha, comecei o dia muito bem.",0.1417
PA003750,2023-05-13 23:25:01,"Dia nublado mas tranquilo, bom para estudar sem distracao.",0.0329
PA003751,2023-05-13 23:52:35,"Natacao de manha, melhor inicio de dia possivel.",0.0748
PA003752,2023-05-14 00:46:17,"Que calor hoje, tive que ligar o ar condicionado logo cedo.",0.0828
PA003753,2023-05-14 00:49:31,Jantar simples mas gostoso com a familia.,0.0919
PA003754,2023-05-14 02:26:06,"Teatro incrivel ontem, peca muito bem dirigida.",0.1241
PA003755,2023-05-14 04:05:29,"Viagem de fim de semana para cidade historica, valeu.",0.1497
PA003756,2023-05-14 04:09:45,"Livro excelente sobre ciencia de dados, recomendo muito.",0.0
PA003757,2023-05-14 05:33:16,"Testei IA para ajudar com codigo, funcionou bem.",0.0595
PA003758,2023-05-14 05:35:46,"Minha mae fez feijao com arroz e linguica, classico perfeito.",0.0394
PA003759,2023-05-14 05:50:30,"Minha mae fez feijao com arroz e linguica, classico perfeito.",0.093
PA003760,2023-05-14 05:59:10,Jogo novo me viciou de um jeito bom.,0.0569
PA003761,2023-05-14 07:09:49,"Onibus chegou no horario hoje, que surpresa agradavel.",0.0665
PA003762,2023-05-14 08:10:07,"Trilha ecologica incrivel, natureza pura.",0.0473
PA003763,2023-05-14 09:32:55,"Natacao de manha, melhor inicio de dia possivel.",0.1351
PA003764,2023-05-14 10:29:44,"Trilha ecologica incrivel, natureza pura.",0.1467
PA003765,2023-05-14 10:36:09,"Pausa pro cafe com os colegas, bate-papo otimo.",0.1034
PA003766,2023-05-14 10:40:18,"Viagem de fim de semana para cidade historica, valeu.",0.1743
PA003767,2023-05-14 11:04:08,"Minha mae fez feijao com arroz e linguica, classico perfeito.",0.107
PA003768,2023-05-14 12:06:51,"Notebook novo chegou, que desempenho incrivel.",0.1471
PA003769,2023-05-14 12:10:46,"Reencontrei um amigo antigo por acaso, que alegria.",0.0546
PA003770,2023-05-14 12:19:39,"Volei com os amigos, muita risada e diversao.",0.0699
PA003771,2023-05-14 13:16:36,"Domingo em familia, melhor dia da semana.",0.0842
PA003772,2023-05-14 13:48:47,"Almoco incrivel hoje, fiz lasanha caseira do zero.",0.059
PA003773,2023-05-14 15:43:13,"Padaria da esquina lancou sabor novo, recomendo.",0.098
PA003774,2023-05-14 16:41:12,Finalmente entendi aquele conceito que me travava.,0.1281
PA003775,2023-05-14 16:51:23,"Maratonei a temporada completa, valeu cada minuto.",0.1032
PA003776,2023-05-14 17:07:11,"Home office com cafe fresquinho do lado, otimo.",0.1084
PA003777,2023-05-14 18:37:20,"Que calor hoje, tive que ligar o ar condicionado logo cedo.",0.1563
PA003778,2023-05-14 19:22:21,"Que calor hoje, tive que ligar o ar condicionado logo cedo.",0.1374
PA003779,2023-05-14 20:14:34,"Viagem de fim de semana para cidade historica, valeu.",0.089
PA003780,2023-05-14 21:05:32,"Cuidando das plantas em casa, muito terapeutico.",0.1102
PA003781,2023-05-15 00:42:31,"Praia tranquila, sol perfeito, descanso total.",0.0898
PA003782,2023-05-15 02:55:28,"Dia nublado mas tranquilo, bom para estudar sem distracao.",0.1505
PA003783,2023-05-15 03:10:40,"Fui de bike hoje, que exercicio agradavel de manha.",0.2
PA003784,2023-05-15 03:33:53,"Maratonei a temporada completa, valeu cada minuto.",0.0161
PA003785,2023-05-15 03:51:27,"Trilha ecologica incrivel, natureza pura.",0.0904
PA003786,2023-05-15 04:48:40,Jantar simples mas gostoso com a familia.,0.0935
PA003787,2023-05-15 06:10:29,"Reuniao produtiva hoje, saimos com otimas ideias.",0.0902
PA003788,2023-05-15 07:11:25,Brigadeiro de panela saiu incrivel hoje.,0.1596
PA003789,2023-05-15 07:29:57,"Tentei receita nova de bolo de cenoura, ficou fofinho.",0.081
PA003790,2023-05-15 08:35:54,"Tarefa dificil concluida com sucesso, que satisfacao.",0.109
PA003791,2023-05-15 09:18:37,Atualizacao deixou o sistema muito mais rapido.,0.019
PA003792,2023-05-15 10:07:42,Atualizacao deixou o sistema muito mais rapido.,0.1309
PA003793,2023-05-15 10:39:35,"Corri 5km de manha, semana otima de treino.",0.0503
PA003794,2023-05-15 11:37:01,"Vento agradavel hoje, aproveitei para caminhar no parque.",0.0
PA003795,2023-05-15 13:27:08,Cafe da manha caprichado: tapioca com ovo e suco de laranja.,0.0259
PA003796,2023-05-15 16:31:13,"Plantei temperos na sacada, que satisfacao.",0.0041
PA003797,2023-05-15 17:02:35,"Reencontrei um amigo antigo por acaso, que alegria.",0.1826
PA003798,2023-05-15 17:09:25,"Reencontrei um amigo antigo por acaso, que alegria.",0.0857
PA003799,2023-05-15 17:47:00,"Choveu a tarde toda, dia perfeito pra ficar em casa lendo.",0.0
PA003800,2023-05-15 19:07:59,App de produtividade novo que encontrei e otimo.,0.0862
PA003801,2023-05-15 19:18:09,Show ao vivo incrivel no fim de semana.,0.1612
PA003802,2023-05-15 22:08:06,"Aprendi receita nova no youtube, ficou otimo.",0.0396
PA003803,2023-05-15 22:21:24,"Novo celular chegou, a camera e impressionante.",0.0788
PA003804,2023-05-15 23:31:37,"Estudando para a prova de amanha, bem concentrado.",0.0741
PA003805,2023-05-15 23:46:23,"Novo celular chegou, a camera e impressionante.",0.1787
PA003806,2023-05-16 02:01:05,Podcast sobre tecnologia muito interessante.,0.0191
PA003807,2023-05-16 02:23:22,"Biblioteca da universidade, ambiente otimo para estudar.",0.0743
PA003808,2023-05-16 02:47:02,"Passeio com o cachorro no parque, ele adorou.",0.0797
PA003809,2023-05-16 03:52:23,"Apresentacao correu muito bem, todos gostaram.",0.0724
PA003810,2023-05-16 03:52:30,Leitura no jardim com tempo agradavel.,0.0354
PA003811,2023-05-16 04:45:22,Jogo novo me viciou de um jeito bom.,0.0499
PA003812,2023-05-16 05:51:27,Finalmente entendi aquele conceito que me travava.,0.0982
PA003813,2023-05-16 06:16:51,"Academia hoje, treino puxado mas valeu muito.",0.1808
PA003814,2023-05-16 06:54:08,"Maratonei a temporada completa, valeu cada minuto.",0.0914
PA003815,2023-05-16 07:05:25,"Teatro incrivel ontem, peca muito bem dirigida.",0.1414
PA003816,2023-05-16 08:45:35,"Aprendi receita nova no youtube, ficou otimo.",0.082
PA003817,2023-05-16 10:32:27,"Sol lindo hoje, cafe na varanda foi otimo.",0.0394
PA003818,2023-05-16 15:30:56,"Reuniao produtiva hoje, saimos com otimas ideias.",0.0406
PA003819,2023-05-16 16:45:29,"Choveu a tarde toda, dia perfeito pra ficar em casa lendo.",0.1179
PA003820,2023-05-16 16:47:33,"Sopa de legumes no frio, reconfortante e gostosa.",0.0982
PA003821,2023-05-16 17:20:48,"Choveu a tarde toda, dia perfeito pra ficar em casa lendo.",0.0
PA003822,2023-05-16 18:11:35,"Fui de bike hoje, que exercicio agradavel de manha.",0.1561
PA003823,2023-05-16 18:18:01,"Corri 5km de manha, semana otima de treino.",0.0228
PA003824,2023-05-16 19:39:36,"Que calor hoje, tive que ligar o ar condicionado logo cedo.",0.0334
PA003825,2023-05-16 21:47:46,"Fui de bike hoje, que exercicio agradavel de manha.",0.1257
PA003826,2023-05-16 22:16:51,"Passeio com o cachorro no parque, ele adorou.",0.0718
PA003827,2023-05-16 22:20:22,"Plantei temperos na sacada, que satisfacao.",0.0864
PA003828,2023-05-16 22:35:16,"Passei na certificacao, muito feliz com o resultado.",0.0
PA003829,2023-05-16 23:27:34,"Sopa de legumes no frio, reconfortante e gostosa.",0.1156
PA003830,2023-05-16 23:59:32,"Pausa pro cafe com os colegas, bate-papo otimo.",0.0
PA003831,2023-05-17 00:07:52,"Sopa de legumes no frio, reconfortante e gostosa.",0.1183
PA003832,2023-05-17 00:12:49,"Academia hoje, treino puxado mas valeu muito.",0.1034
PA003833,2023-05-17 01:43:57,"Meu time ganhou hoje, que jogo bonito foi.",0.0321
PA003834,2023-05-17 01:45:26,"Meu time ganhou hoje, que jogo bonito foi.",0.0511
PA003835,2023-05-17 02:07:02,"Metro bem tranquilo essa manha, cheguei bem.",0.0189
PA003836,2023-05-17 03:48:44,"Natacao de manha, melhor inicio de dia possivel.",0.0741
PA003837,2023-05-17 04:44:09,Que tarde relaxante lendo na rede.,0.1737
PA003838,2023-05-17 05:44:25,"Passei na certificacao, muito feliz com o resultado.",0.0
PA003839,2023-05-17 07:02:57,"Reencontrei um amigo antigo por acaso, que alegria.",0.0988
PA003840,2023-05-17 07:54:26,Jogo novo me viciou de um jeito bom.,0.0195
PA003841,2023-05-17 08:28:25,"Plantei temperos na sacada, que satisfacao.",0.1299
PA003842,2023-05-17 10:53:18,"Onibus chegou no horario hoje, que surpresa agradavel.",0.1222
PA003843,2023-05-17 11:11:07,"Que calor hoje, tive que ligar o ar condicionado logo cedo.",0.0642
PA003844,2023-05-17 11:26:30,"Passeio no interior no fim de semana, natureza linda.",0.1198
PA003845,2023-05-17 12:19:15,"Cuidando das plantas em casa, muito terapeutico.",0.0763
PA003846,2023-05-17 13:35:25,"Trilha ecologica incrivel, natureza pura.",0.0775
PA003847,2023-05-17 14:33:27,Jantar simples mas gostoso com a familia.,0.1401
PA003848,2023-05-17 14:43:43,"Fechei projeto importante essa semana, que alegria.",0.1937
PA003849,2023-05-17 16:03:51,"Novo celular chegou, a camera e impressionante.",0.0389
PA003850,2023-05-17 17:01:26,"Serie nova incrivel, amei o primeiro episodio.",0.0233
PA003851,2023-05-17 17:44:16,"Biblioteca da universidade, ambiente otimo para estudar.",0.0152
PA003852,2023-05-17 19:05:53,"Estudando para a prova de amanha, bem concentrado.",0.1234
PA003853,2023-05-17 19:07:34,"Livro excelente sobre ciencia de dados, recomendo muito.",0.0139
PA003854,2023-05-17 19:21:45,"Meu time ganhou hoje, que jogo bonito foi.",0.1204
PA003855,2023-05-17 19:24:40,Semana intensa mas muito satisfatoria no trabalho.,0.0465
PA003856,2023-05-17 19:35:42,"Chuva passageira a tarde, depois o tempo abriu lindo.",0.0642
PA003857,2023-05-17 19:42:13,"Sol lindo hoje, cafe na varanda foi otimo.",0.1651
PA003858,2023-05-17 19:46:06,"Reencontrei um amigo antigo por acaso, que alegria.",0.1172
PA003859,2023-05-17 20:25:19,"Passei na certificacao, muito feliz com o resultado.",0.0824
PA003860,2023-05-17 21:28:02,Terminei o trabalho da faculdade com antecedencia.,0.082
PA003861,2023-05-17 21:39:17,Que manha fresca e agradavel para uma caminhada.,0.125
PA003862,2023-05-17 23:35:11,"Choveu a tarde toda, dia perfeito pra ficar em casa lendo.",0.0362
PA003863,2023-05-18 00:09:39,"Meu time ganhou hoje, que jogo bonito foi.",0.1578
PA003864,2023-05-18 00:50:06,"Sopa de legumes no frio, reconfortante e gostosa.",0.104
PA003865,2023-05-18 01:56:25,"Tarefa dificil concluida com sucesso, que satisfacao.",0.0739
PA003866,2023-05-18 03:23:36,"Configurei o home office com setup novo, otimo.",0.1225
PA003867,2023-05-18 03:25:18,"Vento agradavel hoje, aproveitei para caminhar no parque.",0.1138
PA003868,2023-05-18 04:20:18,Terminei o trabalho da faculdade com antecedencia.,0.0038
PA003869,2023-05-18 04:26:01,"Academia hoje, treino puxado mas valeu muito.",0.1435
PA003870,2023-05-18 04:38:54,Politico corrupto aparecendo na midia de novo.,0.5474
PA003871,2023-05-18 09:18:09,"Testei IA para ajudar com codigo, funcionou bem.",0.065
PA003872,2023-05-18 12:36:50,"Passeio no interior no fim de semana, natureza linda.",0.1112
PA003873,2023-05-18 12:37:11,"Estrada livre, cheguei no trabalho rapido hoje.",0.041
PA003874,2023-05-18 13:03:53,"Chuva passageira a tarde, depois o tempo abriu lindo.",0.0777
PA003875,2023-05-18 13:50:46,Aula incrivel sobre estatistica aplicada hoje.,0.1369
PA003876,2023-05-18 17:11:40,Jantar simples mas gostoso com a familia.,0.0369
PA003877,2023-05-18 17:32:53,"Trilha ecologica incrivel, natureza pura.",0.0877
PA003878,2023-05-18 18:16:07,"Aprendi receita nova no youtube, ficou otimo.",0.1678
PA003879,2023-05-18 21:31:37,"Pipoca e serie boa na sexta, programa perfeito.",0.0
PA003880,2023-05-18 21:45:31,Jogo novo me viciou de um jeito bom.,0.1212
PA003881,2023-05-19 01:04:17,"Notebook novo chegou, que desempenho incrivel.",0.0832
PA003882,2023-05-19 01:34:40,"Fechei projeto importante essa semana, que alegria.",0.0
PA003883,2023-05-19 02:02:44,Jogo novo me viciou de um jeito bom.,0.1096
PA003884,2023-05-19 02:27:06,Finalmente entendi aquele conceito que me travava.,0.138
PA003885,2023-05-19 03:07:50,Feira de artesanato gostosa de passear.,0.0195
PA003886,2023-05-19 03:36:27,"Meu time ganhou hoje, que jogo bonito foi.",0.0054
PA003887,2023-05-19 04:02:19,"Musica nova do meu artista favorito, de outro nivel.",0.0931
PA003888,2023-05-19 04:28:17,"Academia hoje, treino puxado mas valeu muito.",0.0667
PA003889,2023-05-19 04:57:38,Semana intensa mas muito satisfatoria no trabalho.,0.0672
PA003890,2023-05-19 05:38:48,"Pausa pro cafe com os colegas, bate-papo otimo.",0.1007
PA003891,2023-05-19 06:07:29,Cafe da manha caprichado: tapioca com ovo e suco de laranja.,0.0
PA003892,2023-05-19 06:51:15,Finalmente entendi aquele conceito que me travava.,0.0357
PA003893,2023-05-19 07:29:03,"Choveu a tarde toda, dia perfeito pra ficar em casa lendo.",0.0581
PA003894,2023-05-19 07:44:29,"Minha mae fez feijao com arroz e linguica, classico perfeito.",0.1248
PA003895,2023-05-19 07:45:13,"Maratonei a temporada completa, valeu cada minuto.",0.1818
PA003896,2023-05-19 08:59:57,"Fui num restaurante novo, a pizza estava espetacular.",0.0231
PA003897,2023-05-19 09:57:38,"Consegui estacionamento logo de cara, dia de sorte mesmo.",0.1346
PA003898,2023-05-19 10:15:27,Brigadeiro de panela saiu incrivel hoje.,0.0329
PA003899,2023-05-19 10:26:22,"Trilha ecologica incrivel, natureza pura.",0.0485
PA003900,2023-05-19 11:46:11,"Estrada livre, cheguei no trabalho rapido hoje.",0.0568
PA003901,2023-05-19 11:58:11,Que manha fresca e agradavel para uma caminhada.,0.1129
PA003902,2023-05-19 11:58:31,"Trilha ecologica incrivel, natureza pura.",0.2
PA003903,2023-05-19 13:21:46,"Fui de bike hoje, que exercicio agradavel de manha.",0.1047
PA003904,2023-05-19 13:54:46,Tarde produtiva organizando e limpando a casa.,0.1269
PA003905,2023-05-19 14:28:59,"Natacao de manha, melhor inicio de dia possivel.",0.0862
PA003906,2023-05-19 15:12:24,"Reuniao produtiva hoje, saimos com otimas ideias.",0.0966
PA003907,2023-05-19 15:24:25,Finalmente entendi aquele conceito que me travava.,0.1029
PA003908,2023-05-19 16:18:28,"Volei com os amigos, muita risada e diversao.",0.1518
PA003909,2023-05-19 17:53:25,"Fui num restaurante novo, a pizza estava espetacular.",0.0677
PA003910,2023-05-19 18:18:43,"Passei na certificacao, muito feliz com o resultado.",0.084
PA003911,2023-05-19 18:21:31,Atualizacao deixou o sistema muito mais rapido.,0.0834
PA003912,2023-05-19 19:54:07,"Teatro incrivel ontem, peca muito bem dirigida.",0.0867
PA003913,2023-05-19 21:16:45,Feira de artesanato gostosa de passear.,0.0966
PA003914,2023-05-19 23:17:55,"Consegui estacionamento logo de cara, dia de sorte mesmo.",0.048
PA003915,2023-05-20 00:37:56,"Reencontrei um amigo antigo por acaso, que alegria.",0.1123
PA003916,2023-05-20 01:04:21,"Padaria da esquina lancou sabor novo, recomendo.",0.0397
PA003917,2023-05-20 01:48:30,Nao aguento mais essas politicas que nao funcionam.,0.7748
PA003918,2023-05-20 02:00:33,"Sopa de legumes no frio, reconfortante e gostosa.",0.1969
PA003919,2023-05-20 02:10:53,"Viagem de fim de semana para cidade historica, valeu.",0.0417
PA003920,2023-05-20 03:18:49,Pedalada de tarde com vista incrivel do parque.,0.1036
PA003921,2023-05-20 03:54:36,Brigadeiro de panela saiu incrivel hoje.,0.0464
PA003922,2023-05-20 03:57:03,Aplicativo de carona funcionou perfeitamente.,0.0769
PA003923,2023-05-20 06:28:55,Jogo novo me viciou de um jeito bom.,0.0028
PA003924,2023-05-20 06:46:57,"Pipoca e serie boa na sexta, programa perfeito.",0.0363
PA003925,2023-05-20 07:52:00,App de produtividade novo que encontrei e otimo.,0.1056
PA003926,2023-05-20 08:13:44,Grupo de estudos foi muito produtivo hoje.,0.0246
PA003927,2023-05-20 08:15:42,"Tarefa dificil concluida com sucesso, que satisfacao.",0.1297
PA003928,2023-05-20 09:48:35,"Maratonei a temporada completa, valeu cada minuto.",0.1294
PA003929,2023-05-20 10:36:26,"Estrada livre, cheguei no trabalho rapido hoje.",0.0305
PA003930,2023-05-20 10:54:45,Que tarde relaxante lendo na rede.,0.0126
PA003931,2023-05-20 12:49:46,"Domingo em familia, melhor dia da semana.",0.1202
PA003932,2023-05-20 13:55:57,Finalmente entendi aquele conceito que me travava.,0.1096
PA003933,2023-05-20 14:32:06,Show ao vivo incrivel no fim de semana.,0.1149
PA003934,2023-05-20 14:49:10,"Passeio com o cachorro no parque, ele adorou.",0.102
PA003935,2023-05-20 14:53:42,"Academia hoje, treino puxado mas valeu muito.",0.1325
PA003936,2023-05-20 17:31:35,Leitura no jardim com tempo agradavel.,0.0773
PA003937,2023-05-20 17:59:23,"Passei na certificacao, muito feliz com o resultado.",0.0
PA003938,2023-05-20 18:03:34,Que tarde relaxante lendo na rede.,0.0796
PA003939,2023-05-20 18:21:42,"Configurei o home office com setup novo, otimo.",0.0096
PA003940,2023-05-20 19:02:58,"Home office com cafe fresquinho do lado, otimo.",0.153
PA003941,2023-05-20 19:11:47,"Metro bem tranquilo essa manha, cheguei bem.",0.0282
PA003942,2023-05-20 19:45:53,Feira de artesanato gostosa de passear.,0.0761
PA003943,2023-05-20 22:41:10,"Yoga pela manha, comecei o dia muito bem.",0.0856
PA003944,2023-05-20 23:42:25,Aplicativo de carona funcionou perfeitamente.,0.0433
PA003945,2023-05-20 23:52:16,"Pipoca e serie boa na sexta, programa perfeito.",0.0728
PA003946,2023-05-21 00:09:59,"Metro bem tranquilo essa manha, cheguei bem.",0.1243
PA003947,2023-05-21 00:44:24,"Cuidando das plantas em casa, muito terapeutico.",0.1434
PA003948,2023-05-21 00:47:58,"Estudando para a prova de amanha, bem concentrado.",0.068
PA003949,2023-05-21 01:46:57,"Museu da cidade muito interessante, aprendi bastante.",0.0223
PA003950,2023-05-21 03:19:40,"Padaria da esquina lancou sabor novo, recomendo.",0.0223
PA003951,2023-05-21 06:22:24,"Fui de bike hoje, que exercicio agradavel de manha.",0.1195
PA003952,2023-05-21 06:22:58,"Volei com os amigos, muita risada e diversao.",0.0367
PA003953,2023-05-21 06:41:00,"Passei na certificacao, muito feliz com o resultado.",0.0681
PA003954,2023-05-21 06:54:31,"Novo celular chegou, a camera e impressionante.",0.0409
PA003955,2023-05-21 11:22:20,"Passei na certificacao, muito feliz com o resultado.",0.0659
PA003956,2023-05-21 11:27:09,"Biblioteca da universidade, ambiente otimo para estudar.",0.058
PA003957,2023-05-21 12:26:02,"Domingo em familia, melhor dia da semana.",0.0258
PA003958,2023-05-21 13:29:58,"Academia hoje, treino puxado mas valeu muito.",0.0863
PA003959,2023-05-21 14:39:20,"Vento agradavel hoje, aproveitei para caminhar no parque.",0.0741
PA003960,2023-05-21 15:59:46,Leitura no jardim com tempo agradavel.,0.1086
PA003961,2023-05-21 16:17:25,"Passeio com o cachorro no parque, ele adorou.",0.101
PA003962,2023-05-21 17:00:39,"Museu da cidade muito interessante, aprendi bastante.",0.1247
PA003963,2023-05-21 17:01:18,"Passei na certificacao, muito feliz com o resultado.",0.1049
PA003964,2023-05-21 18:38:57,"Metro bem tranquilo essa manha, cheguei bem.",0.0922
PA003965,2023-05-21 18:56:53,Show ao vivo incrivel no fim de semana.,0.0553
PA003966,2023-05-21 19:54:24,"Churrasco com a familia no final de semana, delicioso.",0.1101
PA003967,2023-05-21 20:17:08,Que tarde relaxante lendo na rede.,0.134
PA003968,2023-05-21 21:44:53,"Metro bem tranquilo essa manha, cheguei bem.",0.1304
PA003969,2023-05-21 22:53:48,"Passeio com o cachorro no parque, ele adorou.",0.0328
PA003970,2023-05-22 00:33:55,Caminhada ate a estacao foi otima hoje.,0.1114
PA003971,2023-05-22 02:05:31,"Aprendi receita nova no youtube, ficou otimo.",0.1137
PA003972,2023-05-22 02:25:37,"Apresentacao correu muito bem, todos gostaram.",0.1303
PA003973,2023-05-22 02:31:34,"Dia nublado mas tranquilo, bom para estudar sem distracao.",0.0662
PA003974,2023-05-22 03:12:46,"Pausa pro cafe com os colegas, bate-papo otimo.",0.0481
PA003975,2023-05-22 03:31:12,"Almoco incrivel hoje, fiz lasanha caseira do zero.",0.0938
PA003976,2023-05-22 03:33:30,"Reencontrei um amigo antigo por acaso, que alegria.",0.1742
PA003977,2023-05-22 03:55:09,"Home office com cafe fresquinho do lado, otimo.",0.0232
PA003978,2023-05-22 04:39:56,Caminhada ate a estacao foi otima hoje.,0.0576
PA003979,2023-05-22 05:10:16,Finalmente entendi aquele conceito que me travava.,0.0855
PA003980,2023-05-22 05:40:27,"Notebook novo chegou, que desempenho incrivel.",0.0115
PA003981,2023-05-22 06:20:04,"Consegui estacionamento logo de cara, dia de sorte mesmo.",0.0562
PA003982,2023-05-22 06:27:02,"Apresentacao correu muito bem, todos gostaram.",0.0691
PA003983,2023-05-22 07:10:14,"Fui num restaurante novo, a pizza estava espetacular.",0.1241
PA003984,2023-05-22 08:03:12,"Natacao de manha, melhor inicio de dia possivel.",0.1237
PA003985,2023-05-22 08:36:39,Aula incrivel sobre estatistica aplicada hoje.,0.0943
PA003986,2023-05-22 08:41:10,"Metro bem tranquilo essa manha, cheguei bem.",0.106
PA003987,2023-05-22 09:22:22,Aula incrivel sobre estatistica aplicada hoje.,0.0058
PA003988,2023-05-22 09:42:04,"Dia nublado mas tranquilo, bom para estudar sem distracao.",0.0
PA003989,2023-05-22 09:57:19,"Cuidando das plantas em casa, muito terapeutico.",0.0522
PA003990,2023-05-22 11:30:39,"Passeio no interior no fim de semana, natureza linda.",0.0044
PA003991,2023-05-22 13:20:18,"Tentei receita nova de bolo de cenoura, ficou fofinho.",0.0
PA003992,2023-05-22 13:22:54,"Testei IA para ajudar com codigo, funcionou bem.",0.1308
PA003993,2023-05-22 13:25:26,"Sol lindo hoje, cafe na varanda foi otimo.",0.0632
PA003994,2023-05-22 14:34:51,"Fui num restaurante novo, a pizza estava espetacular.",0.1045
PA003995,2023-05-22 15:53:24,"Pipoca e serie boa na sexta, programa perfeito.",0.1093
PA003996,2023-05-22 16:26:31,"Viagem de fim de semana para cidade historica, valeu.",0.0992
PA003997,2023-05-22 16:46:14,"Fechei projeto importante essa semana, que alegria.",0.0489
PA003998,2023-05-22 17:33:51,Cafe da manha caprichado: tapioca com ovo e suco de laranja.,0.0
PA003999,2023-05-22 17:47:04,"Pausa pro cafe com os colegas, bate-papo otimo.",0.0642
PA004000,2023-05-22 18:13:10,Jantar simples mas gostoso com a familia.,0.0777
PA004001,2023-05-22 18:57:58,Cafe da manha caprichado: tapioca com ovo e suco de laranja.,0.0558
PA004002,2023-05-22 19:40:52,"Fui num restaurante novo, a pizza estava espetacular.",0.0436
PA004003,2023-05-22 20:08:24,"Serie nova incrivel, amei o primeiro episodio.",0.0487
PA004004,2023-05-22 21:23:14,"Vento agradavel hoje, aproveitei para caminhar no parque.",0.0971
PA004005,2023-05-22 22:10:51,"Que calor hoje, tive que ligar o ar condicionado logo cedo.",0.0114
PA004006,2023-05-22 22:18:14,Terminei o trabalho da faculdade com antecedencia.,0.1329
PA004007,2023-05-22 22:31:58,"Academia hoje, treino puxado mas valeu muito.",0.0
PA004008,2023-05-22 23:03:13,"Natacao de manha, melhor inicio de dia possivel.",0.133
PA004009,2023-05-22 23:21:30,Aula incrivel sobre estatistica aplicada hoje.,0.0844
PA004010,2023-05-23 00:56:16,"Fui num restaurante novo, a pizza estava espetacular.",0.0177
PA004011,2023-05-23 02:06:45,"Meditacao de manha, comecando o dia muito bem.",0.0832
PA004012,2023-05-23 02:12:49,"Que calor hoje, tive que ligar o ar condicionado logo cedo.",0.1196
PA004013,2023-05-23 03:28:22,Pedalada de tarde com vista incrivel do parque.,0.0602
PA004014,2023-05-23 04:18:29,"O outono chegou cedo esse ano, que frio gostoso de manha.",0.1071
PA004015,2023-05-23 05:00:38,"Reuniao produtiva hoje, saimos com otimas ideias.",0.0702
PA004016,2023-05-23 06:51:20,"Passeio no interior no fim de semana, natureza linda.",0.1268
PA004017,2023-05-23 06:51:47,"Churrasco com a familia no final de semana, delicioso.",0.0161
PA004018,2023-05-23 08:12:35,"Sopa de legumes no frio, reconfortante e gostosa.",0.1077
PA004019,2023-05-23 10:20:06,"Teatro incrivel ontem, peca muito bem dirigida.",0.0
PA004020,2023-05-23 10:39:06,"Almoco incrivel hoje, fiz lasanha caseira do zero.",0.038
PA004021,2023-05-23 11:03:15,"Cuidando das plantas em casa, muito terapeutico.",0.0
PA004022,2023-05-23 13:01:21,Semana intensa mas muito satisfatoria no trabalho.,0.0552
PA004023,2023-05-23 13:03:40,"Viagem de fim de semana para cidade historica, valeu.",0.1613
PA004024,2023-05-23 15:01:14,Tudo caro e qualidade cada vez pior.,0.5047
PA004025,2023-05-23 15:39:01,App de produtividade novo que encontrei e otimo.,0.0551
PA004026,2023-05-23 15:50:53,"Livro excelente sobre ciencia de dados, recomendo muito.",0.1494
PA004027,2023-05-23 16:54:49,"Aprendi receita nova no youtube, ficou otimo.",0.1141
PA004028,2023-05-23 17:11:27,"Serie nova incrivel, amei o primeiro episodio.",0.0522
PA004029,2023-05-23 18:22:31,"Tentei receita nova de bolo de cenoura, ficou fofinho.",0.1063
PA004030,2023-05-23 18:26:48,"Passeio com o cachorro no parque, ele adorou.",0.0805
PA004031,2023-05-23 20:27:04,"Meu time ganhou hoje, que jogo bonito foi.",0.0237
PA004032,2023-05-23 23:14:03,"Cuidando das plantas em casa, muito terapeutico.",0.1018
PA004033,2023-05-23 23:45:09,"Fui num restaurante novo, a pizza estava espetacular.",0.0663
PA004034,2023-05-24 01:03:27,"Passei na certificacao, muito feliz com o resultado.",0.0909
PA004035,2023-05-24 01:28:12,"Apresentacao correu muito bem, todos gostaram.",0.1113
PA004036,2023-05-24 03:07:54,"Sopa de legumes no frio, reconfortante e gostosa.",0.1075
PA004037,2023-05-24 04:24:49,Terminei o trabalho da faculdade com antecedencia.,0.1181
PA004038,2023-05-24 06:34:13,"Maratonei a temporada completa, valeu cada minuto.",0.1028
PA004039,2023-05-24 06:58:45,"Estrada livre, cheguei no trabalho rapido hoje.",0.1209
PA004040,2023-05-24 07:28:12,"Passeio no interior no fim de semana, natureza linda.",0.0651
PA004041,2023-05-24 07:45:57,Feira de artesanato gostosa de passear.,0.1228
PA004042,2023-05-24 08:04:37,"Passei na certificacao, muito feliz com o resultado.",0.0257
PA004043,2023-05-24 08:42:22,Leitura no jardim com tempo agradavel.,0.0642
PA004044,2023-05-24 08:49:19,Cafe da manha caprichado: tapioca com ovo e suco de laranja.,0.0607
PA004045,2023-05-24 09:37:37,"Testei IA para ajudar com codigo, funcionou bem.",0.0438
PA004046,2023-05-24 11:13:18,Podcast sobre tecnologia muito interessante.,0.1129
PA004047,2023-05-24 12:49:59,"Serie nova incrivel, amei o primeiro episodio.",0.0492
PA004048,2023-05-24 13:26:05,"Choveu a tarde toda, dia perfeito pra ficar em casa lendo.",0.0587
PA004049,2023-05-24 13:35:56,Leitura no jardim com tempo agradavel.,0.1982
PA004050,2023-05-24 13:54:45,"Academia hoje, treino puxado mas valeu muito.",0.0732
PA004051,2023-05-24 15:04:58,Tarde produtiva organizando e limpando a casa.,0.172
PA004052,2023-05-24 17:14:40,Que tarde relaxante lendo na rede.,0.0574
PA004053,2023-05-24 18:17:00,"Onibus chegou no horario hoje, que surpresa agradavel.",0.0382
PA004054,2023-05-24 19:03:48,"Meditacao de manha, comecando o dia muito bem.",0.1465
PA004055,2023-05-24 20:14:14,"Configurei o home office com setup novo, otimo.",0.0493
PA004056,2023-05-24 20:47:14,Finalmente entendi aquele conceito que me travava.,0.188
PA004057,2023-05-24 21:45:38,"Biblioteca da universidade, ambiente otimo para estudar.",0.0761
PA004058,2023-05-25 00:20:17,Jantar simples mas gostoso com a familia.,0.1293
PA004059,2023-05-25 00:20:49,"Pipoca e serie boa na sexta, programa perfeito.",0.0
PA004060,2023-05-25 01:47:37,"Configurei o home office com setup novo, otimo.",0.0235
PA004061,2023-05-25 01:55:01,"Reencontrei um amigo antigo por acaso, que alegria.",0.0
PA004062,2023-05-25 02:26:01,"Academia hoje, treino puxado mas valeu muito.",0.1995
PA004063,2023-05-25 02:56:36,"Sol lindo hoje, cafe na varanda foi otimo.",0.0488
PA004064,2023-05-25 03:55:26,"Fui num restaurante novo, a pizza estava espetacular.",0.1309
PA004065,2023-05-25 05:28:47,"Passeio com o cachorro no parque, ele adorou.",0.0461
PA004066,2023-05-25 06:10:09,"Passeio com o cachorro no parque, ele adorou.",0.0107
PA004067,2023-05-25 07:40:24,"Filme otimo ontem, fui ao cinema com a familia.",0.111
PA004068,2023-05-25 07:53:58,"Reencontrei um amigo antigo por acaso, que alegria.",0.1321
PA004069,2023-05-25 08:26:01,"Tarefa dificil concluida com sucesso, que satisfacao.",0.0728
PA004070,2023-05-25 09:35:08,Tarde produtiva organizando e limpando a casa.,0.097
PA004071,2023-05-25 09:42:52,Grupo de estudos foi muito produtivo hoje.,0.0804
PA004072,2023-05-25 12:01:41,Tarde produtiva organizando e limpando a casa.,0.0806
PA004073,2023-05-25 13:30:18,"Sol lindo hoje, cafe na varanda foi otimo.",0.0868
PA004074,2023-05-25 13:40:13,"Notebook novo chegou, que desempenho incrivel.",0.09
PA004075,2023-05-25 14:38:07,"Sopa de legumes no frio, reconfortante e gostosa.",0.0544
PA004076,2023-05-25 16:07:50,Que manha fresca e agradavel para uma caminhada.,0.0532
PA004077,2023-05-25 16:35:38,"Musica nova do meu artista favorito, de outro nivel.",0.0
PA004078,2023-05-25 17:34:50,"Meu time ganhou hoje, que jogo bonito foi.",0.032
PA004079,2023-05-25 18:09:54,"Sol lindo hoje, cafe na varanda foi otimo.",0.0621
PA004080,2023-05-25 19:05:06,"Fechei projeto importante essa semana, que alegria.",0.0973
PA004081,2023-05-25 19:54:12,"Fui de bike hoje, que exercicio agradavel de manha.",0.1137
PA004082,2023-05-25 20:30:40,Feira de artesanato gostosa de passear.,0.058
PA004083,2023-05-25 20:38:54,"Plantei temperos na sacada, que satisfacao.",0.0468
PA004084,2023-05-25 21:09:01,Aplicativo de carona funcionou perfeitamente.,0.1154
PA004085,2023-05-25 22:26:50,"Estrada livre, cheguei no trabalho rapido hoje.",0.1058
PA004086,2023-05-25 22:39:05,"Academia hoje, treino puxado mas valeu muito.",0.023
PA004087,2023-05-25 22:43:40,"Notebook novo chegou, que desempenho incrivel.",0.0667
PA004088,2023-05-25 23:02:09,"Chuva passageira a tarde, depois o tempo abriu lindo.",0.028
PA004089,2023-05-25 23:29:32,"Fui num restaurante novo, a pizza estava espetacular.",0.107
PA004090,2023-05-26 01:22:08,Show ao vivo incrivel no fim de semana.,0.1181
PA004091,2023-05-26 02:21:24,"Domingo em familia, melhor dia da semana.",0.0029
PA004092,2023-05-26 03:30:49,Mais um acidente por causa de imprudencia no transito.,0.5379
PA004093,2023-05-26 04:27:04,"Choveu a tarde toda, dia perfeito pra ficar em casa lendo.",0.1045
PA004094,2023-05-26 04:36:35,Show ao vivo incrivel no fim de semana.,0.1166
PA004095,2023-05-26 04:53:42,"Passeio no interior no fim de semana, natureza linda.",0.0841
PA004096,2023-05-26 05:48:28,"O outono chegou cedo esse ano, que frio gostoso de manha.",0.0218
PA004097,2023-05-26 06:12:30,"Que calor hoje, tive que ligar o ar condicionado logo cedo.",0.1172
PA004098,2023-05-26 07:40:26,"Fechei projeto importante essa semana, que alegria.",0.0822
PA004099,2023-05-26 07:55:12,Feira de artesanato gostosa de passear.,0.088
PA004100,2023-05-26 13:01:38,"Estrada livre, cheguei no trabalho rapido hoje.",0.0805
PA004101,2023-05-26 17:11:34,"Padaria da esquina lancou sabor novo, recomendo.",0.0993
PA004102,2023-05-26 17:14:40,"Sopa de legumes no frio, reconfortante e gostosa.",0.104
PA004103,2023-05-26 18:04:09,"Choveu a tarde toda, dia perfeito pra ficar em casa lendo.",0.0
PA004104,2023-05-26 18:15:46,"Home office com cafe fresquinho do lado, otimo.",0.1238
PA004105,2023-05-26 20:22:36,"Viagem de fim de semana para cidade historica, valeu.",0.098
PA004106,2023-05-26 21:58:46,"Passeio com o cachorro no parque, ele adorou.",0.041
PA004107,2023-05-26 22:50:19,"Musica nova do meu artista favorito, de outro nivel.",0.1001
PA004108,2023-05-26 23:33:26,Semana intensa mas muito satisfatoria no trabalho.,0.0787
PA004109,2023-05-26 23:48:58,Jantar simples mas gostoso com a familia.,0.0599
PA004110,2023-05-27 01:01:46,"Academia hoje, treino puxado mas valeu muito.",0.0
PA004111,2023-05-27 01:38:35,"Almoco incrivel hoje, fiz lasanha caseira do zero.",0.0172
PA004112,2023-05-27 03:07:30,"Volei com os amigos, muita risada e diversao.",0.0378
PA004113,2023-05-27 03:31:39,"Onibus chegou no horario hoje, que surpresa agradavel.",0.0
PA004114,2023-05-27 03:48:04,"Sopa de legumes no frio, reconfortante e gostosa.",0.1086
PA004115,2023-05-27 05:09:56,"Biblioteca da universidade, ambiente otimo para estudar.",0.0463
PA004116,2023-05-27 06:59:43,"Configurei o home office com setup novo, otimo.",0.0714
PA004117,2023-05-27 07:22:34,Pedalada de tarde com vista incrivel do parque.,0.2
PA004118,2023-05-27 07:37:16,"Notebook novo chegou, que desempenho incrivel.",0.0519
PA004119,2023-05-27 09:17:11,Show ao vivo incrivel no fim de semana.,0.0
PA004120,2023-05-27 09:18:13,Semana intensa mas muito satisfatoria no trabalho.,0.1338
PA004121,2023-05-27 09:45:44,"Teatro incrivel ontem, peca muito bem dirigida.",0.0419
PA004122,2023-05-27 09:47:20,"Domingo em familia, melhor dia da semana.",0.1364
PA004123,2023-05-27 11:55:24,"Pausa pro cafe com os colegas, bate-papo otimo.",0.0676
PA004124,2023-05-27 12:47:32,Semana intensa mas muito satisfatoria no trabalho.,0.0775
PA004125,2023-05-27 13:07:50,"Estudando para a prova de amanha, bem concentrado.",0.0443
PA004126,2023-05-27 13:26:16,"O outono chegou cedo esse ano, que frio gostoso de manha.",0.0818
PA004127,2023-05-27 13:37:30,"Padaria da esquina lancou sabor novo, recomendo.",0.0758
PA004128,2023-05-27 13:52:42,"Que calor hoje, tive que ligar o ar condicionado logo cedo.",0.0869
PA004129,2023-05-27 15:12:53,"Tarefa dificil concluida com sucesso, que satisfacao.",0.0
PA004130,2023-05-27 17:02:25,Brigadeiro de panela saiu incrivel hoje.,0.0743
PA004131,2023-05-27 20:36:11,"Meditacao de manha, comecando o dia muito bem.",0.1024
PA004132,2023-05-27 21:39:02,"Que calor hoje, tive que ligar o ar condicionado logo cedo.",0.0451
PA004133,2023-05-27 21:43:51,Jantar simples mas gostoso com a familia.,0.0037
PA004134,2023-05-27 22:24:48,Atualizacao deixou o sistema muito mais rapido.,0.0433
PA004135,2023-05-27 22:56:13,"Testei IA para ajudar com codigo, funcionou bem.",0.1563
PA004136,2023-05-27 23:34:22,"Que calor hoje, tive que ligar o ar condicionado logo cedo.",0.1547
PA004137,2023-05-28 01:20:12,Aplicativo de carona funcionou perfeitamente.,0.1407
PA004138,2023-05-28 02:04:28,"Meu time ganhou hoje, que jogo bonito foi.",0.0751
PA004139,2023-05-28 02:40:23,"Estrada livre, cheguei no trabalho rapido hoje.",0.005
PA004140,2023-05-28 04:08:56,"Consegui estacionamento logo de cara, dia de sorte mesmo.",0.1115
PA004141,2023-05-28 05:21:06,"Trilha ecologica incrivel, natureza pura.",0.1323
PA004142,2023-05-28 06:25:29,"Churrasco com a familia no final de semana, delicioso.",0.1587
PA004143,2023-05-28 07:47:29,"Fui de bike hoje, que exercicio agradavel de manha.",0.0675
PA004144,2023-05-28 08:36:47,"Domingo em familia, melhor dia da semana.",0.055
PA004145,2023-05-28 10:28:28,"Sol lindo hoje, cafe na varanda foi otimo.",0.0408
PA004146,2023-05-28 13:07:02,"Novo celular chegou, a camera e impressionante.",0.0703
PA004147,2023-05-28 13:25:53,"Novo celular chegou, a camera e impressionante.",0.052
PA004148,2023-05-28 14:20:05,Pedalada de tarde com vista incrivel do parque.,0.0989
PA004149,2023-05-28 14:48:10,"Testei IA para ajudar com codigo, funcionou bem.",0.069
PA004150,2023-05-28 15:41:44,"Chuva passageira a tarde, depois o tempo abriu lindo.",0.0722
PA004151,2023-05-28 16:42:09,Leitura no jardim com tempo agradavel.,0.1276
PA004152,2023-05-28 16:55:39,Terminei o trabalho da faculdade com antecedencia.,0.0616
PA004153,2023-05-28 18:34:00,"Acai gelado essa tarde, refrescante demais.",0.0823
PA004154,2023-05-28 19:58:41,"Pausa pro cafe com os colegas, bate-papo otimo.",0.0556
PA004155,2023-05-28 20:12:58,"Yoga pela manha, comecei o dia muito bem.",0.1086
PA004156,2023-05-28 20:24:26,"Fechei projeto importante essa semana, que alegria.",0.1224
PA004157,2023-05-28 21:26:29,Que manha fresca e agradavel para uma caminhada.,0.1286
PA004158,2023-05-28 23:16:10,"Volei com os amigos, muita risada e diversao.",0.1544
PA004159,2023-05-29 01:50:02,"Cuidando das plantas em casa, muito terapeutico.",0.0815
PA004160,2023-05-29 01:58:58,"Minha mae fez feijao com arroz e linguica, classico perfeito.",0.0624
PA004161,2023-05-29 03:32:12,"Meu time ganhou hoje, que jogo bonito foi.",0.1774
PA004162,2023-05-29 04:12:35,Tarde produtiva organizando e limpando a casa.,0.1433
PA004163,2023-05-29 04:50:31,"Volei com os amigos, muita risada e diversao.",0.0701
PA004164,2023-05-29 05:01:30,"Corri 5km de manha, semana otima de treino.",0.074
PA004165,2023-05-29 05:03:05,"Pipoca e serie boa na sexta, programa perfeito.",0.0
PA004166,2023-05-29 05:20:17,"Biblioteca da universidade, ambiente otimo para estudar.",0.0536
PA004167,2023-05-29 07:16:50,"Que calor hoje, tive que ligar o ar condicionado logo cedo.",0.1304
PA004168,2023-05-29 07:36:52,"Pipoca e serie boa na sexta, programa perfeito.",0.1098
PA004169,2023-05-29 08:30:33,Pedalada de tarde com vista incrivel do parque.,0.2592
PA004170,2023-05-29 09:15:44,"Servico contratado nao foi entregue no prazo, absurdo.",0.7647
PA004171,2023-05-29 09:47:36,"Fui num restaurante novo, a pizza estava espetacular.",0.1398
PA004172,2023-05-29 10:43:47,Jogo novo me viciou de um jeito bom.,0.1195
PA004173,2023-05-29 11:35:23,"Vento agradavel hoje, aproveitei para caminhar no parque.",0.0
PA004174,2023-05-29 11:58:31,"Onibus chegou no horario hoje, que surpresa agradavel.",0.1327
PA004175,2023-05-29 12:38:19,Semana intensa mas muito satisfatoria no trabalho.,0.1007
PA004176,2023-05-29 12:54:12,"Serie nova incrivel, amei o primeiro episodio.",0.0143
PA004177,2023-05-29 15:55:51,"Biblioteca da universidade, ambiente otimo para estudar.",0.0031
PA004178,2023-05-29 16:28:38,"Academia hoje, treino puxado mas valeu muito.",0.0684
PA004179,2023-05-29 16:45:34,"Padaria da esquina lancou sabor novo, recomendo.",0.0192
PA004180,2023-05-29 16:54:53,"Musica nova do meu artista favorito, de outro nivel.",0.1156
PA004181,2023-05-29 17:31:27,"Dia nublado mas tranquilo, bom para estudar sem distracao.",0.0725
PA004182,2023-05-29 17:33:04,Jantar simples mas gostoso com a familia.,0.0441
PA004183,2023-05-29 18:46:47,"Home office com cafe fresquinho do lado, otimo.",0.0933
PA004184,2023-05-29 18:55:21,"Vento agradavel hoje, aproveitei para caminhar no parque.",0.1087
PA004185,2023-05-29 18:57:47,Cafe da manha caprichado: tapioca com ovo e suco de laranja.,0.1343
PA004186,2023-05-29 20:24:34,Tarde produtiva organizando e limpando a casa.,0.1275
PA004187,2023-05-29 20:39:35,"Tarefa dificil concluida com sucesso, que satisfacao.",0.0448
PA004188,2023-05-29 21:13:26,"Aprendi receita nova no youtube, ficou otimo.",0.1316
PA004189,2023-05-29 21:20:01,"Home office com cafe fresquinho do lado, otimo.",0.0929
PA004190,2023-05-29 22:46:11,Aplicativo de carona funcionou perfeitamente.,0.1016
PA004191,2023-05-29 23:29:47,"Que calor hoje, tive que ligar o ar condicionado logo cedo.",0.0673
PA004192,2023-05-29 23:50:44,Tarde produtiva organizando e limpando a casa.,0.0759
PA004193,2023-05-30 03:02:45,"Passeio com o cachorro no parque, ele adorou.",0.0146
PA004194,2023-05-30 03:41:32,"Tarefa dificil concluida com sucesso, que satisfacao.",0.0532
PA004195,2023-05-30 05:23:23,"Cuidando das plantas em casa, muito terapeutico.",0.0749
PA004196,2023-05-30 05:33:15,"Configurei o home office com setup novo, otimo.",0.0758
PA004197,2023-05-30 05:51:09,"Configurei o home office com setup novo, otimo.",0.0
PA004198,2023-05-30 06:03:54,"Passeio com o cachorro no parque, ele adorou.",0.0
PA004199,2023-05-30 10:49:11,"Filme otimo ontem, fui ao cinema com a familia.",0.1432
PA004200,2023-05-30 13:37:41,"Corri 5km de manha, semana otima de treino.",0.1055
PA004201,2023-05-30 13:46:52,"Corri 5km de manha, semana otima de treino.",0.0263
PA004202,2023-05-30 14:17:07,"Pausa pro cafe com os colegas, bate-papo otimo.",0.0483
PA004203,2023-05-30 15:47:59,"Configurei o home office com setup novo, otimo.",0.1212
PA004204,2023-05-30 16:04:32,"Passei na certificacao, muito feliz com o resultado.",0.1262
PA004205,2023-05-30 17:15:22,"Testei IA para ajudar com codigo, funcionou bem.",0.0191
PA004206,2023-05-30 17:35:37,"Viagem de fim de semana para cidade historica, valeu.",0.0472
PA004207,2023-05-30 18:35:22,"Chuva passageira a tarde, depois o tempo abriu lindo.",0.0743
PA004208,2023-05-30 18:35:23,"Filme otimo ontem, fui ao cinema com a familia.",0.1031
PA004209,2023-05-30 19:11:32,"Passei na certificacao, muito feliz com o resultado.",0.0604
PA004210,2023-05-30 20:24:57,Aula incrivel sobre estatistica aplicada hoje.,0.0617
PA004211,2023-05-30 22:33:12,"Meditacao de manha, comecando o dia muito bem.",0.0502
PA004212,2023-05-31 00:14:13,"Vento agradavel hoje, aproveitei para caminhar no parque.",0.0444
PA004213,2023-05-31 01:22:50,"Pipoca e serie boa na sexta, programa perfeito.",0.0059
PA004214,2023-05-31 01:27:36,"O outono chegou cedo esse ano, que frio gostoso de manha.",0.0468
PA004215,2023-05-31 02:00:06,Caminhada ate a estacao foi otima hoje.,0.0053
PA004216,2023-05-31 02:21:20,"Fechei projeto importante essa semana, que alegria.",0.0822
PA004217,2023-05-31 02:25:51,"Churrasco com a familia no final de semana, delicioso.",0.0619
PA004218,2023-05-31 02:38:53,Aplicativo de carona funcionou perfeitamente.,0.1095
PA004219,2023-05-31 02:56:13,Aplicativo de carona funcionou perfeitamente.,0.0733
PA004220,2023-05-31 03:00:35,"Fechei projeto importante essa semana, que alegria.",0.0205
PA004221,2023-05-31 05:15:32,Tarde produtiva organizando e limpando a casa.,0.1103
PA004222,2023-05-31 05:26:54,Semana intensa mas muito satisfatoria no trabalho.,0.0368
PA004223,2023-05-31 07:13:22,"Viagem de fim de semana para cidade historica, valeu.",0.0671
PA004224,2023-05-31 07:51:36,"Fui de bike hoje, que exercicio agradavel de manha.",0.1084
PA004225,2023-05-31 08:05:44,Brigadeiro de panela saiu incrivel hoje.,0.09
PA004226,2023-05-31 08:28:32,"Sopa de legumes no frio, reconfortante e gostosa.",0.0562
PA004227,2023-05-31 08:37:25,Brigadeiro de panela saiu incrivel hoje.,0.1865
PA004228,2023-05-31 09:01:18,"Volei com os amigos, muita risada e diversao.",0.0436
PA004229,2023-05-31 09:51:55,Tarde produtiva organizando e limpando a casa.,0.0684
PA004230,2023-05-31 10:07:17,"Teatro incrivel ontem, peca muito bem dirigida.",0.0851
PA004231,2023-05-31 10:59:44,Cafe da manha caprichado: tapioca com ovo e suco de laranja.,0.0
PA004232,2023-05-31 11:22:06,"Plantei temperos na sacada, que satisfacao.",0.114
PA004233,2023-05-31 11:38:25,"Minha mae fez feijao com arroz e linguica, classico perfeito.",0.0177
PA004234,2023-05-31 16:10:00,"Passei na certificacao, muito feliz com o resultado.",0.13
PA004235,2023-05-31 17:41:04,"Academia hoje, treino puxado mas valeu muito.",0.1261
PA004236,2023-05-31 18:19:46,"Que calor hoje, tive que ligar o ar condicionado logo cedo.",0.1284
PA004237,2023-05-31 18:32:11,"Vento agradavel hoje, aproveitei para caminhar no parque.",0.1105
PA004238,2023-05-31 19:25:12,"Almoco incrivel hoje, fiz lasanha caseira do zero.",0.1773
PA004239,2023-05-31 20:47:09,Cafe da manha caprichado: tapioca com ovo e suco de laranja.,0.1226
PA004240,2023-05-31 20:56:26,"Metro bem tranquilo essa manha, cheguei bem.",0.1732
PA004241,2023-05-31 21:30:51,Podcast sobre tecnologia muito interessante.,0.0
PA004242,2023-05-31 23:15:53,"Testei IA para ajudar com codigo, funcionou bem.",0.0386
PA004243,2023-06-01 00:45:41,Grupo de estudos foi muito produtivo hoje.,0.1138
PA004244,2023-06-01 01:13:31,"Meditacao de manha, comecando o dia muito bem.",0.0248
PA004245,2023-06-01 03:40:12,"Reuniao produtiva hoje, saimos com otimas ideias.",0.1591
PA004246,2023-06-01 04:43:41,Podcast sobre tecnologia muito interessante.,0.0526
PA004247,2023-06-01 04:53:38,Que manha fresca e agradavel para uma caminhada.,0.1294
PA004248,2023-06-01 05:02:09,"Yoga pela manha, comecei o dia muito bem.",0.0048
PA004249,2023-06-01 05:28:17,"Configurei o home office com setup novo, otimo.",0.1344
PA004250,2023-06-01 07:04:52,Que manha fresca e agradavel para uma caminhada.,0.1744
PA004251,2023-06-01 07:36:00,"Novo celular chegou, a camera e impressionante.",0.056
PA004252,2023-06-01 11:06:25,"Maratonei a temporada completa, valeu cada minuto.",0.0368
PA004253,2023-06-01 11:20:31,"Churrasco com a familia no final de semana, delicioso.",0.1105
PA004254,2023-06-01 11:36:37,"Choveu a tarde toda, dia perfeito pra ficar em casa lendo.",0.0516
PA004255,2023-06-01 11:38:37,"Onibus chegou no horario hoje, que surpresa agradavel.",0.0934
PA004256,2023-06-01 14:23:11,"Notebook novo chegou, que desempenho incrivel.",0.0322
PA004257,2023-06-01 14:35:51,"Dia nublado mas tranquilo, bom para estudar sem distracao.",0.0892
PA004258,2023-06-01 14:36:01,"Fui num restaurante novo, a pizza estava espetacular.",0.0908
PA004259,2023-06-01 15:02:52,"Tentei receita nova de bolo de cenoura, ficou fofinho.",0.1261
PA004260,2023-06-01 15:37:36,"Pausa pro cafe com os colegas, bate-papo otimo.",0.0451
PA004261,2023-06-01 16:07:57,"Dia nublado mas tranquilo, bom para estudar sem distracao.",0.0237
PA004262,2023-06-01 16:58:20,"Tentei receita nova de bolo de cenoura, ficou fofinho.",0.1143
PA004263,2023-06-01 19:04:36,"Home office com cafe fresquinho do lado, otimo.",0.0823
PA004264,2023-06-01 19:20:49,Tarde produtiva organizando e limpando a casa.,0.0
PA004265,2023-06-01 19:25:58,"Aprendi receita nova no youtube, ficou otimo.",0.0598
PA004266,2023-06-01 19:27:01,"Meditacao de manha, comecando o dia muito bem.",0.0652
PA004267,2023-06-01 19:28:45,"Livro excelente sobre ciencia de dados, recomendo muito.",0.022
PA004268,2023-06-01 20:10:20,App de produtividade novo que encontrei e otimo.,0.0871
PA004269,2023-06-01 22:33:20,"Tentei receita nova de bolo de cenoura, ficou fofinho.",0.1445
PA004270,2023-06-01 23:14:56,"Aprendi receita nova no youtube, ficou otimo.",0.0321
PA004271,2023-06-02 00:29:53,"Dia nublado mas tranquilo, bom para estudar sem distracao.",0.0689
PA004272,2023-06-02 01:56:29,"Livro excelente sobre ciencia de dados, recomendo muito.",0.0397
PA004273,2023-06-02 01:58:00,"Corri 5km de manha, semana otima de treino.",0.0582
PA004274,2023-06-02 06:02:07,"Musica nova do meu artista favorito, de outro nivel.",0.0679
PA004275,2023-06-02 06:12:07,"Fui de bike hoje, que exercicio agradavel de manha.",0.0
PA004276,2023-06-02 06:21:36,Mais um acidente por causa de imprudencia no transito.,0.5179
PA004277,2023-06-02 06:35:20,"Museu da cidade muito interessante, aprendi bastante.",0.1069
PA004278,2023-06-02 07:09:04,"Padaria da esquina lancou sabor novo, recomendo.",0.1017
PA004279,2023-06-02 07:36:02,Jantar simples mas gostoso com a familia.,0.1143
PA004280,2023-06-02 09:00:56,Cafe da manha caprichado: tapioca com ovo e suco de laranja.,0.0155
PA004281,2023-06-02 11:19:32,Pedalada de tarde com vista incrivel do parque.,0.1199
PA004282,2023-06-02 11:44:36,"Apresentacao correu muito bem, todos gostaram.",0.1386
PA004283,2023-06-02 15:45:20,Tarde produtiva organizando e limpando a casa.,0.0912
PA004284,2023-06-02 15:55:29,"Estrada livre, cheguei no trabalho rapido hoje.",0.0
PA004285,2023-06-02 16:10:54,"Praia tranquila, sol perfeito, descanso total.",0.0733
PA004286,2023-06-02 17:07:46,"Domingo em familia, melhor dia da semana.",0.1233
PA004287,2023-06-02 17:18:16,"Museu da cidade muito interessante, aprendi bastante.",0.0263
PA004288,2023-06-02 18:13:08,"Onibus chegou no horario hoje, que surpresa agradavel.",0.0827
PA004289,2023-06-02 20:40:31,"Vento agradavel hoje, aproveitei para caminhar no parque.",0.1061
PA004290,2023-06-02 20:54:22,"Choveu a tarde toda, dia perfeito pra ficar em casa lendo.",0.0945
PA004291,2023-06-02 21:06:28,"Choveu a tarde toda, dia perfeito pra ficar em casa lendo.",0.0584
PA004292,2023-06-02 21:36:27,"Sopa de legumes no frio, reconfortante e gostosa.",0.1672
PA004293,2023-06-02 21:43:09,"Teatro incrivel ontem, peca muito bem dirigida.",0.0624
PA004294,2023-06-03 01:15:57,"Filme otimo ontem, fui ao cinema com a familia.",0.07
PA004295,2023-06-03 01:28:25,"Chuva passageira a tarde, depois o tempo abriu lindo.",0.0786
PA004296,2023-06-03 01:34:03,"Yoga pela manha, comecei o dia muito bem.",0.0
PA004297,2023-06-03 02:18:27,"Fechei projeto importante essa semana, que alegria.",0.1787
PA004298,2023-06-03 02:22:24,"Praia tranquila, sol perfeito, descanso total.",0.0589
PA004299,2023-06-03 02:55:03,"Notebook novo chegou, que desempenho incrivel.",0.0943
PA004300,2023-06-03 03:05:47,"Que calor hoje, tive que ligar o ar condicionado logo cedo.",0.0593
PA004301,2023-06-03 03:50:14,"Consegui estacionamento logo de cara, dia de sorte mesmo.",0.0457
PA004302,2023-06-03 04:16:54,Jogo novo me viciou de um jeito bom.,0.069
PA004303,2023-06-03 05:25:24,"Passeio com o cachorro no parque, ele adorou.",0.0886
PA004304,2023-06-03 06:17:22,"Sopa de legumes no frio, reconfortante e gostosa.",0.1097
PA004305,2023-06-03 06:34:18,"Testei IA para ajudar com codigo, funcionou bem.",0.1115
PA004306,2023-06-03 07:02:29,"Meu time ganhou hoje, que jogo bonito foi.",0.0684
PA004307,2023-06-03 07:07:07,Que manha fresca e agradavel para uma caminhada.,0.0742
PA004308,2023-06-03 07:28:23,"Teatro incrivel ontem, peca muito bem dirigida.",0.0281
PA004309,2023-06-03 08:18:33,"Passeio com o cachorro no parque, ele adorou.",0.0339
PA004310,2023-06-03 10:49:04,"Passei na certificacao, muito feliz com o resultado.",0.0251
PA004311,2023-06-03 10:56:08,"Tarefa dificil concluida com sucesso, que satisfacao.",0.1063
PA004312,2023-06-03 11:02:44,"Maratonei a temporada completa, valeu cada minuto.",0.108
PA004313,2023-06-03 13:45:15,"Filme otimo ontem, fui ao cinema com a familia.",0.0725
PA004314,2023-06-03 13:45:25,"Plantei temperos na sacada, que satisfacao.",0.1064
PA004315,2023-06-03 13:56:02,Caminhada ate a estacao foi otima hoje.,0.0433
PA004316,2023-06-03 14:58:19,Terminei o trabalho da faculdade com antecedencia.,0.0398
PA004317,2023-06-03 14:58:47,"Filme otimo ontem, fui ao cinema com a familia.",0.0935
PA004318,2023-06-03 15:44:43,Podcast sobre tecnologia muito interessante.,0.0697
PA004319,2023-06-03 18:54:13,"Passeio com o cachorro no parque, ele adorou.",0.0
PA004320,2023-06-03 21:05:29,"Choveu a tarde toda, dia perfeito pra ficar em casa lendo.",0.0953
PA004321,2023-06-03 21:06:25,"Reuniao produtiva hoje, saimos com otimas ideias.",0.0688
PA004322,2023-06-03 23:23:57,"Reuniao produtiva hoje, saimos com otimas ideias.",0.0792
PA004323,2023-06-03 23:28:27,"Viagem de fim de semana para cidade historica, valeu.",0.0577
PA004324,2023-06-04 00:34:49,"Aprendi receita nova no youtube, ficou otimo.",0.0525
PA004325,2023-06-04 04:48:21,"Teatro incrivel ontem, peca muito bem dirigida.",0.0954
PA004326,2023-06-04 04:53:59,Terminei o trabalho da faculdade com antecedencia.,0.1101
PA004327,2023-06-04 06:00:21,Jogo novo me viciou de um jeito bom.,0.1236
PA004328,2023-06-04 06:18:49,"Livro excelente sobre ciencia de dados, recomendo muito.",0.0382
PA004329,2023-06-04 08:57:48,"Viagem de fim de semana para cidade historica, valeu.",0.0514
PA004330,2023-06-04 09:32:31,Jogo novo me viciou de um jeito bom.,0.0453
PA004331,2023-06-04 11:17:59,Grupo de estudos foi muito produtivo hoje.,0.095
PA004332,2023-06-04 12:46:19,"Reuniao produtiva hoje, saimos com otimas ideias.",0.0761
PA004333,2023-06-04 13:25:59,"Biblioteca da universidade, ambiente otimo para estudar.",0.0
PA004334,2023-06-04 14:22:01,"Onibus chegou no horario hoje, que surpresa agradavel.",0.1231
PA004335,2023-06-04 14:43:19,"Sol lindo hoje, cafe na varanda foi otimo.",0.0497
PA004336,2023-06-04 16:15:32,"Praia tranquila, sol perfeito, descanso total.",0.1058
PA004337,2023-06-04 17:45:38,Que manha fresca e agradavel para uma caminhada.,0.1847
PA004338,2023-06-04 18:09:28,Leitura no jardim com tempo agradavel.,0.0281
PA004339,2023-06-04 19:34:08,"Domingo em familia, melhor dia da semana.",0.004
PA004340,2023-06-04 20:08:19,"Aprendi receita nova no youtube, ficou otimo.",0.0182
PA004341,2023-06-04 20:29:36,"Domingo em familia, melhor dia da semana.",0.0679
PA004342,2023-06-04 20:38:42,Caminhada ate a estacao foi otima hoje.,0.007
PA004343,2023-06-04 21:21:01,"Academia hoje, treino puxado mas valeu muito.",0.0967
PA004344,2023-06-04 21:54:38,"Notebook novo chegou, que desempenho incrivel.",0.1186
PA004345,2023-06-04 23:32:48,"Passei na certificacao, muito feliz com o resultado.",0.0693
PA004346,2023-06-04 23:50:08,"Churrasco com a familia no final de semana, delicioso.",0.0
PA004347,2023-06-04 23:52:13,Atualizacao deixou o sistema muito mais rapido.,0.0229
PA004348,2023-06-05 00:12:46,Aula incrivel sobre estatistica aplicada hoje.,0.051
PA004349,2023-06-05 00:50:25,Caminhada ate a estacao foi otima hoje.,0.1045
PA004350,2023-06-05 01:40:34,"Tarefa dificil concluida com sucesso, que satisfacao.",0.1846
PA004351,2023-06-05 02:54:53,"Meditacao de manha, comecando o dia muito bem.",0.0741
PA004352,2023-06-05 03:36:57,"Passeio no interior no fim de semana, natureza linda.",0.164
PA004353,2023-06-05 05:00:48,"Vento agradavel hoje, aproveitei para caminhar no parque.",0.0569
PA004354,2023-06-05 05:17:25,"Churrasco com a familia no final de semana, delicioso.",0.0736
PA004355,2023-06-05 05:56:50,"Onibus chegou no horario hoje, que surpresa agradavel.",0.0795
PA004356,2023-06-05 09:32:02,"Reencontrei um amigo antigo por acaso, que alegria.",0.1163
PA004357,2023-06-05 10:15:02,App de produtividade novo que encontrei e otimo.,0.1199
PA004358,2023-06-05 10:26:43,Podcast sobre tecnologia muito interessante.,0.1399
PA004359,2023-06-05 10:26:48,"Almoco incrivel hoje, fiz lasanha caseira do zero.",0.0257
PA004360,2023-06-05 13:52:19,"Maratonei a temporada completa, valeu cada minuto.",0.0722
PA004361,2023-06-05 14:49:53,"Volei com os amigos, muita risada e diversao.",0.113
PA004362,2023-06-05 15:07:47,"Livro excelente sobre ciencia de dados, recomendo muito.",0.0921
PA004363,2023-06-05 16:00:25,"Natacao de manha, melhor inicio de dia possivel.",0.1083
PA004364,2023-06-05 16:06:13,"Apresentacao correu muito bem, todos gostaram.",0.1149
PA004365,2023-06-05 16:10:13,"O outono chegou cedo esse ano, que frio gostoso de manha.",0.0667
PA004366,2023-06-05 16:54:48,"Meu time ganhou hoje, que jogo bonito foi.",0.0454
PA004367,2023-06-05 17:07:13,"Dia nublado mas tranquilo, bom para estudar sem distracao.",0.005
PA004368,2023-06-05 18:53:54,"Musica nova do meu artista favorito, de outro nivel.",0.0244
PA004369,2023-06-05 20:39:17,"Musica nova do meu artista favorito, de outro nivel.",0.1003
PA004370,2023-06-05 21:31:39,"Serie nova incrivel, amei o primeiro episodio.",0.0924
PA004371,2023-06-05 21:35:54,"Natacao de manha, melhor inicio de dia possivel.",0.1418
PA004372,2023-06-05 22:49:18,"Passeio com o cachorro no parque, ele adorou.",0.0585
PA004373,2023-06-05 23:24:07,"Dia nublado mas tranquilo, bom para estudar sem distracao.",0.078
PA004374,2023-06-06 00:18:44,"Cuidando das plantas em casa, muito terapeutico.",0.1066
PA004375,2023-06-06 00:39:13,"Livro excelente sobre ciencia de dados, recomendo muito.",0.0
PA004376,2023-06-06 02:19:49,"Academia hoje, treino puxado mas valeu muito.",0.074
PA004377,2023-06-06 03:03:01,Podcast sobre tecnologia muito interessante.,0.1479
PA004378,2023-06-06 03:05:03,"Apresentacao correu muito bem, todos gostaram.",0.0236
PA004379,2023-06-06 03:10:48,"Choveu a tarde toda, dia perfeito pra ficar em casa lendo.",0.1064
PA004380,2023-06-06 03:39:14,Aplicativo de carona funcionou perfeitamente.,0.0
PA004381,2023-06-06 04:30:51,"Sopa de legumes no frio, reconfortante e gostosa.",0.0667
PA004382,2023-06-06 05:04:30,"Pausa pro cafe com os colegas, bate-papo otimo.",0.127
PA004383,2023-06-06 07:21:36,"Natacao de manha, melhor inicio de dia possivel.",0.1345
PA004384,2023-06-06 08:25:40,Aula incrivel sobre estatistica aplicada hoje.,0.0
PA004385,2023-06-06 08:47:30,"Teatro incrivel ontem, peca muito bem dirigida.",0.0658
PA004386,2023-06-06 08:55:01,"Reencontrei um amigo antigo por acaso, que alegria.",0.1731
PA004387,2023-06-06 10:34:04,"Passeio com o cachorro no parque, ele adorou.",0.0797
PA004388,2023-06-06 10:47:59,"Consegui estacionamento logo de cara, dia de sorte mesmo.",0.0226
PA004389,2023-06-06 11:46:17,"Home office com cafe fresquinho do lado, otimo.",0.0623
PA004390,2023-06-06 14:46:51,"Pipoca e serie boa na sexta, programa perfeito.",0.0853
PA004391,2023-06-06 15:33:51,"Maratonei a temporada completa, valeu cada minuto.",0.0821
PA004392,2023-06-06 15:36:53,"Domingo em familia, melhor dia da semana.",0.0435
PA004393,2023-06-06 15:39:46,"Tarefa dificil concluida com sucesso, que satisfacao.",0.0785
PA004394,2023-06-06 15:41:26,Grupo de estudos foi muito produtivo hoje.,0.0649
PA004395,2023-06-06 17:13:22,"Passeio no interior no fim de semana, natureza linda.",0.056
PA004396,2023-06-06 18:17:10,"Yoga pela manha, comecei o dia muito bem.",0.095
PA004397,2023-06-06 18:38:41,"Chuva passageira a tarde, depois o tempo abriu lindo.",0.0317
PA004398,2023-06-06 19:19:39,Finalmente entendi aquele conceito que me travava.,0.0505
PA004399,2023-06-06 19:50:47,"Onibus chegou no horario hoje, que surpresa agradavel.",0.1632
PA004400,2023-06-06 19:58:39,"Apresentacao correu muito bem, todos gostaram.",0.1132
PA004401,2023-06-06 20:51:34,"Fui de bike hoje, que exercicio agradavel de manha.",0.157
PA004402,2023-06-06 21:04:55,Atualizacao deixou o sistema muito mais rapido.,0.078
PA004403,2023-06-06 21:35:04,Brigadeiro de panela saiu incrivel hoje.,0.0689
PA004404,2023-06-07 02:26:31,"Estudando para a prova de amanha, bem concentrado.",0.1245
PA004405,2023-06-07 02:30:13,"Fui num restaurante novo, a pizza estava espetacular.",0.1509
PA004406,2023-06-07 04:52:16,"Estudando para a prova de amanha, bem concentrado.",0.1061
PA004407,2023-06-07 04:54:20,Show ao vivo incrivel no fim de semana.,0.1084
PA004408,2023-06-07 06:04:38,"Pipoca e serie boa na sexta, programa perfeito.",0.0752
PA004409,2023-06-07 06:40:42,"Calor absurdo com falta de agua, descaso total.",0.8778
PA004410,2023-06-07 07:18:53,"Apresentacao correu muito bem, todos gostaram.",0.0
PA004411,2023-06-07 08:41:50,"Yoga pela manha, comecei o dia muito bem.",0.0687
PA004412,2023-06-07 09:15:19,"Livro excelente sobre ciencia de dados, recomendo muito.",0.0345
PA004413,2023-06-07 09:43:29,"Maratonei a temporada completa, valeu cada minuto.",0.0088
PA004414,2023-06-07 11:17:35,"Choveu a tarde toda, dia perfeito pra ficar em casa lendo.",0.0185
PA004415,2023-06-07 11:38:51,Que manha fresca e agradavel para uma caminhada.,0.0529
PA004416,2023-06-07 11:50:46,Grupo de estudos foi muito produtivo hoje.,0.056
PA004417,2023-06-07 12:07:33,"Meu time ganhou hoje, que jogo bonito foi.",0.2
PA004418,2023-06-07 12:20:53,Pedalada de tarde com vista incrivel do parque.,0.1408
PA004419,2023-06-07 12:41:42,"Consegui estacionamento logo de cara, dia de sorte mesmo.",0.0704
PA004420,2023-06-07 14:44:36,Podcast sobre tecnologia muito interessante.,0.0893
PA004421,2023-06-07 14:58:29,"Trilha ecologica incrivel, natureza pura.",0.1394
PA004422,2023-06-07 16:19:06,Tarde produtiva organizando e limpando a casa.,0.0534
PA004423,2023-06-07 17:05:01,Que manha fresca e agradavel para uma caminhada.,0.1167
PA004424,2023-06-07 21:33:06,"Serie nova incrivel, amei o primeiro episodio.",0.1324
PA004425,2023-06-07 21:50:07,"Chuva passageira a tarde, depois o tempo abriu lindo.",0.0
PA004426,2023-06-07 21:54:01,"Plantei temperos na sacada, que satisfacao.",0.1602
PA004427,2023-06-07 23:30:40,"Musica nova do meu artista favorito, de outro nivel.",0.0748
PA004428,2023-06-08 00:31:03,Jogo novo me viciou de um jeito bom.,0.0573
PA004429,2023-06-08 00:32:03,"Tentei receita nova de bolo de cenoura, ficou fofinho.",0.1092
PA004430,2023-06-08 02:16:46,"Estudando para a prova de amanha, bem concentrado.",0.1207
PA004431,2023-06-08 04:35:55,"Churrasco com a familia no final de semana, delicioso.",0.0813
PA004432,2023-06-08 05:35:52,"Museu da cidade muito interessante, aprendi bastante.",0.0297
PA004433,2023-06-08 05:44:00,"Acai gelado essa tarde, refrescante demais.",0.0896
PA004434,2023-06-08 06:08:41,Brigadeiro de panela saiu incrivel hoje.,0.1414
PA004435,2023-06-08 06:22:38,"Corri 5km de manha, semana otima de treino.",0.1479
PA004436,2023-06-08 07:09:19,Grupo de estudos foi muito produtivo hoje.,0.0682
PA004437,2023-06-08 07:58:07,"O outono chegou cedo esse ano, que frio gostoso de manha.",0.0761
PA004438,2023-06-08 10:28:12,"Passeio no interior no fim de semana, natureza linda.",0.0255
PA004439,2023-06-08 10:33:25,Podcast sobre tecnologia muito interessante.,0.1275
PA004440,2023-06-08 15:05:56,"Vento agradavel hoje, aproveitei para caminhar no parque.",0.0736
PA004441,2023-06-08 15:21:22,"Filme otimo ontem, fui ao cinema com a familia.",0.0673
PA004442,2023-06-08 15:50:23,Leitura no jardim com tempo agradavel.,0.1552
PA004443,2023-06-08 16:05:46,Tarde produtiva organizando e limpando a casa.,0.0408
PA004444,2023-06-08 17:51:06,Que tarde relaxante lendo na rede.,0.0444
PA004445,2023-06-08 19:09:11,"Musica nova do meu artista favorito, de outro nivel.",0.0856
PA004446,2023-06-08 19:26:53,Feira de artesanato gostosa de passear.,0.0291
PA004447,2023-06-08 21:23:02,"Maratonei a temporada completa, valeu cada minuto.",0.1364
PA004448,2023-06-08 21:41:04,"Pipoca e serie boa na sexta, programa perfeito.",0.0565
PA004449,2023-06-08 21:47:12,"Metro bem tranquilo essa manha, cheguei bem.",0.0595
PA004450,2023-06-08 22:41:21,"Choveu a tarde toda, dia perfeito pra ficar em casa lendo.",0.0569
PA004451,2023-06-08 22:49:19,"Novo celular chegou, a camera e impressionante.",0.0389
PA004452,2023-06-08 23:18:53,"Maratonei a temporada completa, valeu cada minuto.",0.0695
PA004453,2023-06-08 23:38:42,"Yoga pela manha, comecei o dia muito bem.",0.1382
PA004454,2023-06-09 00:30:55,Que manha fresca e agradavel para uma caminhada.,0.0785
PA004455,2023-06-09 00:58:22,"Home office com cafe fresquinho do lado, otimo.",0.0504
PA004456,2023-06-09 01:24:02,"Pipoca e serie boa na sexta, programa perfeito.",0.122
PA004457,2023-06-09 02:13:56,Pedalada de tarde com vista incrivel do parque.,0.1222
PA004458,2023-06-09 03:29:36,"Viagem de fim de semana para cidade historica, valeu.",0.0859
PA004459,2023-06-09 04:01:17,Jogo novo me viciou de um jeito bom.,0.0
PA004460,2023-06-09 04:01:51,"Vento agradavel hoje, aproveitei para caminhar no parque.",0.0584
PA004461,2023-06-09 04:48:43,Terminei o trabalho da faculdade com antecedencia.,0.1183
PA004462,2023-06-09 05:37:42,Semana intensa mas muito satisfatoria no trabalho.,0.0042
PA004463,2023-06-09 06:32:02,Brigadeiro de panela saiu incrivel hoje.,0.0939
PA004464,2023-06-09 07:42:11,"Domingo em familia, melhor dia da semana.",0.0766
PA004465,2023-06-09 08:20:14,Burocracia excessiva impossibilitando qualquer coisa.,0.9429
PA004466,2023-06-09 08:36:23,"Cuidando das plantas em casa, muito terapeutico.",0.1373
PA004467,2023-06-09 09:22:10,"Sopa de legumes no frio, reconfortante e gostosa.",0.0134
PA004468,2023-06-09 09:54:24,"Trilha ecologica incrivel, natureza pura.",0.1171
PA004469,2023-06-09 10:19:45,"Que calor hoje, tive que ligar o ar condicionado logo cedo.",0.1203
PA004470,2023-06-09 11:43:09,"Domingo em familia, melhor dia da semana.",0.1356
PA004471,2023-06-09 13:14:08,"Home office com cafe fresquinho do lado, otimo.",0.1198
PA004472,2023-06-09 13:57:33,"Serie nova incrivel, amei o primeiro episodio.",0.0834
PA004473,2023-06-09 14:47:44,"Academia hoje, treino puxado mas valeu muito.",0.079
PA004474,2023-06-09 17:24:56,"Home office com cafe fresquinho do lado, otimo.",0.0555
PA004475,2023-06-09 18:17:17,Aplicativo de carona funcionou perfeitamente.,0.0418
PA004476,2023-06-09 18:53:56,"Apresentacao correu muito bem, todos gostaram.",0.0921
PA004477,2023-06-09 18:54:24,Jantar simples mas gostoso com a familia.,0.0
PA004478,2023-06-09 19:26:59,"Tentei receita nova de bolo de cenoura, ficou fofinho.",0.0387
PA004479,2023-06-09 21:44:20,"Passeio no interior no fim de semana, natureza linda.",0.0717
PA004480,2023-06-09 22:32:20,"Pipoca e serie boa na sexta, programa perfeito.",0.1039
PA004481,2023-06-09 23:19:03,"Tentei receita nova de bolo de cenoura, ficou fofinho.",0.0842
PA004482,2023-06-09 23:39:34,Jantar simples mas gostoso com a familia.,0.1366
PA004483,2023-06-10 01:13:33,"Passei na certificacao, muito feliz com o resultado.",0.12
PA004484,2023-06-10 01:24:22,"Home office com cafe fresquinho do lado, otimo.",0.128
PA004485,2023-06-10 01:32:07,Atualizacao deixou o sistema muito mais rapido.,0.0551
PA004486,2023-06-10 02:11:23,"Almoco incrivel hoje, fiz lasanha caseira do zero.",0.122
PA004487,2023-06-10 02:22:34,"Fechei projeto importante essa semana, que alegria.",0.076
PA004488,2023-06-10 03:16:49,"Cuidando das plantas em casa, muito terapeutico.",0.1519
PA004489,2023-06-10 03:20:41,Brigadeiro de panela saiu incrivel hoje.,0.1482
PA004490,2023-06-10 04:04:43,"Novo celular chegou, a camera e impressionante.",0.0668
PA004491,2023-06-10 04:29:13,Que manha fresca e agradavel para uma caminhada.,0.0
PA004492,2023-06-10 05:00:32,"Academia hoje, treino puxado mas valeu muito.",0.1691
PA004493,2023-06-10 05:06:03,"Corri 5km de manha, semana otima de treino.",0.1081
PA004494,2023-06-10 05:32:08,Aplicativo de carona funcionou perfeitamente.,0.0202
PA004495,2023-06-10 07:26:30,"Meditacao de manha, comecando o dia muito bem.",0.027
PA004496,2023-06-10 08:22:21,"Aprendi receita nova no youtube, ficou otimo.",0.0405
PA004497,2023-06-10 11:52:15,"Biblioteca da universidade, ambiente otimo para estudar.",0.067
PA004498,2023-06-10 12:54:55,"Corri 5km de manha, semana otima de treino.",0.059
PA004499,2023-06-10 14:56:50,"Natacao de manha, melhor inicio de dia possivel.",0.1561
PA004500,2023-06-10 15:50:19,App de produtividade novo que encontrei e otimo.,0.0803
PA004501,2023-06-10 16:23:01,Finalmente entendi aquele conceito que me travava.,0.0457
PA004502,2023-06-10 16:27:34,"Pipoca e serie boa na sexta, programa perfeito.",0.049
PA004503,2023-06-10 22:29:01,"Livro excelente sobre ciencia de dados, recomendo muito.",0.1596
PA004504,2023-06-10 22:45:11,"Chuva passageira a tarde, depois o tempo abriu lindo.",0.067
PA004505,2023-06-10 23:41:39,"Biblioteca da universidade, ambiente otimo para estudar.",0.0771
PA004506,2023-06-10 23:54:19,"Fui num restaurante novo, a pizza estava espetacular.",0.071
PA004507,2023-06-11 01:11:06,"Corri 5km de manha, semana otima de treino.",0.0482
PA004508,2023-06-11 01:24:18,App de produtividade novo que encontrei e otimo.,0.0533
PA004509,2023-06-11 02:24:19,Que manha fresca e agradavel para uma caminhada.,0.0029
PA004510,2023-06-11 02:25:58,"Dia nublado mas tranquilo, bom para estudar sem distracao.",0.0268
PA004511,2023-06-11 03:12:47,"Aprendi receita nova no youtube, ficou otimo.",0.0458
PA004512,2023-06-11 03:26:09,"Novo celular chegou, a camera e impressionante.",0.0214
PA004513,2023-06-11 03:39:29,"Corri 5km de manha, semana otima de treino.",0.084
PA004514,2023-06-11 04:24:29,"Dia nublado mas tranquilo, bom para estudar sem distracao.",0.033
PA004515,2023-06-11 05:25:21,Podcast sobre tecnologia muito interessante.,0.0537
PA004516,2023-06-11 08:32:44,Cafe da manha caprichado: tapioca com ovo e suco de laranja.,0.1716
PA004517,2023-06-11 08:55:26,Barulho da rua me deixou irritado o dia todo.,0.4071
PA004518,2023-06-11 10:10:31,"Teatro incrivel ontem, peca muito bem dirigida.",0.0738
PA004519,2023-06-11 12:39:51,"Volei com os amigos, muita risada e diversao.",0.0537
PA004520,2023-06-11 13:17:19,"Que calor hoje, tive que ligar o ar condicionado logo cedo.",0.1114
PA004521,2023-06-11 14:18:02,Semana intensa mas muito satisfatoria no trabalho.,0.0257
PA004522,2023-06-11 15:16:01,"Cuidando das plantas em casa, muito terapeutico.",0.113
PA004523,2023-06-11 15:57:55,"Praia tranquila, sol perfeito, descanso total.",0.0467
PA004524,2023-06-11 16:01:30,"Aprendi receita nova no youtube, ficou otimo.",0.055
PA004525,2023-06-11 16:50:25,"Minha mae fez feijao com arroz e linguica, classico perfeito.",0.1245
PA004526,2023-06-11 16:53:16,"Sopa de legumes no frio, reconfortante e gostosa.",0.125
PA004527,2023-06-11 17:07:27,"Choveu a tarde toda, dia perfeito pra ficar em casa lendo.",0.0206
PA004528,2023-06-11 18:27:38,"Choveu a tarde toda, dia perfeito pra ficar em casa lendo.",0.0883
PA004529,2023-06-11 18:46:32,"Dia nublado mas tranquilo, bom para estudar sem distracao.",0.2
PA004530,2023-06-11 20:28:13,"Meditacao de manha, comecando o dia muito bem.",0.0546
PA004531,2023-06-11 21:03:14,"Dia nublado mas tranquilo, bom para estudar sem distracao.",0.0525
PA004532,2023-06-11 21:49:46,"Padaria da esquina lancou sabor novo, recomendo.",0.0737
PA004533,2023-06-11 22:14:48,"Fechei projeto importante essa semana, que alegria.",0.1624
PA004534,2023-06-11 22:48:11,"O outono chegou cedo esse ano, que frio gostoso de manha.",0.0135
PA004535,2023-06-11 23:10:13,Que manha fresca e agradavel para uma caminhada.,0.0287
PA004536,2023-06-11 23:29:23,"Estudando para a prova de amanha, bem concentrado.",0.0923
PA004537,2023-06-12 00:21:55,"Churrasco com a familia no final de semana, delicioso.",0.0
PA004538,2023-06-12 01:31:14,"Cuidando das plantas em casa, muito terapeutico.",0.1044
PA004539,2023-06-12 02:13:23,"Notebook novo chegou, que desempenho incrivel.",0.0854
PA004540,2023-06-12 03:10:06,"Tentei receita nova de bolo de cenoura, ficou fofinho.",0.1276
PA004541,2023-06-12 04:39:14,Pedalada de tarde com vista incrivel do parque.,0.0808
PA004542,2023-06-12 04:44:27,"Passeio no interior no fim de semana, natureza linda.",0.1139
PA004543,2023-06-12 06:38:03,"Passeio com o cachorro no parque, ele adorou.",0.0265
PA004544,2023-06-12 09:02:12,Cafe da manha caprichado: tapioca com ovo e suco de laranja.,0.1319
PA004545,2023-06-12 10:41:12,"Estudando para a prova de amanha, bem concentrado.",0.1061
PA004546,2023-06-12 11:33:03,"O outono chegou cedo esse ano, que frio gostoso de manha.",0.0
PA004547,2023-06-12 11:45:30,"Corri 5km de manha, semana otima de treino.",0.0423
PA004548,2023-06-12 11:58:48,Aplicativo de carona funcionou perfeitamente.,0.0198
PA004549,2023-06-12 11:59:28,"Livro excelente sobre ciencia de dados, recomendo muito.",0.0295
PA004550,2023-06-12 12:41:53,"Reencontrei um amigo antigo por acaso, que alegria.",0.0908
PA004551,2023-06-12 13:29:14,"Yoga pela manha, comecei o dia muito bem.",0.0696
PA004552,2023-06-12 13:56:50,"Domingo em familia, melhor dia da semana.",0.089
PA004553,2023-06-12 14:07:44,"Fui de bike hoje, que exercicio agradavel de manha.",0.1707
PA004554,2023-06-12 14:15:53,"Praia tranquila, sol perfeito, descanso total.",0.1307
PA004555,2023-06-12 15:44:28,"Padaria da esquina lancou sabor novo, recomendo.",0.0633
PA004556,2023-06-12 16:02:42,"Estudando para a prova de amanha, bem concentrado.",0.1236
PA004557,2023-06-12 16:10:06,"Academia hoje, treino puxado mas valeu muito.",0.0735
PA004558,2023-06-12 16:34:51,"Serie nova incrivel, amei o primeiro episodio.",0.0101
PA004559,2023-06-12 16:56:34,Brigadeiro de panela saiu incrivel hoje.,0.1282
PA004560,2023-06-12 20:04:01,"Sopa de legumes no frio, reconfortante e gostosa.",0.1154
PA004561,2023-06-12 20:10:20,"Fui num restaurante novo, a pizza estava espetacular.",0.0504
PA004562,2023-06-12 20:39:25,"Configurei o home office com setup novo, otimo.",0.1225
PA004563,2023-06-12 22:12:51,"Plantei temperos na sacada, que satisfacao.",0.0428
PA004564,2023-06-12 23:05:51,"Sopa de legumes no frio, reconfortante e gostosa.",0.1107
PA004565,2023-06-12 23:06:23,"Onibus chegou no horario hoje, que surpresa agradavel.",0.0797
PA004566,2023-06-13 00:56:45,"Fechei projeto importante essa semana, que alegria.",0.0964
PA004567,2023-06-13 01:15:59,"Passeio com o cachorro no parque, ele adorou.",0.068
PA004568,2023-06-13 02:00:26,"Praia tranquila, sol perfeito, descanso total.",0.0845
PA004569,2023-06-13 02:30:44,Brigadeiro de panela saiu incrivel hoje.,0.1009
PA004570,2023-06-13 02:33:36,"Reencontrei um amigo antigo por acaso, que alegria.",0.1175
PA004571,2023-06-13 04:14:43,"Tarefa dificil concluida com sucesso, que satisfacao.",0.0321
PA004572,2023-06-13 04:17:03,Que manha fresca e agradavel para uma caminhada.,0.1337
PA004573,2023-06-13 04:59:49,"Churrasco com a familia no final de semana, delicioso.",0.0
PA004574,2023-06-13 05:25:00,"Testei IA para ajudar com codigo, funcionou bem.",0.0673
PA004575,2023-06-13 05:26:33,"Livro excelente sobre ciencia de dados, recomendo muito.",0.1037
PA004576,2023-06-13 06:03:26,Atualizacao deixou o sistema muito mais rapido.,0.0488
PA004577,2023-06-13 06:21:07,"Sol lindo hoje, cafe na varanda foi otimo.",0.1422
PA004578,2023-06-13 06:51:10,"Fui de bike hoje, que exercicio agradavel de manha.",0.0651
PA004579,2023-06-13 08:30:45,"Tarefa dificil concluida com sucesso, que satisfacao.",0.0384
PA004580,2023-06-13 09:24:34,"Consegui estacionamento logo de cara, dia de sorte mesmo.",0.1277
PA004581,2023-06-13 09:57:07,"Volei com os amigos, muita risada e diversao.",0.1217
PA004582,2023-06-13 10:21:36,"Que calor hoje, tive que ligar o ar condicionado logo cedo.",0.0635
PA004583,2023-06-13 11:17:56,"Notebook novo chegou, que desempenho incrivel.",0.1023
PA004584,2023-06-13 11:21:56,Brigadeiro de panela saiu incrivel hoje.,0.0967
PA004585,2023-06-13 12:04:35,Podcast sobre tecnologia muito interessante.,0.084
PA004586,2023-06-13 15:55:43,Jogo novo me viciou de um jeito bom.,0.0868
PA004587,2023-06-13 16:08:27,"Que calor hoje, tive que ligar o ar condicionado logo cedo.",0.1415
PA004588,2023-06-13 18:40:33,Feira de artesanato gostosa de passear.,0.0894
PA004589,2023-06-13 19:08:35,"Dia nublado mas tranquilo, bom para estudar sem distracao.",0.0237
PA004590,2023-06-13 19:51:17,"Vento agradavel hoje, aproveitei para caminhar no parque.",0.0744
PA004591,2023-06-13 20:48:06,"Estudando para a prova de amanha, bem concentrado.",0.092
PA004592,2023-06-13 22:02:52,Caminhada ate a estacao foi otima hoje.,0.0899
PA004593,2023-06-13 23:08:21,"Trilha ecologica incrivel, natureza pura.",0.0379
PA004594,2023-06-13 23:32:49,"Filme otimo ontem, fui ao cinema com a familia.",0.0547
PA004595,2023-06-14 00:16:17,"Passeio com o cachorro no parque, ele adorou.",0.1113
PA004596,2023-06-14 02:00:31,"Teatro incrivel ontem, peca muito bem dirigida.",0.0466
PA004597,2023-06-14 02:59:44,Que tarde relaxante lendo na rede.,0.1148
PA004598,2023-06-14 03:06:24,"Notebook novo chegou, que desempenho incrivel.",0.1019
PA004599,2023-06-14 03:10:23,Aula incrivel sobre estatistica aplicada hoje.,0.1076
PA004600,2023-06-14 05:30:19,"Sol lindo hoje, cafe na varanda foi otimo.",0.056
PA004601,2023-06-14 06:35:41,"Fui de bike hoje, que exercicio agradavel de manha.",0.0407
PA004602,2023-06-14 06:37:11,"Passeio no interior no fim de semana, natureza linda.",0.0861
PA004603,2023-06-14 07:47:48,"Reencontrei um amigo antigo por acaso, que alegria.",0.1567
PA004604,2023-06-14 08:17:57,"Passeio com o cachorro no parque, ele adorou.",0.091
PA004605,2023-06-14 08:42:33,"Serie nova incrivel, amei o primeiro episodio.",0.1194
PA004606,2023-06-14 10:13:01,"Onibus chegou no horario hoje, que surpresa agradavel.",0.0244
PA004607,2023-06-14 11:00:36,"Reuniao produtiva hoje, saimos com otimas ideias.",0.0323
PA004608,2023-06-14 12:05:47,Leitura no jardim com tempo agradavel.,0.1025
PA004609,2023-06-14 12:45:39,"Corri 5km de manha, semana otima de treino.",0.0804
PA004610,2023-06-14 14:36:11,"Filme otimo ontem, fui ao cinema com a familia.",0.136
PA004611,2023-06-14 15:25:41,"Que calor hoje, tive que ligar o ar condicionado logo cedo.",0.0338
PA004612,2023-06-14 17:16:04,"Yoga pela manha, comecei o dia muito bem.",0.0644
PA004613,2023-06-14 20:10:55,"Pausa pro cafe com os colegas, bate-papo otimo.",0.0746
PA004614,2023-06-14 21:54:51,Atualizacao deixou o sistema muito mais rapido.,0.1069
PA004615,2023-06-14 21:59:45,"Cuidando das plantas em casa, muito terapeutico.",0.084
PA004616,2023-06-14 23:02:09,"Chuva passageira a tarde, depois o tempo abriu lindo.",0.0384
PA004617,2023-06-15 00:07:26,Grupo de estudos foi muito produtivo hoje.,0.1219
PA004618,2023-06-15 00:55:41,"Padaria da esquina lancou sabor novo, recomendo.",0.0756
PA004619,2023-06-15 02:04:03,Pedalada de tarde com vista incrivel do parque.,0.0429
PA004620,2023-06-15 04:14:53,"Trilha ecologica incrivel, natureza pura.",0.081
PA004621,2023-06-15 05:21:13,"Natacao de manha, melhor inicio de dia possivel.",0.1107
PA004622,2023-06-15 06:24:44,"Pausa pro cafe com os colegas, bate-papo otimo.",0.0679
PA004623,2023-06-15 08:25:18,"Consegui estacionamento logo de cara, dia de sorte mesmo.",0.0524
PA004624,2023-06-15 08:40:57,Caminhada ate a estacao foi otima hoje.,0.1592
PA004625,2023-06-15 08:59:07,"Que calor hoje, tive que ligar o ar condicionado logo cedo.",0.0
PA004626,2023-06-15 10:29:09,"Home office com cafe fresquinho do lado, otimo.",0.0671
PA004627,2023-06-15 10:44:53,"Testei IA para ajudar com codigo, funcionou bem.",0.0487
PA004628,2023-06-15 10:59:40,"Estudando para a prova de amanha, bem concentrado.",0.1555
PA004629,2023-06-15 11:59:59,"Domingo em familia, melhor dia da semana.",0.058
PA004630,2023-06-15 12:22:36,Jantar simples mas gostoso com a familia.,0.1089
PA004631,2023-06-15 13:07:58,"Que calor hoje, tive que ligar o ar condicionado logo cedo.",0.0427
PA004632,2023-06-15 13:23:58,"Passei na certificacao, muito feliz com o resultado.",0.1206
PA004633,2023-06-15 14:07:13,"Dia nublado mas tranquilo, bom para estudar sem distracao.",0.0758
PA004634,2023-06-15 16:49:05,Podcast sobre tecnologia muito interessante.,0.085
PA004635,2023-06-15 17:03:09,Terminei o trabalho da faculdade com antecedencia.,0.0393
PA004636,2023-06-15 18:49:05,"Estrada livre, cheguei no trabalho rapido hoje.",0.1645
PA004637,2023-06-15 19:28:10,"Estudando para a prova de amanha, bem concentrado.",0.0947
PA004638,2023-06-15 20:26:51,App de produtividade novo que encontrei e otimo.,0.0604
PA004639,2023-06-15 21:27:35,"Tarefa dificil concluida com sucesso, que satisfacao.",0.1246
PA004640,2023-06-15 23:36:46,Que manha fresca e agradavel para uma caminhada.,0.0901
PA004641,2023-06-15 23:59:08,"Notebook novo chegou, que desempenho incrivel.",0.0438
PA004642,2023-06-16 00:00:52,"Viagem de fim de semana para cidade historica, valeu.",0.1735
PA004643,2023-06-16 01:01:09,"Viagem de fim de semana para cidade historica, valeu.",0.0685
PA004644,2023-06-16 01:16:30,"Passeio no interior no fim de semana, natureza linda.",0.1133
PA004645,2023-06-16 01:39:21,"Pausa pro cafe com os colegas, bate-papo otimo.",0.0892
PA004646,2023-06-16 02:41:34,"Preco de tudo subindo e salario parado, e muita coisa.",0.4665
PA004647,2023-06-16 03:03:07,"Passei na certificacao, muito feliz com o resultado.",0.0107
PA004648,2023-06-16 03:17:24,"Biblioteca da universidade, ambiente otimo para estudar.",0.1057
PA004649,2023-06-16 03:57:42,Pedalada de tarde com vista incrivel do parque.,0.1585
PA004650,2023-06-16 04:34:01,"Estrada livre, cheguei no trabalho rapido hoje.",0.1045
PA004651,2023-06-16 04:34:14,"Choveu a tarde toda, dia perfeito pra ficar em casa lendo.",0.0655
PA004652,2023-06-16 05:36:14,"Estrada livre, cheguei no trabalho rapido hoje.",0.0448
PA004653,2023-06-16 05:48:37,Caminhada ate a estacao foi otima hoje.,0.0828
PA004654,2023-06-16 06:32:25,"Almoco incrivel hoje, fiz lasanha caseira do zero.",0.1365
PA004655,2023-06-16 09:38:04,"Teatro incrivel ontem, peca muito bem dirigida.",0.1393
PA004656,2023-06-16 11:23:49,Pedalada de tarde com vista incrivel do parque.,0.0432
PA004657,2023-06-16 12:48:40,Jogo novo me viciou de um jeito bom.,0.1118
PA004658,2023-06-16 13:47:49,"Plantei temperos na sacada, que satisfacao.",0.104
PA004659,2023-06-16 15:27:31,Atualizacao deixou o sistema muito mais rapido.,0.0703
PA004660,2023-06-16 17:21:13,"Testei IA para ajudar com codigo, funcionou bem.",0.1428
PA004661,2023-06-16 18:54:21,"Domingo em familia, melhor dia da semana.",0.048
PA004662,2023-06-16 19:49:47,Pedalada de tarde com vista incrivel do parque.,0.0892
PA004663,2023-06-16 21:35:27,"Plantei temperos na sacada, que satisfacao.",0.0369
PA004664,2023-06-16 23:07:05,Jantar simples mas gostoso com a familia.,0.0
PA004665,2023-06-16 23:59:00,"Praia tranquila, sol perfeito, descanso total.",0.0575
PA004666,2023-06-17 00:05:24,Brigadeiro de panela saiu incrivel hoje.,0.1115
PA004667,2023-06-17 00:24:12,App de produtividade novo que encontrei e otimo.,0.0317
PA004668,2023-06-17 00:26:43,"Fui de bike hoje, que exercicio agradavel de manha.",0.138
PA004669,2023-06-17 01:12:18,"Tarefa dificil concluida com sucesso, que satisfacao.",0.0127
PA004670,2023-06-17 01:24:12,"Livro excelente sobre ciencia de dados, recomendo muito.",0.0673
PA004671,2023-06-17 01:33:41,"Pausa pro cafe com os colegas, bate-papo otimo.",0.1319
PA004672,2023-06-17 03:12:27,App de produtividade novo que encontrei e otimo.,0.1152
PA004673,2023-06-17 04:20:04,"Fui de bike hoje, que exercicio agradavel de manha.",0.0638
PA004674,2023-06-17 04:29:09,Brigadeiro de panela saiu incrivel hoje.,0.1081
PA004675,2023-06-17 04:44:54,"Apresentacao correu muito bem, todos gostaram.",0.0332
PA004676,2023-06-17 05:18:55,Grupo de estudos foi muito produtivo hoje.,0.1571
PA004677,2023-06-17 05:46:51,"Corri 5km de manha, semana otima de treino.",0.1018
PA004678,2023-06-17 05:49:59,Finalmente entendi aquele conceito que me travava.,0.105
PA004679,2023-06-17 06:38:38,"O outono chegou cedo esse ano, que frio gostoso de manha.",0.1496
PA004680,2023-06-17 06:57:05,"Passeio com o cachorro no parque, ele adorou.",0.0675
PA004681,2023-06-17 08:06:05,"Corri 5km de manha, semana otima de treino.",0.0757
PA004682,2023-06-17 08:38:53,"Passeio no interior no fim de semana, natureza linda.",0.0931
PA004683,2023-06-17 10:04:21,"Novo celular chegou, a camera e impressionante.",0.0986
PA004684,2023-06-17 10:08:19,"Almoco incrivel hoje, fiz lasanha caseira do zero.",0.0691
PA004685,2023-06-17 11:37:02,"Livro excelente sobre ciencia de dados, recomendo muito.",0.0113
PA004686,2023-06-17 11:38:12,"Estudando para a prova de amanha, bem concentrado.",0.0
PA004687,2023-06-17 12:13:49,"Passei na certificacao, muito feliz com o resultado.",0.0199
PA004688,2023-06-17 12:31:52,"Testei IA para ajudar com codigo, funcionou bem.",0.0584
PA004689,2023-06-17 13:17:51,"Academia hoje, treino puxado mas valeu muito.",0.137
PA004690,2023-06-17 13:30:07,Leitura no jardim com tempo agradavel.,0.0024
PA004691,2023-06-17 13:38:15,Grupo de estudos foi muito produtivo hoje.,0.1127
PA004692,2023-06-17 14:14:02,Terminei o trabalho da faculdade com antecedencia.,0.1489
PA004693,2023-06-17 14:50:31,Grupo de estudos foi muito produtivo hoje.,0.0115
PA004694,2023-06-17 15:44:16,"O outono chegou cedo esse ano, que frio gostoso de manha.",0.0776
PA004695,2023-06-17 16:04:56,"Sopa de legumes no frio, reconfortante e gostosa.",0.087
PA004696,2023-06-17 16:27:28,"Meditacao de manha, comecando o dia muito bem.",0.1327
PA004697,2023-06-17 17:18:48,Tarde produtiva organizando e limpando a casa.,0.0624
PA004698,2023-06-17 18:16:21,"Vento agradavel hoje, aproveitei para caminhar no parque.",0.1291
PA004699,2023-06-17 19:50:36,"Livro excelente sobre ciencia de dados, recomendo muito.",0.0
PA004700,2023-06-17 21:03:55,"Academia hoje, treino puxado mas valeu muito.",0.0686
PA004701,2023-06-17 21:37:35,"Home office com cafe fresquinho do lado, otimo.",0.0745
PA004702,2023-06-17 22:06:36,"Yoga pela manha, comecei o dia muito bem.",0.0657
PA004703,2023-06-17 23:07:30,Que manha fresca e agradavel para uma caminhada.,0.0
PA004704,2023-06-18 00:26:34,Podcast sobre tecnologia muito interessante.,0.145
PA004705,2023-06-18 02:48:02,"Corri 5km de manha, semana otima de treino.",0.0108
PA004706,2023-06-18 02:51:40,"Fui de bike hoje, que exercicio agradavel de manha.",0.0388
PA004707,2023-06-18 03:47:54,"Pipoca e serie boa na sexta, programa perfeito.",0.0359
PA004708,2023-06-18 05:10:29,"Fechei projeto importante essa semana, que alegria.",0.0569
PA004709,2023-06-18 05:19:58,"Maratonei a temporada completa, valeu cada minuto.",0.1463
PA004710,2023-06-18 06:09:34,"Metro bem tranquilo essa manha, cheguei bem.",0.0412
PA004711,2023-06-18 07:22:17,"Sol lindo hoje, cafe na varanda foi otimo.",0.1743
PA004712,2023-06-18 07:26:36,"Serie nova incrivel, amei o primeiro episodio.",0.0492
PA004713,2023-06-18 08:47:57,"Livro excelente sobre ciencia de dados, recomendo muito.",0.1046
PA004714,2023-06-18 10:14:34,"Pipoca e serie boa na sexta, programa perfeito.",0.047
PA004715,2023-06-18 13:29:44,"Onibus chegou no horario hoje, que surpresa agradavel.",0.0947
PA004716,2023-06-18 14:01:00,"Natacao de manha, melhor inicio de dia possivel.",0.1324
PA004717,2023-06-18 14:22:03,Jantar simples mas gostoso com a familia.,0.1867
PA004718,2023-06-18 14:55:01,"Serie nova incrivel, amei o primeiro episodio.",0.0067
PA004719,2023-06-18 15:00:58,"Meditacao de manha, comecando o dia muito bem.",0.0327
PA004720,2023-06-18 15:09:32,Cafe da manha caprichado: tapioca com ovo e suco de laranja.,0.0946
PA004721,2023-06-18 15:27:19,"Passeio com o cachorro no parque, ele adorou.",0.1125
PA004722,2023-06-18 17:15:13,"Natacao de manha, melhor inicio de dia possivel.",0.1835
PA004723,2023-06-18 20:17:09,"Biblioteca da universidade, ambiente otimo para estudar.",0.0994
PA004724,2023-06-18 21:34:18,"Pausa pro cafe com os colegas, bate-papo otimo.",0.1001
PA004725,2023-06-18 21:35:15,"Fui num restaurante novo, a pizza estava espetacular.",0.0587
PA004726,2023-06-19 03:12:32,Jantar simples mas gostoso com a familia.,0.1208
PA004727,2023-06-19 04:23:35,"Teatro incrivel ontem, peca muito bem dirigida.",0.1509
PA004728,2023-06-19 04:36:45,"Meditacao de manha, comecando o dia muito bem.",0.0153
PA004729,2023-06-19 05:18:12,Tarde produtiva organizando e limpando a casa.,0.1748
PA004730,2023-06-19 09:14:49,"Natacao de manha, melhor inicio de dia possivel.",0.029
PA004731,2023-06-19 12:02:22,"Novo celular chegou, a camera e impressionante.",0.0
PA004732,2023-06-19 12:41:31,"Churrasco com a familia no final de semana, delicioso.",0.0528
PA004733,2023-06-19 12:58:35,"Pausa pro cafe com os colegas, bate-papo otimo.",0.0547
PA004734,2023-06-19 13:07:02,"Serie nova incrivel, amei o primeiro episodio.",0.1563
PA004735,2023-06-19 13:33:53,Show ao vivo incrivel no fim de semana.,0.1407
PA004736,2023-06-19 14:50:50,"Sopa de legumes no frio, reconfortante e gostosa.",0.098
PA004737,2023-06-19 15:12:13,Finalmente entendi aquele conceito que me travava.,0.1324
PA004738,2023-06-19 16:11:07,"Filme otimo ontem, fui ao cinema com a familia.",0.0
PA004739,2023-06-19 16:12:55,Aplicativo de carona funcionou perfeitamente.,0.1472
PA004740,2023-06-19 16:43:35,"Fui num restaurante novo, a pizza estava espetacular.",0.0956
PA004741,2023-06-19 17:11:57,"Acai gelado essa tarde, refrescante demais.",0.2
PA004742,2023-06-19 18:35:50,"Plantei temperos na sacada, que satisfacao.",0.0583
PA004743,2023-06-19 20:06:02,"Servico publico uma vergonha, esperei horas na fila.",0.8827
PA004744,2023-06-19 22:03:50,"Domingo em familia, melhor dia da semana.",0.1341
PA004745,2023-06-19 22:34:10,"Sopa de legumes no frio, reconfortante e gostosa.",0.157
PA004746,2023-06-19 22:39:23,"Trilha ecologica incrivel, natureza pura.",0.0084
PA004747,2023-06-19 23:47:24,Cafe da manha caprichado: tapioca com ovo e suco de laranja.,0.0565
PA004748,2023-06-19 23:49:19,"Choveu a tarde toda, dia perfeito pra ficar em casa lendo.",0.0661
PA004749,2023-06-20 01:19:18,Pedalada de tarde com vista incrivel do parque.,0.1108
PA004750,2023-06-20 02:51:50,"Biblioteca da universidade, ambiente otimo para estudar.",0.0938
PA004751,2023-06-20 03:15:32,"Museu da cidade muito interessante, aprendi bastante.",0.05
PA004752,2023-06-20 03:33:12,"Serie nova incrivel, amei o primeiro episodio.",0.0624
PA004753,2023-06-20 04:17:48,"Tarefa dificil concluida com sucesso, que satisfacao.",0.0315
PA004754,2023-06-20 04:31:28,"Churrasco com a familia no final de semana, delicioso.",0.0613
PA004755,2023-06-20 05:23:40,"Teatro incrivel ontem, peca muito bem dirigida.",0.0386
PA004756,2023-06-20 06:34:35,Show ao vivo incrivel no fim de semana.,0.0456
PA004757,2023-06-20 07:08:22,Grupo de estudos foi muito produtivo hoje.,0.1083
PA004758,2023-06-20 08:44:56,Terminei o trabalho da faculdade com antecedencia.,0.0988
PA004759,2023-06-20 08:59:31,Finalmente entendi aquele conceito que me travava.,0.0796
PA004760,2023-06-20 09:20:01,"Praia tranquila, sol perfeito, descanso total.",0.1078
PA004761,2023-06-20 10:45:40,"Tarefa dificil concluida com sucesso, que satisfacao.",0.1056
PA004762,2023-06-20 11:40:09,"Padaria da esquina lancou sabor novo, recomendo.",0.0173
PA004763,2023-06-20 12:44:50,"Apresentacao correu muito bem, todos gostaram.",0.1058
PA004764,2023-06-20 13:24:29,"Home office com cafe fresquinho do lado, otimo.",0.0628
PA004765,2023-06-20 13:37:22,"Maratonei a temporada completa, valeu cada minuto.",0.1156
PA004766,2023-06-20 16:08:28,"Padaria da esquina lancou sabor novo, recomendo.",0.1363
PA004767,2023-06-20 16:37:26,Caminhada ate a estacao foi otima hoje.,0.0483
PA004768,2023-06-20 16:48:14,"Novo celular chegou, a camera e impressionante.",0.0952
PA004769,2023-06-20 17:19:40,"Yoga pela manha, comecei o dia muito bem.",0.0
PA004770,2023-06-20 18:50:53,"Teatro incrivel ontem, peca muito bem dirigida.",0.0569
PA004771,2023-06-20 20:10:32,"Apresentacao correu muito bem, todos gostaram.",0.002
PA004772,2023-06-20 20:31:23,"Passeio no interior no fim de semana, natureza linda.",0.0842
PA004773,2023-06-20 20:33:02,"Que calor hoje, tive que ligar o ar condicionado logo cedo.",0.0746
PA004774,2023-06-20 20:33:07,Tarde produtiva organizando e limpando a casa.,0.0531
PA004775,2023-06-20 20:52:54,"Chuva passageira a tarde, depois o tempo abriu lindo.",0.03
PA004776,2023-06-20 21:35:36,"Testei IA para ajudar com codigo, funcionou bem.",0.0508
PA004777,2023-06-20 23:31:18,"Que calor hoje, tive que ligar o ar condicionado logo cedo.",0.0779
PA004778,2023-06-21 00:18:13,"Volei com os amigos, muita risada e diversao.",0.0885
PA004779,2023-06-21 00:56:14,"Sol lindo hoje, cafe na varanda foi otimo.",0.0329
PA004780,2023-06-21 01:00:37,"Trilha ecologica incrivel, natureza pura.",0.08
PA004781,2023-06-21 01:13:03,"Serie nova incrivel, amei o primeiro episodio.",0.0817
PA004782,2023-06-21 03:15:28,Aula incrivel sobre estatistica aplicada hoje.,0.0831
PA004783,2023-06-21 03:38:36,"Churrasco com a familia no final de semana, delicioso.",0.0486
PA004784,2023-06-21 04:03:34,"Reuniao produtiva hoje, saimos com otimas ideias.",0.0875
PA004785,2023-06-21 05:38:55,"Maratonei a temporada completa, valeu cada minuto.",0.1436
PA004786,2023-06-21 11:18:38,Pedalada de tarde com vista incrivel do parque.,0.081
PA004787,2023-06-21 11:26:23,"Configurei o home office com setup novo, otimo.",0.0
PA004788,2023-06-21 11:55:53,"Trilha ecologica incrivel, natureza pura.",0.1252
PA004789,2023-06-21 12:29:14,"Novo celular chegou, a camera e impressionante.",0.0022
PA004790,2023-06-21 12:30:53,"Biblioteca da universidade, ambiente otimo para estudar.",0.1564
PA004791,2023-06-21 14:28:09,"Museu da cidade muito interessante, aprendi bastante.",0.1281
PA004792,2023-06-21 14:57:51,Tarde produtiva organizando e limpando a casa.,0.0562
PA004793,2023-06-21 15:10:25,"Volei com os amigos, muita risada e diversao.",0.0
PA004794,2023-06-21 15:14:50,Feira de artesanato gostosa de passear.,0.2
PA004795,2023-06-21 17:13:16,Que manha fresca e agradavel para uma caminhada.,0.0309
PA004796,2023-06-21 17:15:08,"Acai gelado essa tarde, refrescante demais.",0.0194
PA004797,2023-06-21 17:22:56,"Passei na certificacao, muito feliz com o resultado.",0.1173
PA004798,2023-06-21 18:08:21,"Viagem de fim de semana para cidade historica, valeu.",0.1169
PA004799,2023-06-21 18:11:16,"Novo celular chegou, a camera e impressionante.",0.0991
PA004800,2023-06-21 18:57:22,"Notebook novo chegou, que desempenho incrivel.",0.1842
PA004801,2023-06-21 19:52:03,"Onibus chegou no horario hoje, que surpresa agradavel.",0.0693
PA004802,2023-06-21 20:39:54,"Choveu a tarde toda, dia perfeito pra ficar em casa lendo.",0.1168
PA004803,2023-06-21 22:06:45,"Academia hoje, treino puxado mas valeu muito.",0.0162
PA004804,2023-06-21 22:38:45,"Onibus chegou no horario hoje, que surpresa agradavel.",0.0403
PA004805,2023-06-21 22:54:59,App de produtividade novo que encontrei e otimo.,0.0545
PA004806,2023-06-21 23:01:34,"Padaria da esquina lancou sabor novo, recomendo.",0.0586
PA004807,2023-06-21 23:29:15,"Estudando para a prova de amanha, bem concentrado.",0.1867
PA004808,2023-06-21 23:40:25,"Estrada livre, cheguei no trabalho rapido hoje.",0.0
PA004809,2023-06-22 01:50:39,"Chuva passageira a tarde, depois o tempo abriu lindo.",0.0585
PA004810,2023-06-22 02:01:03,"Fui num restaurante novo, a pizza estava espetacular.",0.0283
PA004811,2023-06-22 02:42:17,"Sopa de legumes no frio, reconfortante e gostosa.",0.0288
PA004812,2023-06-22 02:55:22,"Passeio no interior no fim de semana, natureza linda.",0.0697
PA004813,2023-06-22 03:25:27,"Onibus chegou no horario hoje, que surpresa agradavel.",0.0794
PA004814,2023-06-22 04:22:50,App de produtividade novo que encontrei e otimo.,0.0935
PA004815,2023-06-22 05:53:27,"Praia tranquila, sol perfeito, descanso total.",0.08
PA004816,2023-06-22 06:52:38,"Sopa de legumes no frio, reconfortante e gostosa.",0.0679
PA004817,2023-06-22 07:27:47,"Natacao de manha, melhor inicio de dia possivel.",0.0799
PA004818,2023-06-22 07:28:55,Leitura no jardim com tempo agradavel.,0.0612
PA004819,2023-06-22 08:41:15,"Pipoca e serie boa na sexta, programa perfeito.",0.0192
PA004820,2023-06-22 10:38:49,"Cuidando das plantas em casa, muito terapeutico.",0.0274
PA004821,2023-06-22 10:59:39,Feira de artesanato gostosa de passear.,0.0658
PA004822,2023-06-22 11:11:02,"Cuidando das plantas em casa, muito terapeutico.",0.0234
PA004823,2023-06-22 11:38:52,"Estrada livre, cheguei no trabalho rapido hoje.",0.0479
PA004824,2023-06-22 11:43:21,"Home office com cafe fresquinho do lado, otimo.",0.0961
PA004825,2023-06-22 12:51:40,Finalmente entendi aquele conceito que me travava.,0.1276
PA004826,2023-06-22 13:12:30,"Churrasco com a familia no final de semana, delicioso.",0.0969
PA004827,2023-06-22 13:51:05,"Cuidando das plantas em casa, muito terapeutico.",0.0438
PA004828,2023-06-22 14:09:54,"Que calor hoje, tive que ligar o ar condicionado logo cedo.",0.1025
PA004829,2023-06-22 14:13:38,"Fechei projeto importante essa semana, que alegria.",0.0298
PA004830,2023-06-22 16:00:49,"Aprendi receita nova no youtube, ficou otimo.",0.0409
PA004831,2023-06-22 17:15:06,"Meu time ganhou hoje, que jogo bonito foi.",0.1193
PA004832,2023-06-22 17:42:01,"Almoco incrivel hoje, fiz lasanha caseira do zero.",0.1267
PA004833,2023-06-22 18:40:40,"Reencontrei um amigo antigo por acaso, que alegria.",0.0554
PA004834,2023-06-22 21:12:02,Tarde produtiva organizando e limpando a casa.,0.0819
PA004835,2023-06-22 21:37:07,"Yoga pela manha, comecei o dia muito bem.",0.0029
PA004836,2023-06-22 23:18:45,"Que calor hoje, tive que ligar o ar condicionado logo cedo.",0.0632
PA004837,2023-06-22 23:52:19,"Viagem de fim de semana para cidade historica, valeu.",0.0077
PA004838,2023-06-23 00:37:02,"Reuniao produtiva hoje, saimos com otimas ideias.",0.1231
PA004839,2023-06-23 00:46:42,"Meditacao de manha, comecando o dia muito bem.",0.0385
PA004840,2023-06-23 01:10:29,Brigadeiro de panela saiu incrivel hoje.,0.0859
PA004841,2023-06-23 01:49:29,"Academia hoje, treino puxado mas valeu muito.",0.0985
PA004842,2023-06-23 03:06:08,"Aprendi receita nova no youtube, ficou otimo.",0.0774
PA004843,2023-06-23 03:28:00,"Aprendi receita nova no youtube, ficou otimo.",0.1129
PA004844,2023-06-23 03:57:22,Show ao vivo incrivel no fim de semana.,0.0642
PA004845,2023-06-23 04:14:29,"Que calor hoje, tive que ligar o ar condicionado logo cedo.",0.0264
PA004846,2023-06-23 04:48:39,"Biblioteca da universidade, ambiente otimo para estudar.",0.0659
PA004847,2023-06-23 05:38:58,Aplicativo de carona funcionou perfeitamente.,0.2
PA004848,2023-06-23 06:17:02,"Trilha ecologica incrivel, natureza pura.",0.1143
PA004849,2023-06-23 08:48:32,"Meditacao de manha, comecando o dia muito bem.",0.0766
PA004850,2023-06-23 09:00:11,Brigadeiro de panela saiu incrivel hoje.,0.0339
PA004851,2023-06-23 09:01:54,"Novo celular chegou, a camera e impressionante.",0.0653
PA004852,2023-06-23 09:34:52,"Fui de bike hoje, que exercicio agradavel de manha.",0.03
PA004853,2023-06-23 09:46:29,Finalmente entendi aquele conceito que me travava.,0.0708
PA004854,2023-06-23 10:07:21,"Volei com os amigos, muita risada e diversao.",0.1388
PA004855,2023-06-23 12:26:38,"Academia hoje, treino puxado mas valeu muito.",0.1721
PA004856,2023-06-23 14:19:43,"Aprendi receita nova no youtube, ficou otimo.",0.0937
PA004857,2023-06-23 17:57:55,"Vento agradavel hoje, aproveitei para caminhar no parque.",0.0677
PA004858,2023-06-23 18:56:37,"Calor absurdo com falta de agua, descaso total.",0.5349
PA004859,2023-06-23 20:22:42,"Onibus chegou no horario hoje, que surpresa agradavel.",0.0
PA004860,2023-06-23 21:42:26,Show ao vivo incrivel no fim de semana.,0.0854
PA004861,2023-06-23 21:43:46,"Fechei projeto importante essa semana, que alegria.",0.0252
PA004862,2023-06-23 21:59:48,"Corri 5km de manha, semana otima de treino.",0.0093
PA004863,2023-06-23 22:18:19,"Cuidando das plantas em casa, muito terapeutico.",0.0
PA004864,2023-06-23 23:34:53,"Teatro incrivel ontem, peca muito bem dirigida.",0.0984
PA004865,2023-06-24 00:59:11,"Corri 5km de manha, semana otima de treino.",0.093
PA004866,2023-06-24 02:09:45,"Home office com cafe fresquinho do lado, otimo.",0.092
PA004867,2023-06-24 02:17:11,"Corri 5km de manha, semana otima de treino.",0.0021
PA004868,2023-06-24 03:22:59,Que manha fresca e agradavel para uma caminhada.,0.077
PA004869,2023-06-24 04:11:29,"Aprendi receita nova no youtube, ficou otimo.",0.1576
PA004870,2023-06-24 04:19:16,"Configurei o home office com setup novo, otimo.",0.0317
PA004871,2023-06-24 04:48:37,"Meditacao de manha, comecando o dia muito bem.",0.0373
PA004872,2023-06-24 05:11:37,Pedalada de tarde com vista incrivel do parque.,0.0
PA004873,2023-06-24 06:55:07,"Tarefa dificil concluida com sucesso, que satisfacao.",0.1398
PA004874,2023-06-24 07:33:42,"Sopa de legumes no frio, reconfortante e gostosa.",0.0477
PA004875,2023-06-24 07:41:01,"Que calor hoje, tive que ligar o ar condicionado logo cedo.",0.0877
PA004876,2023-06-24 09:31:55,"Dia nublado mas tranquilo, bom para estudar sem distracao.",0.0795
PA004877,2023-06-24 10:02:13,"Que dia difícil, nada saiu como eu havia planejado.",0.8321
PA004878,2023-06-24 10:28:06,"Praia tranquila, sol perfeito, descanso total.",0.0676
PA004879,2023-06-24 10:58:49,"Museu da cidade muito interessante, aprendi bastante.",0.0828
PA004880,2023-06-24 11:23:01,Que manha fresca e agradavel para uma caminhada.,0.04
PA004881,2023-06-24 13:12:24,"Reuniao produtiva hoje, saimos com otimas ideias.",0.0975
PA004882,2023-06-24 13:28:20,Semana intensa mas muito satisfatoria no trabalho.,0.1027
PA004883,2023-06-24 15:54:26,"Tarefa dificil concluida com sucesso, que satisfacao.",0.0258
PA004884,2023-06-24 16:33:53,"Volei com os amigos, muita risada e diversao.",0.0747
PA004885,2023-06-24 20:46:10,"Passeio no interior no fim de semana, natureza linda.",0.0788
PA004886,2023-06-24 21:14:26,Finalmente entendi aquele conceito que me travava.,0.117
PA004887,2023-06-24 22:30:24,"Reencontrei um amigo antigo por acaso, que alegria.",0.0962
PA004888,2023-06-24 23:56:54,"Metro bem tranquilo essa manha, cheguei bem.",0.0066
PA004889,2023-06-25 03:29:53,"Teatro incrivel ontem, peca muito bem dirigida.",0.1199
PA004890,2023-06-25 04:47:58,"Apresentacao correu muito bem, todos gostaram.",0.0628
PA004891,2023-06-25 06:04:39,"Fui num restaurante novo, a pizza estava espetacular.",0.0
PA004892,2023-06-25 06:27:07,Caminhada ate a estacao foi otima hoje.,0.0478
PA004893,2023-06-25 07:06:05,Tarde produtiva organizando e limpando a casa.,0.0822
PA004894,2023-06-25 07:23:24,"Fui num restaurante novo, a pizza estava espetacular.",0.0192
PA004895,2023-06-25 08:06:32,"Pausa pro cafe com os colegas, bate-papo otimo.",0.0309
PA004896,2023-06-25 10:18:45,"Praia tranquila, sol perfeito, descanso total.",0.0487
PA004897,2023-06-25 11:22:23,"Academia hoje, treino puxado mas valeu muito.",0.1151
PA004898,2023-06-25 12:49:39,"Meu time ganhou hoje, que jogo bonito foi.",0.0891
PA004899,2023-06-25 13:15:53,Jogo novo me viciou de um jeito bom.,0.053
PA004900,2023-06-25 13:19:04,Feira de artesanato gostosa de passear.,0.1325
PA004901,2023-06-25 13:33:01,"Academia hoje, treino puxado mas valeu muito.",0.0215
PA004902,2023-06-25 14:40:02,"Livro excelente sobre ciencia de dados, recomendo muito.",0.0544
PA004903,2023-06-25 14:59:46,"Filme otimo ontem, fui ao cinema com a familia.",0.1143
PA004904,2023-06-25 15:09:53,"Apresentacao correu muito bem, todos gostaram.",0.0635
PA004905,2023-06-25 15:23:49,"Meditacao de manha, comecando o dia muito bem.",0.0411
PA004906,2023-06-25 18:42:45,"Configurei o home office com setup novo, otimo.",0.1028
PA004907,2023-06-25 18:56:00,"Almoco incrivel hoje, fiz lasanha caseira do zero.",0.0604
PA004908,2023-06-25 19:43:03,"Metro bem tranquilo essa manha, cheguei bem.",0.091
PA004909,2023-06-25 20:24:22,Pedalada de tarde com vista incrivel do parque.,0.097
PA004910,2023-06-25 21:25:28,"Meditacao de manha, comecando o dia muito bem.",0.1605
PA004911,2023-06-25 22:47:18,"Cuidando das plantas em casa, muito terapeutico.",0.0852
PA004912,2023-06-25 22:49:56,"Fui num restaurante novo, a pizza estava espetacular.",0.1319
PA004913,2023-06-25 23:35:51,"Estudando para a prova de amanha, bem concentrado.",0.1912
PA004914,2023-06-25 23:39:21,Caminhada ate a estacao foi otima hoje.,0.0396
PA004915,2023-06-26 00:36:25,"Meditacao de manha, comecando o dia muito bem.",0.024
PA004916,2023-06-26 00:51:54,"Testei IA para ajudar com codigo, funcionou bem.",0.067
PA004917,2023-06-26 01:43:58,"Que calor hoje, tive que ligar o ar condicionado logo cedo.",0.1337
PA004918,2023-06-26 02:57:52,"Que bagunca, nada funcionando direito.",0.6737
PA004919,2023-06-26 03:45:46,"Reuniao produtiva hoje, saimos com otimas ideias.",0.0954
PA004920,2023-06-26 03:47:16,"Filme otimo ontem, fui ao cinema com a familia.",0.0281
PA004921,2023-06-26 04:54:51,"Almoco incrivel hoje, fiz lasanha caseira do zero.",0.0445
PA004922,2023-06-26 08:36:47,"Tarefa dificil concluida com sucesso, que satisfacao.",0.1076
PA004923,2023-06-26 09:07:27,"Fechei projeto importante essa semana, que alegria.",0.065
PA004924,2023-06-26 10:04:35,"Metro bem tranquilo essa manha, cheguei bem.",0.1048
PA004925,2023-06-26 10:25:16,"Reuniao produtiva hoje, saimos com otimas ideias.",0.1314
PA004926,2023-06-26 10:56:14,"Plantei temperos na sacada, que satisfacao.",0.1237
PA004927,2023-06-26 12:46:46,"Choveu a tarde toda, dia perfeito pra ficar em casa lendo.",0.0228
PA004928,2023-06-26 12:51:39,"Churrasco com a familia no final de semana, delicioso.",0.0853
PA004929,2023-06-26 13:36:42,"Serie nova incrivel, amei o primeiro episodio.",0.142
PA004930,2023-06-26 13:39:14,Pedalada de tarde com vista incrivel do parque.,0.1006
PA004931,2023-06-26 15:54:50,"Meditacao de manha, comecando o dia muito bem.",0.1165
PA004932,2023-06-26 16:09:49,"Trilha ecologica incrivel, natureza pura.",0.1405
PA004933,2023-06-26 17:02:26,"Configurei o home office com setup novo, otimo.",0.0977
PA004934,2023-06-26 17:16:19,"Yoga pela manha, comecei o dia muito bem.",0.0893
PA004935,2023-06-26 17:24:09,"Choveu a tarde toda, dia perfeito pra ficar em casa lendo.",0.1001
PA004936,2023-06-26 17:53:54,"Museu da cidade muito interessante, aprendi bastante.",0.0651
PA004937,2023-06-26 18:13:59,"Pausa pro cafe com os colegas, bate-papo otimo.",0.1712
PA004938,2023-06-26 18:25:25,"Vento agradavel hoje, aproveitei para caminhar no parque.",0.1045
PA004939,2023-06-26 18:27:46,"Estrada livre, cheguei no trabalho rapido hoje.",0.0781
PA004940,2023-06-26 18:54:18,"Dia nublado mas tranquilo, bom para estudar sem distracao.",0.1532
PA004941,2023-06-26 18:55:09,"Biblioteca da universidade, ambiente otimo para estudar.",0.086
PA004942,2023-06-26 20:02:44,Terminei o trabalho da faculdade com antecedencia.,0.1186
PA004943,2023-06-26 21:18:06,Brigadeiro de panela saiu incrivel hoje.,0.0
PA004944,2023-06-26 21:27:07,"Pausa pro cafe com os colegas, bate-papo otimo.",0.0952
PA004945,2023-06-26 21:29:42,"Volei com os amigos, muita risada e diversao.",0.1056
PA004946,2023-06-26 23:48:55,Que manha fresca e agradavel para uma caminhada.,0.0832
PA004947,2023-06-27 01:04:58,"O outono chegou cedo esse ano, que frio gostoso de manha.",0.1059
PA004948,2023-06-27 01:16:59,Brigadeiro de panela saiu incrivel hoje.,0.1371
PA004949,2023-06-27 03:49:24,Terminei o trabalho da faculdade com antecedencia.,0.0616
PA004950,2023-06-27 03:49:43,"Natacao de manha, melhor inicio de dia possivel.",0.0823
PA004951,2023-06-27 03:55:50,Jogo novo me viciou de um jeito bom.,0.1342
PA004952,2023-06-27 04:40:55,"Museu da cidade muito interessante, aprendi bastante.",0.0555
PA004953,2023-06-27 06:57:16,Caminhada ate a estacao foi otima hoje.,0.1367
PA004954,2023-06-27 07:25:21,"Passeio com o cachorro no parque, ele adorou.",0.0828
PA004955,2023-06-27 07:45:15,"Consegui estacionamento logo de cara, dia de sorte mesmo.",0.1025
PA004956,2023-06-27 08:58:50,"Onibus chegou no horario hoje, que surpresa agradavel.",0.0987
PA004957,2023-06-27 09:06:19,"Biblioteca da universidade, ambiente otimo para estudar.",0.0527
PA004958,2023-06-27 10:38:50,"Volei com os amigos, muita risada e diversao.",0.0622
PA004959,2023-06-27 10:54:02,"Volei com os amigos, muita risada e diversao.",0.0
PA004960,2023-06-27 12:39:09,Semana intensa mas muito satisfatoria no trabalho.,0.1847
PA004961,2023-06-27 15:03:10,"Reuniao produtiva hoje, saimos com otimas ideias.",0.1014
PA004962,2023-06-27 16:30:46,Show ao vivo incrivel no fim de semana.,0.0743
PA004963,2023-06-27 19:23:14,"Dia nublado mas tranquilo, bom para estudar sem distracao.",0.0647
PA004964,2023-06-27 19:23:22,"Consegui estacionamento logo de cara, dia de sorte mesmo.",0.0852
PA004965,2023-06-27 19:51:06,Podcast sobre tecnologia muito interessante.,0.0108
PA004966,2023-06-27 20:13:04,"Meditacao de manha, comecando o dia muito bem.",0.0754
PA004967,2023-06-27 21:20:30,"Praia tranquila, sol perfeito, descanso total.",0.0757
PA004968,2023-06-27 22:22:57,Jantar simples mas gostoso com a familia.,0.0644
PA004969,2023-06-27 23:53:31,"Reencontrei um amigo antigo por acaso, que alegria.",0.138
PA004970,2023-06-27 23:53:56,"Trilha ecologica incrivel, natureza pura.",0.0958
PA004971,2023-06-28 00:20:25,"Dia nublado mas tranquilo, bom para estudar sem distracao.",0.0512
PA004972,2023-06-28 00:21:04,Que tarde relaxante lendo na rede.,0.0966
PA004973,2023-06-28 02:30:20,"Padaria da esquina lancou sabor novo, recomendo.",0.1098
PA004974,2023-06-28 04:13:26,"Pausa pro cafe com os colegas, bate-papo otimo.",0.0096
PA004975,2023-06-28 04:51:47,Leitura no jardim com tempo agradavel.,0.1056
PA004976,2023-06-28 05:20:42,"Volei com os amigos, muita risada e diversao.",0.0089
PA004977,2023-06-28 07:17:34,"Estrada livre, cheguei no trabalho rapido hoje.",0.0917
PA004978,2023-06-28 10:13:14,"Configurei o home office com setup novo, otimo.",0.142
PA004979,2023-06-28 10:20:44,"Viagem de fim de semana para cidade historica, valeu.",0.0802
PA004980,2023-06-28 13:09:53,"Filme otimo ontem, fui ao cinema com a familia.",0.0151
PA004981,2023-06-28 13:30:46,"Passeio no interior no fim de semana, natureza linda.",0.1412
PA004982,2023-06-28 13:41:11,"Acai gelado essa tarde, refrescante demais.",0.1459
PA004983,2023-06-28 14:21:30,"Dia nublado mas tranquilo, bom para estudar sem distracao.",0.0616
PA004984,2023-06-28 16:42:15,App de produtividade novo que encontrei e otimo.,0.0654
PA004985,2023-06-28 18:01:57,"Tentei receita nova de bolo de cenoura, ficou fofinho.",0.0543
PA004986,2023-06-28 18:06:48,"Meu time ganhou hoje, que jogo bonito foi.",0.0581
PA004987,2023-06-28 18:38:59,"O outono chegou cedo esse ano, que frio gostoso de manha.",0.0596
PA004988,2023-06-28 18:59:30,Atualizacao deixou o sistema muito mais rapido.,0.105
PA004989,2023-06-28 19:55:00,Grupo de estudos foi muito produtivo hoje.,0.0798
PA004990,2023-06-28 20:24:30,Leitura no jardim com tempo agradavel.,0.141
PA004991,2023-06-28 21:04:40,"Meu time ganhou hoje, que jogo bonito foi.",0.1021
PA004992,2023-06-28 21:04:50,"Teatro incrivel ontem, peca muito bem dirigida.",0.0252
PA004993,2023-06-28 21:47:02,"Sopa de legumes no frio, reconfortante e gostosa.",0.0565
PA004994,2023-06-28 22:11:38,Leitura no jardim com tempo agradavel.,0.0065
PA004995,2023-06-28 22:37:44,Feira de artesanato gostosa de passear.,0.0702
PA004996,2023-06-28 23:42:06,Tarde produtiva organizando e limpando a casa.,0.1648
PA004997,2023-06-29 00:23:34,"Testei IA para ajudar com codigo, funcionou bem.",0.1628
PA004998,2023-06-29 00:29:02,"Viagem de fim de semana para cidade historica, valeu.",0.1221
PA004999,2023-06-29 01:20:54,"Chuva passageira a tarde, depois o tempo abriu lindo.",0.0619
PA005000,2023-06-29 02:02:36,"Domingo em familia, melhor dia da semana.",0.0417
PA005001,2023-06-29 02:28:01,Caminhada ate a estacao foi otima hoje.,0.0941
PA005002,2023-06-29 03:42:53,Jantar simples mas gostoso com a familia.,0.0732
PA005003,2023-06-29 04:14:14,Aula incrivel sobre estatistica aplicada hoje.,0.1117
PA005004,2023-06-29 06:59:44,"Governo aumentando imposto de novo, inacreditavel.",0.4707
PA005005,2023-06-29 08:19:12,Aula incrivel sobre estatistica aplicada hoje.,0.0672
PA005006,2023-06-29 08:19:41,"Aprendi receita nova no youtube, ficou otimo.",0.1593
PA005007,2023-06-29 10:37:12,"Fechei projeto importante essa semana, que alegria.",0.0379
PA005008,2023-06-29 15:06:58,Show ao vivo incrivel no fim de semana.,0.0
PA005009,2023-06-29 15:14:31,Leitura no jardim com tempo agradavel.,0.0403
PA005010,2023-06-29 15:56:38,"Passei na certificacao, muito feliz com o resultado.",0.1246
PA005011,2023-06-29 16:47:47,"Pausa pro cafe com os colegas, bate-papo otimo.",0.1269
PA005012,2023-06-29 17:45:39,Pedalada de tarde com vista incrivel do parque.,0.128
PA005013,2023-06-29 18:06:46,"Natacao de manha, melhor inicio de dia possivel.",0.079
PA005014,2023-06-29 18:39:39,Jantar simples mas gostoso com a familia.,0.0885
PA005015,2023-06-29 18:59:14,"Consegui estacionamento logo de cara, dia de sorte mesmo.",0.0895
PA005016,2023-06-29 20:39:00,"Passei na certificacao, muito feliz com o resultado.",0.0525
PA005017,2023-06-29 23:43:07,"Apresentacao correu muito bem, todos gostaram.",0.0
PA005018,2023-06-30 03:06:39,"Biblioteca da universidade, ambiente otimo para estudar.",0.154
PA005019,2023-06-30 03:13:23,Jogo novo me viciou de um jeito bom.,0.0369
PA005020,2023-06-30 04:12:57,"Estudando para a prova de amanha, bem concentrado.",0.0961
PA005021,2023-06-30 04:20:54,Terminei o trabalho da faculdade com antecedencia.,0.0823
PA005022,2023-06-30 04:30:00,Finalmente entendi aquele conceito que me travava.,0.0555
PA005023,2023-06-30 04:55:58,"Trilha ecologica incrivel, natureza pura.",0.1207
PA005024,2023-06-30 05:50:50,Feira de artesanato gostosa de passear.,0.0315
PA005025,2023-06-30 06:07:12,Leitura no jardim com tempo agradavel.,0.1578
PA005026,2023-06-30 06:13:09,"Plantei temperos na sacada, que satisfacao.",0.0899
PA005027,2023-06-30 06:47:11,"Trilha ecologica incrivel, natureza pura.",0.0652
PA005028,2023-06-30 07:11:35,"Acai gelado essa tarde, refrescante demais.",0.1133
PA005029,2023-06-30 08:07:30,"Dia nublado mas tranquilo, bom para estudar sem distracao.",0.1137
PA005030,2023-06-30 09:40:11,"Biblioteca da universidade, ambiente otimo para estudar.",0.1101
PA005031,2023-06-30 09:57:48,Semana intensa mas muito satisfatoria no trabalho.,0.1148
PA005032,2023-06-30 10:55:00,Finalmente entendi aquele conceito que me travava.,0.0773
PA005033,2023-06-30 11:38:50,"Minha mae fez feijao com arroz e linguica, classico perfeito.",0.0754
PA005034,2023-06-30 13:21:32,"Almoco incrivel hoje, fiz lasanha caseira do zero.",0.0927
PA005035,2023-06-30 14:16:49,"Chuva passageira a tarde, depois o tempo abriu lindo.",0.0695
PA005036,2023-06-30 14:28:32,"Museu da cidade muito interessante, aprendi bastante.",0.1208
PA005037,2023-06-30 14:52:17,Leitura no jardim com tempo agradavel.,0.0598
PA005038,2023-06-30 18:12:22,Aplicativo de carona funcionou perfeitamente.,0.1503
PA005039,2023-06-30 18:20:10,Atualizacao deixou o sistema muito mais rapido.,0.0525
PA005040,2023-06-30 19:37:05,"Biblioteca da universidade, ambiente otimo para estudar.",0.0783
PA005041,2023-06-30 22:10:18,"Testei IA para ajudar com codigo, funcionou bem.",0.147
PA005042,2023-06-30 23:14:59,"Aprendi receita nova no youtube, ficou otimo.",0.1164
PA005043,2023-06-30 23:40:13,Podcast sobre tecnologia muito interessante.,0.0761
PA005044,2023-07-01 00:39:00,Aplicativo de carona funcionou perfeitamente.,0.0002
PA005045,2023-07-01 00:42:16,"Tarefa dificil concluida com sucesso, que satisfacao.",0.0792
PA005046,2023-07-01 01:31:55,"Sopa de legumes no frio, reconfortante e gostosa.",0.1258
PA005047,2023-07-01 02:08:26,"Apresentacao correu muito bem, todos gostaram.",0.1005
PA005048,2023-07-01 02:34:07,Feira de artesanato gostosa de passear.,0.0126
PA005049,2023-07-01 02:44:48,"Almoco incrivel hoje, fiz lasanha caseira do zero.",0.127
PA005050,2023-07-01 02:57:40,"Filme otimo ontem, fui ao cinema com a familia.",0.1525
PA005051,2023-07-01 03:35:33,Feira de artesanato gostosa de passear.,0.1091
PA005052,2023-07-01 03:45:00,"Vento agradavel hoje, aproveitei para caminhar no parque.",0.1163
PA005053,2023-07-01 04:45:35,Atualizacao deixou o sistema muito mais rapido.,0.0213
PA005054,2023-07-01 05:06:59,"Testei IA para ajudar com codigo, funcionou bem.",0.1274
PA005055,2023-07-01 05:35:24,"Estudando para a prova de amanha, bem concentrado.",0.0797
PA005056,2023-07-01 06:07:48,Show ao vivo incrivel no fim de semana.,0.1122
PA005057,2023-07-01 06:08:43,"Passeio com o cachorro no parque, ele adorou.",0.028
PA005058,2023-07-01 07:02:07,"Museu da cidade muito interessante, aprendi bastante.",0.0427
PA005059,2023-07-01 07:27:40,"Vento agradavel hoje, aproveitei para caminhar no parque.",0.1019
PA005060,2023-07-01 08:38:26,"Novo celular chegou, a camera e impressionante.",0.0591
PA005061,2023-07-01 11:30:17,Podcast sobre tecnologia muito interessante.,0.0
PA005062,2023-07-01 11:30:51,"Home office com cafe fresquinho do lado, otimo.",0.0668
PA005063,2023-07-01 13:15:27,Finalmente entendi aquele conceito que me travava.,0.0399
PA005064,2023-07-01 13:54:20,Que tarde relaxante lendo na rede.,0.0576
PA005065,2023-07-01 14:04:27,"Que calor hoje, tive que ligar o ar condicionado logo cedo.",0.0411
PA005066,2023-07-01 14:38:08,"Cuidando das plantas em casa, muito terapeutico.",0.0
PA005067,2023-07-01 15:07:43,"Choveu a tarde toda, dia perfeito pra ficar em casa lendo.",0.0831
PA005068,2023-07-01 15:50:53,"Que calor hoje, tive que ligar o ar condicionado logo cedo.",0.1158
PA005069,2023-07-01 17:24:02,"Fui num restaurante novo, a pizza estava espetacular.",0.144
PA005070,2023-07-01 18:16:31,"Dia nublado mas tranquilo, bom para estudar sem distracao.",0.0433
PA005071,2023-07-01 18:53:59,"Museu da cidade muito interessante, aprendi bastante.",0.0801
PA005072,2023-07-01 20:17:19,Feira de artesanato gostosa de passear.,0.1404
PA005073,2023-07-01 20:25:30,Show ao vivo incrivel no fim de semana.,0.1275
PA005074,2023-07-01 21:14:06,Jogo novo me viciou de um jeito bom.,0.0781
PA005075,2023-07-01 21:30:17,"Biblioteca da universidade, ambiente otimo para estudar.",0.0559
PA005076,2023-07-01 22:36:43,"Dia nublado mas tranquilo, bom para estudar sem distracao.",0.066
PA005077,2023-07-01 22:49:25,"Padaria da esquina lancou sabor novo, recomendo.",0.0539
PA005078,2023-07-01 22:50:32,"Natacao de manha, melhor inicio de dia possivel.",0.0614
PA005079,2023-07-01 22:57:28,"Metro bem tranquilo essa manha, cheguei bem.",0.0542
PA005080,2023-07-01 23:13:59,Jantar simples mas gostoso com a familia.,0.0829
PA005081,2023-07-02 00:22:17,Pedalada de tarde com vista incrivel do parque.,0.0889
PA005082,2023-07-02 00:45:02,App de produtividade novo que encontrei e otimo.,0.0
PA005083,2023-07-02 02:11:24,Aplicativo de carona funcionou perfeitamente.,0.0965
PA005084,2023-07-02 03:01:36,Aula incrivel sobre estatistica aplicada hoje.,0.1032
PA005085,2023-07-02 05:56:44,"Serie nova incrivel, amei o primeiro episodio.",0.0
PA005086,2023-07-02 09:44:32,"Corri 5km de manha, semana otima de treino.",0.0
PA005087,2023-07-02 10:50:55,"Onibus chegou no horario hoje, que surpresa agradavel.",0.1292
PA005088,2023-07-02 11:04:00,"Biblioteca da universidade, ambiente otimo para estudar.",0.0946
PA005089,2023-07-02 13:13:26,"Viagem de fim de semana para cidade historica, valeu.",0.0976
PA005090,2023-07-02 15:19:53,"Museu da cidade muito interessante, aprendi bastante.",0.0533
PA005091,2023-07-02 16:09:13,"Vento agradavel hoje, aproveitei para caminhar no parque.",0.0634
PA005092,2023-07-02 16:25:27,"Almoco incrivel hoje, fiz lasanha caseira do zero.",0.027
PA005093,2023-07-02 16:28:44,"Configurei o home office com setup novo, otimo.",0.1641
PA005094,2023-07-02 16:49:51,"Meditacao de manha, comecando o dia muito bem.",0.0562
PA005095,2023-07-02 17:11:33,"Apresentacao correu muito bem, todos gostaram.",0.089
PA005096,2023-07-02 17:28:24,"Almoco incrivel hoje, fiz lasanha caseira do zero.",0.1122
PA005097,2023-07-02 17:39:03,Brigadeiro de panela saiu incrivel hoje.,0.0898
PA005098,2023-07-02 20:32:19,"Passeio com o cachorro no parque, ele adorou.",0.0365
PA005099,2023-07-02 21:02:27,Finalmente entendi aquele conceito que me travava.,0.0145
PA005100,2023-07-02 22:28:53,Podcast sobre tecnologia muito interessante.,0.0672
PA005101,2023-07-02 23:01:16,Que tarde relaxante lendo na rede.,0.1616
PA005102,2023-07-02 23:36:36,"Meu time ganhou hoje, que jogo bonito foi.",0.1261
PA005103,2023-07-02 23:54:46,"Reuniao produtiva hoje, saimos com otimas ideias.",0.1231
PA005104,2023-07-03 04:28:47,"Estrada livre, cheguei no trabalho rapido hoje.",0.1692
PA005105,2023-07-03 07:31:08,"O outono chegou cedo esse ano, que frio gostoso de manha.",0.0738
PA005106,2023-07-03 08:19:59,"Yoga pela manha, comecei o dia muito bem.",0.1005
PA005107,2023-07-03 08:20:28,"Apresentacao correu muito bem, todos gostaram.",0.0457
PA005108,2023-07-03 08:31:48,"Apresentacao correu muito bem, todos gostaram.",0.0457
PA005109,2023-07-03 10:54:23,Terminei o trabalho da faculdade com antecedencia.,0.1231
PA005110,2023-07-03 11:59:22,Aula incrivel sobre estatistica aplicada hoje.,0.0665
PA005111,2023-07-03 12:28:50,"Volei com os amigos, muita risada e diversao.",0.119
PA005112,2023-07-03 13:31:28,"Consegui estacionamento logo de cara, dia de sorte mesmo.",0.0789
PA005113,2023-07-03 13:38:44,"Plantei temperos na sacada, que satisfacao.",0.1348
PA005114,2023-07-03 13:43:11,"Tentei receita nova de bolo de cenoura, ficou fofinho.",0.1574
PA005115,2023-07-03 13:46:48,"Fui de bike hoje, que exercicio agradavel de manha.",0.1357
PA005116,2023-07-03 13:54:55,"Vento agradavel hoje, aproveitei para caminhar no parque.",0.0042
PA005117,2023-07-03 14:44:58,Jantar simples mas gostoso com a familia.,0.1612
PA005118,2023-07-03 14:47:37,"Fui num restaurante novo, a pizza estava espetacular.",0.0991
PA005119,2023-07-03 15:32:03,Terminei o trabalho da faculdade com antecedencia.,0.0485
PA005120,2023-07-03 16:05:28,App de produtividade novo que encontrei e otimo.,0.3076
PA005121,2023-07-03 17:18:11,Aula incrivel sobre estatistica aplicada hoje.,0.1012
PA005122,2023-07-03 17:33:30,"Configurei o home office com setup novo, otimo.",0.0546
PA005123,2023-07-03 20:21:47,"Yoga pela manha, comecei o dia muito bem.",0.1008
PA005124,2023-07-03 20:59:34,"Testei IA para ajudar com codigo, funcionou bem.",0.0875
PA005125,2023-07-03 23:02:29,Grupo de estudos foi muito produtivo hoje.,0.0
PA005126,2023-07-03 23:25:38,"Configurei o home office com setup novo, otimo.",0.0268
PA005127,2023-07-04 00:12:42,"Fui num restaurante novo, a pizza estava espetacular.",0.1048
PA005128,2023-07-04 00:19:04,"Aprendi receita nova no youtube, ficou otimo.",0.1002
PA005129,2023-07-04 03:17:45,Atualizacao deixou o sistema muito mais rapido.,0.1035
PA005130,2023-07-04 05:00:46,Pedalada de tarde com vista incrivel do parque.,0.0904
PA005131,2023-07-04 06:21:02,"Choveu a tarde toda, dia perfeito pra ficar em casa lendo.",0.0971
PA005132,2023-07-04 06:24:11,Cafe da manha caprichado: tapioca com ovo e suco de laranja.,0.0442
PA005133,2023-07-04 06:45:15,Jantar simples mas gostoso com a familia.,0.1275
PA005134,2023-07-04 08:26:34,"Academia hoje, treino puxado mas valeu muito.",0.08
PA005135,2023-07-04 11:16:15,Jantar simples mas gostoso com a familia.,0.028
PA005136,2023-07-04 11:42:19,"Estudando para a prova de amanha, bem concentrado.",0.1075
PA005137,2023-07-04 14:59:49,"Plantei temperos na sacada, que satisfacao.",0.1137
PA005138,2023-07-04 15:23:09,"Churrasco com a familia no final de semana, delicioso.",0.0643
PA005139,2023-07-04 15:56:46,Caminhada ate a estacao foi otima hoje.,0.1394
PA005140,2023-07-04 16:13:48,Podcast sobre tecnologia muito interessante.,0.1138
PA005141,2023-07-04 17:18:57,"Notebook novo chegou, que desempenho incrivel.",0.0769
PA005142,2023-07-04 17:52:08,"Novo celular chegou, a camera e impressionante.",0.0971
PA005143,2023-07-04 18:21:41,"Sopa de legumes no frio, reconfortante e gostosa.",0.1242
PA005144,2023-07-04 19:07:47,Tarde produtiva organizando e limpando a casa.,0.102
PA005145,2023-07-04 19:33:52,"Apresentacao correu muito bem, todos gostaram.",0.1183
PA005146,2023-07-04 19:50:21,"Meu time ganhou hoje, que jogo bonito foi.",0.102
PA005147,2023-07-04 19:53:26,Caminhada ate a estacao foi otima hoje.,0.1583
PA005148,2023-07-04 20:04:06,"Praia tranquila, sol perfeito, descanso total.",0.0902
PA005149,2023-07-04 20:07:58,"Academia hoje, treino puxado mas valeu muito.",0.0664
PA005150,2023-07-04 20:57:15,"Pipoca e serie boa na sexta, programa perfeito.",0.0384
PA005151,2023-07-04 21:44:31,"Almoco incrivel hoje, fiz lasanha caseira do zero.",0.0185
PA005152,2023-07-04 23:06:51,"Cuidando das plantas em casa, muito terapeutico.",0.0737
PA005153,2023-07-05 00:47:43,"Tarefa dificil concluida com sucesso, que satisfacao.",0.0376
PA005154,2023-07-05 00:49:24,Show ao vivo incrivel no fim de semana.,0.0893
PA005155,2023-07-05 01:32:25,"Plantei temperos na sacada, que satisfacao.",0.0245
PA005156,2023-07-05 02:08:17,"Tarefa dificil concluida com sucesso, que satisfacao.",0.0641
PA005157,2023-07-05 02:46:31,"Novo celular chegou, a camera e impressionante.",0.0606
PA005158,2023-07-05 03:04:45,Jantar simples mas gostoso com a familia.,0.1378
PA005159,2023-07-05 06:59:02,"Museu da cidade muito interessante, aprendi bastante.",0.0729
PA005160,2023-07-05 07:26:37,"Churrasco com a familia no final de semana, delicioso.",0.0605
PA005161,2023-07-05 08:09:37,Show ao vivo incrivel no fim de semana.,0.0999
PA005162,2023-07-05 08:26:05,"Academia hoje, treino puxado mas valeu muito.",0.094
PA005163,2023-07-05 08:31:51,"Yoga pela manha, comecei o dia muito bem.",0.0743
PA005164,2023-07-05 08:51:43,"Tentei receita nova de bolo de cenoura, ficou fofinho.",0.0931
PA005165,2023-07-05 09:03:31,Que tarde relaxante lendo na rede.,0.0475
PA005166,2023-07-05 10:55:22,"Tentei receita nova de bolo de cenoura, ficou fofinho.",0.1351
PA005167,2023-07-05 13:06:38,Tarde produtiva organizando e limpando a casa.,0.1908
PA005168,2023-07-05 13:15:16,Feira de artesanato gostosa de passear.,0.0867
PA005169,2023-07-05 14:44:59,"Chega de promessa vazia, quero resultado de verdade.",0.7102
PA005170,2023-07-05 15:01:51,"Fechei projeto importante essa semana, que alegria.",0.0551
PA005171,2023-07-05 16:03:49,Brigadeiro de panela saiu incrivel hoje.,0.0864
PA005172,2023-07-05 16:04:42,"Filme otimo ontem, fui ao cinema com a familia.",0.0683
PA005173,2023-07-05 17:00:52,"Testei IA para ajudar com codigo, funcionou bem.",0.2547
PA005174,2023-07-05 17:37:02,"Domingo em familia, melhor dia da semana.",0.0091
PA005175,2023-07-05 19:35:31,Tarde produtiva organizando e limpando a casa.,0.1099
PA005176,2023-07-05 20:59:22,"Meditacao de manha, comecando o dia muito bem.",0.0908
PA005177,2023-07-05 21:31:24,"Que calor hoje, tive que ligar o ar condicionado logo cedo.",0.0987
PA005178,2023-07-05 21:48:34,"Sol lindo hoje, cafe na varanda foi otimo.",0.0262
PA005179,2023-07-05 22:49:01,"Teatro incrivel ontem, peca muito bem dirigida.",0.0974
PA005180,2023-07-05 22:51:56,"Museu da cidade muito interessante, aprendi bastante.",0.0999
PA005181,2023-07-05 23:46:43,"Plantei temperos na sacada, que satisfacao.",0.0502
PA005182,2023-07-06 01:49:26,"Vento agradavel hoje, aproveitei para caminhar no parque.",0.0833
PA005183,2023-07-06 02:40:10,"Padaria da esquina lancou sabor novo, recomendo.",0.0784
PA005184,2023-07-06 03:20:20,"Dia nublado mas tranquilo, bom para estudar sem distracao.",0.0793
PA005185,2023-07-06 03:29:25,"Plantei temperos na sacada, que satisfacao.",0.0
PA005186,2023-07-06 04:35:39,"Almoco incrivel hoje, fiz lasanha caseira do zero.",0.0155
PA005187,2023-07-06 04:48:27,"Fui de bike hoje, que exercicio agradavel de manha.",0.0328
PA005188,2023-07-06 06:20:55,"Maratonei a temporada completa, valeu cada minuto.",0.0724
PA005189,2023-07-06 07:23:09,"Passeio no interior no fim de semana, natureza linda.",0.0635
PA005190,2023-07-06 07:27:55,"Volei com os amigos, muita risada e diversao.",0.1196
PA005191,2023-07-06 07:40:32,"Volei com os amigos, muita risada e diversao.",0.0277
PA005192,2023-07-06 08:08:54,Que tarde relaxante lendo na rede.,0.1551
PA005193,2023-07-06 09:54:27,"Que calor hoje, tive que ligar o ar condicionado logo cedo.",0.1076
PA005194,2023-07-06 11:30:11,"Fechei projeto importante essa semana, que alegria.",0.1096
PA005195,2023-07-06 12:03:24,App de produtividade novo que encontrei e otimo.,0.0
PA005196,2023-07-06 12:49:16,Jogo novo me viciou de um jeito bom.,0.0901
PA005197,2023-07-06 14:30:14,"Trilha ecologica incrivel, natureza pura.",0.094
PA005198,2023-07-06 14:42:46,"Plantei temperos na sacada, que satisfacao.",0.1034
PA005199,2023-07-06 15:08:50,Tarde produtiva organizando e limpando a casa.,0.1083
PA005200,2023-07-06 15:35:59,"O outono chegou cedo esse ano, que frio gostoso de manha.",0.0783
PA005201,2023-07-06 16:29:43,"Notebook novo chegou, que desempenho incrivel.",0.0747
PA005202,2023-07-06 17:25:59,"Padaria da esquina lancou sabor novo, recomendo.",0.0746
PA005203,2023-07-06 18:06:21,"Notebook novo chegou, que desempenho incrivel.",0.079
PA005204,2023-07-07 01:05:53,"Passeio no interior no fim de semana, natureza linda.",0.0359
PA005205,2023-07-07 03:12:00,App de produtividade novo que encontrei e otimo.,0.0
PA005206,2023-07-07 04:14:58,"Trilha ecologica incrivel, natureza pura.",0.0959
PA005207,2023-07-07 04:19:20,Jantar simples mas gostoso com a familia.,0.1188
PA005208,2023-07-07 04:25:10,"Pausa pro cafe com os colegas, bate-papo otimo.",0.1308
PA005209,2023-07-07 04:34:59,Atualizacao deixou o sistema muito mais rapido.,0.1179
PA005210,2023-07-07 04:50:51,"Passeio com o cachorro no parque, ele adorou.",0.0378
PA005211,2023-07-07 05:19:05,"Chuva passageira a tarde, depois o tempo abriu lindo.",0.0397
PA005212,2023-07-07 06:40:42,"Serie nova incrivel, amei o primeiro episodio.",0.1235
PA005213,2023-07-07 07:11:55,Terminei o trabalho da faculdade com antecedencia.,0.12
PA005214,2023-07-07 07:34:44,"Passeio com o cachorro no parque, ele adorou.",0.1191
PA005215,2023-07-07 07:42:13,"Minha mae fez feijao com arroz e linguica, classico perfeito.",0.1467
PA005216,2023-07-07 07:56:08,"Cuidando das plantas em casa, muito terapeutico.",0.0687
PA005217,2023-07-07 08:16:22,Caminhada ate a estacao foi otima hoje.,0.0376
PA005218,2023-07-07 09:29:21,"Estrada livre, cheguei no trabalho rapido hoje.",0.0322
PA005219,2023-07-07 09:58:56,"Pipoca e serie boa na sexta, programa perfeito.",0.1806
PA005220,2023-07-07 10:24:01,"Dia nublado mas tranquilo, bom para estudar sem distracao.",0.072
PA005221,2023-07-07 12:53:31,"Configurei o home office com setup novo, otimo.",0.0969
PA005222,2023-07-07 13:45:21,"Padaria da esquina lancou sabor novo, recomendo.",0.1027
PA005223,2023-07-07 14:27:17,Que tarde relaxante lendo na rede.,0.0
PA005224,2023-07-07 14:35:59,Semana intensa mas muito satisfatoria no trabalho.,0.1066
PA005225,2023-07-07 14:49:45,"Tarefa dificil concluida com sucesso, que satisfacao.",0.1753
PA005226,2023-07-07 14:53:36,Brigadeiro de panela saiu incrivel hoje.,0.1312
PA005227,2023-07-07 16:22:03,Jantar simples mas gostoso com a familia.,0.1842
PA005228,2023-07-07 16:48:05,"Praia tranquila, sol perfeito, descanso total.",0.0743
PA005229,2023-07-07 19:17:03,Caminhada ate a estacao foi otima hoje.,0.0113
PA005230,2023-07-07 19:35:54,Tarde produtiva organizando e limpando a casa.,0.0114
PA005231,2023-07-07 19:53:52,"Yoga pela manha, comecei o dia muito bem.",0.0116
PA005232,2023-07-07 23:32:33,"Livro excelente sobre ciencia de dados, recomendo muito.",0.0663
PA005233,2023-07-08 00:30:32,Feira de artesanato gostosa de passear.,0.1457
PA005234,2023-07-08 00:44:10,"Praia tranquila, sol perfeito, descanso total.",0.0209
PA005235,2023-07-08 01:04:56,"Acai gelado essa tarde, refrescante demais.",0.0992
PA005236,2023-07-08 01:58:44,"Museu da cidade muito interessante, aprendi bastante.",0.0308
PA005237,2023-07-08 03:33:34,"Dia nublado mas tranquilo, bom para estudar sem distracao.",0.0427
PA005238,2023-07-08 04:29:03,"Cuidando das plantas em casa, muito terapeutico.",0.0151
PA005239,2023-07-08 05:41:29,"Sol lindo hoje, cafe na varanda foi otimo.",0.0997
PA005240,2023-07-08 05:53:00,"Padaria da esquina lancou sabor novo, recomendo.",0.0827
PA005241,2023-07-08 07:58:22,Tarde produtiva organizando e limpando a casa.,0.1408
PA005242,2023-07-08 09:09:05,Feira de artesanato gostosa de passear.,0.0175
PA005243,2023-07-08 10:53:51,"Museu da cidade muito interessante, aprendi bastante.",0.0456
PA005244,2023-07-08 11:01:42,Que tarde relaxante lendo na rede.,0.0712
PA005245,2023-07-08 11:14:27,"Passeio com o cachorro no parque, ele adorou.",0.0651
PA005246,2023-07-08 11:15:32,"Vento agradavel hoje, aproveitei para caminhar no parque.",0.0867
PA005247,2023-07-08 11:28:08,Grupo de estudos foi muito produtivo hoje.,0.0
PA005248,2023-07-08 11:35:58,"Consegui estacionamento logo de cara, dia de sorte mesmo.",0.0924
PA005249,2023-07-08 12:09:23,"Passeio com o cachorro no parque, ele adorou.",0.0627
PA005250,2023-07-08 12:13:38,"Teatro incrivel ontem, peca muito bem dirigida.",0.0971
PA005251,2023-07-08 12:40:56,"Teatro incrivel ontem, peca muito bem dirigida.",0.1635
PA005252,2023-07-08 13:48:10,"Academia hoje, treino puxado mas valeu muito.",0.1219
PA005253,2023-07-08 14:02:51,"Apresentacao correu muito bem, todos gostaram.",0.0642
PA005254,2023-07-08 14:44:02,"Academia hoje, treino puxado mas valeu muito.",0.0712
PA005255,2023-07-08 15:23:22,"Cuidando das plantas em casa, muito terapeutico.",0.0991
PA005256,2023-07-08 15:33:36,"Novo celular chegou, a camera e impressionante.",0.0
PA005257,2023-07-08 15:48:20,"Teatro incrivel ontem, peca muito bem dirigida.",0.079
PA005258,2023-07-08 17:05:26,"Domingo em familia, melhor dia da semana.",0.0828
PA005259,2023-07-08 18:29:46,"Novo celular chegou, a camera e impressionante.",0.0394
PA005260,2023-07-08 20:09:11,Terminei o trabalho da faculdade com antecedencia.,0.0979
PA005261,2023-07-08 20:19:16,"Passei na certificacao, muito feliz com o resultado.",0.0672
PA005262,2023-07-08 20:43:33,"Tentei receita nova de bolo de cenoura, ficou fofinho.",0.0391
PA005263,2023-07-08 21:48:21,Aplicativo de carona funcionou perfeitamente.,0.1198
PA005264,2023-07-08 22:13:43,"Reencontrei um amigo antigo por acaso, que alegria.",0.1022
PA005265,2023-07-08 22:47:16,"Cuidando das plantas em casa, muito terapeutico.",0.1469
PA005266,2023-07-08 23:01:41,Que manha fresca e agradavel para uma caminhada.,0.2
PA005267,2023-07-09 00:28:04,"Maratonei a temporada completa, valeu cada minuto.",0.0904
PA005268,2023-07-09 01:11:26,Leitura no jardim com tempo agradavel.,0.0315
PA005269,2023-07-09 01:58:40,"Filme otimo ontem, fui ao cinema com a familia.",0.0418
PA005270,2023-07-09 02:29:49,"Reencontrei um amigo antigo por acaso, que alegria.",0.0831
PA005271,2023-07-09 04:35:58,"Livro excelente sobre ciencia de dados, recomendo muito.",0.0958
PA005272,2023-07-09 05:47:47,"Cuidando das plantas em casa, muito terapeutico.",0.104
PA005273,2023-07-09 06:39:56,"O outono chegou cedo esse ano, que frio gostoso de manha.",0.0494
PA005274,2023-07-09 07:22:53,"Livro excelente sobre ciencia de dados, recomendo muito.",0.0
PA005275,2023-07-09 08:42:08,"Meu time ganhou hoje, que jogo bonito foi.",0.0193
PA005276,2023-07-09 09:55:42,Atualizacao deixou o sistema muito mais rapido.,0.0862
PA005277,2023-07-09 10:41:01,"Chuva passageira a tarde, depois o tempo abriu lindo.",0.1117
PA005278,2023-07-09 11:44:57,"Reuniao produtiva hoje, saimos com otimas ideias.",0.014
PA005279,2023-07-09 11:47:45,"Trilha ecologica incrivel, natureza pura.",0.056
PA005280,2023-07-09 14:05:46,"Churrasco com a familia no final de semana, delicioso.",0.0333
PA005281,2023-07-09 16:05:55,"Reuniao produtiva hoje, saimos com otimas ideias.",0.077
PA005282,2023-07-09 17:10:00,"Biblioteca da universidade, ambiente otimo para estudar.",0.1626
PA005283,2023-07-09 17:23:59,"Natacao de manha, melhor inicio de dia possivel.",0.1322
PA005284,2023-07-09 18:11:55,"Pausa pro cafe com os colegas, bate-papo otimo.",0.0922
PA005285,2023-07-09 18:55:06,"Passeio com o cachorro no parque, ele adorou.",0.1112
PA005286,2023-07-09 19:07:18,"Teatro incrivel ontem, peca muito bem dirigida.",0.0624
PA005287,2023-07-09 19:39:52,"Museu da cidade muito interessante, aprendi bastante.",0.0884
PA005288,2023-07-09 19:44:49,"Novo celular chegou, a camera e impressionante.",0.0508
PA005289,2023-07-09 20:11:03,Atualizacao deixou o sistema muito mais rapido.,0.2
PA005290,2023-07-09 20:51:36,"Chuva passageira a tarde, depois o tempo abriu lindo.",0.1837
PA005291,2023-07-09 20:53:49,"Volei com os amigos, muita risada e diversao.",0.0962
PA005292,2023-07-09 23:59:56,"Museu da cidade muito interessante, aprendi bastante.",0.0798
PA005293,2023-07-10 00:33:35,Terminei o trabalho da faculdade com antecedencia.,0.047
PA005294,2023-07-10 00:41:42,Feira de artesanato gostosa de passear.,0.1138
PA005295,2023-07-10 02:09:47,"Serie nova incrivel, amei o primeiro episodio.",0.1258
PA005296,2023-07-10 02:38:52,"Fui num restaurante novo, a pizza estava espetacular.",0.1178
PA005297,2023-07-10 02:47:14,"Pausa pro cafe com os colegas, bate-papo otimo.",0.043
PA005298,2023-07-10 03:59:09,"Home office com cafe fresquinho do lado, otimo.",0.0609
PA005299,2023-07-10 05:58:18,"Onibus chegou no horario hoje, que surpresa agradavel.",0.1251
PA005300,2023-07-10 06:10:01,"Sol lindo hoje, cafe na varanda foi otimo.",0.1329
PA005301,2023-07-10 06:48:25,"Plantei temperos na sacada, que satisfacao.",0.0805
PA005302,2023-07-10 09:19:23,"Acai gelado essa tarde, refrescante demais.",0.0843
PA005303,2023-07-10 12:07:48,"Yoga pela manha, comecei o dia muito bem.",0.0428
PA005304,2023-07-10 12:21:39,"Novo celular chegou, a camera e impressionante.",0.1123
PA005305,2023-07-10 13:43:11,"Reuniao produtiva hoje, saimos com otimas ideias.",0.0714
PA005306,2023-07-10 14:07:18,Semana intensa mas muito satisfatoria no trabalho.,0.075
PA005307,2023-07-10 15:40:07,"Padaria da esquina lancou sabor novo, recomendo.",0.0331
PA005308,2023-07-10 15:56:24,"Viagem de fim de semana para cidade historica, valeu.",0.0446
PA005309,2023-07-10 17:12:03,Finalmente entendi aquele conceito que me travava.,0.0435
PA005310,2023-07-10 17:29:41,"Musica nova do meu artista favorito, de outro nivel.",0.0042
PA005311,2023-07-10 18:47:55,"Livro excelente sobre ciencia de dados, recomendo muito.",0.0
PA005312,2023-07-10 20:56:22,"Almoco incrivel hoje, fiz lasanha caseira do zero.",0.0947
PA005313,2023-07-10 21:04:25,"Fechei projeto importante essa semana, que alegria.",0.1887
PA005314,2023-07-10 21:06:03,Aplicativo de carona funcionou perfeitamente.,0.0361
PA005315,2023-07-10 23:56:06,Aula incrivel sobre estatistica aplicada hoje.,0.0
PA005316,2023-07-11 02:30:59,"Home office com cafe fresquinho do lado, otimo.",0.0928
PA005317,2023-07-11 03:47:39,"Sopa de legumes no frio, reconfortante e gostosa.",0.0549
PA005318,2023-07-11 04:46:31,"Chuva passageira a tarde, depois o tempo abriu lindo.",0.1068
PA005319,2023-07-11 05:13:17,"Natacao de manha, melhor inicio de dia possivel.",0.0864
PA005320,2023-07-11 05:43:39,Que manha fresca e agradavel para uma caminhada.,0.0429
PA005321,2023-07-11 06:03:00,"Meu time ganhou hoje, que jogo bonito foi.",0.102
PA005322,2023-07-11 07:02:28,"Configurei o home office com setup novo, otimo.",0.0403
PA005323,2023-07-11 07:46:42,"Configurei o home office com setup novo, otimo.",0.0597
PA005324,2023-07-11 07:50:20,"Onibus chegou no horario hoje, que surpresa agradavel.",0.0154
PA005325,2023-07-11 09:37:01,Aula incrivel sobre estatistica aplicada hoje.,0.062
PA005326,2023-07-11 10:55:27,"Fui num restaurante novo, a pizza estava espetacular.",0.1807
PA005327,2023-07-11 10:59:38,"Domingo em familia, melhor dia da semana.",0.0198
PA005328,2023-07-11 11:03:17,"Passei na certificacao, muito feliz com o resultado.",0.1167
PA005329,2023-07-11 11:30:32,"Testei IA para ajudar com codigo, funcionou bem.",0.0296
PA005330,2023-07-11 11:41:40,Podcast sobre tecnologia muito interessante.,0.0553
PA005331,2023-07-11 11:52:12,"Passeio no interior no fim de semana, natureza linda.",0.0433
PA005332,2023-07-11 11:54:33,"Pausa pro cafe com os colegas, bate-papo otimo.",0.0695
PA005333,2023-07-11 13:06:36,Pedalada de tarde com vista incrivel do parque.,0.0371
PA005334,2023-07-11 14:27:49,"Praia tranquila, sol perfeito, descanso total.",0.0
PA005335,2023-07-11 15:16:27,"Reuniao produtiva hoje, saimos com otimas ideias.",0.1177
PA005336,2023-07-11 15:34:42,Caminhada ate a estacao foi otima hoje.,0.0664
PA005337,2023-07-11 15:50:44,"Corri 5km de manha, semana otima de treino.",0.0537
PA005338,2023-07-11 16:02:46,"Cuidando das plantas em casa, muito terapeutico.",0.1028
PA005339,2023-07-11 17:40:57,"Almoco incrivel hoje, fiz lasanha caseira do zero.",0.0313
PA005340,2023-07-11 17:53:38,"Sol lindo hoje, cafe na varanda foi otimo.",0.0
PA005341,2023-07-11 18:21:04,"Apresentacao correu muito bem, todos gostaram.",0.016
PA005342,2023-07-11 19:17:19,"Domingo em familia, melhor dia da semana.",0.1476
PA005343,2023-07-11 19:19:23,"Governo aumentando imposto de novo, inacreditavel.",0.8633
PA005344,2023-07-11 20:13:20,Aplicativo de carona funcionou perfeitamente.,0.1071
PA005345,2023-07-11 20:39:23,"Academia hoje, treino puxado mas valeu muito.",0.0
PA005346,2023-07-11 20:54:36,"Tarefa dificil concluida com sucesso, que satisfacao.",0.0515
PA005347,2023-07-11 20:55:08,"Choveu a tarde toda, dia perfeito pra ficar em casa lendo.",0.115
PA005348,2023-07-11 21:18:18,"Museu da cidade muito interessante, aprendi bastante.",0.0379
PA005349,2023-07-11 21:34:10,"Meditacao de manha, comecando o dia muito bem.",0.1554
PA005350,2023-07-11 22:24:22,"Trilha ecologica incrivel, natureza pura.",0.0732
PA005351,2023-07-11 23:08:09,"Almoco incrivel hoje, fiz lasanha caseira do zero.",0.0495
PA005352,2023-07-12 03:32:30,"Sopa de legumes no frio, reconfortante e gostosa.",0.0893
PA005353,2023-07-12 03:36:11,"Passeio no interior no fim de semana, natureza linda.",0.0802
PA005354,2023-07-12 04:48:33,"Biblioteca da universidade, ambiente otimo para estudar.",0.0197
PA005355,2023-07-12 05:05:59,"Viagem de fim de semana para cidade historica, valeu.",0.0501
PA005356,2023-07-12 05:59:53,"Fechei projeto importante essa semana, que alegria.",0.0653
PA005357,2023-07-12 06:23:46,Show ao vivo incrivel no fim de semana.,0.123
PA005358,2023-07-12 06:29:04,"Sol lindo hoje, cafe na varanda foi otimo.",0.0769
PA005359,2023-07-12 07:07:02,Leitura no jardim com tempo agradavel.,0.1183
PA005360,2023-07-12 07:40:17,"Tarefa dificil concluida com sucesso, que satisfacao.",0.1201
PA005361,2023-07-12 08:18:21,Grupo de estudos foi muito produtivo hoje.,0.1165
PA005362,2023-07-12 08:51:10,"Novo celular chegou, a camera e impressionante.",0.1087
PA005363,2023-07-12 09:38:06,Jantar simples mas gostoso com a familia.,0.1305
PA005364,2023-07-12 09:45:01,"Teatro incrivel ontem, peca muito bem dirigida.",0.1338
PA005365,2023-07-12 09:55:39,"Acai gelado essa tarde, refrescante demais.",0.0
PA005366,2023-07-12 10:12:48,Leitura no jardim com tempo agradavel.,0.0535
PA005367,2023-07-12 11:03:14,"Reencontrei um amigo antigo por acaso, que alegria.",0.0571
PA005368,2023-07-12 11:36:26,Que manha fresca e agradavel para uma caminhada.,0.0997
PA005369,2023-07-12 12:14:48,"Reuniao produtiva hoje, saimos com otimas ideias.",0.0179
PA005370,2023-07-12 12:39:13,"Dia nublado mas tranquilo, bom para estudar sem distracao.",0.0108
PA005371,2023-07-12 12:47:41,"Notebook novo chegou, que desempenho incrivel.",0.0732
PA005372,2023-07-12 13:46:56,"Novo celular chegou, a camera e impressionante.",0.0869
PA005373,2023-07-12 14:15:22,"Musica nova do meu artista favorito, de outro nivel.",0.0
PA005374,2023-07-12 17:15:51,"Biblioteca da universidade, ambiente otimo para estudar.",0.126
PA005375,2023-07-12 17:55:46,"Estudando para a prova de amanha, bem concentrado.",0.0491
PA005376,2023-07-12 19:28:42,"Plantei temperos na sacada, que satisfacao.",0.1504
PA005377,2023-07-12 19:33:55,"Notebook novo chegou, que desempenho incrivel.",0.0903
PA005378,2023-07-12 21:25:29,Semana intensa mas muito satisfatoria no trabalho.,0.0761
PA005379,2023-07-12 21:31:52,"Consegui estacionamento logo de cara, dia de sorte mesmo.",0.0734
PA005380,2023-07-12 22:23:37,"Churrasco com a familia no final de semana, delicioso.",0.071
PA005381,2023-07-12 22:55:21,Aula incrivel sobre estatistica aplicada hoje.,0.0381
PA005382,2023-07-12 23:52:41,"Natacao de manha, melhor inicio de dia possivel.",0.0783
PA005383,2023-07-13 00:15:25,Que tarde relaxante lendo na rede.,0.0747
PA005384,2023-07-13 00:26:58,"Corri 5km de manha, semana otima de treino.",0.021
PA005385,2023-07-13 01:15:38,Pedalada de tarde com vista incrivel do parque.,0.0756
PA005386,2023-07-13 01:48:52,"Notebook novo chegou, que desempenho incrivel.",0.0628
PA005387,2023-07-13 02:13:07,"Estudando para a prova de amanha, bem concentrado.",0.0703
PA005388,2023-07-13 02:32:49,"Teatro incrivel ontem, peca muito bem dirigida.",0.0541
PA005389,2023-07-13 04:28:28,"O outono chegou cedo esse ano, que frio gostoso de manha.",0.1133
PA005390,2023-07-13 06:50:37,Aula incrivel sobre estatistica aplicada hoje.,0.0281
PA005391,2023-07-13 06:55:45,Caminhada ate a estacao foi otima hoje.,0.3982
PA005392,2023-07-13 07:58:39,"Yoga pela manha, comecei o dia muito bem.",0.0567
PA005393,2023-07-13 08:09:24,Brigadeiro de panela saiu incrivel hoje.,0.1254
PA005394,2023-07-13 08:30:24,"Yoga pela manha, comecei o dia muito bem.",0.1216
PA005395,2023-07-13 09:02:02,"Metro bem tranquilo essa manha, cheguei bem.",0.0611
PA005396,2023-07-13 09:02:36,Caminhada ate a estacao foi otima hoje.,0.1245
PA005397,2023-07-13 09:31:24,"Viagem de fim de semana para cidade historica, valeu.",0.1485
PA005398,2023-07-13 09:43:09,"Viagem de fim de semana para cidade historica, valeu.",0.0568
PA005399,2023-07-13 11:35:09,"Churrasco com a familia no final de semana, delicioso.",0.1044
PA005400,2023-07-13 12:53:03,"Aprendi receita nova no youtube, ficou otimo.",0.0562
PA005401,2023-07-13 12:54:20,Caminhada ate a estacao foi otima hoje.,0.1326
PA005402,2023-07-13 14:03:45,"Viagem de fim de semana para cidade historica, valeu.",0.0337
PA005403,2023-07-13 14:46:30,"Maratonei a temporada completa, valeu cada minuto.",0.0713
PA005404,2023-07-13 15:53:51,"Maratonei a temporada completa, valeu cada minuto.",0.0166
PA005405,2023-07-13 16:44:57,"Churrasco com a familia no final de semana, delicioso.",0.0315
PA005406,2023-07-13 16:58:07,Que tarde relaxante lendo na rede.,0.0143
PA005407,2023-07-13 17:26:30,Aula incrivel sobre estatistica aplicada hoje.,0.1173
PA005408,2023-07-13 18:26:53,"Passeio com o cachorro no parque, ele adorou.",0.0581
PA005409,2023-07-13 19:15:19,"Almoco incrivel hoje, fiz lasanha caseira do zero.",0.1453
PA005410,2023-07-13 20:03:04,Semana intensa mas muito satisfatoria no trabalho.,0.1436
PA005411,2023-07-13 23:24:01,"Academia hoje, treino puxado mas valeu muito.",0.0272
PA005412,2023-07-14 01:42:35,"Fechei projeto importante essa semana, que alegria.",0.0813
PA005413,2023-07-14 01:54:15,"Onibus chegou no horario hoje, que surpresa agradavel.",0.0635
PA005414,2023-07-14 02:37:45,"Novo celular chegou, a camera e impressionante.",0.1433
PA005415,2023-07-14 02:42:26,"Pausa pro cafe com os colegas, bate-papo otimo.",0.1008
PA005416,2023-07-14 03:42:32,"Fui num restaurante novo, a pizza estava espetacular.",0.0
PA005417,2023-07-14 04:31:49,"Meditacao de manha, comecando o dia muito bem.",0.0881
PA005418,2023-07-14 06:56:27,"Museu da cidade muito interessante, aprendi bastante.",0.1086
PA005419,2023-07-14 09:53:13,Aula incrivel sobre estatistica aplicada hoje.,0.1395
PA005420,2023-07-14 11:01:13,"Yoga pela manha, comecei o dia muito bem.",0.0566
PA005421,2023-07-14 11:05:55,"Estudando para a prova de amanha, bem concentrado.",0.0109
PA005422,2023-07-14 11:16:07,"Apresentacao correu muito bem, todos gostaram.",0.0
PA005423,2023-07-14 11:20:00,"Pipoca e serie boa na sexta, programa perfeito.",0.0616
PA005424,2023-07-14 11:56:47,"Consegui estacionamento logo de cara, dia de sorte mesmo.",0.1001
PA005425,2023-07-14 13:50:30,"Tentei receita nova de bolo de cenoura, ficou fofinho.",0.0587
PA005426,2023-07-14 14:08:08,Finalmente entendi aquele conceito que me travava.,0.1546
PA005427,2023-07-14 14:41:00,"Maratonei a temporada completa, valeu cada minuto.",0.0608
PA005428,2023-07-14 14:50:29,"Pausa pro cafe com os colegas, bate-papo otimo.",0.0903
PA005429,2023-07-14 16:17:49,Show ao vivo incrivel no fim de semana.,0.0984
PA005430,2023-07-14 20:02:49,"Reencontrei um amigo antigo por acaso, que alegria.",0.1382
PA005431,2023-07-14 20:27:18,"Padaria da esquina lancou sabor novo, recomendo.",0.0203
PA005432,2023-07-14 21:54:04,"Vento agradavel hoje, aproveitei para caminhar no parque.",0.0088
PA005433,2023-07-15 00:36:36,App de produtividade novo que encontrei e otimo.,0.0055
PA005434,2023-07-15 02:32:20,"Viagem de fim de semana para cidade historica, valeu.",0.1055
PA005435,2023-07-15 03:11:05,Show ao vivo incrivel no fim de semana.,0.0221
PA005436,2023-07-15 03:27:43,"Teatro incrivel ontem, peca muito bem dirigida.",0.1176
PA005437,2023-07-15 04:06:50,"Cuidando das plantas em casa, muito terapeutico.",0.1285
PA005438,2023-07-15 04:51:15,Aula incrivel sobre estatistica aplicada hoje.,0.0
PA005439,2023-07-15 07:34:36,"Churrasco com a familia no final de semana, delicioso.",0.0
PA005440,2023-07-15 07:41:28,Grupo de estudos foi muito produtivo hoje.,0.0234
PA005441,2023-07-15 09:25:30,"Yoga pela manha, comecei o dia muito bem.",0.083
PA005442,2023-07-15 10:04:26,"Pipoca e serie boa na sexta, programa perfeito.",0.1873
PA005443,2023-07-15 10:34:25,Finalmente entendi aquele conceito que me travava.,0.0553
PA005444,2023-07-15 11:48:12,Cafe da manha caprichado: tapioca com ovo e suco de laranja.,0.0464
PA005445,2023-07-15 12:32:49,"Filme otimo ontem, fui ao cinema com a familia.",0.1055
PA005446,2023-07-15 13:30:50,"Natacao de manha, melhor inicio de dia possivel.",0.1201
PA005447,2023-07-15 13:41:09,"Teatro incrivel ontem, peca muito bem dirigida.",0.1206
PA005448,2023-07-15 14:58:32,"Natacao de manha, melhor inicio de dia possivel.",0.1761
PA005449,2023-07-15 15:04:33,"Museu da cidade muito interessante, aprendi bastante.",0.0746
PA005450,2023-07-15 16:17:49,"O outono chegou cedo esse ano, que frio gostoso de manha.",0.1236
PA005451,2023-07-15 18:29:58,"O outono chegou cedo esse ano, que frio gostoso de manha.",0.1319
PA005452,2023-07-15 18:38:23,"Fui num restaurante novo, a pizza estava espetacular.",0.0347
PA005453,2023-07-15 19:42:00,"Sopa de legumes no frio, reconfortante e gostosa.",0.0199
PA005454,2023-07-15 21:16:28,"Que semana frustrante, precisava que as coisas dessem certo.",0.9732
PA005455,2023-07-15 22:15:24,Tarde produtiva organizando e limpando a casa.,0.0663
PA005456,2023-07-15 22:41:00,Que manha fresca e agradavel para uma caminhada.,0.0
PA005457,2023-07-15 22:59:07,Show ao vivo incrivel no fim de semana.,0.1263
PA005458,2023-07-15 23:35:52,"Museu da cidade muito interessante, aprendi bastante.",0.076
PA005459,2023-07-16 00:29:35,Que tarde relaxante lendo na rede.,0.1584
PA005460,2023-07-16 00:50:10,"Metro bem tranquilo essa manha, cheguei bem.",0.1041
PA005461,2023-07-16 01:25:38,"Que calor hoje, tive que ligar o ar condicionado logo cedo.",0.101
PA005462,2023-07-16 01:54:22,"Notebook novo chegou, que desempenho incrivel.",0.0715
PA005463,2023-07-16 02:27:55,"Dia nublado mas tranquilo, bom para estudar sem distracao.",0.0472
PA005464,2023-07-16 03:17:08,"Serie nova incrivel, amei o primeiro episodio.",0.1148
PA005465,2023-07-16 06:40:45,"Pausa pro cafe com os colegas, bate-papo otimo.",0.0587
PA005466,2023-07-16 08:16:07,"Minha mae fez feijao com arroz e linguica, classico perfeito.",0.1133
PA005467,2023-07-16 09:35:39,"Filme otimo ontem, fui ao cinema com a familia.",0.1074
PA005468,2023-07-16 10:16:31,"Home office com cafe fresquinho do lado, otimo.",0.233
PA005469,2023-07-16 15:47:16,"Domingo em familia, melhor dia da semana.",0.1851
PA005470,2023-07-16 16:17:08,"Tarefa dificil concluida com sucesso, que satisfacao.",0.046
PA005471,2023-07-16 16:18:48,"Testei IA para ajudar com codigo, funcionou bem.",0.025
PA005472,2023-07-16 17:07:47,"Tentei receita nova de bolo de cenoura, ficou fofinho.",0.1225
PA005473,2023-07-16 17:10:29,"Acai gelado essa tarde, refrescante demais.",0.0775
PA005474,2023-07-16 17:21:43,"Passeio com o cachorro no parque, ele adorou.",0.1042
PA005475,2023-07-16 19:09:47,Jogo novo me viciou de um jeito bom.,0.1184
PA005476,2023-07-16 19:17:17,"Pausa pro cafe com os colegas, bate-papo otimo.",0.0969
PA005477,2023-07-16 19:23:32,Caminhada ate a estacao foi otima hoje.,0.0461
PA005478,2023-07-16 19:39:17,"Academia hoje, treino puxado mas valeu muito.",0.0218
PA005479,2023-07-16 21:45:30,Brigadeiro de panela saiu incrivel hoje.,0.0402
PA005480,2023-07-16 22:36:14,"Tentei receita nova de bolo de cenoura, ficou fofinho.",0.0997
PA005481,2023-07-16 23:23:22,"Home office com cafe fresquinho do lado, otimo.",0.0523
PA005482,2023-07-17 00:22:41,"Pausa pro cafe com os colegas, bate-papo otimo.",0.0647
PA005483,2023-07-17 00:56:13,"Estrada livre, cheguei no trabalho rapido hoje.",0.0718
PA005484,2023-07-17 01:14:13,"Fechei projeto importante essa semana, que alegria.",0.0512
PA005485,2023-07-17 01:17:25,"Fechei projeto importante essa semana, que alegria.",0.047
PA005486,2023-07-17 01:54:52,"Livro excelente sobre ciencia de dados, recomendo muito.",0.0645
PA005487,2023-07-17 05:57:48,Terminei o trabalho da faculdade com antecedencia.,0.0745
PA005488,2023-07-17 05:58:33,Show ao vivo incrivel no fim de semana.,0.0138
PA005489,2023-07-17 06:17:22,"Preco de tudo subindo e salario parado, e muita coisa.",0.6838
PA005490,2023-07-17 06:29:34,"Notebook novo chegou, que desempenho incrivel.",0.1415
PA005491,2023-07-17 06:48:33,"Notebook novo chegou, que desempenho incrivel.",0.0435
PA005492,2023-07-17 06:58:41,"Estudando para a prova de amanha, bem concentrado.",0.066
PA005493,2023-07-17 07:24:42,Brigadeiro de panela saiu incrivel hoje.,0.2
PA005494,2023-07-17 09:01:22,"Maratonei a temporada completa, valeu cada minuto.",0.0773
PA005495,2023-07-17 09:19:01,"Configurei o home office com setup novo, otimo.",0.1257
PA005496,2023-07-17 09:40:20,"Fui num restaurante novo, a pizza estava espetacular.",0.1321
PA005497,2023-07-17 10:02:58,Podcast sobre tecnologia muito interessante.,0.1731
PA005498,2023-07-17 10:27:04,"Configurei o home office com setup novo, otimo.",0.05
PA005499,2023-07-17 10:36:56,Finalmente entendi aquele conceito que me travava.,0.1261
PA005500,2023-07-17 11:27:54,"Passei na certificacao, muito feliz com o resultado.",0.0323
PA005501,2023-07-17 14:07:26,Que manha fresca e agradavel para uma caminhada.,0.1208
PA005502,2023-07-17 15:51:09,"Notebook novo chegou, que desempenho incrivel.",0.1818
PA005503,2023-07-17 16:45:11,"Sopa de legumes no frio, reconfortante e gostosa.",0.1183
PA005504,2023-07-17 17:07:37,"Viagem de fim de semana para cidade historica, valeu.",0.0629
PA005505,2023-07-17 20:02:06,"Biblioteca da universidade, ambiente otimo para estudar.",0.1239
PA005506,2023-07-17 20:43:01,"Reuniao produtiva hoje, saimos com otimas ideias.",0.1503
PA005507,2023-07-17 20:47:37,"Musica nova do meu artista favorito, de outro nivel.",0.0924
PA005508,2023-07-17 21:11:30,Podcast sobre tecnologia muito interessante.,0.0511
PA005509,2023-07-17 21:40:56,Grupo de estudos foi muito produtivo hoje.,0.075
PA005510,2023-07-17 22:18:13,Cafe da manha caprichado: tapioca com ovo e suco de laranja.,0.0593
PA005511,2023-07-18 00:07:12,"Onibus chegou no horario hoje, que surpresa agradavel.",0.1481
PA005512,2023-07-18 00:11:49,Caminhada ate a estacao foi otima hoje.,0.1015
PA005513,2023-07-18 00:56:54,"Cuidando das plantas em casa, muito terapeutico.",0.0772
PA005514,2023-07-18 02:09:32,"Apresentacao correu muito bem, todos gostaram.",0.0
PA005515,2023-07-18 03:00:13,Terminei o trabalho da faculdade com antecedencia.,0.1246
PA005516,2023-07-18 03:16:15,"Pausa pro cafe com os colegas, bate-papo otimo.",0.0839
PA005517,2023-07-18 03:35:40,Semana intensa mas muito satisfatoria no trabalho.,0.0
PA005518,2023-07-18 03:57:55,"Pausa pro cafe com os colegas, bate-papo otimo.",0.0612
PA005519,2023-07-18 05:36:15,"Museu da cidade muito interessante, aprendi bastante.",0.0195
PA005520,2023-07-18 06:49:23,"Plantei temperos na sacada, que satisfacao.",0.1834
PA005521,2023-07-18 07:17:35,"Natacao de manha, melhor inicio de dia possivel.",0.016
PA005522,2023-07-18 07:34:59,Grupo de estudos foi muito produtivo hoje.,0.0418
PA005523,2023-07-18 07:36:55,"Minha mae fez feijao com arroz e linguica, classico perfeito.",0.0453
PA005524,2023-07-18 08:00:43,"Metro bem tranquilo essa manha, cheguei bem.",0.0467
PA005525,2023-07-18 08:41:20,Que tarde relaxante lendo na rede.,0.3399
PA005526,2023-07-18 09:42:12,"Estrada livre, cheguei no trabalho rapido hoje.",0.1834
PA005527,2023-07-18 10:46:37,Pedalada de tarde com vista incrivel do parque.,0.039
PA005528,2023-07-18 11:01:22,"Academia hoje, treino puxado mas valeu muito.",0.0882
PA005529,2023-07-18 11:37:59,"Musica nova do meu artista favorito, de outro nivel.",0.1228
PA005530,2023-07-18 12:40:10,Leitura no jardim com tempo agradavel.,0.0302
PA005531,2023-07-18 12:59:36,"Fechei projeto importante essa semana, que alegria.",0.0
PA005532,2023-07-18 13:10:26,Brigadeiro de panela saiu incrivel hoje.,0.083
PA005533,2023-07-18 14:06:05,Show ao vivo incrivel no fim de semana.,0.0513
PA005534,2023-07-18 14:30:19,Jantar simples mas gostoso com a familia.,0.0733
PA005535,2023-07-18 17:10:53,"Yoga pela manha, comecei o dia muito bem.",0.0846
PA005536,2023-07-18 17:50:43,"Fui de bike hoje, que exercicio agradavel de manha.",0.0388
PA005537,2023-07-18 18:12:21,"Volei com os amigos, muita risada e diversao.",0.1227
PA005538,2023-07-18 19:14:14,Pedalada de tarde com vista incrivel do parque.,0.0588
PA005539,2023-07-18 20:21:30,Que manha fresca e agradavel para uma caminhada.,0.0938
PA005540,2023-07-18 22:06:34,"Pausa pro cafe com os colegas, bate-papo otimo.",0.1726
PA005541,2023-07-18 22:52:05,Que tarde relaxante lendo na rede.,0.0418
PA005542,2023-07-18 22:59:57,"Pipoca e serie boa na sexta, programa perfeito.",0.1554
PA005543,2023-07-19 00:18:54,Tarde produtiva organizando e limpando a casa.,0.1014
PA005544,2023-07-19 00:56:20,Brigadeiro de panela saiu incrivel hoje.,0.1294
PA005545,2023-07-19 02:31:13,"Plantei temperos na sacada, que satisfacao.",0.1008
PA005546,2023-07-19 04:14:18,"Sopa de legumes no frio, reconfortante e gostosa.",0.2
PA005547,2023-07-19 05:39:18,Jogo novo me viciou de um jeito bom.,0.1027
PA005548,2023-07-19 05:45:54,Pacote atrasado pelos correios pela terceira vez.,0.586
PA005549,2023-07-19 05:59:18,"Aprendi receita nova no youtube, ficou otimo.",0.1248
PA005550,2023-07-19 07:00:38,"Domingo em familia, melhor dia da semana.",0.1161
PA005551,2023-07-19 07:43:01,"O outono chegou cedo esse ano, que frio gostoso de manha.",0.0978
PA005552,2023-07-19 09:24:14,"Maratonei a temporada completa, valeu cada minuto.",0.0376
PA005553,2023-07-19 10:13:53,"Dia nublado mas tranquilo, bom para estudar sem distracao.",0.0035
PA005554,2023-07-19 10:17:39,Atualizacao deixou o sistema muito mais rapido.,0.0537
PA005555,2023-07-19 10:31:39,"O outono chegou cedo esse ano, que frio gostoso de manha.",0.077
PA005556,2023-07-19 10:35:52,Brigadeiro de panela saiu incrivel hoje.,0.0713
PA005557,2023-07-19 13:05:18,Jogo novo me viciou de um jeito bom.,0.0881
PA005558,2023-07-19 13:39:25,"Home office com cafe fresquinho do lado, otimo.",0.154
PA005559,2023-07-19 13:53:39,"Volei com os amigos, muita risada e diversao.",0.1053
PA005560,2023-07-19 15:54:37,"Teatro incrivel ontem, peca muito bem dirigida.",0.1391
PA005561,2023-07-19 15:56:08,"Plantei temperos na sacada, que satisfacao.",0.029
PA005562,2023-07-19 16:25:31,Caminhada ate a estacao foi otima hoje.,0.0729
PA005563,2023-07-19 16:46:32,"Cuidando das plantas em casa, muito terapeutico.",0.0891
PA005564,2023-07-19 17:12:52,"Reuniao produtiva hoje, saimos com otimas ideias.",0.0901
PA005565,2023-07-19 17:51:12,"Minha mae fez feijao com arroz e linguica, classico perfeito.",0.0467
PA005566,2023-07-19 18:09:03,"O outono chegou cedo esse ano, que frio gostoso de manha.",0.0586
PA005567,2023-07-19 19:03:14,"Padaria da esquina lancou sabor novo, recomendo.",0.1106
PA005568,2023-07-19 19:13:29,"Passei na certificacao, muito feliz com o resultado.",0.1265
PA005569,2023-07-19 20:04:30,Que manha fresca e agradavel para uma caminhada.,0.0893
PA005570,2023-07-19 20:29:09,"Volei com os amigos, muita risada e diversao.",0.1457
PA005571,2023-07-19 20:38:45,"Livro excelente sobre ciencia de dados, recomendo muito.",0.1119
PA005572,2023-07-19 23:25:01,Que tarde relaxante lendo na rede.,0.0137
PA005573,2023-07-19 23:34:43,"Chuva passageira a tarde, depois o tempo abriu lindo.",0.1129
PA005574,2023-07-20 00:04:32,Pedalada de tarde com vista incrivel do parque.,0.0997
PA005575,2023-07-20 00:56:59,"Home office com cafe fresquinho do lado, otimo.",0.0478
PA005576,2023-07-20 01:32:35,"Corri 5km de manha, semana otima de treino.",0.0848
PA005577,2023-07-20 03:37:47,"Reencontrei um amigo antigo por acaso, que alegria.",0.0372
PA005578,2023-07-20 04:38:38,"Plantei temperos na sacada, que satisfacao.",0.0222
PA005579,2023-07-20 04:59:47,"Pipoca e serie boa na sexta, programa perfeito.",0.0597
PA005580,2023-07-20 09:14:36,Aplicativo de carona funcionou perfeitamente.,0.0649
PA005581,2023-07-20 09:39:18,"Passei na certificacao, muito feliz com o resultado.",0.0776
PA005582,2023-07-20 10:14:27,Aula incrivel sobre estatistica aplicada hoje.,0.0652
PA005583,2023-07-20 10:35:23,Semana intensa mas muito satisfatoria no trabalho.,0.1351
PA005584,2023-07-20 10:54:04,"Tarefa dificil concluida com sucesso, que satisfacao.",0.0967
PA005585,2023-07-20 11:40:58,"Meu time ganhou hoje, que jogo bonito foi.",0.1719
PA005586,2023-07-20 12:33:50,"Passeio no interior no fim de semana, natureza linda.",0.0872
PA005587,2023-07-20 13:34:37,Jogo novo me viciou de um jeito bom.,0.0435
PA005588,2023-07-20 13:47:38,Jantar simples mas gostoso com a familia.,0.1244
PA005589,2023-07-20 14:34:39,"Mais um dia de transito horrivel, situacao absurda.",0.7708
PA005590,2023-07-20 16:51:54,"Choveu a tarde toda, dia perfeito pra ficar em casa lendo.",0.0011
PA005591,2023-07-20 17:32:07,Jogo novo me viciou de um jeito bom.,0.0023
PA005592,2023-07-20 17:52:17,Cafe da manha caprichado: tapioca com ovo e suco de laranja.,0.0551
PA005593,2023-07-20 18:28:20,"Almoco incrivel hoje, fiz lasanha caseira do zero.",0.1173
PA005594,2023-07-20 19:11:49,"Passeio com o cachorro no parque, ele adorou.",0.0556
PA005595,2023-07-20 19:40:19,Brigadeiro de panela saiu incrivel hoje.,0.1531
PA005596,2023-07-20 21:12:58,Caminhada ate a estacao foi otima hoje.,0.1692
PA005597,2023-07-20 21:49:08,"Metro bem tranquilo essa manha, cheguei bem.",0.1207
PA005598,2023-07-20 23:33:37,"Choveu a tarde toda, dia perfeito pra ficar em casa lendo.",0.0709
PA005599,2023-07-21 01:01:20,"Biblioteca da universidade, ambiente otimo para estudar.",0.0611
PA005600,2023-07-21 08:17:15,"Meditacao de manha, comecando o dia muito bem.",0.0341
PA005601,2023-07-21 08:26:17,"Yoga pela manha, comecei o dia muito bem.",0.0868
PA005602,2023-07-21 08:50:30,Leitura no jardim com tempo agradavel.,0.142
PA005603,2023-07-21 09:24:43,"Internet caindo toda hora, impossivel trabalhar assim.",0.5747
PA005604,2023-07-21 11:41:03,Que tarde relaxante lendo na rede.,0.0977
PA005605,2023-07-21 12:35:52,"Estudando para a prova de amanha, bem concentrado.",0.1212
PA005606,2023-07-21 12:45:00,"Testei IA para ajudar com codigo, funcionou bem.",0.0268
PA005607,2023-07-21 13:03:34,Jogo novo me viciou de um jeito bom.,0.0456
PA005608,2023-07-21 13:40:41,"Configurei o home office com setup novo, otimo.",0.064
PA005609,2023-07-21 15:35:58,"Almoco incrivel hoje, fiz lasanha caseira do zero.",0.101
PA005610,2023-07-21 17:40:33,Jogo novo me viciou de um jeito bom.,0.1408
PA005611,2023-07-21 19:00:41,"Almoco incrivel hoje, fiz lasanha caseira do zero.",0.0641
PA005612,2023-07-21 19:18:48,Feira de artesanato gostosa de passear.,0.0015
PA005613,2023-07-21 19:19:17,"Fui num restaurante novo, a pizza estava espetacular.",0.0144
PA005614,2023-07-21 20:47:26,"Almoco incrivel hoje, fiz lasanha caseira do zero.",0.1623
PA005615,2023-07-21 22:07:29,Leitura no jardim com tempo agradavel.,0.0431
PA005616,2023-07-22 00:44:04,"Passei na certificacao, muito feliz com o resultado.",0.0594
PA005617,2023-07-22 00:52:20,"Tentei receita nova de bolo de cenoura, ficou fofinho.",0.2
PA005618,2023-07-22 01:31:16,"Fui de bike hoje, que exercicio agradavel de manha.",0.1313
PA005619,2023-07-22 01:32:27,"Tentei receita nova de bolo de cenoura, ficou fofinho.",0.0
PA005620,2023-07-22 01:57:11,"Tarefa dificil concluida com sucesso, que satisfacao.",0.1293
PA005621,2023-07-22 02:41:24,"Viagem de fim de semana para cidade historica, valeu.",0.154
PA005622,2023-07-22 02:46:10,"Churrasco com a familia no final de semana, delicioso.",0.0523
PA005623,2023-07-22 03:26:51,"Novo celular chegou, a camera e impressionante.",0.1382
PA005624,2023-07-22 05:22:45,"Praia tranquila, sol perfeito, descanso total.",0.081
PA005625,2023-07-22 05:41:46,"Yoga pela manha, comecei o dia muito bem.",0.1384
PA005626,2023-07-22 07:16:04,"Apresentacao correu muito bem, todos gostaram.",0.0032
PA005627,2023-07-22 08:30:59,Jogo novo me viciou de um jeito bom.,0.0694
PA005628,2023-07-22 09:02:19,"Testei IA para ajudar com codigo, funcionou bem.",0.1637
PA005629,2023-07-22 09:49:48,Que tarde relaxante lendo na rede.,0.0318
PA005630,2023-07-22 10:24:35,"Minha mae fez feijao com arroz e linguica, classico perfeito.",0.1291
PA005631,2023-07-22 10:26:02,"Natacao de manha, melhor inicio de dia possivel.",0.1302
PA005632,2023-07-22 11:38:06,Finalmente entendi aquele conceito que me travava.,0.0481
PA005633,2023-07-22 14:20:13,Show ao vivo incrivel no fim de semana.,0.1021
PA005634,2023-07-22 14:37:09,"Serie nova incrivel, amei o primeiro episodio.",0.0
PA005635,2023-07-22 14:52:47,"Trilha ecologica incrivel, natureza pura.",0.0246
PA005636,2023-07-22 15:30:04,"Dia nublado mas tranquilo, bom para estudar sem distracao.",0.0441
PA005637,2023-07-22 16:09:44,"Viagem de fim de semana para cidade historica, valeu.",0.0953
PA005638,2023-07-22 18:34:56,"Vento agradavel hoje, aproveitei para caminhar no parque.",0.0284
PA005639,2023-07-22 19:49:11,"Estudando para a prova de amanha, bem concentrado.",0.194
PA005640,2023-07-22 22:00:57,"Serie nova incrivel, amei o primeiro episodio.",0.1189
PA005641,2023-07-22 22:36:16,"Meditacao de manha, comecando o dia muito bem.",0.0943
PA005642,2023-07-22 23:15:53,"Churrasco com a familia no final de semana, delicioso.",0.0388
PA005643,2023-07-22 23:55:41,"Novo celular chegou, a camera e impressionante.",0.0802
PA005644,2023-07-23 00:57:42,"Filme otimo ontem, fui ao cinema com a familia.",0.1072
PA005645,2023-07-23 01:17:40,"Cuidando das plantas em casa, muito terapeutico.",0.0779
PA005646,2023-07-23 01:24:40,"Fui num restaurante novo, a pizza estava espetacular.",0.1056
PA005647,2023-07-23 02:04:04,"Natacao de manha, melhor inicio de dia possivel.",0.1008
PA005648,2023-07-23 04:03:50,Show ao vivo incrivel no fim de semana.,0.1527
PA005649,2023-07-23 04:48:58,"Sol lindo hoje, cafe na varanda foi otimo.",0.0875
PA005650,2023-07-23 05:20:13,Que tarde relaxante lendo na rede.,0.0802
PA005651,2023-07-23 06:33:36,"Que calor hoje, tive que ligar o ar condicionado logo cedo.",0.0422
PA005652,2023-07-23 06:34:18,"O outono chegou cedo esse ano, que frio gostoso de manha.",0.0231
PA005653,2023-07-23 07:49:06,Cafe da manha caprichado: tapioca com ovo e suco de laranja.,0.1049
PA005654,2023-07-23 08:21:50,"Corri 5km de manha, semana otima de treino.",0.0031
PA005655,2023-07-23 08:25:02,"Teatro incrivel ontem, peca muito bem dirigida.",0.0978
PA005656,2023-07-23 09:03:13,"Estudando para a prova de amanha, bem concentrado.",0.0917
PA005657,2023-07-23 09:09:18,"Tarefa dificil concluida com sucesso, que satisfacao.",0.0472
PA005658,2023-07-23 09:18:47,Aula incrivel sobre estatistica aplicada hoje.,0.0341
PA005659,2023-07-23 10:24:56,Atualizacao deixou o sistema muito mais rapido.,0.0698
PA005660,2023-07-23 10:29:23,Jantar simples mas gostoso com a familia.,0.1283
PA005661,2023-07-23 12:03:32,App de produtividade novo que encontrei e otimo.,0.1014
PA005662,2023-07-23 12:07:34,"Que calor hoje, tive que ligar o ar condicionado logo cedo.",0.1203
PA005663,2023-07-23 12:19:57,"Que calor hoje, tive que ligar o ar condicionado logo cedo.",0.0948
PA005664,2023-07-23 13:06:30,"Churrasco com a familia no final de semana, delicioso.",0.0892
PA005665,2023-07-23 13:09:30,Leitura no jardim com tempo agradavel.,0.0454
PA005666,2023-07-23 14:20:05,Atualizacao deixou o sistema muito mais rapido.,0.1306
PA005667,2023-07-23 15:35:24,"Reuniao produtiva hoje, saimos com otimas ideias.",0.0594
PA005668,2023-07-23 17:04:37,"Fui de bike hoje, que exercicio agradavel de manha.",0.0514
PA005669,2023-07-23 21:17:09,"Academia hoje, treino puxado mas valeu muito.",0.1313
PA005670,2023-07-23 21:24:19,"Trilha ecologica incrivel, natureza pura.",0.098
PA005671,2023-07-24 00:33:13,"Maratonei a temporada completa, valeu cada minuto.",0.0082
PA005672,2023-07-24 03:47:05,Que manha fresca e agradavel para uma caminhada.,0.1231
PA005673,2023-07-24 04:04:18,"Testei IA para ajudar com codigo, funcionou bem.",0.0718
PA005674,2023-07-24 04:15:11,Grupo de estudos foi muito produtivo hoje.,0.1313
PA005675,2023-07-24 04:28:55,"Serie nova incrivel, amei o primeiro episodio.",0.0082
PA005676,2023-07-24 05:06:03,"Home office com cafe fresquinho do lado, otimo.",0.2
PA005677,2023-07-24 06:40:11,"Governo aumentando imposto de novo, inacreditavel.",0.638
PA005678,2023-07-24 07:48:30,"Cuidando das plantas em casa, muito terapeutico.",0.0635
PA005679,2023-07-24 09:36:14,"Testei IA para ajudar com codigo, funcionou bem.",0.1175
PA005680,2023-07-24 10:12:02,"Notebook novo chegou, que desempenho incrivel.",0.0194
PA005681,2023-07-24 10:27:41,"Maratonei a temporada completa, valeu cada minuto.",0.0459
PA005682,2023-07-24 10:31:49,Atualizacao deixou o sistema muito mais rapido.,0.1514
PA005683,2023-07-24 10:35:02,"Plantei temperos na sacada, que satisfacao.",0.0411
PA005684,2023-07-24 10:44:37,"Padaria da esquina lancou sabor novo, recomendo.",0.042
PA005685,2023-07-24 11:02:18,"Apresentacao correu muito bem, todos gostaram.",0.0359
PA005686,2023-07-24 11:05:08,"Fui num restaurante novo, a pizza estava espetacular.",0.1153
PA005687,2023-07-24 11:56:11,"Fui de bike hoje, que exercicio agradavel de manha.",0.0708
PA005688,2023-07-24 12:15:15,Jantar simples mas gostoso com a familia.,0.134
PA005689,2023-07-24 13:05:37,"Serie nova incrivel, amei o primeiro episodio.",0.1012
PA005690,2023-07-24 13:58:39,"Sol lindo hoje, cafe na varanda foi otimo.",0.0762
PA005691,2023-07-24 14:10:04,"Viagem de fim de semana para cidade historica, valeu.",0.134
PA005692,2023-07-24 14:46:22,"Passei na certificacao, muito feliz com o resultado.",0.0
PA005693,2023-07-24 16:18:58,"Minha mae fez feijao com arroz e linguica, classico perfeito.",0.1104
PA005694,2023-07-24 16:33:50,"Museu da cidade muito interessante, aprendi bastante.",0.1642
PA005695,2023-07-24 17:04:42,"Academia hoje, treino puxado mas valeu muito.",0.1774
PA005696,2023-07-24 17:35:01,Podcast sobre tecnologia muito interessante.,0.0385
PA005697,2023-07-24 18:13:40,Show ao vivo incrivel no fim de semana.,0.0367
PA005698,2023-07-24 18:47:18,Pedalada de tarde com vista incrivel do parque.,0.0
PA005699,2023-07-24 18:56:46,"Fui de bike hoje, que exercicio agradavel de manha.",0.0791
PA005700,2023-07-24 19:09:36,"Trilha ecologica incrivel, natureza pura.",0.0715
PA005701,2023-07-24 19:27:41,"Configurei o home office com setup novo, otimo.",0.1818
PA005702,2023-07-24 21:18:19,"Estudando para a prova de amanha, bem concentrado.",0.0408
PA005703,2023-07-24 21:56:53,"Que calor hoje, tive que ligar o ar condicionado logo cedo.",0.0932
PA005704,2023-07-24 22:16:48,"Maratonei a temporada completa, valeu cada minuto.",0.039
PA005705,2023-07-24 22:24:06,"Meu time ganhou hoje, que jogo bonito foi.",0.0784
PA005706,2023-07-24 22:44:09,"Academia hoje, treino puxado mas valeu muito.",0.0169
PA005707,2023-07-25 00:54:08,"Fui num restaurante novo, a pizza estava espetacular.",0.1067
PA005708,2023-07-25 01:01:01,Finalmente entendi aquele conceito que me travava.,0.0689
PA005709,2023-07-25 03:04:45,"Consegui estacionamento logo de cara, dia de sorte mesmo.",0.1157
PA005710,2023-07-25 03:39:40,"Teatro incrivel ontem, peca muito bem dirigida.",0.0439
PA005711,2023-07-25 03:58:39,Que manha fresca e agradavel para uma caminhada.,0.063
PA005712,2023-07-25 04:24:43,Jogo novo me viciou de um jeito bom.,0.0417
PA005713,2023-07-25 07:29:43,"Aprendi receita nova no youtube, ficou otimo.",0.0185
PA005714,2023-07-25 08:23:08,"Meditacao de manha, comecando o dia muito bem.",0.1107
PA005715,2023-07-25 11:37:10,"Apresentacao correu muito bem, todos gostaram.",0.1262
PA005716,2023-07-25 12:31:07,"Reuniao produtiva hoje, saimos com otimas ideias.",0.1407
PA005717,2023-07-25 13:26:12,"Praia tranquila, sol perfeito, descanso total.",0.0896
PA005718,2023-07-25 13:35:19,"Consegui estacionamento logo de cara, dia de sorte mesmo.",0.1863
PA005719,2023-07-25 18:19:09,"Servico contratado nao foi entregue no prazo, absurdo.",0.5419
PA005720,2023-07-25 18:56:51,Leitura no jardim com tempo agradavel.,0.0113
PA005721,2023-07-25 19:08:20,"Sopa de legumes no frio, reconfortante e gostosa.",0.0873
PA005722,2023-07-25 21:07:03,Que tarde relaxante lendo na rede.,0.071
PA005723,2023-07-25 21:54:13,"Sopa de legumes no frio, reconfortante e gostosa.",0.0005
PA005724,2023-07-25 22:29:04,"Biblioteca da universidade, ambiente otimo para estudar.",0.0
PA005725,2023-07-25 22:35:50,Atualizacao deixou o sistema muito mais rapido.,0.094
PA005726,2023-07-26 00:06:03,Aplicativo de carona funcionou perfeitamente.,0.0523
PA005727,2023-07-26 01:37:18,"Passei na certificacao, muito feliz com o resultado.",0.0221
PA005728,2023-07-26 02:04:50,"Choveu a tarde toda, dia perfeito pra ficar em casa lendo.",0.041
PA005729,2023-07-26 04:10:03,Que tarde relaxante lendo na rede.,0.0212
PA005730,2023-07-26 04:39:11,"Sol lindo hoje, cafe na varanda foi otimo.",0.1152
PA005731,2023-07-26 06:41:55,"Plantei temperos na sacada, que satisfacao.",0.0561
PA005732,2023-07-26 07:03:34,"Sol lindo hoje, cafe na varanda foi otimo.",0.0309
PA005733,2023-07-26 07:22:09,"Academia hoje, treino puxado mas valeu muito.",0.1129
PA005734,2023-07-26 09:40:28,"Acai gelado essa tarde, refrescante demais.",0.0389
PA005735,2023-07-26 10:05:14,Que tarde relaxante lendo na rede.,0.057
PA005736,2023-07-26 11:02:40,"Sopa de legumes no frio, reconfortante e gostosa.",0.0062
PA005737,2023-07-26 11:32:26,"Notebook novo chegou, que desempenho incrivel.",0.0673
PA005738,2023-07-26 12:00:43,"Serie nova incrivel, amei o primeiro episodio.",0.16
PA005739,2023-07-26 12:43:12,"Sol lindo hoje, cafe na varanda foi otimo.",0.0664
PA005740,2023-07-26 14:08:16,"Museu da cidade muito interessante, aprendi bastante.",0.1167
PA005741,2023-07-26 15:58:04,"Choveu a tarde toda, dia perfeito pra ficar em casa lendo.",0.0419
PA005742,2023-07-26 16:44:52,Leitura no jardim com tempo agradavel.,0.1171
PA005743,2023-07-26 17:13:10,"Academia hoje, treino puxado mas valeu muito.",0.0338
PA005744,2023-07-26 17:25:42,"Apresentacao correu muito bem, todos gostaram.",0.1222
PA005745,2023-07-26 17:54:00,Feira de artesanato gostosa de passear.,0.0896
PA005746,2023-07-26 18:15:51,"Serie nova incrivel, amei o primeiro episodio.",0.0911
PA005747,2023-07-26 18:23:32,"Padaria da esquina lancou sabor novo, recomendo.",0.0867
PA005748,2023-07-26 18:44:16,Pedalada de tarde com vista incrivel do parque.,0.0704
PA005749,2023-07-26 19:08:08,"Estudando para a prova de amanha, bem concentrado.",0.0883
PA005750,2023-07-26 22:18:55,"Passei na certificacao, muito feliz com o resultado.",0.144
PA005751,2023-07-26 22:31:39,"Metro bem tranquilo essa manha, cheguei bem.",0.0065
PA005752,2023-07-27 03:49:18,Finalmente entendi aquele conceito que me travava.,0.0681
PA005753,2023-07-27 03:51:20,"Churrasco com a familia no final de semana, delicioso.",0.0448
PA005754,2023-07-27 04:42:00,Aula incrivel sobre estatistica aplicada hoje.,0.1046
PA005755,2023-07-27 05:15:19,Nao aguento mais reclamacao sem solucao pratica.,0.5648
PA005756,2023-07-27 06:07:41,"Natacao de manha, melhor inicio de dia possivel.",0.113
PA005757,2023-07-27 06:41:54,"Pausa pro cafe com os colegas, bate-papo otimo.",0.0248
PA005758,2023-07-27 06:45:55,"Apresentacao correu muito bem, todos gostaram.",0.0683
PA005759,2023-07-27 08:10:20,"Que calor hoje, tive que ligar o ar condicionado logo cedo.",0.106
PA005760,2023-07-27 10:33:13,"Reencontrei um amigo antigo por acaso, que alegria.",0.019
PA005761,2023-07-27 12:35:14,"Yoga pela manha, comecei o dia muito bem.",0.099
PA005762,2023-07-27 14:10:40,"Fui de bike hoje, que exercicio agradavel de manha.",0.0361
PA005763,2023-07-27 14:14:43,"Chuva passageira a tarde, depois o tempo abriu lindo.",0.0566
PA005764,2023-07-27 16:02:32,"Volei com os amigos, muita risada e diversao.",0.1287
PA005765,2023-07-27 16:18:49,"Estrada livre, cheguei no trabalho rapido hoje.",0.0876
PA005766,2023-07-27 16:54:21,"Serie nova incrivel, amei o primeiro episodio.",0.0588
PA005767,2023-07-27 18:02:45,"Passei na certificacao, muito feliz com o resultado.",0.031
PA005768,2023-07-27 18:54:23,"Praia tranquila, sol perfeito, descanso total.",0.0
PA005769,2023-07-27 19:25:24,Leitura no jardim com tempo agradavel.,0.0339
PA005770,2023-07-27 19:27:42,"Metro bem tranquilo essa manha, cheguei bem.",0.0466
PA005771,2023-07-27 19:58:58,Finalmente entendi aquele conceito que me travava.,0.0459
PA005772,2023-07-27 20:09:09,Show ao vivo incrivel no fim de semana.,0.1745
PA005773,2023-07-27 21:43:12,"Serie nova incrivel, amei o primeiro episodio.",0.096
PA005774,2023-07-27 21:55:16,"Academia hoje, treino puxado mas valeu muito.",0.1243
PA005775,2023-07-27 21:57:44,"Metro bem tranquilo essa manha, cheguei bem.",0.0937
PA005776,2023-07-27 22:59:02,"Fui de bike hoje, que exercicio agradavel de manha.",0.136
PA005777,2023-07-27 23:28:43,"Almoco incrivel hoje, fiz lasanha caseira do zero.",0.1838
PA005778,2023-07-28 00:54:04,"Churrasco com a familia no final de semana, delicioso.",0.0804
PA005779,2023-07-28 01:13:52,Pedalada de tarde com vista incrivel do parque.,0.0682
PA005780,2023-07-28 01:26:44,Aula incrivel sobre estatistica aplicada hoje.,0.0712
PA005781,2023-07-28 02:05:15,Brigadeiro de panela saiu incrivel hoje.,0.0483
PA005782,2023-07-28 02:24:22,Pedalada de tarde com vista incrivel do parque.,0.1354
PA005783,2023-07-28 05:26:11,"Minha mae fez feijao com arroz e linguica, classico perfeito.",0.1917
PA005784,2023-07-28 05:47:38,"Metro bem tranquilo essa manha, cheguei bem.",0.0421
PA005785,2023-07-28 07:29:44,"Natacao de manha, melhor inicio de dia possivel.",0.1372
PA005786,2023-07-28 08:11:43,Podcast sobre tecnologia muito interessante.,0.1606
PA005787,2023-07-28 08:19:49,Caminhada ate a estacao foi otima hoje.,0.0424
PA005788,2023-07-28 08:25:41,Que manha fresca e agradavel para uma caminhada.,0.1032
PA005789,2023-07-28 09:01:21,"Fui de bike hoje, que exercicio agradavel de manha.",0.1051
PA005790,2023-07-28 09:31:22,"Vento agradavel hoje, aproveitei para caminhar no parque.",0.1149
PA005791,2023-07-28 10:47:36,"Fechei projeto importante essa semana, que alegria.",0.0659
PA005792,2023-07-28 11:11:38,Finalmente entendi aquele conceito que me travava.,0.0763
PA005793,2023-07-28 11:22:26,"Pausa pro cafe com os colegas, bate-papo otimo.",0.1333
PA005794,2023-07-28 13:09:47,"Sopa de legumes no frio, reconfortante e gostosa.",0.0366
PA005795,2023-07-28 15:21:53,Brigadeiro de panela saiu incrivel hoje.,0.0717
PA005796,2023-07-28 15:22:33,Jogo novo me viciou de um jeito bom.,0.04
PA005797,2023-07-28 15:42:11,"Chega de promessa vazia, quero resultado de verdade.",0.5222
PA005798,2023-07-28 17:05:53,"Natacao de manha, melhor inicio de dia possivel.",0.0477
PA005799,2023-07-28 17:25:39,"Biblioteca da universidade, ambiente otimo para estudar.",0.18
PA005800,2023-07-28 18:26:36,"Academia hoje, treino puxado mas valeu muito.",0.0628
PA005801,2023-07-28 19:22:58,"Churrasco com a familia no final de semana, delicioso.",0.1967
PA005802,2023-07-28 19:48:14,"Onibus chegou no horario hoje, que surpresa agradavel.",0.2
PA005803,2023-07-28 20:23:17,"Internet caindo toda hora, impossivel trabalhar assim.",0.6927
PA005804,2023-07-28 21:30:50,"Tarefa dificil concluida com sucesso, que satisfacao.",0.0392
PA005805,2023-07-28 21:48:11,"Serie nova incrivel, amei o primeiro episodio.",0.0
PA005806,2023-07-28 22:20:51,"Reencontrei um amigo antigo por acaso, que alegria.",0.0991
PA005807,2023-07-28 22:51:31,"Estrada livre, cheguei no trabalho rapido hoje.",0.1352
PA005808,2023-07-28 22:53:50,"O outono chegou cedo esse ano, que frio gostoso de manha.",0.1548
PA005809,2023-07-28 23:20:01,Atualizacao deixou o sistema muito mais rapido.,0.106
PA005810,2023-07-29 01:14:43,Terminei o trabalho da faculdade com antecedencia.,0.0253
PA005811,2023-07-29 05:14:12,Aula incrivel sobre estatistica aplicada hoje.,0.0675
PA005812,2023-07-29 05:18:54,Feira de artesanato gostosa de passear.,0.045
PA005813,2023-07-29 06:08:44,"Pausa pro cafe com os colegas, bate-papo otimo.",0.0345
PA005814,2023-07-29 07:00:52,Que manha fresca e agradavel para uma caminhada.,0.0781
PA005815,2023-07-29 07:26:40,"Teatro incrivel ontem, peca muito bem dirigida.",0.0361
PA005816,2023-07-29 08:07:53,"Acai gelado essa tarde, refrescante demais.",0.0307
PA005817,2023-07-29 08:47:12,Brigadeiro de panela saiu incrivel hoje.,0.1541
PA005818,2023-07-29 09:40:01,"Pausa pro cafe com os colegas, bate-papo otimo.",0.1243
PA005819,2023-07-29 10:12:12,"Natacao de manha, melhor inicio de dia possivel.",0.0
PA005820,2023-07-29 11:30:29,"Vento agradavel hoje, aproveitei para caminhar no parque.",0.1133
PA005821,2023-07-29 11:36:09,"Cuidando das plantas em casa, muito terapeutico.",0.0849
PA005822,2023-07-29 11:47:05,"Academia hoje, treino puxado mas valeu muito.",0.0451
PA005823,2023-07-29 12:16:23,"Meu time ganhou hoje, que jogo bonito foi.",0.0479
PA005824,2023-07-29 12:36:00,"Configurei o home office com setup novo, otimo.",0.0372
PA005825,2023-07-29 12:52:42,"Tarefa dificil concluida com sucesso, que satisfacao.",0.0499
PA005826,2023-07-29 14:49:36,Semana intensa mas muito satisfatoria no trabalho.,0.1651
PA005827,2023-07-29 15:26:56,"Dia nublado mas tranquilo, bom para estudar sem distracao.",0.1922
PA005828,2023-07-29 15:45:03,"Natacao de manha, melhor inicio de dia possivel.",0.0878
PA005829,2023-07-29 18:12:33,"Meu time ganhou hoje, que jogo bonito foi.",0.1046
PA005830,2023-07-29 18:15:42,"Meu time ganhou hoje, que jogo bonito foi.",0.0609
PA005831,2023-07-29 23:59:46,"O outono chegou cedo esse ano, que frio gostoso de manha.",0.1184
PA005832,2023-07-30 02:09:25,"Padaria da esquina lancou sabor novo, recomendo.",0.0432
PA005833,2023-07-30 02:27:00,"Churrasco com a familia no final de semana, delicioso.",0.0821
PA005834,2023-07-30 05:29:33,"Metro bem tranquilo essa manha, cheguei bem.",0.1069
PA005835,2023-07-30 06:18:41,"Plantei temperos na sacada, que satisfacao.",0.0128
PA005836,2023-07-30 07:24:11,"Metro bem tranquilo essa manha, cheguei bem.",0.0075
PA005837,2023-07-30 08:17:22,"Home office com cafe fresquinho do lado, otimo.",0.1074
PA005838,2023-07-30 08:27:51,"Maratonei a temporada completa, valeu cada minuto.",0.131
PA005839,2023-07-30 09:15:52,"Reuniao produtiva hoje, saimos com otimas ideias.",0.064
PA005840,2023-07-30 09:20:02,Que manha fresca e agradavel para uma caminhada.,0.0561
PA005841,2023-07-30 09:26:02,Brigadeiro de panela saiu incrivel hoje.,0.0393
PA005842,2023-07-30 11:42:38,"Meditacao de manha, comecando o dia muito bem.",0.0445
PA005843,2023-07-30 12:34:25,Aula incrivel sobre estatistica aplicada hoje.,0.0726
PA005844,2023-07-30 13:15:43,"Tentei receita nova de bolo de cenoura, ficou fofinho.",0.1233
PA005845,2023-07-30 13:37:14,Caminhada ate a estacao foi otima hoje.,0.0769
PA005846,2023-07-30 15:22:16,"Almoco incrivel hoje, fiz lasanha caseira do zero.",0.1337
PA005847,2023-07-30 16:39:19,"Onibus chegou no horario hoje, que surpresa agradavel.",0.0865
PA005848,2023-07-30 17:02:06,"Metro bem tranquilo essa manha, cheguei bem.",0.0535
PA005849,2023-07-30 17:43:58,"Estrada livre, cheguei no trabalho rapido hoje.",0.004
PA005850,2023-07-30 17:53:15,"Dia nublado mas tranquilo, bom para estudar sem distracao.",0.0307
PA005851,2023-07-30 18:12:15,"Passei na certificacao, muito feliz com o resultado.",0.1343
PA005852,2023-07-30 18:37:05,Caminhada ate a estacao foi otima hoje.,0.0827
PA005853,2023-07-30 18:47:37,"Passei na certificacao, muito feliz com o resultado.",0.1011
PA005854,2023-07-30 19:06:03,Aplicativo de carona funcionou perfeitamente.,0.1368
PA005855,2023-07-30 20:12:14,"Tentei receita nova de bolo de cenoura, ficou fofinho.",0.1644
PA005856,2023-07-30 20:51:29,"Viagem de fim de semana para cidade historica, valeu.",0.0467
PA005857,2023-07-30 20:54:06,"Churrasco com a familia no final de semana, delicioso.",0.0334
PA005858,2023-07-30 21:23:14,"Fui num restaurante novo, a pizza estava espetacular.",0.0734
PA005859,2023-07-30 23:27:12,"Fui num restaurante novo, a pizza estava espetacular.",0.1411
PA005860,2023-07-31 03:22:24,"Meu time ganhou hoje, que jogo bonito foi.",0.0489
PA005861,2023-07-31 03:40:33,"Teatro incrivel ontem, peca muito bem dirigida.",0.0839
PA005862,2023-07-31 03:58:10,Atualizacao deixou o sistema muito mais rapido.,0.0871
PA005863,2023-07-31 04:21:45,"Meditacao de manha, comecando o dia muito bem.",0.1899
PA005864,2023-07-31 05:46:09,Terminei o trabalho da faculdade com antecedencia.,0.0409
PA005865,2023-07-31 06:02:57,"Padaria da esquina lancou sabor novo, recomendo.",0.1351
PA005866,2023-07-31 07:05:05,"Serie nova incrivel, amei o primeiro episodio.",0.1221
PA005867,2023-07-31 07:33:48,"Academia hoje, treino puxado mas valeu muito.",0.1592
PA005868,2023-07-31 07:37:27,Pedalada de tarde com vista incrivel do parque.,0.0249
PA005869,2023-07-31 09:27:07,"Tarefa dificil concluida com sucesso, que satisfacao.",0.0076
PA005870,2023-07-31 13:46:40,Que tarde relaxante lendo na rede.,0.0146
PA005871,2023-07-31 14:52:19,Aula incrivel sobre estatistica aplicada hoje.,0.0208
PA005872,2023-07-31 16:13:39,"Pipoca e serie boa na sexta, programa perfeito.",0.1252
PA005873,2023-07-31 17:38:09,"Pausa pro cafe com os colegas, bate-papo otimo.",0.0394
PA005874,2023-07-31 17:55:35,"Corri 5km de manha, semana otima de treino.",0.0576
PA005875,2023-07-31 19:47:26,Aplicativo de carona funcionou perfeitamente.,0.0449
PA005876,2023-07-31 21:38:33,"Fechei projeto importante essa semana, que alegria.",0.0312
PA005877,2023-07-31 22:51:05,Grupo de estudos foi muito produtivo hoje.,0.0917
PA005878,2023-08-01 02:25:52,"Consegui estacionamento logo de cara, dia de sorte mesmo.",0.0185
PA005879,2023-08-01 02:53:05,"Plantei temperos na sacada, que satisfacao.",0.0465
PA005880,2023-08-01 02:58:41,"Consegui estacionamento logo de cara, dia de sorte mesmo.",0.0886
PA005881,2023-08-01 03:32:37,"Filme otimo ontem, fui ao cinema com a familia.",0.03
PA005882,2023-08-01 05:11:38,"O outono chegou cedo esse ano, que frio gostoso de manha.",0.0519
PA005883,2023-08-01 05:23:36,Leitura no jardim com tempo agradavel.,0.045
PA005884,2023-08-01 06:18:32,"Yoga pela manha, comecei o dia muito bem.",0.0042
PA005885,2023-08-01 07:12:02,Leitura no jardim com tempo agradavel.,0.1356
PA005886,2023-08-01 07:15:00,"Cuidando das plantas em casa, muito terapeutico.",0.1296
PA005887,2023-08-01 07:39:58,"Minha mae fez feijao com arroz e linguica, classico perfeito.",0.1457
PA005888,2023-08-01 07:54:41,"Aprendi receita nova no youtube, ficou otimo.",0.0879
PA005889,2023-08-01 08:52:41,"Meu time ganhou hoje, que jogo bonito foi.",0.1136
PA005890,2023-08-01 09:07:08,"Teatro incrivel ontem, peca muito bem dirigida.",0.1402
PA005891,2023-08-01 09:43:18,"Volei com os amigos, muita risada e diversao.",0.0158
PA005892,2023-08-01 09:55:14,"Vizinho fazendo barulho ate tarde da noite, falta de respeito.",0.597
PA005893,2023-08-01 10:03:20,Caminhada ate a estacao foi otima hoje.,0.0593
PA005894,2023-08-01 10:44:18,Terminei o trabalho da faculdade com antecedencia.,0.0877
PA005895,2023-08-01 11:34:27,"Viagem de fim de semana para cidade historica, valeu.",0.0476
PA005896,2023-08-01 12:52:48,"Pausa pro cafe com os colegas, bate-papo otimo.",0.0678
PA005897,2023-08-01 13:07:52,"Meditacao de manha, comecando o dia muito bem.",0.0585
PA005898,2023-08-01 13:30:57,"Meu time ganhou hoje, que jogo bonito foi.",0.0076
PA005899,2023-08-01 13:36:02,"Onibus chegou no horario hoje, que surpresa agradavel.",0.0065
PA005900,2023-08-01 13:46:02,"Reuniao produtiva hoje, saimos com otimas ideias.",0.0569
PA005901,2023-08-01 14:13:41,"Domingo em familia, melhor dia da semana.",0.0769
PA005902,2023-08-01 14:14:26,"Vento agradavel hoje, aproveitei para caminhar no parque.",0.0318
PA005903,2023-08-01 15:57:40,"Acai gelado essa tarde, refrescante demais.",0.0245
PA005904,2023-08-01 16:14:16,"Fechei projeto importante essa semana, que alegria.",0.0024
PA005905,2023-08-01 17:12:27,"Corri 5km de manha, semana otima de treino.",0.1131
PA005906,2023-08-01 20:55:38,Que tarde relaxante lendo na rede.,0.1512
PA005907,2023-08-01 21:32:47,"Reuniao produtiva hoje, saimos com otimas ideias.",0.0658
PA005908,2023-08-01 23:10:24,Show ao vivo incrivel no fim de semana.,0.1679
PA005909,2023-08-02 00:45:51,Terminei o trabalho da faculdade com antecedencia.,0.136
PA005910,2023-08-02 01:23:55,"Acai gelado essa tarde, refrescante demais.",0.0414
PA005911,2023-08-02 01:38:39,"Reuniao produtiva hoje, saimos com otimas ideias.",0.3551
PA005912,2023-08-02 03:36:36,"Tarefa dificil concluida com sucesso, que satisfacao.",0.1249
PA005913,2023-08-02 03:53:44,"Cuidando das plantas em casa, muito terapeutico.",0.0726
PA005914,2023-08-02 04:19:02,"Apresentacao correu muito bem, todos gostaram.",0.0383
PA005915,2023-08-02 04:19:35,"Churrasco com a familia no final de semana, delicioso.",0.032
PA005916,2023-08-02 04:44:58,"Churrasco com a familia no final de semana, delicioso.",0.0414
PA005917,2023-08-02 05:07:41,"Praia tranquila, sol perfeito, descanso total.",0.0572
PA005918,2023-08-02 09:17:30,"Biblioteca da universidade, ambiente otimo para estudar.",0.1197
PA005919,2023-08-02 09:20:12,"Plantei temperos na sacada, que satisfacao.",0.1575
PA005920,2023-08-02 09:29:13,"Plantei temperos na sacada, que satisfacao.",0.0959
PA005921,2023-08-02 10:26:43,"Maratonei a temporada completa, valeu cada minuto.",0.1765
PA005922,2023-08-02 10:57:30,"Corri 5km de manha, semana otima de treino.",0.1146
PA005923,2023-08-02 11:09:38,Caminhada ate a estacao foi otima hoje.,0.08
PA005924,2023-08-02 12:16:31,"Minha mae fez feijao com arroz e linguica, classico perfeito.",0.0273
PA005925,2023-08-02 14:16:05,"Testei IA para ajudar com codigo, funcionou bem.",0.1399
PA005926,2023-08-02 14:31:11,"Que calor hoje, tive que ligar o ar condicionado logo cedo.",0.0945
PA005927,2023-08-02 15:09:58,Aplicativo de carona funcionou perfeitamente.,0.1293
PA005928,2023-08-02 15:39:02,"Testei IA para ajudar com codigo, funcionou bem.",0.0806
PA005929,2023-08-02 16:33:11,"Livro excelente sobre ciencia de dados, recomendo muito.",0.0466
PA005930,2023-08-02 19:02:25,"Sopa de legumes no frio, reconfortante e gostosa.",0.1478
PA005931,2023-08-02 19:16:31,"Acai gelado essa tarde, refrescante demais.",0.0878
PA005932,2023-08-02 20:59:47,"Meditacao de manha, comecando o dia muito bem.",0.1243
PA005933,2023-08-02 21:29:19,Aplicativo de carona funcionou perfeitamente.,0.054
PA005934,2023-08-02 21:36:36,"O outono chegou cedo esse ano, que frio gostoso de manha.",0.0391
PA005935,2023-08-02 21:56:54,"Passei na certificacao, muito feliz com o resultado.",0.0531
PA005936,2023-08-02 22:30:50,"Passeio no interior no fim de semana, natureza linda.",0.1566
PA005937,2023-08-02 22:36:38,"Estudando para a prova de amanha, bem concentrado.",0.0647
PA005938,2023-08-02 23:52:28,"Museu da cidade muito interessante, aprendi bastante.",0.1482
PA005939,2023-08-03 00:12:40,"Cuidando das plantas em casa, muito terapeutico.",0.1039
PA005940,2023-08-03 00:26:53,"Musica nova do meu artista favorito, de outro nivel.",0.0865
PA005941,2023-08-03 00:33:20,Jogo novo me viciou de um jeito bom.,0.0302
PA005942,2023-08-03 04:03:34,"Serie nova incrivel, amei o primeiro episodio.",0.101
PA005943,2023-08-03 05:04:19,"Sol lindo hoje, cafe na varanda foi otimo.",0.0865
PA005944,2023-08-03 05:21:45,Caminhada ate a estacao foi otima hoje.,0.0851
PA005945,2023-08-03 06:25:16,"Reencontrei um amigo antigo por acaso, que alegria.",0.0655
PA005946,2023-08-03 07:25:16,"Meu time ganhou hoje, que jogo bonito foi.",0.1009
PA005947,2023-08-03 07:38:14,"Pipoca e serie boa na sexta, programa perfeito.",0.0512
PA005948,2023-08-03 09:09:02,Cafe da manha caprichado: tapioca com ovo e suco de laranja.,0.0489
PA005949,2023-08-03 09:47:58,App de produtividade novo que encontrei e otimo.,0.0153
PA005950,2023-08-03 09:50:42,Cafe da manha caprichado: tapioca com ovo e suco de laranja.,0.1877
PA005951,2023-08-03 12:15:35,"Onibus chegou no horario hoje, que surpresa agradavel.",0.1223
PA005952,2023-08-03 12:37:17,"Meditacao de manha, comecando o dia muito bem.",0.1311
PA005953,2023-08-03 12:59:21,"Plantei temperos na sacada, que satisfacao.",0.0505
PA005954,2023-08-03 13:14:30,"Corri 5km de manha, semana otima de treino.",0.0727
PA005955,2023-08-03 14:49:21,Terminei o trabalho da faculdade com antecedencia.,0.0834
PA005956,2023-08-03 15:18:58,Terminei o trabalho da faculdade com antecedencia.,0.0487
PA005957,2023-08-03 15:38:25,Brigadeiro de panela saiu incrivel hoje.,0.0893
PA005958,2023-08-03 15:54:46,"Padaria da esquina lancou sabor novo, recomendo.",0.1643
PA005959,2023-08-03 16:33:00,"Testei IA para ajudar com codigo, funcionou bem.",0.0641
PA005960,2023-08-03 18:48:24,"Reencontrei um amigo antigo por acaso, que alegria.",0.0984
PA005961,2023-08-03 18:58:44,"Testei IA para ajudar com codigo, funcionou bem.",0.0775
PA005962,2023-08-03 20:09:09,Que tarde relaxante lendo na rede.,0.0556
PA005963,2023-08-03 21:27:15,"Tentei receita nova de bolo de cenoura, ficou fofinho.",0.0692
PA005964,2023-08-03 22:22:59,"O outono chegou cedo esse ano, que frio gostoso de manha.",0.1194
PA005965,2023-08-04 00:04:14,"Home office com cafe fresquinho do lado, otimo.",0.1505
PA005966,2023-08-04 01:07:07,"Acai gelado essa tarde, refrescante demais.",0.106
PA005967,2023-08-04 02:05:27,"Biblioteca da universidade, ambiente otimo para estudar.",0.1193
PA005968,2023-08-04 02:11:39,"Corri 5km de manha, semana otima de treino.",0.1124
PA005969,2023-08-04 03:26:56,"Fui de bike hoje, que exercicio agradavel de manha.",0.0554
PA005970,2023-08-04 03:28:14,"Corri 5km de manha, semana otima de treino.",0.0978
PA005971,2023-08-04 03:38:05,"Maratonei a temporada completa, valeu cada minuto.",0.1755
PA005972,2023-08-04 04:08:28,"Home office com cafe fresquinho do lado, otimo.",0.1663
PA005973,2023-08-04 04:21:51,"Praia tranquila, sol perfeito, descanso total.",0.0653
PA005974,2023-08-04 04:56:18,"Estrada livre, cheguei no trabalho rapido hoje.",0.0519
PA005975,2023-08-04 05:33:23,"Biblioteca da universidade, ambiente otimo para estudar.",0.0798
PA005976,2023-08-04 05:38:27,"Estudando para a prova de amanha, bem concentrado.",0.0
PA005977,2023-08-04 06:20:06,"Calor absurdo com falta de agua, descaso total.",0.6747
PA005978,2023-08-04 06:58:57,Jantar simples mas gostoso com a familia.,0.1023
PA005979,2023-08-04 07:37:38,"Viagem de fim de semana para cidade historica, valeu.",0.0712
PA005980,2023-08-04 09:26:50,Que tarde relaxante lendo na rede.,0.0823
PA005981,2023-08-04 11:00:43,"Musica nova do meu artista favorito, de outro nivel.",0.09
PA005982,2023-08-04 11:58:16,"Passeio com o cachorro no parque, ele adorou.",0.0572
PA005983,2023-08-04 12:09:46,"Teatro incrivel ontem, peca muito bem dirigida.",0.0711
PA005984,2023-08-04 12:17:07,"Fui de bike hoje, que exercicio agradavel de manha.",0.0732
PA005985,2023-08-04 12:59:23,Cafe da manha caprichado: tapioca com ovo e suco de laranja.,0.1049
PA005986,2023-08-04 13:23:34,"Teatro incrivel ontem, peca muito bem dirigida.",0.0222
PA005987,2023-08-04 13:28:56,"Meu time ganhou hoje, que jogo bonito foi.",0.1104
PA005988,2023-08-04 13:49:03,"Biblioteca da universidade, ambiente otimo para estudar.",0.1199
PA005989,2023-08-04 15:27:45,"Volei com os amigos, muita risada e diversao.",0.0
PA005990,2023-08-04 16:11:10,"Sopa de legumes no frio, reconfortante e gostosa.",0.0468
PA005991,2023-08-04 16:43:23,"Passei na certificacao, muito feliz com o resultado.",0.0837
PA005992,2023-08-04 17:29:23,"Estudando para a prova de amanha, bem concentrado.",0.1041
PA005993,2023-08-04 19:43:21,"Academia hoje, treino puxado mas valeu muito.",0.1656
PA005994,2023-08-04 19:55:46,Aplicativo de carona funcionou perfeitamente.,0.1108
PA005995,2023-08-04 20:00:02,"Passei na certificacao, muito feliz com o resultado.",0.0325
PA005996,2023-08-04 20:23:37,"Domingo em familia, melhor dia da semana.",0.1546
PA005997,2023-08-04 22:08:05,"Minha mae fez feijao com arroz e linguica, classico perfeito.",0.0951
PA005998,2023-08-04 22:26:50,Caminhada ate a estacao foi otima hoje.,0.0261
PA005999,2023-08-04 22:31:56,"Testei IA para ajudar com codigo, funcionou bem.",0.102
PA006000,2023-08-04 22:51:48,"Novo celular chegou, a camera e impressionante.",0.0
PA006001,2023-08-04 23:23:38,"Biblioteca da universidade, ambiente otimo para estudar.",0.1819
PA006002,2023-08-04 23:26:43,"Pausa pro cafe com os colegas, bate-papo otimo.",0.079
PA006003,2023-08-05 00:11:18,"Consegui estacionamento logo de cara, dia de sorte mesmo.",0.159
PA006004,2023-08-05 02:30:37,"Praia tranquila, sol perfeito, descanso total.",0.064
PA006005,2023-08-05 02:44:41,"Fechei projeto importante essa semana, que alegria.",0.0
PA006006,2023-08-05 04:13:02,"Passeio no interior no fim de semana, natureza linda.",0.0
PA006007,2023-08-05 06:51:35,"Meu time ganhou hoje, que jogo bonito foi.",0.1101
PA006008,2023-08-05 07:09:01,"Teatro incrivel ontem, peca muito bem dirigida.",0.0522
PA006009,2023-08-05 09:46:09,"Passei na certificacao, muito feliz com o resultado.",0.0552
PA006010,2023-08-05 10:16:37,"Yoga pela manha, comecei o dia muito bem.",0.0592
PA006011,2023-08-05 10:45:04,"Plantei temperos na sacada, que satisfacao.",0.1356
PA006012,2023-08-05 10:55:59,Atualizacao deixou o sistema muito mais rapido.,0.0508
PA006013,2023-08-05 12:30:24,Jantar simples mas gostoso com a familia.,0.0304
PA006014,2023-08-05 12:54:03,"Pausa pro cafe com os colegas, bate-papo otimo.",0.1294
PA006015,2023-08-05 12:55:52,"Vento agradavel hoje, aproveitei para caminhar no parque.",0.0711
PA006016,2023-08-05 13:51:18,"Passeio com o cachorro no parque, ele adorou.",0.0974
PA006017,2023-08-05 16:02:23,"Meditacao de manha, comecando o dia muito bem.",0.0
PA006018,2023-08-05 16:05:20,"Sopa de legumes no frio, reconfortante e gostosa.",0.0423
PA006019,2023-08-05 16:14:29,"Acai gelado essa tarde, refrescante demais.",0.1095
PA006020,2023-08-05 18:05:25,"Filme otimo ontem, fui ao cinema com a familia.",0.1113
PA006021,2023-08-05 21:59:01,Tarde produtiva organizando e limpando a casa.,0.0033
PA006022,2023-08-05 22:01:58,Aula incrivel sobre estatistica aplicada hoje.,0.0438
PA006023,2023-08-05 23:27:24,Brigadeiro de panela saiu incrivel hoje.,0.0596
PA006024,2023-08-06 00:43:29,"Choveu a tarde toda, dia perfeito pra ficar em casa lendo.",0.0
PA006025,2023-08-06 01:18:34,"Home office com cafe fresquinho do lado, otimo.",0.0367
PA006026,2023-08-06 01:57:18,"Academia hoje, treino puxado mas valeu muito.",0.1056
PA006027,2023-08-06 02:11:13,"Natacao de manha, melhor inicio de dia possivel.",0.1317
PA006028,2023-08-06 05:06:28,"Estrada livre, cheguei no trabalho rapido hoje.",0.0553
PA006029,2023-08-06 05:13:58,Que tarde relaxante lendo na rede.,0.2265
PA006030,2023-08-06 05:34:33,"Churrasco com a familia no final de semana, delicioso.",0.047
PA006031,2023-08-06 09:07:48,"Fechei projeto importante essa semana, que alegria.",0.1813
PA006032,2023-08-06 10:58:07,Cafe da manha caprichado: tapioca com ovo e suco de laranja.,0.1439
PA006033,2023-08-06 11:02:06,"Churrasco com a familia no final de semana, delicioso.",0.0734
PA006034,2023-08-06 11:13:46,"Biblioteca da universidade, ambiente otimo para estudar.",0.0881
PA006035,2023-08-06 12:15:30,Terminei o trabalho da faculdade com antecedencia.,0.1562
PA006036,2023-08-06 13:26:28,"Filme otimo ontem, fui ao cinema com a familia.",0.1156
PA006037,2023-08-06 15:51:09,"Reencontrei um amigo antigo por acaso, que alegria.",0.0675
PA006038,2023-08-06 17:23:04,"O outono chegou cedo esse ano, que frio gostoso de manha.",0.1002
PA006039,2023-08-06 18:18:55,"Chuva passageira a tarde, depois o tempo abriu lindo.",0.1303
PA006040,2023-08-06 18:32:49,"Volei com os amigos, muita risada e diversao.",0.0647
PA006041,2023-08-06 18:37:45,"Fui num restaurante novo, a pizza estava espetacular.",0.1126
PA006042,2023-08-06 18:45:40,"Aprendi receita nova no youtube, ficou otimo.",0.0025
PA006043,2023-08-06 20:26:48,"Sol lindo hoje, cafe na varanda foi otimo.",0.0776
PA006044,2023-08-06 21:00:54,Atualizacao deixou o sistema muito mais rapido.,0.092
PA006045,2023-08-06 22:12:29,"Notebook novo chegou, que desempenho incrivel.",0.1077
PA006046,2023-08-06 22:35:41,"Natacao de manha, melhor inicio de dia possivel.",0.0848
PA006047,2023-08-06 23:36:48,"Tentei receita nova de bolo de cenoura, ficou fofinho.",0.0918
PA006048,2023-08-06 23:52:07,"Estudando para a prova de amanha, bem concentrado.",0.1533
PA006049,2023-08-07 00:01:48,"Serie nova incrivel, amei o primeiro episodio.",0.0
PA006050,2023-08-07 00:10:10,Semana intensa mas muito satisfatoria no trabalho.,0.0
PA006051,2023-08-07 00:20:22,"Cuidando das plantas em casa, muito terapeutico.",0.098
PA006052,2023-08-07 00:21:31,"Aprendi receita nova no youtube, ficou otimo.",0.081
PA006053,2023-08-07 02:11:37,"Praia tranquila, sol perfeito, descanso total.",0.035
PA006054,2023-08-07 05:23:21,Leitura no jardim com tempo agradavel.,0.0486
PA006055,2023-08-07 06:15:29,"Reencontrei um amigo antigo por acaso, que alegria.",0.1627
PA006056,2023-08-07 06:24:08,Feira de artesanato gostosa de passear.,0.0956
PA006057,2023-08-07 07:47:06,"Tentei receita nova de bolo de cenoura, ficou fofinho.",0.0778
PA006058,2023-08-07 08:12:21,"Praia tranquila, sol perfeito, descanso total.",0.0857
PA006059,2023-08-07 09:30:14,Pedalada de tarde com vista incrivel do parque.,0.0614
PA006060,2023-08-07 10:31:41,"Passeio com o cachorro no parque, ele adorou.",0.0278
PA006061,2023-08-07 11:34:45,"Passeio com o cachorro no parque, ele adorou.",0.0772
PA006062,2023-08-07 13:12:16,"Churrasco com a familia no final de semana, delicioso.",0.0544
PA006063,2023-08-07 13:59:35,"Consegui estacionamento logo de cara, dia de sorte mesmo.",0.0549
PA006064,2023-08-07 14:26:27,Jogo novo me viciou de um jeito bom.,0.0951
PA006065,2023-08-07 17:13:12,"Meu time ganhou hoje, que jogo bonito foi.",0.0314
PA006066,2023-08-07 19:01:34,"Home office com cafe fresquinho do lado, otimo.",0.0722
PA006067,2023-08-07 22:29:05,Que manha fresca e agradavel para uma caminhada.,0.1051
PA006068,2023-08-07 22:49:09,"Pipoca e serie boa na sexta, programa perfeito.",0.0254
PA006069,2023-08-07 23:57:45,"Passeio com o cachorro no parque, ele adorou.",0.0079
PA006070,2023-08-08 00:29:34,Caminhada ate a estacao foi otima hoje.,0.0951
PA006071,2023-08-08 00:35:00,"Chuva passageira a tarde, depois o tempo abriu lindo.",0.0595
PA006072,2023-08-08 01:36:00,"Passeio com o cachorro no parque, ele adorou.",0.091
PA006073,2023-08-08 01:57:35,"Passeio no interior no fim de semana, natureza linda.",0.1501
PA006074,2023-08-08 01:58:24,"Aprendi receita nova no youtube, ficou otimo.",0.0901
PA006075,2023-08-08 03:21:44,Brigadeiro de panela saiu incrivel hoje.,0.0486
PA006076,2023-08-08 04:27:05,"Domingo em familia, melhor dia da semana.",0.1509
PA006077,2023-08-08 05:16:15,"Serie nova incrivel, amei o primeiro episodio.",0.1835
PA006078,2023-08-08 06:15:47,"Tarefa dificil concluida com sucesso, que satisfacao.",0.0121
PA006079,2023-08-08 06:40:11,Tudo caro e qualidade cada vez pior.,0.6828
PA006080,2023-08-08 07:25:52,"Estrada livre, cheguei no trabalho rapido hoje.",0.0852
PA006081,2023-08-08 08:13:29,"Tentei receita nova de bolo de cenoura, ficou fofinho.",0.0137
PA006082,2023-08-08 09:02:11,"Fechei projeto importante essa semana, que alegria.",0.0513
PA006083,2023-08-08 09:21:45,App de produtividade novo que encontrei e otimo.,0.0712
PA006084,2023-08-08 09:33:30,Aplicativo de carona funcionou perfeitamente.,0.0926
PA006085,2023-08-08 10:19:58,"Tarefa dificil concluida com sucesso, que satisfacao.",0.0805
PA006086,2023-08-08 10:20:43,"Sol lindo hoje, cafe na varanda foi otimo.",0.0919
PA006087,2023-08-08 10:42:28,"Churrasco com a familia no final de semana, delicioso.",0.1764
PA006088,2023-08-08 12:01:44,"Pipoca e serie boa na sexta, programa perfeito.",0.036
PA006089,2023-08-08 12:12:45,Brigadeiro de panela saiu incrivel hoje.,0.0446
PA006090,2023-08-08 13:08:58,"Volei com os amigos, muita risada e diversao.",0.089
PA006091,2023-08-08 14:03:14,"Configurei o home office com setup novo, otimo.",0.0721
PA006092,2023-08-08 14:32:39,"Cuidando das plantas em casa, muito terapeutico.",0.174
PA006093,2023-08-08 14:48:04,"Pipoca e serie boa na sexta, programa perfeito.",0.1724
PA006094,2023-08-08 15:03:34,Tarde produtiva organizando e limpando a casa.,0.016
PA006095,2023-08-08 16:04:58,"Meditacao de manha, comecando o dia muito bem.",0.0
PA006096,2023-08-08 16:27:29,Que manha fresca e agradavel para uma caminhada.,0.0045
PA006097,2023-08-08 18:28:47,"Pausa pro cafe com os colegas, bate-papo otimo.",0.1462
PA006098,2023-08-08 18:31:08,"Natacao de manha, melhor inicio de dia possivel.",0.1227
PA006099,2023-08-08 19:10:40,"Natacao de manha, melhor inicio de dia possivel.",0.0918
PA006100,2023-08-08 19:45:31,"Notebook novo chegou, que desempenho incrivel.",0.0513
PA006101,2023-08-08 22:10:39,"Plantei temperos na sacada, que satisfacao.",0.0185
PA006102,2023-08-09 00:13:57,"Fechei projeto importante essa semana, que alegria.",0.0476
PA006103,2023-08-09 01:17:02,Cafe da manha caprichado: tapioca com ovo e suco de laranja.,0.0
PA006104,2023-08-09 01:55:01,"Museu da cidade muito interessante, aprendi bastante.",0.0253
PA006105,2023-08-09 03:07:49,Jantar simples mas gostoso com a familia.,0.056
PA006106,2023-08-09 03:22:34,"Passei na certificacao, muito feliz com o resultado.",0.0981
PA006107,2023-08-09 03:36:58,"Minha mae fez feijao com arroz e linguica, classico perfeito.",0.0536
PA006108,2023-08-09 05:00:33,"Teatro incrivel ontem, peca muito bem dirigida.",0.0433
PA006109,2023-08-09 05:16:19,"Serie nova incrivel, amei o primeiro episodio.",0.0541
PA006110,2023-08-09 05:35:39,"Estudando para a prova de amanha, bem concentrado.",0.1305
PA006111,2023-08-09 05:39:35,"Testei IA para ajudar com codigo, funcionou bem.",0.0565
PA006112,2023-08-09 05:54:10,"Fui num restaurante novo, a pizza estava espetacular.",0.0957
PA006113,2023-08-09 06:10:19,"Churrasco com a familia no final de semana, delicioso.",0.0
PA006114,2023-08-09 06:59:27,"Pausa pro cafe com os colegas, bate-papo otimo.",0.0636
PA006115,2023-08-09 07:07:08,"Viagem de fim de semana para cidade historica, valeu.",0.0874
PA006116,2023-08-09 09:03:21,"Volei com os amigos, muita risada e diversao.",0.1846
PA006117,2023-08-09 09:07:31,"Servico publico uma vergonha, esperei horas na fila.",0.547
PA006118,2023-08-09 09:20:37,Caminhada ate a estacao foi otima hoje.,0.0352
PA006119,2023-08-09 09:50:39,"Tentei receita nova de bolo de cenoura, ficou fofinho.",0.1462
PA006120,2023-08-09 09:55:33,"Configurei o home office com setup novo, otimo.",0.0265
PA006121,2023-08-09 09:56:58,"Passeio no interior no fim de semana, natureza linda.",0.0306
PA006122,2023-08-09 12:51:47,"Chuva passageira a tarde, depois o tempo abriu lindo.",0.0251
PA006123,2023-08-09 14:15:00,"Musica nova do meu artista favorito, de outro nivel.",0.0362
PA006124,2023-08-09 18:04:45,Jantar simples mas gostoso com a familia.,0.0515
PA006125,2023-08-09 18:25:44,"Reencontrei um amigo antigo por acaso, que alegria.",0.1469
PA006126,2023-08-09 18:39:11,"Pausa pro cafe com os colegas, bate-papo otimo.",0.0834
PA006127,2023-08-09 18:53:19,"Reuniao produtiva hoje, saimos com otimas ideias.",0.0
PA006128,2023-08-09 20:25:54,Cafe da manha caprichado: tapioca com ovo e suco de laranja.,0.0251
PA006129,2023-08-09 21:46:49,"Fui num restaurante novo, a pizza estava espetacular.",0.0921
PA006130,2023-08-09 22:07:08,"Acai gelado essa tarde, refrescante demais.",0.0755
PA006131,2023-08-09 22:20:20,Que tarde relaxante lendo na rede.,0.2858
PA006132,2023-08-09 22:55:20,Cafe da manha caprichado: tapioca com ovo e suco de laranja.,0.0165
PA006133,2023-08-09 23:25:04,"Estudando para a prova de amanha, bem concentrado.",0.0878
PA006134,2023-08-09 23:43:14,Jantar simples mas gostoso com a familia.,0.0648
PA006135,2023-08-09 23:48:21,"Consegui estacionamento logo de cara, dia de sorte mesmo.",0.1022
PA006136,2023-08-10 01:13:20,"Apresentacao correu muito bem, todos gostaram.",0.0802
PA006137,2023-08-10 03:07:52,Que manha fresca e agradavel para uma caminhada.,0.0777
PA006138,2023-08-10 03:27:50,"Que calor hoje, tive que ligar o ar condicionado logo cedo.",0.1227
PA006139,2023-08-10 03:30:57,"Passeio no interior no fim de semana, natureza linda.",0.0674
PA006140,2023-08-10 07:24:00,"Configurei o home office com setup novo, otimo.",0.0393
PA006141,2023-08-10 08:09:05,"Home office com cafe fresquinho do lado, otimo.",0.0278
PA006142,2023-08-10 08:30:45,Tarde produtiva organizando e limpando a casa.,0.0955
PA006143,2023-08-10 08:43:05,Grupo de estudos foi muito produtivo hoje.,0.0395
PA006144,2023-08-10 10:30:32,"Fui num restaurante novo, a pizza estava espetacular.",0.0695
PA006145,2023-08-10 12:02:35,Tarde produtiva organizando e limpando a casa.,0.2
PA006146,2023-08-10 12:53:52,"Plantei temperos na sacada, que satisfacao.",0.0728
PA006147,2023-08-10 13:35:04,"Filme otimo ontem, fui ao cinema com a familia.",0.087
PA006148,2023-08-10 14:23:26,"Onibus chegou no horario hoje, que surpresa agradavel.",0.0937
PA006149,2023-08-10 14:37:52,Leitura no jardim com tempo agradavel.,0.0595
PA006150,2023-08-10 15:13:17,App de produtividade novo que encontrei e otimo.,0.0723
PA006151,2023-08-10 15:50:24,"Domingo em familia, melhor dia da semana.",0.0036
PA006152,2023-08-10 15:57:48,"Natacao de manha, melhor inicio de dia possivel.",0.1422
PA006153,2023-08-10 16:02:08,"Aprendi receita nova no youtube, ficou otimo.",0.1419
PA006154,2023-08-10 16:02:42,Semana intensa mas muito satisfatoria no trabalho.,0.1483
PA006155,2023-08-10 17:16:12,"Sol lindo hoje, cafe na varanda foi otimo.",0.0347
PA006156,2023-08-10 18:39:06,Que tarde relaxante lendo na rede.,0.1746
PA006157,2023-08-10 19:24:52,"Academia hoje, treino puxado mas valeu muito.",0.0
PA006158,2023-08-10 19:50:17,"Musica nova do meu artista favorito, de outro nivel.",0.0
PA006159,2023-08-10 21:15:42,Feira de artesanato gostosa de passear.,0.1136
PA006160,2023-08-10 22:02:03,"Tentei receita nova de bolo de cenoura, ficou fofinho.",0.0929
PA006161,2023-08-10 23:46:23,"Fechei projeto importante essa semana, que alegria.",0.1274
PA006162,2023-08-11 00:18:38,Grupo de estudos foi muito produtivo hoje.,0.0027
PA006163,2023-08-11 00:58:58,"Fui num restaurante novo, a pizza estava espetacular.",0.0615
PA006164,2023-08-11 01:27:26,"Home office com cafe fresquinho do lado, otimo.",0.152
PA006165,2023-08-11 05:37:59,Caminhada ate a estacao foi otima hoje.,0.0815
PA006166,2023-08-11 06:18:47,"Trilha ecologica incrivel, natureza pura.",0.1321
PA006167,2023-08-11 07:48:10,"Fui de bike hoje, que exercicio agradavel de manha.",0.0647
PA006168,2023-08-11 08:06:43,Finalmente entendi aquele conceito que me travava.,0.0172
PA006169,2023-08-11 08:35:32,"Vento agradavel hoje, aproveitei para caminhar no parque.",0.083
PA006170,2023-08-11 10:18:56,"Apresentacao correu muito bem, todos gostaram.",0.1244
PA006171,2023-08-11 13:06:12,"Que semana frustrante, precisava que as coisas dessem certo.",0.5091
PA006172,2023-08-11 13:19:48,"Fui num restaurante novo, a pizza estava espetacular.",0.0543
PA006173,2023-08-11 14:47:02,"Almoco incrivel hoje, fiz lasanha caseira do zero.",0.0752
PA006174,2023-08-11 16:30:23,"Que calor hoje, tive que ligar o ar condicionado logo cedo.",0.03
PA006175,2023-08-11 16:37:22,Pedalada de tarde com vista incrivel do parque.,0.0942
PA006176,2023-08-11 17:27:02,Semana intensa mas muito satisfatoria no trabalho.,0.121
PA006177,2023-08-11 18:49:45,"Passeio no interior no fim de semana, natureza linda.",0.0455
PA006178,2023-08-11 19:24:27,"Academia hoje, treino puxado mas valeu muito.",0.0393
PA006179,2023-08-11 19:35:44,"Pausa pro cafe com os colegas, bate-papo otimo.",0.1079
PA006180,2023-08-11 23:28:17,"Almoco incrivel hoje, fiz lasanha caseira do zero.",0.1378
PA006181,2023-08-11 23:51:13,"Livro excelente sobre ciencia de dados, recomendo muito.",0.0402
PA006182,2023-08-12 02:33:27,"Onibus chegou no horario hoje, que surpresa agradavel.",0.0787
PA006183,2023-08-12 03:15:18,"Pipoca e serie boa na sexta, programa perfeito.",0.1078
PA006184,2023-08-12 03:31:14,Terminei o trabalho da faculdade com antecedencia.,0.0017
PA006185,2023-08-12 04:01:53,"Plantei temperos na sacada, que satisfacao.",0.0
PA006186,2023-08-12 04:49:39,"Pipoca e serie boa na sexta, programa perfeito.",0.1236
PA006187,2023-08-12 06:59:34,Caminhada ate a estacao foi otima hoje.,0.1518
PA006188,2023-08-12 07:09:12,"Home office com cafe fresquinho do lado, otimo.",0.1285
PA006189,2023-08-12 09:12:18,"Reuniao produtiva hoje, saimos com otimas ideias.",0.0479
PA006190,2023-08-12 09:56:48,"Notebook novo chegou, que desempenho incrivel.",0.1294
PA006191,2023-08-12 11:06:45,"Fui num restaurante novo, a pizza estava espetacular.",0.043
PA006192,2023-08-12 11:55:18,"Aprendi receita nova no youtube, ficou otimo.",0.2
PA006193,2023-08-12 11:59:12,"Home office com cafe fresquinho do lado, otimo.",0.0
PA006194,2023-08-12 12:18:02,"Tentei receita nova de bolo de cenoura, ficou fofinho.",0.0894
PA006195,2023-08-12 12:27:58,"O outono chegou cedo esse ano, que frio gostoso de manha.",0.0414
PA006196,2023-08-12 13:20:31,"Notebook novo chegou, que desempenho incrivel.",0.129
PA006197,2023-08-12 13:25:53,"Metro bem tranquilo essa manha, cheguei bem.",0.1227
PA006198,2023-08-12 16:36:01,"Dia nublado mas tranquilo, bom para estudar sem distracao.",0.0779
PA006199,2023-08-12 16:41:48,"Volei com os amigos, muita risada e diversao.",0.1302
PA006200,2023-08-12 17:25:20,"Fui num restaurante novo, a pizza estava espetacular.",0.0539
PA006201,2023-08-12 17:46:27,"Reencontrei um amigo antigo por acaso, que alegria.",0.0224
PA006202,2023-08-12 18:17:39,"Trilha ecologica incrivel, natureza pura.",0.1525
PA006203,2023-08-12 19:14:06,"Teatro incrivel ontem, peca muito bem dirigida.",0.1086
PA006204,2023-08-12 19:35:36,Jogo novo me viciou de um jeito bom.,0.0544
PA006205,2023-08-12 21:47:15,Show ao vivo incrivel no fim de semana.,0.1049
PA006206,2023-08-12 21:49:16,Que tarde relaxante lendo na rede.,0.0963
PA006207,2023-08-12 23:07:29,Grupo de estudos foi muito produtivo hoje.,0.0486
PA006208,2023-08-12 23:26:21,Finalmente entendi aquele conceito que me travava.,0.0855
PA006209,2023-08-12 23:27:04,"Churrasco com a familia no final de semana, delicioso.",0.0964
PA006210,2023-08-12 23:29:30,Podcast sobre tecnologia muito interessante.,0.0846
PA006211,2023-08-13 00:17:32,"Fui num restaurante novo, a pizza estava espetacular.",0.1534
PA006212,2023-08-13 02:24:09,"Estudando para a prova de amanha, bem concentrado.",0.0589
PA006213,2023-08-13 02:52:37,"Choveu a tarde toda, dia perfeito pra ficar em casa lendo.",0.1401
PA006214,2023-08-13 05:08:54,"Passei na certificacao, muito feliz com o resultado.",0.0853
PA006215,2023-08-13 05:34:59,"Viagem de fim de semana para cidade historica, valeu.",0.0435
PA006216,2023-08-13 06:13:04,"Dia nublado mas tranquilo, bom para estudar sem distracao.",0.0267
PA006217,2023-08-13 08:46:35,Brigadeiro de panela saiu incrivel hoje.,0.0942
PA006218,2023-08-13 09:15:13,Cafe da manha caprichado: tapioca com ovo e suco de laranja.,0.0284
PA006219,2023-08-13 09:35:15,"Churrasco com a familia no final de semana, delicioso.",0.0339
PA006220,2023-08-13 10:20:56,"Chuva passageira a tarde, depois o tempo abriu lindo.",0.1187
PA006221,2023-08-13 11:29:43,Pedalada de tarde com vista incrivel do parque.,0.0707
PA006222,2023-08-13 11:40:46,"Sol lindo hoje, cafe na varanda foi otimo.",0.055
PA006223,2023-08-13 12:07:30,Tudo caro e qualidade cada vez pior.,0.7694
PA006224,2023-08-13 13:05:23,"Maratonei a temporada completa, valeu cada minuto.",0.0
PA006225,2023-08-13 14:20:18,Jogo novo me viciou de um jeito bom.,0.0476
PA006226,2023-08-13 14:26:05,"Home office com cafe fresquinho do lado, otimo.",0.1842
PA006227,2023-08-13 14:36:00,Tarde produtiva organizando e limpando a casa.,0.1901
PA006228,2023-08-13 14:37:53,Tarde produtiva organizando e limpando a casa.,0.1619
PA006229,2023-08-13 14:49:02,"Livro excelente sobre ciencia de dados, recomendo muito.",0.1793
PA006230,2023-08-13 14:54:51,"Chuva passageira a tarde, depois o tempo abriu lindo.",0.1398
PA006231,2023-08-13 18:02:33,"Minha mae fez feijao com arroz e linguica, classico perfeito.",0.0215
PA006232,2023-08-13 18:15:18,"Meu time ganhou hoje, que jogo bonito foi.",0.1208
PA006233,2023-08-13 18:51:06,"Sopa de legumes no frio, reconfortante e gostosa.",0.0622
PA006234,2023-08-13 18:55:43,Atualizacao deixou o sistema muito mais rapido.,0.0
PA006235,2023-08-13 19:04:40,"Sol lindo hoje, cafe na varanda foi otimo.",0.1049
PA006236,2023-08-13 19:13:36,Brigadeiro de panela saiu incrivel hoje.,0.0924
PA006237,2023-08-13 19:45:26,"Padaria da esquina lancou sabor novo, recomendo.",0.1481
PA006238,2023-08-14 00:50:30,App de produtividade novo que encontrei e otimo.,0.1039
PA006239,2023-08-14 02:07:57,"Novo celular chegou, a camera e impressionante.",0.081
PA006240,2023-08-14 04:32:37,Brigadeiro de panela saiu incrivel hoje.,0.0904
PA006241,2023-08-14 05:15:23,"Fui num restaurante novo, a pizza estava espetacular.",0.0943
PA006242,2023-08-14 05:36:31,"Testei IA para ajudar com codigo, funcionou bem.",0.0653
PA006243,2023-08-14 06:05:07,"Fechei projeto importante essa semana, que alegria.",0.1093
PA006244,2023-08-14 06:38:10,"Yoga pela manha, comecei o dia muito bem.",0.0
PA006245,2023-08-14 07:38:01,"Musica nova do meu artista favorito, de outro nivel.",0.1192
PA006246,2023-08-14 09:30:33,"O outono chegou cedo esse ano, que frio gostoso de manha.",0.0821
PA006247,2023-08-14 10:01:01,"Metro bem tranquilo essa manha, cheguei bem.",0.0823
PA006248,2023-08-14 10:05:45,"Pausa pro cafe com os colegas, bate-papo otimo.",0.1436
PA006249,2023-08-14 10:09:33,"Que calor hoje, tive que ligar o ar condicionado logo cedo.",0.0908
PA006250,2023-08-14 10:17:55,"Sol lindo hoje, cafe na varanda foi otimo.",0.0604
PA006251,2023-08-14 10:28:47,"Aprendi receita nova no youtube, ficou otimo.",0.0478
PA006252,2023-08-14 11:32:27,Grupo de estudos foi muito produtivo hoje.,0.1501
PA006253,2023-08-14 12:30:04,"Testei IA para ajudar com codigo, funcionou bem.",0.0318
PA006254,2023-08-14 12:50:17,"Plantei temperos na sacada, que satisfacao.",0.0982
PA006255,2023-08-14 14:04:20,"Estrada livre, cheguei no trabalho rapido hoje.",0.0951
PA006256,2023-08-14 14:15:45,"Que calor hoje, tive que ligar o ar condicionado logo cedo.",0.003
PA006257,2023-08-14 16:13:11,"Metro bem tranquilo essa manha, cheguei bem.",0.0655
PA006258,2023-08-14 16:42:51,"Padaria da esquina lancou sabor novo, recomendo.",0.0616
PA006259,2023-08-14 17:19:51,"Teatro incrivel ontem, peca muito bem dirigida.",0.144
PA006260,2023-08-14 18:48:32,"Volei com os amigos, muita risada e diversao.",0.089
PA006261,2023-08-14 19:45:27,"Fui de bike hoje, que exercicio agradavel de manha.",0.0491
PA006262,2023-08-14 19:53:39,"Sopa de legumes no frio, reconfortante e gostosa.",0.0435
PA006263,2023-08-14 20:33:19,"Home office com cafe fresquinho do lado, otimo.",0.0143
PA006264,2023-08-14 21:05:40,"Tarefa dificil concluida com sucesso, que satisfacao.",0.016
PA006265,2023-08-14 22:08:23,"Viagem de fim de semana para cidade historica, valeu.",0.0681
PA006266,2023-08-14 22:55:55,Aula incrivel sobre estatistica aplicada hoje.,0.0366
PA006267,2023-08-14 23:25:36,"Reuniao produtiva hoje, saimos com otimas ideias.",0.07
PA006268,2023-08-15 00:10:31,"Fui de bike hoje, que exercicio agradavel de manha.",0.0278
PA006269,2023-08-15 01:12:36,"Que calor hoje, tive que ligar o ar condicionado logo cedo.",0.103
PA006270,2023-08-15 01:22:38,"Fui de bike hoje, que exercicio agradavel de manha.",0.0691
PA006271,2023-08-15 03:31:40,"Museu da cidade muito interessante, aprendi bastante.",0.0389
PA006272,2023-08-15 04:11:40,"Plantei temperos na sacada, que satisfacao.",0.0282
PA006273,2023-08-15 04:24:24,"Plantei temperos na sacada, que satisfacao.",0.0725
PA006274,2023-08-15 05:53:40,"Serie nova incrivel, amei o primeiro episodio.",0.0572
PA006275,2023-08-15 06:07:08,"Aprendi receita nova no youtube, ficou otimo.",0.168
PA006276,2023-08-15 08:02:23,"Chuva passageira a tarde, depois o tempo abriu lindo.",0.1088
PA006277,2023-08-15 08:06:32,"Padaria da esquina lancou sabor novo, recomendo.",0.0
PA006278,2023-08-15 08:23:02,"Reuniao produtiva hoje, saimos com otimas ideias.",0.129
PA006279,2023-08-15 08:53:28,"Novo celular chegou, a camera e impressionante.",0.006
PA006280,2023-08-15 09:03:07,"Tentei receita nova de bolo de cenoura, ficou fofinho.",0.0
PA006281,2023-08-15 09:12:38,"Meu time ganhou hoje, que jogo bonito foi.",0.1179
PA006282,2023-08-15 09:18:55,"Tentei receita nova de bolo de cenoura, ficou fofinho.",0.1549
PA006283,2023-08-15 09:53:40,"Musica nova do meu artista favorito, de outro nivel.",0.0642
PA006284,2023-08-15 10:15:30,"Livro excelente sobre ciencia de dados, recomendo muito.",0.1041
PA006285,2023-08-15 10:44:23,"Consegui estacionamento logo de cara, dia de sorte mesmo.",0.033
PA006286,2023-08-15 11:55:23,Terminei o trabalho da faculdade com antecedencia.,0.0996
PA006287,2023-08-15 12:02:41,"Meu time ganhou hoje, que jogo bonito foi.",0.1554
PA006288,2023-08-15 12:33:01,"Cuidando das plantas em casa, muito terapeutico.",0.0821
PA006289,2023-08-15 12:58:04,"Filme otimo ontem, fui ao cinema com a familia.",0.0177
PA006290,2023-08-15 13:20:49,"Livro excelente sobre ciencia de dados, recomendo muito.",0.1124
PA006291,2023-08-15 13:53:28,"Apresentacao correu muito bem, todos gostaram.",0.0894
PA006292,2023-08-15 14:29:00,"Minha mae fez feijao com arroz e linguica, classico perfeito.",0.0751
PA006293,2023-08-15 15:33:58,"Cuidando das plantas em casa, muito terapeutico.",0.1693
PA006294,2023-08-15 15:52:51,"Academia hoje, treino puxado mas valeu muito.",0.0284
PA006295,2023-08-15 16:07:34,"Configurei o home office com setup novo, otimo.",0.0551
PA006296,2023-08-15 16:24:47,"O outono chegou cedo esse ano, que frio gostoso de manha.",0.1272
PA006297,2023-08-15 17:32:50,Finalmente entendi aquele conceito que me travava.,0.085
PA006298,2023-08-15 17:41:04,"Chuva passageira a tarde, depois o tempo abriu lindo.",0.0733
PA006299,2023-08-15 18:51:27,"Sol lindo hoje, cafe na varanda foi otimo.",0.1412
PA006300,2023-08-15 19:21:26,"Estrada livre, cheguei no trabalho rapido hoje.",0.1351
PA006301,2023-08-15 20:09:39,"Fui num restaurante novo, a pizza estava espetacular.",0.1038
PA006302,2023-08-15 20:55:01,Podcast sobre tecnologia muito interessante.,0.0
PA006303,2023-08-15 22:32:19,"Passei na certificacao, muito feliz com o resultado.",0.071
PA006304,2023-08-15 23:40:00,"Fechei projeto importante essa semana, que alegria.",0.0609
PA006305,2023-08-16 00:08:06,"Museu da cidade muito interessante, aprendi bastante.",0.1092
PA006306,2023-08-16 01:34:24,"O outono chegou cedo esse ano, que frio gostoso de manha.",0.1345
PA006307,2023-08-16 01:54:08,"Praia tranquila, sol perfeito, descanso total.",0.0475
PA006308,2023-08-16 02:44:30,"Choveu a tarde toda, dia perfeito pra ficar em casa lendo.",0.0406
PA006309,2023-08-16 02:58:28,"Trilha ecologica incrivel, natureza pura.",0.1864
PA006310,2023-08-16 03:08:15,"Testei IA para ajudar com codigo, funcionou bem.",0.0
PA006311,2023-08-16 03:15:23,"Mais um dia de transito horrivel, situacao absurda.",0.8389
PA006312,2023-08-16 03:23:43,Aula incrivel sobre estatistica aplicada hoje.,0.0994
PA006313,2023-08-16 05:00:31,Jantar simples mas gostoso com a familia.,0.0691
PA006314,2023-08-16 05:23:05,"Home office com cafe fresquinho do lado, otimo.",0.0824
PA006315,2023-08-16 05:24:15,Jogo novo me viciou de um jeito bom.,0.101
PA006316,2023-08-16 06:14:44,"Onibus chegou no horario hoje, que surpresa agradavel.",0.1312
PA006317,2023-08-16 08:24:17,"Churrasco com a familia no final de semana, delicioso.",0.0503
PA006318,2023-08-16 09:45:06,Jantar simples mas gostoso com a familia.,0.1025
PA006319,2023-08-16 10:27:31,"Academia hoje, treino puxado mas valeu muito.",0.0955
PA006320,2023-08-16 11:30:20,Atualizacao deixou o sistema muito mais rapido.,0.0768
PA006321,2023-08-16 13:01:09,"Acai gelado essa tarde, refrescante demais.",0.107
PA006322,2023-08-16 14:47:43,"Praia tranquila, sol perfeito, descanso total.",0.0431
PA006323,2023-08-16 16:54:01,Aula incrivel sobre estatistica aplicada hoje.,0.0517
PA006324,2023-08-16 17:25:34,"Teatro incrivel ontem, peca muito bem dirigida.",0.0956
PA006325,2023-08-16 18:00:59,"Minha mae fez feijao com arroz e linguica, classico perfeito.",0.0661
PA006326,2023-08-16 18:41:23,"O outono chegou cedo esse ano, que frio gostoso de manha.",0.152
PA006327,2023-08-16 20:01:31,Pedalada de tarde com vista incrivel do parque.,0.1103
PA006328,2023-08-16 23:12:39,"Apresentacao correu muito bem, todos gostaram.",0.0655
PA006329,2023-08-17 00:11:46,"Sopa de legumes no frio, reconfortante e gostosa.",0.0735
PA006330,2023-08-17 01:35:05,App de produtividade novo que encontrei e otimo.,0.1153
PA006331,2023-08-17 02:29:20,"Consegui estacionamento logo de cara, dia de sorte mesmo.",0.129
PA006332,2023-08-17 02:55:10,"Aprendi receita nova no youtube, ficou otimo.",0.0899
PA006333,2023-08-17 02:58:54,"Trilha ecologica incrivel, natureza pura.",0.0489
PA006334,2023-08-17 03:22:09,"Passeio com o cachorro no parque, ele adorou.",0.0095
PA006335,2023-08-17 03:32:08,"Meditacao de manha, comecando o dia muito bem.",0.1084
PA006336,2023-08-17 03:35:53,Tarde produtiva organizando e limpando a casa.,0.0624
PA006337,2023-08-17 05:43:19,"Configurei o home office com setup novo, otimo.",0.0738
PA006338,2023-08-17 09:00:25,"Passeio no interior no fim de semana, natureza linda.",0.0513
PA006339,2023-08-17 09:33:03,Grupo de estudos foi muito produtivo hoje.,0.0047
PA006340,2023-08-17 09:38:12,Podcast sobre tecnologia muito interessante.,0.1151
PA006341,2023-08-17 10:36:51,Leitura no jardim com tempo agradavel.,0.0489
PA006342,2023-08-17 10:52:22,"Minha mae fez feijao com arroz e linguica, classico perfeito.",0.1405
PA006343,2023-08-17 11:12:30,"Sopa de legumes no frio, reconfortante e gostosa.",0.1296
PA006344,2023-08-17 11:23:38,"Choveu a tarde toda, dia perfeito pra ficar em casa lendo.",0.0754
PA006345,2023-08-17 12:18:23,"Acai gelado essa tarde, refrescante demais.",0.072
PA006346,2023-08-17 12:28:02,"Dia nublado mas tranquilo, bom para estudar sem distracao.",0.1514
PA006347,2023-08-17 15:45:41,"Biblioteca da universidade, ambiente otimo para estudar.",0.0414
PA006348,2023-08-17 18:14:14,Jantar simples mas gostoso com a familia.,0.1639
PA006349,2023-08-17 20:10:57,"Pipoca e serie boa na sexta, programa perfeito.",0.1575
PA006350,2023-08-17 20:30:22,"Meu time ganhou hoje, que jogo bonito foi.",0.0
PA006351,2023-08-17 20:42:57,"Museu da cidade muito interessante, aprendi bastante.",0.0536
PA006352,2023-08-17 23:06:53,"Trilha ecologica incrivel, natureza pura.",0.0863
PA006353,2023-08-18 00:31:18,"Minha mae fez feijao com arroz e linguica, classico perfeito.",0.1677
PA006354,2023-08-18 03:05:51,Brigadeiro de panela saiu incrivel hoje.,0.1109
PA006355,2023-08-18 03:21:40,Jogo novo me viciou de um jeito bom.,0.0582
PA006356,2023-08-18 04:22:16,"Aprendi receita nova no youtube, ficou otimo.",0.0361
PA006357,2023-08-18 04:27:16,"Padaria da esquina lancou sabor novo, recomendo.",0.1519
PA006358,2023-08-18 05:17:14,"Cuidando das plantas em casa, muito terapeutico.",0.0142
PA006359,2023-08-18 05:23:26,"Biblioteca da universidade, ambiente otimo para estudar.",0.1273
PA006360,2023-08-18 08:29:34,"Acai gelado essa tarde, refrescante demais.",0.1813
PA006361,2023-08-18 09:51:23,"Domingo em familia, melhor dia da semana.",0.0156
PA006362,2023-08-18 10:13:46,"Pausa pro cafe com os colegas, bate-papo otimo.",0.1142
PA006363,2023-08-18 11:12:49,Leitura no jardim com tempo agradavel.,0.0
PA006364,2023-08-18 12:06:26,"Churrasco com a familia no final de semana, delicioso.",0.1476
PA006365,2023-08-18 15:21:10,Pedalada de tarde com vista incrivel do parque.,0.1438
PA006366,2023-08-18 15:47:51,Terminei o trabalho da faculdade com antecedencia.,0.0583
PA006367,2023-08-18 16:07:35,Brigadeiro de panela saiu incrivel hoje.,0.1492
PA006368,2023-08-18 16:21:54,"Que calor hoje, tive que ligar o ar condicionado logo cedo.",0.197
PA006369,2023-08-18 17:34:12,"Vento agradavel hoje, aproveitei para caminhar no parque.",0.083
PA006370,2023-08-18 18:57:48,"Meu time ganhou hoje, que jogo bonito foi.",0.0158
PA006371,2023-08-18 19:08:17,"Domingo em familia, melhor dia da semana.",0.0
PA006372,2023-08-18 19:47:06,Cafe da manha caprichado: tapioca com ovo e suco de laranja.,0.1057
PA006373,2023-08-18 20:16:03,"Passeio com o cachorro no parque, ele adorou.",0.0669
PA006374,2023-08-18 20:18:53,"Domingo em familia, melhor dia da semana.",0.0537
PA006375,2023-08-18 21:37:24,"Choveu a tarde toda, dia perfeito pra ficar em casa lendo.",0.0889
PA006376,2023-08-18 22:09:18,"Biblioteca da universidade, ambiente otimo para estudar.",0.0265
PA006377,2023-08-18 22:41:46,"Minha mae fez feijao com arroz e linguica, classico perfeito.",0.1081
PA006378,2023-08-19 02:42:56,"Que calor hoje, tive que ligar o ar condicionado logo cedo.",0.1231
PA006379,2023-08-19 03:44:48,"Vento agradavel hoje, aproveitei para caminhar no parque.",0.1301
PA006380,2023-08-19 03:53:44,"Musica nova do meu artista favorito, de outro nivel.",0.1212
PA006381,2023-08-19 04:53:13,"Churrasco com a familia no final de semana, delicioso.",0.0
PA006382,2023-08-19 05:07:38,"Padaria da esquina lancou sabor novo, recomendo.",0.0229
PA006383,2023-08-19 05:08:38,"Yoga pela manha, comecei o dia muito bem.",0.0838
PA006384,2023-08-19 05:56:54,"Domingo em familia, melhor dia da semana.",0.1109
PA006385,2023-08-19 06:45:03,Caminhada ate a estacao foi otima hoje.,0.0451
PA006386,2023-08-19 07:52:00,"Padaria da esquina lancou sabor novo, recomendo.",0.1128
PA006387,2023-08-19 09:06:28,"O outono chegou cedo esse ano, que frio gostoso de manha.",0.124
PA006388,2023-08-19 09:47:34,"Novo celular chegou, a camera e impressionante.",0.1083
PA006389,2023-08-19 11:14:51,Tarde produtiva organizando e limpando a casa.,0.0537
PA006390,2023-08-19 11:15:43,"Sol lindo hoje, cafe na varanda foi otimo.",0.0745
PA006391,2023-08-19 11:52:38,"Musica nova do meu artista favorito, de outro nivel.",0.0502
PA006392,2023-08-19 12:04:51,"Passei na certificacao, muito feliz com o resultado.",0.0573
PA006393,2023-08-19 12:12:15,Grupo de estudos foi muito produtivo hoje.,0.0946
PA006394,2023-08-19 12:18:02,"Maratonei a temporada completa, valeu cada minuto.",0.086
PA006395,2023-08-19 13:12:25,Podcast sobre tecnologia muito interessante.,0.0464
PA006396,2023-08-19 16:12:43,"Yoga pela manha, comecei o dia muito bem.",0.0113
PA006397,2023-08-19 20:18:54,Atualizacao deixou o sistema muito mais rapido.,0.1162
PA006398,2023-08-19 20:46:47,"Padaria da esquina lancou sabor novo, recomendo.",0.0424
PA006399,2023-08-19 22:22:53,Podcast sobre tecnologia muito interessante.,0.0831
PA006400,2023-08-19 23:34:17,"Domingo em familia, melhor dia da semana.",0.099
PA006401,2023-08-20 00:35:26,"Vento agradavel hoje, aproveitei para caminhar no parque.",0.0302
PA006402,2023-08-20 01:54:15,"Viagem de fim de semana para cidade historica, valeu.",0.1059
PA006403,2023-08-20 02:16:18,"Academia hoje, treino puxado mas valeu muito.",0.0675
PA006404,2023-08-20 02:17:00,"Museu da cidade muito interessante, aprendi bastante.",0.1042
PA006405,2023-08-20 04:05:12,"Testei IA para ajudar com codigo, funcionou bem.",0.1135
PA006406,2023-08-20 05:33:52,"Dia nublado mas tranquilo, bom para estudar sem distracao.",0.0
PA006407,2023-08-20 05:54:44,"Pausa pro cafe com os colegas, bate-papo otimo.",0.1193
PA006408,2023-08-20 06:16:56,"Home office com cafe fresquinho do lado, otimo.",0.1818
PA006409,2023-08-20 08:09:15,"Fechei projeto importante essa semana, que alegria.",0.0785
PA006410,2023-08-20 08:51:50,Terminei o trabalho da faculdade com antecedencia.,0.001
PA006411,2023-08-20 09:11:53,"Academia hoje, treino puxado mas valeu muito.",0.0982
PA006412,2023-08-20 09:13:34,Que tarde relaxante lendo na rede.,0.0998
PA006413,2023-08-20 10:32:51,"Acai gelado essa tarde, refrescante demais.",0.0447
PA006414,2023-08-20 10:44:12,"Domingo em familia, melhor dia da semana.",0.0
PA006415,2023-08-20 11:42:41,"Maratonei a temporada completa, valeu cada minuto.",0.0943
PA006416,2023-08-20 12:45:47,"Sopa de legumes no frio, reconfortante e gostosa.",0.1287
PA006417,2023-08-20 13:46:52,"O outono chegou cedo esse ano, que frio gostoso de manha.",0.1226
PA006418,2023-08-20 14:03:22,"Que calor hoje, tive que ligar o ar condicionado logo cedo.",0.045
PA006419,2023-08-20 14:18:31,"Serie nova incrivel, amei o primeiro episodio.",0.0916
PA006420,2023-08-20 15:25:21,"Home office com cafe fresquinho do lado, otimo.",0.0148
PA006421,2023-08-20 16:36:08,"Dia nublado mas tranquilo, bom para estudar sem distracao.",0.0638
PA006422,2023-08-20 18:56:06,"Pipoca e serie boa na sexta, programa perfeito.",0.0627
PA006423,2023-08-20 19:31:47,Podcast sobre tecnologia muito interessante.,0.0624
PA006424,2023-08-20 19:42:15,Show ao vivo incrivel no fim de semana.,0.0382
PA006425,2023-08-20 21:56:16,"Estrada livre, cheguei no trabalho rapido hoje.",0.0
PA006426,2023-08-20 22:12:01,Terminei o trabalho da faculdade com antecedencia.,0.0757
PA006427,2023-08-21 02:14:50,Jogo novo me viciou de um jeito bom.,0.0946
PA006428,2023-08-21 02:49:24,"Plantei temperos na sacada, que satisfacao.",0.0537
PA006429,2023-08-21 03:13:51,"Metro bem tranquilo essa manha, cheguei bem.",0.0568
PA006430,2023-08-21 03:34:18,"Corri 5km de manha, semana otima de treino.",0.0384
PA006431,2023-08-21 03:37:31,"Biblioteca da universidade, ambiente otimo para estudar.",0.2
PA006432,2023-08-21 03:59:02,"Choveu a tarde toda, dia perfeito pra ficar em casa lendo.",0.0723
PA006433,2023-08-21 04:11:37,Semana intensa mas muito satisfatoria no trabalho.,0.1608
PA006434,2023-08-21 05:30:11,"Sol lindo hoje, cafe na varanda foi otimo.",0.0643
PA006435,2023-08-21 07:06:27,"Pipoca e serie boa na sexta, programa perfeito.",0.0369
PA006436,2023-08-21 07:15:22,App de produtividade novo que encontrei e otimo.,0.0599
PA006437,2023-08-21 07:20:36,"Domingo em familia, melhor dia da semana.",0.0043
PA006438,2023-08-21 07:42:08,"Sopa de legumes no frio, reconfortante e gostosa.",0.1536
PA006439,2023-08-21 07:42:28,"Onibus chegou no horario hoje, que surpresa agradavel.",0.0496
PA006440,2023-08-21 09:24:30,"Biblioteca da universidade, ambiente otimo para estudar.",0.0
PA006441,2023-08-21 09:44:24,"Onibus chegou no horario hoje, que surpresa agradavel.",0.0546
PA006442,2023-08-21 10:36:19,"Praia tranquila, sol perfeito, descanso total.",0.0119
PA006443,2023-08-21 13:03:51,Terminei o trabalho da faculdade com antecedencia.,0.0378
PA006444,2023-08-21 13:23:15,Tarde produtiva organizando e limpando a casa.,0.1281
PA006445,2023-08-21 13:39:09,"Tentei receita nova de bolo de cenoura, ficou fofinho.",0.0817
PA006446,2023-08-21 14:29:17,"Volei com os amigos, muita risada e diversao.",0.0948
PA006447,2023-08-21 14:38:13,"Apresentacao correu muito bem, todos gostaram.",0.1026
PA006448,2023-08-21 17:06:30,Show ao vivo incrivel no fim de semana.,0.1104
PA006449,2023-08-21 17:06:57,Terminei o trabalho da faculdade com antecedencia.,0.0424
PA006450,2023-08-21 17:54:42,"Volei com os amigos, muita risada e diversao.",0.065
PA006451,2023-08-21 18:26:44,"Fechei projeto importante essa semana, que alegria.",0.0786
PA006452,2023-08-21 19:58:05,"Fui de bike hoje, que exercicio agradavel de manha.",0.001
PA006453,2023-08-21 20:08:55,"Estudando para a prova de amanha, bem concentrado.",0.1285
PA006454,2023-08-21 20:33:41,"Pausa pro cafe com os colegas, bate-papo otimo.",0.17
PA006455,2023-08-21 20:38:52,Feira de artesanato gostosa de passear.,0.103
PA006456,2023-08-21 20:41:47,Tarde produtiva organizando e limpando a casa.,0.1056
PA006457,2023-08-21 21:28:23,"Meditacao de manha, comecando o dia muito bem.",0.1482
PA006458,2023-08-21 21:28:45,"Consegui estacionamento logo de cara, dia de sorte mesmo.",0.0623
PA006459,2023-08-21 22:37:06,Tarde produtiva organizando e limpando a casa.,0.0
PA006460,2023-08-21 23:52:58,Caminhada ate a estacao foi otima hoje.,0.0574
PA006461,2023-08-22 00:07:48,Leitura no jardim com tempo agradavel.,0.0868
PA006462,2023-08-22 00:09:41,"Reuniao produtiva hoje, saimos com otimas ideias.",0.1384
PA006463,2023-08-22 03:38:32,"Choveu a tarde toda, dia perfeito pra ficar em casa lendo.",0.0201
PA006464,2023-08-22 04:47:05,"Plantei temperos na sacada, que satisfacao.",0.1074
PA006465,2023-08-22 05:31:58,Jogo novo me viciou de um jeito bom.,0.1139
PA006466,2023-08-22 05:46:58,"Passeio no interior no fim de semana, natureza linda.",0.0166
PA006467,2023-08-22 05:58:19,"Teatro incrivel ontem, peca muito bem dirigida.",0.0911
PA006468,2023-08-22 06:18:08,"Fui de bike hoje, que exercicio agradavel de manha.",0.0939
PA006469,2023-08-22 07:49:06,"Sopa de legumes no frio, reconfortante e gostosa.",0.0768
PA006470,2023-08-22 08:05:49,"Chuva passageira a tarde, depois o tempo abriu lindo.",0.0296
PA006471,2023-08-22 09:41:00,Terminei o trabalho da faculdade com antecedencia.,0.0934
PA006472,2023-08-22 09:46:37,"Filme otimo ontem, fui ao cinema com a familia.",0.1404
PA006473,2023-08-22 10:30:35,"Natacao de manha, melhor inicio de dia possivel.",0.0361
PA006474,2023-08-22 10:40:26,Pedalada de tarde com vista incrivel do parque.,0.0881
PA006475,2023-08-22 11:16:24,"Estudando para a prova de amanha, bem concentrado.",0.0655
PA006476,2023-08-22 12:09:47,"Vento agradavel hoje, aproveitei para caminhar no parque.",0.0653
PA006477,2023-08-22 12:35:13,Atualizacao deixou o sistema muito mais rapido.,0.1617
PA006478,2023-08-22 12:55:20,"Onibus chegou no horario hoje, que surpresa agradavel.",0.1429
PA006479,2023-08-22 14:36:48,"O outono chegou cedo esse ano, que frio gostoso de manha.",0.0872
PA006480,2023-08-22 16:13:49,Aula incrivel sobre estatistica aplicada hoje.,0.1042
PA006481,2023-08-22 19:10:07,"Fechei projeto importante essa semana, que alegria.",0.0
PA006482,2023-08-22 20:54:08,"Yoga pela manha, comecei o dia muito bem.",0.0616
PA006483,2023-08-22 21:42:36,"Cuidando das plantas em casa, muito terapeutico.",0.0319
PA006484,2023-08-22 22:57:43,"Apresentacao correu muito bem, todos gostaram.",0.1429
PA006485,2023-08-23 00:48:27,"Trilha ecologica incrivel, natureza pura.",0.0183
PA006486,2023-08-23 00:52:13,"Livro excelente sobre ciencia de dados, recomendo muito.",0.1904
PA006487,2023-08-23 02:42:51,Jantar simples mas gostoso com a familia.,0.0824
PA006488,2023-08-23 04:06:14,"Que calor hoje, tive que ligar o ar condicionado logo cedo.",0.0005
PA006489,2023-08-23 05:02:10,"Aprendi receita nova no youtube, ficou otimo.",0.1396
PA006490,2023-08-23 05:16:16,"Academia hoje, treino puxado mas valeu muito.",0.08
PA006491,2023-08-23 05:38:15,Cafe da manha caprichado: tapioca com ovo e suco de laranja.,0.0783
PA006492,2023-08-23 06:44:40,"Meu time ganhou hoje, que jogo bonito foi.",0.098
PA006493,2023-08-23 06:47:00,"Serie nova incrivel, amei o primeiro episodio.",0.0684
PA006494,2023-08-23 07:20:55,"Pipoca e serie boa na sexta, programa perfeito.",0.0356
PA006495,2023-08-23 07:48:22,"Cuidando das plantas em casa, muito terapeutico.",0.0
PA006496,2023-08-23 08:43:00,"Padaria da esquina lancou sabor novo, recomendo.",0.1471
PA006497,2023-08-23 12:10:31,"Novo celular chegou, a camera e impressionante.",0.0303
PA006498,2023-08-23 12:10:43,Show ao vivo incrivel no fim de semana.,0.0
PA006499,2023-08-23 12:14:11,Que manha fresca e agradavel para uma caminhada.,0.0785
PA006500,2023-08-23 13:30:20,"Home office com cafe fresquinho do lado, otimo.",0.0
PA006501,2023-08-23 15:04:22,"Pausa pro cafe com os colegas, bate-papo otimo.",0.1595
PA006502,2023-08-23 16:46:18,"Serie nova incrivel, amei o primeiro episodio.",0.0097
PA006503,2023-08-23 17:19:09,"Governo aumentando imposto de novo, inacreditavel.",0.779
PA006504,2023-08-23 17:21:16,"Tentei receita nova de bolo de cenoura, ficou fofinho.",0.1366
PA006505,2023-08-23 17:30:50,"Passeio no interior no fim de semana, natureza linda.",0.0853
PA006506,2023-08-23 18:31:49,"Filme otimo ontem, fui ao cinema com a familia.",0.1211
PA006507,2023-08-23 18:53:23,"Apresentacao correu muito bem, todos gostaram.",0.0957
PA006508,2023-08-23 20:25:57,Brigadeiro de panela saiu incrivel hoje.,0.0367
PA006509,2023-08-23 20:42:47,"Academia hoje, treino puxado mas valeu muito.",0.0327
PA006510,2023-08-23 21:56:45,"Padaria da esquina lancou sabor novo, recomendo.",0.1401
PA006511,2023-08-23 23:10:18,"Metro bem tranquilo essa manha, cheguei bem.",0.0329
PA006512,2023-08-23 23:59:41,Atualizacao deixou o sistema muito mais rapido.,0.1475
PA006513,2023-08-24 00:12:11,"Notebook novo chegou, que desempenho incrivel.",0.0353
PA006514,2023-08-24 00:45:10,Finalmente entendi aquele conceito que me travava.,0.0984
PA006515,2023-08-24 02:15:01,"Cuidando das plantas em casa, muito terapeutico.",0.0655
PA006516,2023-08-24 02:35:49,"Aprendi receita nova no youtube, ficou otimo.",0.0041
PA006517,2023-08-24 03:51:09,"Onibus chegou no horario hoje, que surpresa agradavel.",0.0444
PA006518,2023-08-24 04:25:32,Leitura no jardim com tempo agradavel.,0.1153
PA006519,2023-08-24 04:48:37,"Aprendi receita nova no youtube, ficou otimo.",0.0439
PA006520,2023-08-24 05:07:14,"Onibus chegou no horario hoje, que surpresa agradavel.",0.0594
PA006521,2023-08-24 07:11:10,"Serie nova incrivel, amei o primeiro episodio.",0.0
PA006522,2023-08-24 13:37:35,"Pausa pro cafe com os colegas, bate-papo otimo.",0.1564
PA006523,2023-08-24 15:07:13,Jogo novo me viciou de um jeito bom.,0.1638
PA006524,2023-08-24 15:17:04,Show ao vivo incrivel no fim de semana.,0.0816
PA006525,2023-08-24 15:19:11,"Reencontrei um amigo antigo por acaso, que alegria.",0.1327
PA006526,2023-08-24 15:22:18,"Maratonei a temporada completa, valeu cada minuto.",0.0763
PA006527,2023-08-24 15:27:49,Show ao vivo incrivel no fim de semana.,0.1389
PA006528,2023-08-24 15:36:35,"Maratonei a temporada completa, valeu cada minuto.",0.0073
PA006529,2023-08-24 15:58:00,"Volei com os amigos, muita risada e diversao.",0.1681
PA006530,2023-08-24 16:32:52,"Tentei receita nova de bolo de cenoura, ficou fofinho.",0.1047
PA006531,2023-08-24 20:14:41,"Chuva passageira a tarde, depois o tempo abriu lindo.",0.0261
PA006532,2023-08-24 21:17:51,"Passei na certificacao, muito feliz com o resultado.",0.1256
PA006533,2023-08-24 22:28:25,"Estrada livre, cheguei no trabalho rapido hoje.",0.0501
PA006534,2023-08-24 22:30:22,Que tarde relaxante lendo na rede.,0.1041
PA006535,2023-08-24 23:25:47,"Aprendi receita nova no youtube, ficou otimo.",0.0245
PA006536,2023-08-25 01:25:41,"Fechei projeto importante essa semana, que alegria.",0.0528
PA006537,2023-08-25 01:29:43,Leitura no jardim com tempo agradavel.,0.0864
PA006538,2023-08-25 01:41:45,"Choveu a tarde toda, dia perfeito pra ficar em casa lendo.",0.0822
PA006539,2023-08-25 01:51:36,Brigadeiro de panela saiu incrivel hoje.,0.0067
PA006540,2023-08-25 03:35:10,"Viagem de fim de semana para cidade historica, valeu.",0.0805
PA006541,2023-08-25 05:00:57,"Novo celular chegou, a camera e impressionante.",0.0
PA006542,2023-08-25 05:10:56,"Passeio com o cachorro no parque, ele adorou.",0.0384
PA006543,2023-08-25 05:15:58,"Cuidando das plantas em casa, muito terapeutico.",0.1655
PA006544,2023-08-25 05:40:05,"Estudando para a prova de amanha, bem concentrado.",0.1451
PA006545,2023-08-25 05:42:50,"Maratonei a temporada completa, valeu cada minuto.",0.1021
PA006546,2023-08-25 06:34:17,"Tarefa dificil concluida com sucesso, que satisfacao.",0.0112
PA006547,2023-08-25 06:44:34,Brigadeiro de panela saiu incrivel hoje.,0.0576
PA006548,2023-08-25 07:28:24,"Passeio com o cachorro no parque, ele adorou.",0.1238
PA006549,2023-08-25 09:19:10,"Passeio com o cachorro no parque, ele adorou.",0.0409
PA006550,2023-08-25 09:49:19,"Viagem de fim de semana para cidade historica, valeu.",0.0617
PA006551,2023-08-25 11:17:06,Aula incrivel sobre estatistica aplicada hoje.,0.0563
PA006552,2023-08-25 12:32:20,Cafe da manha caprichado: tapioca com ovo e suco de laranja.,0.0423
PA006553,2023-08-25 14:56:36,"Corri 5km de manha, semana otima de treino.",0.1015
PA006554,2023-08-25 15:28:35,"Vento agradavel hoje, aproveitei para caminhar no parque.",0.1409
PA006555,2023-08-25 15:40:25,"Almoco incrivel hoje, fiz lasanha caseira do zero.",0.1662
PA006556,2023-08-25 17:05:30,Terminei o trabalho da faculdade com antecedencia.,0.0383
PA006557,2023-08-25 17:31:36,"Yoga pela manha, comecei o dia muito bem.",0.0948
PA006558,2023-08-25 20:43:40,"Livro excelente sobre ciencia de dados, recomendo muito.",0.0527
PA006559,2023-08-25 21:07:35,"Reencontrei um amigo antigo por acaso, que alegria.",0.0826
PA006560,2023-08-25 21:55:22,"Reuniao produtiva hoje, saimos com otimas ideias.",0.0491
PA006561,2023-08-25 22:53:17,"Sol lindo hoje, cafe na varanda foi otimo.",0.0868
PA006562,2023-08-25 23:23:13,"Corri 5km de manha, semana otima de treino.",0.0
PA006563,2023-08-26 01:18:11,"Fui de bike hoje, que exercicio agradavel de manha.",0.0485
PA006564,2023-08-26 01:40:51,"Meditacao de manha, comecando o dia muito bem.",0.1016
PA006565,2023-08-26 02:46:09,"Minha mae fez feijao com arroz e linguica, classico perfeito.",0.0612
PA006566,2023-08-26 03:24:06,Show ao vivo incrivel no fim de semana.,0.093
PA006567,2023-08-26 03:34:54,"Pausa pro cafe com os colegas, bate-papo otimo.",0.0567
PA006568,2023-08-26 03:50:25,"Museu da cidade muito interessante, aprendi bastante.",0.1134
PA006569,2023-08-26 04:03:45,"Dia nublado mas tranquilo, bom para estudar sem distracao.",0.18
PA006570,2023-08-26 04:06:34,"Teatro incrivel ontem, peca muito bem dirigida.",0.0529
PA006571,2023-08-26 04:11:07,"Tarefa dificil concluida com sucesso, que satisfacao.",0.0941
PA006572,2023-08-26 04:57:19,"Teatro incrivel ontem, peca muito bem dirigida.",0.0483
PA006573,2023-08-26 08:33:07,Terminei o trabalho da faculdade com antecedencia.,0.0419
PA006574,2023-08-26 08:52:41,Atualizacao deixou o sistema muito mais rapido.,0.0
PA006575,2023-08-26 08:53:45,Terminei o trabalho da faculdade com antecedencia.,0.0799
PA006576,2023-08-26 09:26:31,"Reuniao produtiva hoje, saimos com otimas ideias.",0.1171
PA006577,2023-08-26 10:23:48,Cafe da manha caprichado: tapioca com ovo e suco de laranja.,0.004
PA006578,2023-08-26 12:10:00,Pedalada de tarde com vista incrivel do parque.,0.1114
PA006579,2023-08-26 12:37:30,"Testei IA para ajudar com codigo, funcionou bem.",0.0
PA006580,2023-08-26 12:39:44,"Fui de bike hoje, que exercicio agradavel de manha.",0.0643
PA006581,2023-08-26 13:00:13,"Pausa pro cafe com os colegas, bate-papo otimo.",0.1536
PA006582,2023-08-26 18:17:29,"Tarefa dificil concluida com sucesso, que satisfacao.",0.0224
PA006583,2023-08-26 18:39:08,"Almoco incrivel hoje, fiz lasanha caseira do zero.",0.0403
PA006584,2023-08-26 19:02:02,"Configurei o home office com setup novo, otimo.",0.0328
PA006585,2023-08-26 20:26:23,"Que calor hoje, tive que ligar o ar condicionado logo cedo.",0.0418
PA006586,2023-08-26 21:33:52,"Livro excelente sobre ciencia de dados, recomendo muito.",0.0698
PA006587,2023-08-26 21:35:02,"Que calor hoje, tive que ligar o ar condicionado logo cedo.",0.0657
PA006588,2023-08-26 23:00:21,Que manha fresca e agradavel para uma caminhada.,0.0508
PA006589,2023-08-26 23:02:32,"Sopa de legumes no frio, reconfortante e gostosa.",0.0581
PA006590,2023-08-26 23:45:10,"Dia nublado mas tranquilo, bom para estudar sem distracao.",0.103
PA006591,2023-08-27 00:22:09,"Vento agradavel hoje, aproveitei para caminhar no parque.",0.062
PA006592,2023-08-27 01:21:41,"Home office com cafe fresquinho do lado, otimo.",0.0492
PA006593,2023-08-27 02:59:02,"Academia hoje, treino puxado mas valeu muito.",0.1216
PA006594,2023-08-27 03:19:00,"Yoga pela manha, comecei o dia muito bem.",0.0276
PA006595,2023-08-27 03:44:30,"Passeio com o cachorro no parque, ele adorou.",0.0691
PA006596,2023-08-27 04:44:19,"Musica nova do meu artista favorito, de outro nivel.",0.0898
PA006597,2023-08-27 05:23:32,"Livro excelente sobre ciencia de dados, recomendo muito.",0.2625
PA006598,2023-08-27 05:25:40,"Volei com os amigos, muita risada e diversao.",0.0735
PA006599,2023-08-27 05:41:30,"Reuniao produtiva hoje, saimos com otimas ideias.",0.0203
PA006600,2023-08-27 06:56:20,"Metro bem tranquilo essa manha, cheguei bem.",0.0524
PA006601,2023-08-27 09:37:27,"Passeio no interior no fim de semana, natureza linda.",0.0383
PA006602,2023-08-27 11:20:09,"Museu da cidade muito interessante, aprendi bastante.",0.0739
PA006603,2023-08-27 11:54:49,"O outono chegou cedo esse ano, que frio gostoso de manha.",0.0308
PA006604,2023-08-27 13:06:42,"Filme otimo ontem, fui ao cinema com a familia.",0.0256
PA006605,2023-08-27 13:55:53,Semana intensa mas muito satisfatoria no trabalho.,0.0513
PA006606,2023-08-27 16:58:25,"Metro bem tranquilo essa manha, cheguei bem.",0.0465
PA006607,2023-08-27 18:08:18,Atualizacao deixou o sistema muito mais rapido.,0.0874
PA006608,2023-08-27 19:50:42,"Fui de bike hoje, que exercicio agradavel de manha.",0.1038
PA006609,2023-08-27 20:34:35,"Reuniao produtiva hoje, saimos com otimas ideias.",0.0605
PA006610,2023-08-27 21:04:59,"Tarefa dificil concluida com sucesso, que satisfacao.",0.1222
PA006611,2023-08-27 21:28:05,"Viagem de fim de semana para cidade historica, valeu.",0.075
PA006612,2023-08-27 21:41:28,"Padaria da esquina lancou sabor novo, recomendo.",0.0617
PA006613,2023-08-27 22:02:34,"Corri 5km de manha, semana otima de treino.",0.0365
PA006614,2023-08-27 22:02:59,"Acai gelado essa tarde, refrescante demais.",0.0951
PA006615,2023-08-27 22:53:44,Brigadeiro de panela saiu incrivel hoje.,0.0
PA006616,2023-08-28 00:06:29,"Fui num restaurante novo, a pizza estava espetacular.",0.0634
PA006617,2023-08-28 01:13:50,"Configurei o home office com setup novo, otimo.",0.0417
PA006618,2023-08-28 01:43:06,"Vento agradavel hoje, aproveitei para caminhar no parque.",0.184
PA006619,2023-08-28 01:43:45,"Natacao de manha, melhor inicio de dia possivel.",0.1235
PA006620,2023-08-28 01:50:34,"O outono chegou cedo esse ano, que frio gostoso de manha.",0.0332
PA006621,2023-08-28 05:54:19,"Natacao de manha, melhor inicio de dia possivel.",0.0642
PA006622,2023-08-28 07:57:40,"Chuva passageira a tarde, depois o tempo abriu lindo.",0.1203
PA006623,2023-08-28 09:20:25,"Almoco incrivel hoje, fiz lasanha caseira do zero.",0.1012
PA006624,2023-08-28 11:14:55,"Fui de bike hoje, que exercicio agradavel de manha.",0.0688
PA006625,2023-08-28 12:38:14,"Passeio com o cachorro no parque, ele adorou.",0.098
PA006626,2023-08-28 12:38:20,Aplicativo de carona funcionou perfeitamente.,0.1062
PA006627,2023-08-28 13:37:24,"Home office com cafe fresquinho do lado, otimo.",0.0588
PA006628,2023-08-28 15:55:01,"Que semana frustrante, precisava que as coisas dessem certo.",0.533
PA006629,2023-08-28 16:04:44,Leitura no jardim com tempo agradavel.,0.1239
PA006630,2023-08-28 16:25:20,"Filme otimo ontem, fui ao cinema com a familia.",0.0083
PA006631,2023-08-28 17:54:52,"Musica nova do meu artista favorito, de outro nivel.",0.069
PA006632,2023-08-28 20:02:36,"Passei na certificacao, muito feliz com o resultado.",0.0775
PA006633,2023-08-28 20:28:46,"O outono chegou cedo esse ano, que frio gostoso de manha.",0.038
PA006634,2023-08-28 21:53:54,Show ao vivo incrivel no fim de semana.,0.043
PA006635,2023-08-28 22:20:29,"Acai gelado essa tarde, refrescante demais.",0.0
PA006636,2023-08-28 23:49:48,"Yoga pela manha, comecei o dia muito bem.",0.0443
PA006637,2023-08-28 23:51:29,"Fui de bike hoje, que exercicio agradavel de manha.",0.0238
PA006638,2023-08-29 00:40:56,Que tarde relaxante lendo na rede.,0.0834
PA006639,2023-08-29 01:47:20,"Musica nova do meu artista favorito, de outro nivel.",0.1392
PA006640,2023-08-29 02:42:07,Caminhada ate a estacao foi otima hoje.,0.0185
PA006641,2023-08-29 03:23:58,"Novo celular chegou, a camera e impressionante.",0.1347
PA006642,2023-08-29 03:54:16,Jantar simples mas gostoso com a familia.,0.0981
PA006643,2023-08-29 04:18:49,App de produtividade novo que encontrei e otimo.,0.1428
PA006644,2023-08-29 07:56:26,"Tarefa dificil concluida com sucesso, que satisfacao.",0.0673
PA006645,2023-08-29 08:57:33,"Plantei temperos na sacada, que satisfacao.",0.079
PA006646,2023-08-29 09:21:04,"Passeio no interior no fim de semana, natureza linda.",0.2
PA006647,2023-08-29 10:42:26,"Livro excelente sobre ciencia de dados, recomendo muito.",0.1216
PA006648,2023-08-29 11:52:24,"Viagem de fim de semana para cidade historica, valeu.",0.1604
PA006649,2023-08-29 12:19:51,"Passei na certificacao, muito feliz com o resultado.",0.1127
PA006650,2023-08-29 12:27:03,"Serie nova incrivel, amei o primeiro episodio.",0.1326
PA006651,2023-08-29 13:28:46,"Filme otimo ontem, fui ao cinema com a familia.",0.0445
PA006652,2023-08-29 13:52:31,"Plantei temperos na sacada, que satisfacao.",0.0499
PA006653,2023-08-29 14:06:29,"Yoga pela manha, comecei o dia muito bem.",0.1962
PA006654,2023-08-29 16:13:33,"Passei na certificacao, muito feliz com o resultado.",0.0568
PA006655,2023-08-29 16:42:21,"Minha mae fez feijao com arroz e linguica, classico perfeito.",0.1238
PA006656,2023-08-29 17:27:24,"Dia nublado mas tranquilo, bom para estudar sem distracao.",0.0429
PA006657,2023-08-29 17:34:55,Jogo novo me viciou de um jeito bom.,0.0875
PA006658,2023-08-29 17:38:49,Aula incrivel sobre estatistica aplicada hoje.,0.1097
PA006659,2023-08-29 19:13:53,Jogo novo me viciou de um jeito bom.,0.0581
PA006660,2023-08-29 19:16:17,Terminei o trabalho da faculdade com antecedencia.,0.1175
PA006661,2023-08-29 19:50:23,Tarde produtiva organizando e limpando a casa.,0.0813
PA006662,2023-08-29 20:04:17,"Tentei receita nova de bolo de cenoura, ficou fofinho.",0.1793
PA006663,2023-08-29 20:37:42,"Reuniao produtiva hoje, saimos com otimas ideias.",0.1054
PA006664,2023-08-29 20:48:24,"Almoco incrivel hoje, fiz lasanha caseira do zero.",0.0914
PA006665,2023-08-29 21:14:28,"Passei na certificacao, muito feliz com o resultado.",0.1171
PA006666,2023-08-29 21:59:22,Jantar simples mas gostoso com a familia.,0.0781
PA006667,2023-08-29 22:03:09,"Trilha ecologica incrivel, natureza pura.",0.0203
PA006668,2023-08-29 22:47:53,"Passeio no interior no fim de semana, natureza linda.",0.0641
PA006669,2023-08-29 23:39:48,"Plantei temperos na sacada, que satisfacao.",0.057
PA006670,2023-08-30 02:18:34,Jantar simples mas gostoso com a familia.,0.1091
PA006671,2023-08-30 02:34:34,Caminhada ate a estacao foi otima hoje.,0.0358
PA006672,2023-08-30 02:54:33,"Que calor hoje, tive que ligar o ar condicionado logo cedo.",0.1329
PA006673,2023-08-30 03:27:47,"Acai gelado essa tarde, refrescante demais.",0.0788
PA006674,2023-08-30 05:26:35,"Metro bem tranquilo essa manha, cheguei bem.",0.0779
PA006675,2023-08-30 06:17:34,Brigadeiro de panela saiu incrivel hoje.,0.0864
PA006676,2023-08-30 07:33:38,"Meu time ganhou hoje, que jogo bonito foi.",0.0341
PA006677,2023-08-30 07:43:54,"Serie nova incrivel, amei o primeiro episodio.",0.1319
PA006678,2023-08-30 08:11:21,"Filme otimo ontem, fui ao cinema com a familia.",0.0741
PA006679,2023-08-30 11:06:23,"Almoco incrivel hoje, fiz lasanha caseira do zero.",0.031
PA006680,2023-08-30 11:09:51,"Notebook novo chegou, que desempenho incrivel.",0.0313
PA006681,2023-08-30 12:42:40,"Home office com cafe fresquinho do lado, otimo.",0.0594
PA006682,2023-08-30 13:11:15,"Dia nublado mas tranquilo, bom para estudar sem distracao.",0.0478
PA006683,2023-08-30 14:20:20,"Dia nublado mas tranquilo, bom para estudar sem distracao.",0.0749
PA006684,2023-08-30 14:55:06,"Museu da cidade muito interessante, aprendi bastante.",0.0139
PA006685,2023-08-30 15:01:30,"Padaria da esquina lancou sabor novo, recomendo.",0.1016
PA006686,2023-08-30 15:36:04,App de produtividade novo que encontrei e otimo.,0.144
PA006687,2023-08-30 17:41:46,"Que semana frustrante, precisava que as coisas dessem certo.",0.5656
PA006688,2023-08-30 18:54:18,"Corri 5km de manha, semana otima de treino.",0.0186
PA006689,2023-08-30 19:43:31,"Churrasco com a familia no final de semana, delicioso.",0.1201
PA006690,2023-08-30 20:43:37,"Passei na certificacao, muito feliz com o resultado.",0.0
PA006691,2023-08-30 21:04:03,"Fui num restaurante novo, a pizza estava espetacular.",0.0487
PA006692,2023-08-30 21:18:48,"Pipoca e serie boa na sexta, programa perfeito.",0.1472
PA006693,2023-08-30 23:28:36,Leitura no jardim com tempo agradavel.,0.0961
PA006694,2023-08-30 23:32:03,"Fechei projeto importante essa semana, que alegria.",0.0754
PA006695,2023-08-31 00:18:47,"Sopa de legumes no frio, reconfortante e gostosa.",0.1159
PA006696,2023-08-31 00:25:43,"Meditacao de manha, comecando o dia muito bem.",0.0426
PA006697,2023-08-31 02:01:04,Aplicativo de carona funcionou perfeitamente.,0.1533
PA006698,2023-08-31 04:37:49,"Notebook novo chegou, que desempenho incrivel.",0.0495
PA006699,2023-08-31 05:30:06,Caminhada ate a estacao foi otima hoje.,0.0151
PA006700,2023-08-31 06:19:25,"Meu time ganhou hoje, que jogo bonito foi.",0.1184
PA006701,2023-08-31 06:57:29,"Padaria da esquina lancou sabor novo, recomendo.",0.1121
PA006702,2023-08-31 07:07:28,"Passeio com o cachorro no parque, ele adorou.",0.1037
PA006703,2023-08-31 07:46:28,"Configurei o home office com setup novo, otimo.",0.0996
PA006704,2023-08-31 08:50:42,"Fui de bike hoje, que exercicio agradavel de manha.",0.0
PA006705,2023-08-31 08:53:55,"Viagem de fim de semana para cidade historica, valeu.",0.1118
PA006706,2023-08-31 10:45:00,"Passeio no interior no fim de semana, natureza linda.",0.0671
PA006707,2023-08-31 11:31:36,Cafe da manha caprichado: tapioca com ovo e suco de laranja.,0.1025
PA006708,2023-08-31 12:41:10,"Maratonei a temporada completa, valeu cada minuto.",0.0787
PA006709,2023-08-31 13:42:30,Jogo novo me viciou de um jeito bom.,0.1151
PA006710,2023-08-31 14:00:08,"Reencontrei um amigo antigo por acaso, que alegria.",0.1377
PA006711,2023-08-31 15:57:36,"Vento agradavel hoje, aproveitei para caminhar no parque.",0.0997
PA006712,2023-08-31 16:13:11,Grupo de estudos foi muito produtivo hoje.,0.0776
PA006713,2023-08-31 16:25:29,"Teatro incrivel ontem, peca muito bem dirigida.",0.0448
PA006714,2023-08-31 17:40:10,Semana intensa mas muito satisfatoria no trabalho.,0.0
PA006715,2023-08-31 19:32:03,"Sopa de legumes no frio, reconfortante e gostosa.",0.0181
PA006716,2023-08-31 19:55:37,"Volei com os amigos, muita risada e diversao.",0.0061
PA006717,2023-08-31 20:08:35,"Filme otimo ontem, fui ao cinema com a familia.",0.1611
PA006718,2023-08-31 20:33:09,"Yoga pela manha, comecei o dia muito bem.",0.1119
PA006719,2023-08-31 21:02:00,"Churrasco com a familia no final de semana, delicioso.",0.1274
PA006720,2023-08-31 22:36:17,"Museu da cidade muito interessante, aprendi bastante.",0.0209
PA006721,2023-08-31 23:35:34,"Testei IA para ajudar com codigo, funcionou bem.",0.0798
PA006722,2023-09-01 03:22:57,"Chuva passageira a tarde, depois o tempo abriu lindo.",0.0469
PA006723,2023-09-01 03:26:47,"Estudando para a prova de amanha, bem concentrado.",0.1293
PA006724,2023-09-01 03:28:07,Cafe da manha caprichado: tapioca com ovo e suco de laranja.,0.11
PA006725,2023-09-01 03:30:50,"Choveu a tarde toda, dia perfeito pra ficar em casa lendo.",0.114
PA006726,2023-09-01 04:40:51,"Notebook novo chegou, que desempenho incrivel.",0.065
PA006727,2023-09-01 06:15:49,Feira de artesanato gostosa de passear.,0.0654
PA006728,2023-09-01 07:15:20,Que tarde relaxante lendo na rede.,0.0555
PA006729,2023-09-01 07:17:12,"Filme otimo ontem, fui ao cinema com a familia.",0.0729
PA006730,2023-09-01 08:02:07,Pedalada de tarde com vista incrivel do parque.,0.0944
PA006731,2023-09-01 08:11:47,"Chuva passageira a tarde, depois o tempo abriu lindo.",0.1266
PA006732,2023-09-01 08:11:49,Cafe da manha caprichado: tapioca com ovo e suco de laranja.,0.1059
PA006733,2023-09-01 11:17:54,"Maratonei a temporada completa, valeu cada minuto.",0.1804
PA006734,2023-09-01 12:15:20,"Volei com os amigos, muita risada e diversao.",0.01
PA006735,2023-09-01 13:06:07,Brigadeiro de panela saiu incrivel hoje.,0.096
PA006736,2023-09-01 13:30:23,"Mais um dia de transito horrivel, situacao absurda.",0.6396
PA006737,2023-09-01 14:15:29,"Sopa de legumes no frio, reconfortante e gostosa.",0.1083
PA006738,2023-09-01 14:49:45,"Estrada livre, cheguei no trabalho rapido hoje.",0.0515
PA006739,2023-09-01 16:31:14,Que manha fresca e agradavel para uma caminhada.,0.1085
PA006740,2023-09-01 16:37:54,"Estudando para a prova de amanha, bem concentrado.",0.0573
PA006741,2023-09-01 16:41:51,"Volei com os amigos, muita risada e diversao.",0.0663
PA006742,2023-09-01 16:49:28,"Pipoca e serie boa na sexta, programa perfeito.",0.0629
PA006743,2023-09-01 18:17:03,"Maratonei a temporada completa, valeu cada minuto.",0.0788
PA006744,2023-09-01 19:03:43,"Home office com cafe fresquinho do lado, otimo.",0.0404
PA006745,2023-09-01 19:06:02,Jogo novo me viciou de um jeito bom.,0.0
PA006746,2023-09-01 19:57:29,"O outono chegou cedo esse ano, que frio gostoso de manha.",0.0893
PA006747,2023-09-01 20:26:05,Cafe da manha caprichado: tapioca com ovo e suco de laranja.,0.045
PA006748,2023-09-01 21:18:34,"Volei com os amigos, muita risada e diversao.",0.0581
PA006749,2023-09-01 22:17:06,"Fui num restaurante novo, a pizza estava espetacular.",0.0566
PA006750,2023-09-01 22:35:09,Pedalada de tarde com vista incrivel do parque.,0.0731
PA006751,2023-09-01 22:49:36,"Home office com cafe fresquinho do lado, otimo.",0.1319
PA006752,2023-09-02 00:18:36,Que tarde relaxante lendo na rede.,0.0294
PA006753,2023-09-02 01:09:43,"Aprendi receita nova no youtube, ficou otimo.",0.0
PA006754,2023-09-02 01:14:31,Semana intensa mas muito satisfatoria no trabalho.,0.0566
PA006755,2023-09-02 02:15:30,"Chuva passageira a tarde, depois o tempo abriu lindo.",0.0663
PA006756,2023-09-02 04:46:20,Show ao vivo incrivel no fim de semana.,0.0
PA006757,2023-09-02 05:41:11,"Onibus chegou no horario hoje, que surpresa agradavel.",0.0872
PA006758,2023-09-02 07:46:13,"Viagem de fim de semana para cidade historica, valeu.",0.1716
PA006759,2023-09-02 08:01:43,"Reencontrei um amigo antigo por acaso, que alegria.",0.0819
PA006760,2023-09-02 08:07:00,"Que calor hoje, tive que ligar o ar condicionado logo cedo.",0.1133
PA006761,2023-09-02 08:33:59,Caminhada ate a estacao foi otima hoje.,0.0318
PA006762,2023-09-02 09:44:42,"Fechei projeto importante essa semana, que alegria.",0.0737
PA006763,2023-09-02 10:33:08,"Aprendi receita nova no youtube, ficou otimo.",0.1219
PA006764,2023-09-02 10:50:09,Terminei o trabalho da faculdade com antecedencia.,0.1601
PA006765,2023-09-02 11:44:31,Jantar simples mas gostoso com a familia.,0.0816
PA006766,2023-09-02 12:23:44,"Fui num restaurante novo, a pizza estava espetacular.",0.1427
PA006767,2023-09-02 12:57:19,"Filme otimo ontem, fui ao cinema com a familia.",0.144
PA006768,2023-09-02 13:21:22,"Praia tranquila, sol perfeito, descanso total.",0.0364
PA006769,2023-09-02 15:23:57,"Viagem de fim de semana para cidade historica, valeu.",0.0744
PA006770,2023-09-02 16:12:58,"Novo celular chegou, a camera e impressionante.",0.0123
PA006771,2023-09-02 16:20:08,"Fui num restaurante novo, a pizza estava espetacular.",0.0834
PA006772,2023-09-02 17:15:37,Que tarde relaxante lendo na rede.,0.1459
PA006773,2023-09-02 17:45:18,"Meditacao de manha, comecando o dia muito bem.",0.1229
PA006774,2023-09-02 19:21:25,Atualizacao deixou o sistema muito mais rapido.,0.1983
PA006775,2023-09-02 19:36:29,"Musica nova do meu artista favorito, de outro nivel.",0.0875
PA006776,2023-09-02 20:44:23,"Chuva passageira a tarde, depois o tempo abriu lindo.",0.1327
PA006777,2023-09-02 22:05:32,"Plantei temperos na sacada, que satisfacao.",0.0
PA006778,2023-09-02 23:21:41,Show ao vivo incrivel no fim de semana.,0.1271
PA006779,2023-09-03 00:06:34,Jogo novo me viciou de um jeito bom.,0.1095
PA006780,2023-09-03 00:12:05,"Que calor hoje, tive que ligar o ar condicionado logo cedo.",0.1327
PA006781,2023-09-03 00:33:26,"Passei na certificacao, muito feliz com o resultado.",0.0751
PA006782,2023-09-03 00:44:06,"Pausa pro cafe com os colegas, bate-papo otimo.",0.0
PA006783,2023-09-03 01:37:26,Aplicativo de carona funcionou perfeitamente.,0.1782
PA006784,2023-09-03 02:51:30,"Passei na certificacao, muito feliz com o resultado.",0.1387
PA006785,2023-09-03 02:54:49,"Padaria da esquina lancou sabor novo, recomendo.",0.0558
PA006786,2023-09-03 02:58:58,Brigadeiro de panela saiu incrivel hoje.,0.0794
PA006787,2023-09-03 03:41:11,Jantar simples mas gostoso com a familia.,0.036
PA006788,2023-09-03 04:54:43,Leitura no jardim com tempo agradavel.,0.0355
PA006789,2023-09-03 05:19:17,"Reencontrei um amigo antigo por acaso, que alegria.",0.1306
PA006790,2023-09-03 05:51:14,"Configurei o home office com setup novo, otimo.",0.125
PA006791,2023-09-03 08:31:39,"Natacao de manha, melhor inicio de dia possivel.",0.0157
PA006792,2023-09-03 08:33:38,"Passeio no interior no fim de semana, natureza linda.",0.1402
PA006793,2023-09-03 09:22:17,Aula incrivel sobre estatistica aplicada hoje.,0.1784
PA006794,2023-09-03 09:26:11,Jogo novo me viciou de um jeito bom.,0.0746
PA006795,2023-09-03 09:37:30,Show ao vivo incrivel no fim de semana.,0.1331
PA006796,2023-09-03 12:30:29,"Configurei o home office com setup novo, otimo.",0.1173
PA006797,2023-09-03 12:37:29,"Acai gelado essa tarde, refrescante demais.",0.0
PA006798,2023-09-03 13:18:25,Grupo de estudos foi muito produtivo hoje.,0.0212
PA006799,2023-09-03 14:27:41,Jantar simples mas gostoso com a familia.,0.0893
PA006800,2023-09-03 14:48:58,"Que calor hoje, tive que ligar o ar condicionado logo cedo.",0.1706
PA006801,2023-09-03 15:30:28,"Home office com cafe fresquinho do lado, otimo.",0.0333
PA006802,2023-09-03 16:03:50,"Notebook novo chegou, que desempenho incrivel.",0.0317
PA006803,2023-09-03 19:05:15,"Passeio com o cachorro no parque, ele adorou.",0.1094
PA006804,2023-09-03 23:42:17,"Teatro incrivel ontem, peca muito bem dirigida.",0.0443
PA006805,2023-09-04 00:43:15,"Passeio no interior no fim de semana, natureza linda.",0.0
PA006806,2023-09-04 00:48:56,"Sopa de legumes no frio, reconfortante e gostosa.",0.0474
PA006807,2023-09-04 01:07:13,Finalmente entendi aquele conceito que me travava.,0.1126
PA006808,2023-09-04 01:11:37,"Museu da cidade muito interessante, aprendi bastante.",0.0666
PA006809,2023-09-04 03:53:46,Brigadeiro de panela saiu incrivel hoje.,0.0397
PA006810,2023-09-04 04:05:31,Brigadeiro de panela saiu incrivel hoje.,0.0285
PA006811,2023-09-04 04:21:08,"Novo celular chegou, a camera e impressionante.",0.1405
PA006812,2023-09-04 04:27:32,Terminei o trabalho da faculdade com antecedencia.,0.0886
PA006813,2023-09-04 05:40:52,"Passeio com o cachorro no parque, ele adorou.",0.0348
PA006814,2023-09-04 06:36:57,"Teatro incrivel ontem, peca muito bem dirigida.",0.1281
PA006815,2023-09-04 07:19:56,"Praia tranquila, sol perfeito, descanso total.",0.0554
PA006816,2023-09-04 07:39:14,"Aprendi receita nova no youtube, ficou otimo.",0.1262
PA006817,2023-09-04 07:42:29,"Chuva passageira a tarde, depois o tempo abriu lindo.",0.0322
PA006818,2023-09-04 09:40:58,Que manha fresca e agradavel para uma caminhada.,0.012
PA006819,2023-09-04 10:07:04,"Yoga pela manha, comecei o dia muito bem.",0.1005
PA006820,2023-09-04 10:53:05,"Minha mae fez feijao com arroz e linguica, classico perfeito.",0.1104
PA006821,2023-09-04 10:54:23,Caminhada ate a estacao foi otima hoje.,0.082
PA006822,2023-09-04 11:13:37,"Academia hoje, treino puxado mas valeu muito.",0.0571
PA006823,2023-09-04 12:54:09,"Pausa pro cafe com os colegas, bate-papo otimo.",0.0472
PA006824,2023-09-04 14:21:12,"Fechei projeto importante essa semana, que alegria.",0.0939
PA006825,2023-09-04 16:32:41,"Biblioteca da universidade, ambiente otimo para estudar.",0.1252
PA006826,2023-09-04 17:04:01,"Corri 5km de manha, semana otima de treino.",0.1023
PA006827,2023-09-04 17:26:07,"Teatro incrivel ontem, peca muito bem dirigida.",0.0058
PA006828,2023-09-04 17:48:55,"Minha mae fez feijao com arroz e linguica, classico perfeito.",0.0
PA006829,2023-09-04 17:55:48,Brigadeiro de panela saiu incrivel hoje.,0.0844
PA006830,2023-09-04 17:56:25,Semana intensa mas muito satisfatoria no trabalho.,0.1196
PA006831,2023-09-04 18:34:31,Que tarde relaxante lendo na rede.,0.0516
PA006832,2023-09-04 18:51:26,"Onibus chegou no horario hoje, que surpresa agradavel.",0.0592
PA006833,2023-09-04 19:43:55,"Maratonei a temporada completa, valeu cada minuto.",0.2
PA006834,2023-09-04 19:45:28,"Novo celular chegou, a camera e impressionante.",0.0174
PA006835,2023-09-04 21:21:09,"Novo celular chegou, a camera e impressionante.",0.0992
PA006836,2023-09-04 22:40:31,Caminhada ate a estacao foi otima hoje.,0.0353
PA006837,2023-09-05 00:39:18,"O outono chegou cedo esse ano, que frio gostoso de manha.",0.1727
PA006838,2023-09-05 01:03:18,"Apresentacao correu muito bem, todos gostaram.",0.0265
PA006839,2023-09-05 01:48:09,"Minha mae fez feijao com arroz e linguica, classico perfeito.",0.085
PA006840,2023-09-05 01:51:58,"Vento agradavel hoje, aproveitei para caminhar no parque.",0.1458
PA006841,2023-09-05 02:16:36,"Serie nova incrivel, amei o primeiro episodio.",0.0
PA006842,2023-09-05 02:31:56,"Maratonei a temporada completa, valeu cada minuto.",0.0162
PA006843,2023-09-05 04:01:24,Brigadeiro de panela saiu incrivel hoje.,0.0761
PA006844,2023-09-05 04:08:57,"Padaria da esquina lancou sabor novo, recomendo.",0.0849
PA006845,2023-09-05 04:35:51,"Reuniao produtiva hoje, saimos com otimas ideias.",0.1106
PA006846,2023-09-05 04:43:09,"Configurei o home office com setup novo, otimo.",0.0403
PA006847,2023-09-05 05:34:34,"Reuniao produtiva hoje, saimos com otimas ideias.",0.1502
PA006848,2023-09-05 05:42:30,"Viagem de fim de semana para cidade historica, valeu.",0.0883
PA006849,2023-09-05 06:04:42,"Fui de bike hoje, que exercicio agradavel de manha.",0.0165
PA006850,2023-09-05 07:26:38,"Meu time ganhou hoje, que jogo bonito foi.",0.0
PA006851,2023-09-05 08:41:11,"Passeio com o cachorro no parque, ele adorou.",0.0898
PA006852,2023-09-05 10:29:03,Pedalada de tarde com vista incrivel do parque.,0.0379
PA006853,2023-09-05 11:08:47,"Natacao de manha, melhor inicio de dia possivel.",0.1017
PA006854,2023-09-05 11:54:18,"Metro bem tranquilo essa manha, cheguei bem.",0.0668
PA006855,2023-09-05 12:16:13,"Passei na certificacao, muito feliz com o resultado.",0.0
PA006856,2023-09-05 12:32:17,"Cuidando das plantas em casa, muito terapeutico.",0.014
PA006857,2023-09-05 14:51:20,Que manha fresca e agradavel para uma caminhada.,0.0346
PA006858,2023-09-05 14:59:54,"Corri 5km de manha, semana otima de treino.",0.0
PA006859,2023-09-05 15:32:30,"Estrada livre, cheguei no trabalho rapido hoje.",0.071
PA006860,2023-09-05 15:51:50,"Reencontrei um amigo antigo por acaso, que alegria.",0.0256
PA006861,2023-09-05 16:08:17,Finalmente entendi aquele conceito que me travava.,0.1088
PA006862,2023-09-05 16:41:01,"Pipoca e serie boa na sexta, programa perfeito.",0.0575
PA006863,2023-09-05 17:58:37,"Musica nova do meu artista favorito, de outro nivel.",0.0768
PA006864,2023-09-05 18:08:22,Pedalada de tarde com vista incrivel do parque.,0.063
PA006865,2023-09-05 18:43:33,"Meu time ganhou hoje, que jogo bonito foi.",0.0767
PA006866,2023-09-05 20:54:01,"Volei com os amigos, muita risada e diversao.",0.0806
PA006867,2023-09-05 21:09:09,Jogo novo me viciou de um jeito bom.,0.0997
PA006868,2023-09-05 22:58:30,"Passeio no interior no fim de semana, natureza linda.",0.067
PA006869,2023-09-05 23:01:16,"Maratonei a temporada completa, valeu cada minuto.",0.1414
PA006870,2023-09-05 23:14:53,Leitura no jardim com tempo agradavel.,0.012
PA006871,2023-09-05 23:47:48,Caminhada ate a estacao foi otima hoje.,0.071
PA006872,2023-09-06 00:37:51,"Teatro incrivel ontem, peca muito bem dirigida.",0.0875
PA006873,2023-09-06 03:42:46,Podcast sobre tecnologia muito interessante.,0.0705
PA006874,2023-09-06 05:35:59,Que manha fresca e agradavel para uma caminhada.,0.0635
PA006875,2023-09-06 06:04:49,"Maratonei a temporada completa, valeu cada minuto.",0.1498
PA006876,2023-09-06 08:03:04,Aula incrivel sobre estatistica aplicada hoje.,0.0566
PA006877,2023-09-06 09:52:04,"Choveu a tarde toda, dia perfeito pra ficar em casa lendo.",0.199
PA006878,2023-09-06 10:55:11,"Churrasco com a familia no final de semana, delicioso.",0.1314
PA006879,2023-09-06 11:37:21,Que tarde relaxante lendo na rede.,0.0936
PA006880,2023-09-06 12:03:33,Tarde produtiva organizando e limpando a casa.,0.0613
PA006881,2023-09-06 14:15:50,"Dia nublado mas tranquilo, bom para estudar sem distracao.",0.099
PA006882,2023-09-06 15:20:35,Show ao vivo incrivel no fim de semana.,0.1274
PA006883,2023-09-06 15:50:20,"Padaria da esquina lancou sabor novo, recomendo.",0.0867
PA006884,2023-09-06 16:39:40,"Domingo em familia, melhor dia da semana.",0.1012
PA006885,2023-09-06 20:36:40,"Natacao de manha, melhor inicio de dia possivel.",0.086
PA006886,2023-09-06 20:40:58,"Reencontrei um amigo antigo por acaso, que alegria.",0.0895
PA006887,2023-09-06 20:54:04,"Fechei projeto importante essa semana, que alegria.",0.0897
PA006888,2023-09-06 22:17:58,"Meditacao de manha, comecando o dia muito bem.",0.0616
PA006889,2023-09-06 22:21:59,Aplicativo de carona funcionou perfeitamente.,0.0656
PA006890,2023-09-06 23:07:55,"Volei com os amigos, muita risada e diversao.",0.0559
PA006891,2023-09-06 23:36:48,"Volei com os amigos, muita risada e diversao.",0.0855
PA006892,2023-09-07 01:14:07,"Almoco incrivel hoje, fiz lasanha caseira do zero.",0.0526
PA006893,2023-09-07 01:30:10,App de produtividade novo que encontrei e otimo.,0.0282
PA006894,2023-09-07 02:37:52,"Serie nova incrivel, amei o primeiro episodio.",0.0293
PA006895,2023-09-07 02:43:41,"Choveu a tarde toda, dia perfeito pra ficar em casa lendo.",0.0795
PA006896,2023-09-07 02:57:52,Brigadeiro de panela saiu incrivel hoje.,0.0839
PA006897,2023-09-07 04:06:34,"Apresentacao correu muito bem, todos gostaram.",0.1192
PA006898,2023-09-07 05:42:34,"Yoga pela manha, comecei o dia muito bem.",0.0
PA006899,2023-09-07 05:58:55,"Apresentacao correu muito bem, todos gostaram.",0.1511
PA006900,2023-09-07 06:01:41,Jantar simples mas gostoso com a familia.,0.108
PA006901,2023-09-07 08:20:19,"Natacao de manha, melhor inicio de dia possivel.",0.0751
PA006902,2023-09-07 09:22:39,"Vento agradavel hoje, aproveitei para caminhar no parque.",0.0911
PA006903,2023-09-07 09:24:26,"Home office com cafe fresquinho do lado, otimo.",0.1322
PA006904,2023-09-07 09:56:41,"Padaria da esquina lancou sabor novo, recomendo.",0.0255
PA006905,2023-09-07 10:28:25,"Yoga pela manha, comecei o dia muito bem.",0.1425
PA006906,2023-09-07 11:07:13,Brigadeiro de panela saiu incrivel hoje.,0.1044
PA006907,2023-09-07 13:05:00,"Apresentacao correu muito bem, todos gostaram.",0.0739
PA006908,2023-09-07 14:10:25,"Estudando para a prova de amanha, bem concentrado.",0.0551
PA006909,2023-09-07 17:28:27,"Sopa de legumes no frio, reconfortante e gostosa.",0.1138
PA006910,2023-09-07 19:56:41,"Tentei receita nova de bolo de cenoura, ficou fofinho.",0.0716
PA006911,2023-09-07 20:00:48,"Corri 5km de manha, semana otima de treino.",0.0632
PA006912,2023-09-07 21:01:34,"Domingo em familia, melhor dia da semana.",0.1037
PA006913,2023-09-07 21:47:51,"Natacao de manha, melhor inicio de dia possivel.",0.1239
PA006914,2023-09-07 22:07:45,"Fui de bike hoje, que exercicio agradavel de manha.",0.0
PA006915,2023-09-07 22:30:10,"Configurei o home office com setup novo, otimo.",0.1012
PA006916,2023-09-07 23:01:33,"Meditacao de manha, comecando o dia muito bem.",0.1158
PA006917,2023-09-08 00:02:53,Brigadeiro de panela saiu incrivel hoje.,0.0762
PA006918,2023-09-08 00:47:35,"Churrasco com a familia no final de semana, delicioso.",0.0042
PA006919,2023-09-08 01:04:21,Leitura no jardim com tempo agradavel.,0.1002
PA006920,2023-09-08 02:49:30,"Passei na certificacao, muito feliz com o resultado.",0.0826
PA006921,2023-09-08 04:09:08,"Meu time ganhou hoje, que jogo bonito foi.",0.0967
PA006922,2023-09-08 04:33:21,"O outono chegou cedo esse ano, que frio gostoso de manha.",0.0683
PA006923,2023-09-08 04:47:47,"Museu da cidade muito interessante, aprendi bastante.",0.1655
PA006924,2023-09-08 05:57:29,"Biblioteca da universidade, ambiente otimo para estudar.",0.0242
PA006925,2023-09-08 07:03:56,"Trilha ecologica incrivel, natureza pura.",0.1173
PA006926,2023-09-08 07:17:46,Pedalada de tarde com vista incrivel do parque.,0.1214
PA006927,2023-09-08 08:37:09,"Fechei projeto importante essa semana, que alegria.",0.1634
PA006928,2023-09-08 11:02:51,"O outono chegou cedo esse ano, que frio gostoso de manha.",0.0858
PA006929,2023-09-08 11:24:04,Atualizacao deixou o sistema muito mais rapido.,0.0094
PA006930,2023-09-08 12:23:10,Feira de artesanato gostosa de passear.,0.1319
PA006931,2023-09-08 12:23:44,"Fui de bike hoje, que exercicio agradavel de manha.",0.081
PA006932,2023-09-08 12:44:28,"Almoco incrivel hoje, fiz lasanha caseira do zero.",0.0
PA006933,2023-09-08 13:54:52,App de produtividade novo que encontrei e otimo.,0.0624
PA006934,2023-09-08 14:09:51,Caminhada ate a estacao foi otima hoje.,0.0974
PA006935,2023-09-08 15:00:58,"Reuniao produtiva hoje, saimos com otimas ideias.",0.0861
PA006936,2023-09-08 16:50:14,Aplicativo de carona funcionou perfeitamente.,0.0844
PA006937,2023-09-08 18:58:58,Aplicativo de carona funcionou perfeitamente.,0.0937
PA006938,2023-09-08 19:29:25,"Sopa de legumes no frio, reconfortante e gostosa.",0.0244
PA006939,2023-09-08 19:46:41,"Apresentacao correu muito bem, todos gostaram.",0.0996
PA006940,2023-09-08 20:59:00,"Passeio no interior no fim de semana, natureza linda.",0.0597
PA006941,2023-09-08 21:00:49,"O outono chegou cedo esse ano, que frio gostoso de manha.",0.1367
PA006942,2023-09-08 21:02:43,"Que calor hoje, tive que ligar o ar condicionado logo cedo.",0.0113
PA006943,2023-09-08 21:06:00,Brigadeiro de panela saiu incrivel hoje.,0.1197
PA006944,2023-09-08 21:46:46,"Estudando para a prova de amanha, bem concentrado.",0.0377
PA006945,2023-09-09 00:06:52,Feira de artesanato gostosa de passear.,0.1211
PA006946,2023-09-09 05:57:30,"Consegui estacionamento logo de cara, dia de sorte mesmo.",0.0649
PA006947,2023-09-09 08:25:31,"Passeio no interior no fim de semana, natureza linda.",0.0901
PA006948,2023-09-09 09:00:17,Tarde produtiva organizando e limpando a casa.,0.0
PA006949,2023-09-09 09:52:44,"Corri 5km de manha, semana otima de treino.",0.1879
PA006950,2023-09-09 10:06:00,"Maratonei a temporada completa, valeu cada minuto.",0.097
PA006951,2023-09-09 10:13:01,Terminei o trabalho da faculdade com antecedencia.,0.0999
PA006952,2023-09-09 10:47:44,"Teatro incrivel ontem, peca muito bem dirigida.",0.0941
PA006953,2023-09-09 12:40:29,"Home office com cafe fresquinho do lado, otimo.",0.0878
PA006954,2023-09-09 12:52:26,"Plantei temperos na sacada, que satisfacao.",0.1101
PA006955,2023-09-09 16:00:41,"Consegui estacionamento logo de cara, dia de sorte mesmo.",0.0127
PA006956,2023-09-09 16:08:56,Cafe da manha caprichado: tapioca com ovo e suco de laranja.,0.0636
PA006957,2023-09-09 16:12:59,"Meu time ganhou hoje, que jogo bonito foi.",0.0128
PA006958,2023-09-09 16:14:53,"Fui num restaurante novo, a pizza estava espetacular.",0.0912
PA006959,2023-09-09 16:49:36,"Yoga pela manha, comecei o dia muito bem.",0.088
PA006960,2023-09-09 17:12:34,"Biblioteca da universidade, ambiente otimo para estudar.",0.0229
PA006961,2023-09-09 18:08:35,"Que calor hoje, tive que ligar o ar condicionado logo cedo.",0.1829
PA006962,2023-09-09 19:33:24,"Musica nova do meu artista favorito, de outro nivel.",0.0495
PA006963,2023-09-09 19:45:21,"Testei IA para ajudar com codigo, funcionou bem.",0.0454
PA006964,2023-09-09 20:09:37,"Fechei projeto importante essa semana, que alegria.",0.0492
PA006965,2023-09-09 22:32:22,"Fechei projeto importante essa semana, que alegria.",0.0851
PA006966,2023-09-09 22:44:32,"Aprendi receita nova no youtube, ficou otimo.",0.0778
PA006967,2023-09-09 23:17:46,Leitura no jardim com tempo agradavel.,0.1387
PA006968,2023-09-09 23:26:54,"Home office com cafe fresquinho do lado, otimo.",0.1397
PA006969,2023-09-09 23:29:33,"Fechei projeto importante essa semana, que alegria.",0.0905
PA006970,2023-09-09 23:57:05,Jantar simples mas gostoso com a familia.,0.1933
PA006971,2023-09-10 01:27:18,"Que calor hoje, tive que ligar o ar condicionado logo cedo.",0.0
PA006972,2023-09-10 05:56:22,"Configurei o home office com setup novo, otimo.",0.0298
PA006973,2023-09-10 07:27:55,Grupo de estudos foi muito produtivo hoje.,0.0879
PA006974,2023-09-10 07:47:35,"Academia hoje, treino puxado mas valeu muito.",0.0751
PA006975,2023-09-10 08:32:39,"Meditacao de manha, comecando o dia muito bem.",0.1448
PA006976,2023-09-10 09:31:23,"Tarefa dificil concluida com sucesso, que satisfacao.",0.0719
PA006977,2023-09-10 10:00:26,Jogo novo me viciou de um jeito bom.,0.1399
PA006978,2023-09-10 10:51:53,Finalmente entendi aquele conceito que me travava.,0.0932
PA006979,2023-09-10 12:22:25,"Minha mae fez feijao com arroz e linguica, classico perfeito.",0.1378
PA006980,2023-09-10 14:17:37,"Padaria da esquina lancou sabor novo, recomendo.",0.1287
PA006981,2023-09-10 14:28:58,Feira de artesanato gostosa de passear.,0.0947
PA006982,2023-09-10 16:25:55,"Almoco incrivel hoje, fiz lasanha caseira do zero.",0.0694
PA006983,2023-09-10 17:41:22,"Yoga pela manha, comecei o dia muito bem.",0.0942
PA006984,2023-09-10 19:24:46,"Onibus chegou no horario hoje, que surpresa agradavel.",0.0888
PA006985,2023-09-10 20:32:11,"Trilha ecologica incrivel, natureza pura.",0.0964
PA006986,2023-09-10 21:07:34,Nao acredito mais nessa politica que nao resolve.,0.7476
PA006987,2023-09-10 21:09:35,"Sopa de legumes no frio, reconfortante e gostosa.",0.0334
PA006988,2023-09-10 21:12:38,"Que calor hoje, tive que ligar o ar condicionado logo cedo.",0.084
PA006989,2023-09-10 21:58:00,Aula incrivel sobre estatistica aplicada hoje.,0.051
PA006990,2023-09-10 22:02:15,Terminei o trabalho da faculdade com antecedencia.,0.1891
PA006991,2023-09-10 22:18:16,"Reencontrei um amigo antigo por acaso, que alegria.",0.1026
PA006992,2023-09-10 22:40:42,"Vento agradavel hoje, aproveitei para caminhar no parque.",0.0216
PA006993,2023-09-11 00:41:20,"Tarefa dificil concluida com sucesso, que satisfacao.",0.0
PA006994,2023-09-11 01:06:50,"Novo celular chegou, a camera e impressionante.",0.1079
PA006995,2023-09-11 01:14:24,App de produtividade novo que encontrei e otimo.,0.1668
PA006996,2023-09-11 03:50:27,Feira de artesanato gostosa de passear.,0.1097
PA006997,2023-09-11 04:04:27,"Que calor hoje, tive que ligar o ar condicionado logo cedo.",0.0287
PA006998,2023-09-11 04:16:11,"Maratonei a temporada completa, valeu cada minuto.",0.0922
PA006999,2023-09-11 04:42:39,"Meditacao de manha, comecando o dia muito bem.",0.0979
PA007000,2023-09-11 05:24:38,"Testei IA para ajudar com codigo, funcionou bem.",0.0438
PA007001,2023-09-11 06:11:47,"Natacao de manha, melhor inicio de dia possivel.",0.0448
PA007002,2023-09-11 06:29:04,"Que calor hoje, tive que ligar o ar condicionado logo cedo.",0.1912
PA007003,2023-09-11 06:35:21,"Novo celular chegou, a camera e impressionante.",0.0641
PA007004,2023-09-11 06:43:41,"Notebook novo chegou, que desempenho incrivel.",0.1039
PA007005,2023-09-11 07:35:44,"Dia nublado mas tranquilo, bom para estudar sem distracao.",0.0
PA007006,2023-09-11 10:54:15,"Tarefa dificil concluida com sucesso, que satisfacao.",0.078
PA007007,2023-09-11 11:08:52,Caminhada ate a estacao foi otima hoje.,0.1492
PA007008,2023-09-11 11:45:50,"Chuva passageira a tarde, depois o tempo abriu lindo.",0.1172
PA007009,2023-09-11 12:52:49,"Home office com cafe fresquinho do lado, otimo.",0.1029
PA007010,2023-09-11 13:22:38,"Apresentacao correu muito bem, todos gostaram.",0.0787
PA007011,2023-09-11 13:55:51,Aplicativo de carona funcionou perfeitamente.,0.0795
PA007012,2023-09-11 15:26:01,"Acai gelado essa tarde, refrescante demais.",0.1098
PA007013,2023-09-11 15:59:43,"Fechei projeto importante essa semana, que alegria.",0.0801
PA007014,2023-09-11 16:32:39,Que tarde relaxante lendo na rede.,0.1259
PA007015,2023-09-11 16:32:54,Que manha fresca e agradavel para uma caminhada.,0.0688
PA007016,2023-09-11 17:53:44,"Meu time ganhou hoje, que jogo bonito foi.",0.052
PA007017,2023-09-11 19:28:20,"Musica nova do meu artista favorito, de outro nivel.",0.096
PA007018,2023-09-11 20:07:45,"Teatro incrivel ontem, peca muito bem dirigida.",0.0487
PA007019,2023-09-11 20:48:34,"Corri 5km de manha, semana otima de treino.",0.0602
PA007020,2023-09-11 21:11:43,"Onibus chegou no horario hoje, que surpresa agradavel.",0.0
PA007021,2023-09-11 23:30:34,"Museu da cidade muito interessante, aprendi bastante.",0.1379
PA007022,2023-09-11 23:35:51,"Tentei receita nova de bolo de cenoura, ficou fofinho.",0.1046
PA007023,2023-09-12 00:14:03,"Biblioteca da universidade, ambiente otimo para estudar.",0.1115
PA007024,2023-09-12 02:56:51,"Teatro incrivel ontem, peca muito bem dirigida.",0.0625
PA007025,2023-09-12 03:25:45,"Onibus chegou no horario hoje, que surpresa agradavel.",0.0339
PA007026,2023-09-12 04:03:02,"Chuva passageira a tarde, depois o tempo abriu lindo.",0.0955
PA007027,2023-09-12 04:11:06,"Passeio com o cachorro no parque, ele adorou.",0.0966
PA007028,2023-09-12 04:51:01,"Maratonei a temporada completa, valeu cada minuto.",0.0925
PA007029,2023-09-12 06:29:33,"Notebook novo chegou, que desempenho incrivel.",0.0597
PA007030,2023-09-12 07:08:33,"Apresentacao correu muito bem, todos gostaram.",0.0187
PA007031,2023-09-12 07:13:31,"Passeio com o cachorro no parque, ele adorou.",0.0486
PA007032,2023-09-12 07:30:14,"Estudando para a prova de amanha, bem concentrado.",0.1376
PA007033,2023-09-12 07:40:17,"Meditacao de manha, comecando o dia muito bem.",0.1234
PA007034,2023-09-12 07:44:35,"Estrada livre, cheguei no trabalho rapido hoje.",0.1046
PA007035,2023-09-12 08:07:54,Jogo novo me viciou de um jeito bom.,0.0458
PA007036,2023-09-12 08:40:02,"Maratonei a temporada completa, valeu cada minuto.",0.1247
PA007037,2023-09-12 11:03:31,"Acai gelado essa tarde, refrescante demais.",0.1749
PA007038,2023-09-12 11:10:00,Semana intensa mas muito satisfatoria no trabalho.,0.0629
PA007039,2023-09-12 11:53:05,"Minha mae fez feijao com arroz e linguica, classico perfeito.",0.1086
PA007040,2023-09-12 12:02:45,"Sol lindo hoje, cafe na varanda foi otimo.",0.0254
PA007041,2023-09-12 13:16:21,Tarde produtiva organizando e limpando a casa.,0.0511
PA007042,2023-09-12 13:20:55,"Natacao de manha, melhor inicio de dia possivel.",0.0443
PA007043,2023-09-12 14:01:47,Podcast sobre tecnologia muito interessante.,0.1513
PA007044,2023-09-12 14:38:52,"Yoga pela manha, comecei o dia muito bem.",0.1033
PA007045,2023-09-12 15:06:56,"Sol lindo hoje, cafe na varanda foi otimo.",0.2
PA007046,2023-09-12 15:29:35,"Estudando para a prova de amanha, bem concentrado.",0.0478
PA007047,2023-09-12 16:04:08,"Estrada livre, cheguei no trabalho rapido hoje.",0.0952
PA007048,2023-09-12 17:25:26,"Notebook novo chegou, que desempenho incrivel.",0.0551
PA007049,2023-09-12 18:13:11,Jantar simples mas gostoso com a familia.,0.1438
PA007050,2023-09-12 18:59:40,"Trilha ecologica incrivel, natureza pura.",0.1939
PA007051,2023-09-12 19:51:53,"Maratonei a temporada completa, valeu cada minuto.",0.1087
PA007052,2023-09-12 20:17:19,Atualizacao deixou o sistema muito mais rapido.,0.0
PA007053,2023-09-12 20:37:04,"Serie nova incrivel, amei o primeiro episodio.",0.0438
PA007054,2023-09-12 23:03:51,"Configurei o home office com setup novo, otimo.",0.1265
PA007055,2023-09-12 23:49:18,"Chuva passageira a tarde, depois o tempo abriu lindo.",0.1294
PA007056,2023-09-12 23:54:27,Show ao vivo incrivel no fim de semana.,0.3352
PA007057,2023-09-13 00:15:59,"Tentei receita nova de bolo de cenoura, ficou fofinho.",0.1133
PA007058,2023-09-13 01:23:39,"Almoco incrivel hoje, fiz lasanha caseira do zero.",0.1059
PA007059,2023-09-13 01:44:11,"Passei na certificacao, muito feliz com o resultado.",0.0698
PA007060,2023-09-13 02:15:45,"O outono chegou cedo esse ano, que frio gostoso de manha.",0.089
PA007061,2023-09-13 02:21:42,"Musica nova do meu artista favorito, de outro nivel.",0.1582
PA007062,2023-09-13 03:54:49,"Academia hoje, treino puxado mas valeu muito.",0.0457
PA007063,2023-09-13 04:17:23,"Cuidando das plantas em casa, muito terapeutico.",0.1124
PA007064,2023-09-13 06:54:35,"Reencontrei um amigo antigo por acaso, que alegria.",0.0124
PA007065,2023-09-13 07:04:48,"Yoga pela manha, comecei o dia muito bem.",0.0362
PA007066,2023-09-13 07:47:08,"Passei na certificacao, muito feliz com o resultado.",0.1544
PA007067,2023-09-13 08:15:12,"Choveu a tarde toda, dia perfeito pra ficar em casa lendo.",0.0879
PA007068,2023-09-13 08:39:50,"Onibus chegou no horario hoje, que surpresa agradavel.",0.1084
PA007069,2023-09-13 08:58:01,"Estrada livre, cheguei no trabalho rapido hoje.",0.0559
PA007070,2023-09-13 09:51:53,"Consegui estacionamento logo de cara, dia de sorte mesmo.",0.0984
PA007071,2023-09-13 09:54:03,"Reuniao produtiva hoje, saimos com otimas ideias.",0.0652
PA007072,2023-09-13 10:01:49,"Testei IA para ajudar com codigo, funcionou bem.",0.2743
PA007073,2023-09-13 10:53:33,Caminhada ate a estacao foi otima hoje.,0.1147
PA007074,2023-09-13 13:22:22,"Acai gelado essa tarde, refrescante demais.",0.023
PA007075,2023-09-13 13:29:00,"Metro bem tranquilo essa manha, cheguei bem.",0.0815
PA007076,2023-09-13 15:23:51,Grupo de estudos foi muito produtivo hoje.,0.1095
PA007077,2023-09-13 18:13:56,"Plantei temperos na sacada, que satisfacao.",0.0453
PA007078,2023-09-13 19:28:59,Que manha fresca e agradavel para uma caminhada.,0.0205
PA007079,2023-09-13 20:02:07,Caminhada ate a estacao foi otima hoje.,0.0675
PA007080,2023-09-13 20:06:01,Show ao vivo incrivel no fim de semana.,0.1074
PA007081,2023-09-13 20:19:42,"Teatro incrivel ontem, peca muito bem dirigida.",0.0661
PA007082,2023-09-13 20:45:27,"Acai gelado essa tarde, refrescante demais.",0.1033
PA007083,2023-09-13 21:21:04,Cafe da manha caprichado: tapioca com ovo e suco de laranja.,0.0775
PA007084,2023-09-13 22:44:59,"Maratonei a temporada completa, valeu cada minuto.",0.0834
PA007085,2023-09-13 23:51:41,"Dia nublado mas tranquilo, bom para estudar sem distracao.",0.0505
PA007086,2023-09-14 00:41:36,Jantar simples mas gostoso com a familia.,0.0397
PA007087,2023-09-14 01:35:05,"Serie nova incrivel, amei o primeiro episodio.",0.0649
PA007088,2023-09-14 01:54:05,"Academia hoje, treino puxado mas valeu muito.",0.0301
PA007089,2023-09-14 02:11:11,"Acai gelado essa tarde, refrescante demais.",0.0905
PA007090,2023-09-14 02:44:14,"Testei IA para ajudar com codigo, funcionou bem.",0.106
PA007091,2023-09-14 03:17:01,"Configurei o home office com setup novo, otimo.",0.1196
PA007092,2023-09-14 03:22:05,"Academia hoje, treino puxado mas valeu muito.",0.0984
PA007093,2023-09-14 03:39:44,App de produtividade novo que encontrei e otimo.,0.1178
PA007094,2023-09-14 04:21:05,"Padaria da esquina lancou sabor novo, recomendo.",0.1197
PA007095,2023-09-14 04:22:57,"Praia tranquila, sol perfeito, descanso total.",0.0004
PA007096,2023-09-14 05:44:15,"Almoco incrivel hoje, fiz lasanha caseira do zero.",0.0558
PA007097,2023-09-14 06:25:57,"Churrasco com a familia no final de semana, delicioso.",0.0
PA007098,2023-09-14 06:39:01,"Tentei receita nova de bolo de cenoura, ficou fofinho.",0.0575
PA007099,2023-09-14 07:35:41,"Home office com cafe fresquinho do lado, otimo.",0.2
PA007100,2023-09-14 07:40:57,"Passeio com o cachorro no parque, ele adorou.",0.113
PA007101,2023-09-14 09:02:31,"Museu da cidade muito interessante, aprendi bastante.",0.083
PA007102,2023-09-14 09:53:58,"Musica nova do meu artista favorito, de outro nivel.",0.0335
PA007103,2023-09-14 11:17:02,Tarde produtiva organizando e limpando a casa.,0.0789
PA007104,2023-09-14 11:19:33,Que manha fresca e agradavel para uma caminhada.,0.0354
PA007105,2023-09-14 11:33:05,"Domingo em familia, melhor dia da semana.",0.1275
PA007106,2023-09-14 14:15:14,"Plantei temperos na sacada, que satisfacao.",0.0
PA007107,2023-09-14 16:19:06,"Museu da cidade muito interessante, aprendi bastante.",0.0488
PA007108,2023-09-14 18:05:10,"Filme otimo ontem, fui ao cinema com a familia.",0.0614
PA007109,2023-09-14 18:43:09,Tarde produtiva organizando e limpando a casa.,0.0
PA007110,2023-09-14 19:38:58,"Almoco incrivel hoje, fiz lasanha caseira do zero.",0.1268
PA007111,2023-09-14 20:12:57,"Estudando para a prova de amanha, bem concentrado.",0.0327
PA007112,2023-09-14 23:12:41,"Serie nova incrivel, amei o primeiro episodio.",0.0823
PA007113,2023-09-14 23:31:09,Finalmente entendi aquele conceito que me travava.,0.1095
PA007114,2023-09-15 01:49:46,"Almoco incrivel hoje, fiz lasanha caseira do zero.",0.0257
PA007115,2023-09-15 02:20:14,Aplicativo de carona funcionou perfeitamente.,0.0452
PA007116,2023-09-15 02:32:14,"Dia nublado mas tranquilo, bom para estudar sem distracao.",0.0158
PA007117,2023-09-15 02:49:47,"Almoco incrivel hoje, fiz lasanha caseira do zero.",0.1145
PA007118,2023-09-15 03:51:08,"Acai gelado essa tarde, refrescante demais.",0.0
PA007119,2023-09-15 05:31:01,"Estudando para a prova de amanha, bem concentrado.",0.1588
PA007120,2023-09-15 05:50:11,"Que calor hoje, tive que ligar o ar condicionado logo cedo.",0.0812
PA007121,2023-09-15 06:23:38,Jantar simples mas gostoso com a familia.,0.1182
PA007122,2023-09-15 09:17:43,Que manha fresca e agradavel para uma caminhada.,0.04
PA007123,2023-09-15 10:13:30,Finalmente entendi aquele conceito que me travava.,0.0883
PA007124,2023-09-15 10:42:35,Pedalada de tarde com vista incrivel do parque.,0.1495
PA007125,2023-09-15 11:00:37,"Teatro incrivel ontem, peca muito bem dirigida.",0.127
PA007126,2023-09-15 12:20:49,Feira de artesanato gostosa de passear.,0.0
PA007127,2023-09-15 12:24:02,"Natacao de manha, melhor inicio de dia possivel.",0.1449
PA007128,2023-09-15 12:53:18,"Reencontrei um amigo antigo por acaso, que alegria.",0.2
PA007129,2023-09-15 13:12:48,Finalmente entendi aquele conceito que me travava.,0.117
PA007130,2023-09-15 13:21:31,Tarde produtiva organizando e limpando a casa.,0.0678
PA007131,2023-09-15 13:28:15,"Biblioteca da universidade, ambiente otimo para estudar.",0.0735
PA007132,2023-09-15 14:59:00,"Serie nova incrivel, amei o primeiro episodio.",0.0559
PA007133,2023-09-15 15:46:00,"Minha mae fez feijao com arroz e linguica, classico perfeito.",0.0951
PA007134,2023-09-15 15:47:02,"Minha mae fez feijao com arroz e linguica, classico perfeito.",0.0937
PA007135,2023-09-15 15:54:06,"Fui num restaurante novo, a pizza estava espetacular.",0.012
PA007136,2023-09-15 16:18:10,"Natacao de manha, melhor inicio de dia possivel.",0.0235
PA007137,2023-09-15 16:28:57,"Reuniao produtiva hoje, saimos com otimas ideias.",0.0691
PA007138,2023-09-15 18:12:59,"Museu da cidade muito interessante, aprendi bastante.",0.0848
PA007139,2023-09-15 18:28:54,"Cuidando das plantas em casa, muito terapeutico.",0.0
PA007140,2023-09-15 19:11:25,Feira de artesanato gostosa de passear.,0.0495
PA007141,2023-09-15 19:55:01,"Domingo em familia, melhor dia da semana.",0.1605
PA007142,2023-09-15 20:13:14,"Academia hoje, treino puxado mas valeu muito.",0.0308
PA007143,2023-09-15 20:18:40,"Home office com cafe fresquinho do lado, otimo.",0.0876
PA007144,2023-09-15 20:22:53,"Teatro incrivel ontem, peca muito bem dirigida.",0.0642
PA007145,2023-09-16 06:00:34,Feira de artesanato gostosa de passear.,0.1029
PA007146,2023-09-16 06:32:17,"Museu da cidade muito interessante, aprendi bastante.",0.1291
PA007147,2023-09-16 08:04:30,"Natacao de manha, melhor inicio de dia possivel.",0.0765
PA007148,2023-09-16 08:18:47,"Trilha ecologica incrivel, natureza pura.",0.0858
PA007149,2023-09-16 09:34:40,Pedalada de tarde com vista incrivel do parque.,0.0703
PA007150,2023-09-16 11:30:58,"Serie nova incrivel, amei o primeiro episodio.",0.092
PA007151,2023-09-16 13:24:25,"Apresentacao correu muito bem, todos gostaram.",0.0998
PA007152,2023-09-16 14:32:54,"Minha mae fez feijao com arroz e linguica, classico perfeito.",0.0507
PA007153,2023-09-16 16:56:52,Aplicativo de carona funcionou perfeitamente.,0.0538
PA007154,2023-09-16 19:21:14,Feira de artesanato gostosa de passear.,0.1432
PA007155,2023-09-16 20:18:19,"Chuva passageira a tarde, depois o tempo abriu lindo.",0.0829
PA007156,2023-09-16 23:02:02,Nao aguento mais reclamacao sem solucao pratica.,0.4538
PA007157,2023-09-16 23:23:55,Podcast sobre tecnologia muito interessante.,0.0078
PA007158,2023-09-17 00:06:03,"Fui num restaurante novo, a pizza estava espetacular.",0.0412
PA007159,2023-09-17 02:17:51,"Onibus chegou no horario hoje, que surpresa agradavel.",0.1336
PA007160,2023-09-17 03:11:09,"Almoco incrivel hoje, fiz lasanha caseira do zero.",0.105
PA007161,2023-09-17 03:44:00,"Trilha ecologica incrivel, natureza pura.",0.0344
PA007162,2023-09-17 04:10:31,Que tarde relaxante lendo na rede.,0.0795
PA007163,2023-09-17 04:27:03,"Cuidando das plantas em casa, muito terapeutico.",0.1629
PA007164,2023-09-17 05:22:49,"Reencontrei um amigo antigo por acaso, que alegria.",0.0686
PA007165,2023-09-17 05:56:35,Grupo de estudos foi muito produtivo hoje.,0.0099
PA007166,2023-09-17 06:57:04,"Livro excelente sobre ciencia de dados, recomendo muito.",0.0497
PA007167,2023-09-17 08:32:11,"Livro excelente sobre ciencia de dados, recomendo muito.",0.1818
PA007168,2023-09-17 08:45:22,"Filme otimo ontem, fui ao cinema com a familia.",0.0388
PA007169,2023-09-17 09:34:04,"Apresentacao correu muito bem, todos gostaram.",0.0745
PA007170,2023-09-17 11:27:45,"Notebook novo chegou, que desempenho incrivel.",0.0833
PA007171,2023-09-17 12:55:25,Caminhada ate a estacao foi otima hoje.,0.1068
PA007172,2023-09-17 13:19:05,Show ao vivo incrivel no fim de semana.,0.1353
PA007173,2023-09-17 15:03:08,"Home office com cafe fresquinho do lado, otimo.",0.1102
PA007174,2023-09-17 15:14:02,App de produtividade novo que encontrei e otimo.,0.0923
PA007175,2023-09-17 18:16:31,"Domingo em familia, melhor dia da semana.",0.0625
PA007176,2023-09-17 19:03:07,"Padaria da esquina lancou sabor novo, recomendo.",0.0644
PA007177,2023-09-17 19:45:24,"Volei com os amigos, muita risada e diversao.",0.031
PA007178,2023-09-17 20:54:40,"Sol lindo hoje, cafe na varanda foi otimo.",0.0276
PA007179,2023-09-17 21:35:17,Aplicativo de carona funcionou perfeitamente.,0.0574
PA007180,2023-09-17 21:48:08,Terminei o trabalho da faculdade com antecedencia.,0.0252
PA007181,2023-09-18 00:12:43,Podcast sobre tecnologia muito interessante.,0.0
PA007182,2023-09-18 00:43:35,Leitura no jardim com tempo agradavel.,0.1009
PA007183,2023-09-18 02:38:50,Aplicativo de carona funcionou perfeitamente.,0.1018
PA007184,2023-09-18 02:56:25,"Domingo em familia, melhor dia da semana.",0.0978
PA007185,2023-09-18 03:12:55,"Vento agradavel hoje, aproveitei para caminhar no parque.",0.121
PA007186,2023-09-18 03:57:19,"Vento agradavel hoje, aproveitei para caminhar no parque.",0.0886
PA007187,2023-09-18 04:12:07,"Choveu a tarde toda, dia perfeito pra ficar em casa lendo.",0.1257
PA007188,2023-09-18 05:52:52,"Natacao de manha, melhor inicio de dia possivel.",0.1048
PA007189,2023-09-18 06:56:48,Jogo novo me viciou de um jeito bom.,0.1005
PA007190,2023-09-18 07:00:20,"Trilha ecologica incrivel, natureza pura.",0.0479
PA007191,2023-09-18 08:54:00,App de produtividade novo que encontrei e otimo.,0.002
PA007192,2023-09-18 10:40:19,Grupo de estudos foi muito produtivo hoje.,0.1308
PA007193,2023-09-18 10:56:42,"Fechei projeto importante essa semana, que alegria.",0.1098
PA007194,2023-09-18 11:49:04,"Musica nova do meu artista favorito, de outro nivel.",0.0625
PA007195,2023-09-18 12:37:36,"Fechei projeto importante essa semana, que alegria.",0.1245
PA007196,2023-09-18 16:21:03,Atualizacao deixou o sistema muito mais rapido.,0.148
PA007197,2023-09-18 16:31:58,"Que calor hoje, tive que ligar o ar condicionado logo cedo.",0.0992
PA007198,2023-09-18 17:18:14,"Natacao de manha, melhor inicio de dia possivel.",0.0501
PA007199,2023-09-18 17:21:54,"Passei na certificacao, muito feliz com o resultado.",0.081
PA007200,2023-09-18 19:14:28,Que manha fresca e agradavel para uma caminhada.,0.149
PA007201,2023-09-18 22:30:52,Grupo de estudos foi muito produtivo hoje.,0.1062
PA007202,2023-09-18 22:36:03,"Praia tranquila, sol perfeito, descanso total.",0.0618
PA007203,2023-09-19 00:57:04,"Livro excelente sobre ciencia de dados, recomendo muito.",0.1178
PA007204,2023-09-19 01:08:14,"Academia hoje, treino puxado mas valeu muito.",0.0429
PA007205,2023-09-19 01:52:51,"Livro excelente sobre ciencia de dados, recomendo muito.",0.1324
PA007206,2023-09-19 02:33:57,Leitura no jardim com tempo agradavel.,0.1092
PA007207,2023-09-19 03:24:45,"Praia tranquila, sol perfeito, descanso total.",0.0665
PA007208,2023-09-19 03:49:51,"Testei IA para ajudar com codigo, funcionou bem.",0.0704
PA007209,2023-09-19 03:59:11,"Acai gelado essa tarde, refrescante demais.",0.113
PA007210,2023-09-19 04:54:12,"Pausa pro cafe com os colegas, bate-papo otimo.",0.0099
PA007211,2023-09-19 05:46:55,"Meu time ganhou hoje, que jogo bonito foi.",0.1578
PA007212,2023-09-19 05:51:58,Atualizacao deixou o sistema muito mais rapido.,0.0421
PA007213,2023-09-19 06:46:35,"Choveu a tarde toda, dia perfeito pra ficar em casa lendo.",0.0862
PA007214,2023-09-19 08:23:12,"Praia tranquila, sol perfeito, descanso total.",0.0758
PA007215,2023-09-19 09:53:18,"Consegui estacionamento logo de cara, dia de sorte mesmo.",0.1247
PA007216,2023-09-19 11:23:07,Terminei o trabalho da faculdade com antecedencia.,0.0538
PA007217,2023-09-19 11:38:54,"Natacao de manha, melhor inicio de dia possivel.",0.0601
PA007218,2023-09-19 11:42:49,"Serie nova incrivel, amei o primeiro episodio.",0.0676
PA007219,2023-09-19 12:38:39,"Estrada livre, cheguei no trabalho rapido hoje.",0.0778
PA007220,2023-09-19 13:00:54,"Notebook novo chegou, que desempenho incrivel.",0.0246
PA007221,2023-09-19 13:03:02,Grupo de estudos foi muito produtivo hoje.,0.0626
PA007222,2023-09-19 13:28:40,"Viagem de fim de semana para cidade historica, valeu.",0.0636
PA007223,2023-09-19 14:27:09,"Academia hoje, treino puxado mas valeu muito.",0.0196
PA007224,2023-09-19 14:36:10,"Que calor hoje, tive que ligar o ar condicionado logo cedo.",0.0596
PA007225,2023-09-19 14:53:07,"Testei IA para ajudar com codigo, funcionou bem.",0.0583
PA007226,2023-09-19 16:14:11,"Notebook novo chegou, que desempenho incrivel.",0.0185
PA007227,2023-09-19 17:55:45,Aplicativo de carona funcionou perfeitamente.,0.1029
PA007228,2023-09-19 18:19:06,"Tentei receita nova de bolo de cenoura, ficou fofinho.",0.0499
PA007229,2023-09-19 19:13:13,"Estrada livre, cheguei no trabalho rapido hoje.",0.1332
PA007230,2023-09-19 19:51:19,Caminhada ate a estacao foi otima hoje.,0.0858
PA007231,2023-09-19 21:14:29,"Vento agradavel hoje, aproveitei para caminhar no parque.",0.0889
PA007232,2023-09-19 21:14:44,Terminei o trabalho da faculdade com antecedencia.,0.0724
PA007233,2023-09-19 23:36:59,"Volei com os amigos, muita risada e diversao.",0.0935
PA007234,2023-09-19 23:38:17,"Passei na certificacao, muito feliz com o resultado.",0.0998
PA007235,2023-09-20 00:11:30,"Testei IA para ajudar com codigo, funcionou bem.",0.0
PA007236,2023-09-20 00:20:39,"Churrasco com a familia no final de semana, delicioso.",0.0314
PA007237,2023-09-20 01:23:24,"Churrasco com a familia no final de semana, delicioso.",0.1464
PA007238,2023-09-20 02:21:56,Podcast sobre tecnologia muito interessante.,0.0276
PA007239,2023-09-20 02:25:38,"Domingo em familia, melhor dia da semana.",0.2749
PA007240,2023-09-20 03:13:47,"Biblioteca da universidade, ambiente otimo para estudar.",0.0587
PA007241,2023-09-20 04:59:39,"Home office com cafe fresquinho do lado, otimo.",0.0736
PA007242,2023-09-20 05:53:18,Cafe da manha caprichado: tapioca com ovo e suco de laranja.,0.1547
PA007243,2023-09-20 09:12:52,"Fui de bike hoje, que exercicio agradavel de manha.",0.1811
PA007244,2023-09-20 09:30:19,"Reencontrei um amigo antigo por acaso, que alegria.",0.0353
PA007245,2023-09-20 10:16:12,"Academia hoje, treino puxado mas valeu muito.",0.0694
PA007246,2023-09-20 11:17:31,"Meditacao de manha, comecando o dia muito bem.",0.13
PA007247,2023-09-20 11:25:20,"Fui num restaurante novo, a pizza estava espetacular.",0.1095
PA007248,2023-09-20 11:44:22,Brigadeiro de panela saiu incrivel hoje.,0.1275
PA007249,2023-09-20 11:48:15,"Minha mae fez feijao com arroz e linguica, classico perfeito.",0.1396
PA007250,2023-09-20 12:06:01,"Testei IA para ajudar com codigo, funcionou bem.",0.1087
PA007251,2023-09-20 12:08:53,"Sopa de legumes no frio, reconfortante e gostosa.",0.155
PA007252,2023-09-20 13:12:01,"Praia tranquila, sol perfeito, descanso total.",0.0
PA007253,2023-09-20 13:23:23,"Configurei o home office com setup novo, otimo.",0.0819
PA007254,2023-09-20 13:40:04,"Corri 5km de manha, semana otima de treino.",0.0997
PA007255,2023-09-20 14:27:45,Feira de artesanato gostosa de passear.,0.075
PA007256,2023-09-20 14:27:56,"Fechei projeto importante essa semana, que alegria.",0.1391
PA007257,2023-09-20 16:24:42,"Apresentacao correu muito bem, todos gostaram.",0.1543
PA007258,2023-09-20 17:19:33,"Home office com cafe fresquinho do lado, otimo.",0.1415
PA007259,2023-09-20 17:41:02,Que manha fresca e agradavel para uma caminhada.,0.0964
PA007260,2023-09-20 18:31:09,"Yoga pela manha, comecei o dia muito bem.",0.1125
PA007261,2023-09-20 18:43:18,"Sopa de legumes no frio, reconfortante e gostosa.",0.1493
PA007262,2023-09-20 18:54:06,"Testei IA para ajudar com codigo, funcionou bem.",0.0953
PA007263,2023-09-20 19:14:14,"Choveu a tarde toda, dia perfeito pra ficar em casa lendo.",0.0483
PA007264,2023-09-20 22:34:24,"Reencontrei um amigo antigo por acaso, que alegria.",0.0842
PA007265,2023-09-20 22:38:45,"Sol lindo hoje, cafe na varanda foi otimo.",0.0658
PA007266,2023-09-21 00:40:26,Jantar simples mas gostoso com a familia.,0.0418
PA007267,2023-09-21 01:22:20,"Corri 5km de manha, semana otima de treino.",0.1331
PA007268,2023-09-21 01:48:00,Atualizacao deixou o sistema muito mais rapido.,0.0843
PA007269,2023-09-21 03:25:16,"Padaria da esquina lancou sabor novo, recomendo.",0.129
PA007270,2023-09-21 03:39:47,"Acai gelado essa tarde, refrescante demais.",0.049
PA007271,2023-09-21 06:14:48,"Multa de transito injusta, vou recorrer.",0.6727
PA007272,2023-09-21 06:18:56,"Meu time ganhou hoje, que jogo bonito foi.",0.0132
PA007273,2023-09-21 06:25:24,"Meditacao de manha, comecando o dia muito bem.",0.0203
PA007274,2023-09-21 08:26:46,"Passei na certificacao, muito feliz com o resultado.",0.0519
PA007275,2023-09-21 09:29:59,Que tarde relaxante lendo na rede.,0.0482
PA007276,2023-09-21 10:33:23,"Padaria da esquina lancou sabor novo, recomendo.",0.0
PA007277,2023-09-21 11:32:58,"Novo celular chegou, a camera e impressionante.",0.1563
PA007278,2023-09-21 11:54:41,"Testei IA para ajudar com codigo, funcionou bem.",0.0822
PA007279,2023-09-21 13:22:14,"Almoco incrivel hoje, fiz lasanha caseira do zero.",0.0885
PA007280,2023-09-21 13:32:53,"Estudando para a prova de amanha, bem concentrado.",0.0237
PA007281,2023-09-21 15:16:29,Show ao vivo incrivel no fim de semana.,0.0
PA007282,2023-09-21 16:06:55,"Configurei o home office com setup novo, otimo.",0.0137
PA007283,2023-09-21 16:11:07,"Sopa de legumes no frio, reconfortante e gostosa.",0.075
PA007284,2023-09-21 16:43:27,Jogo novo me viciou de um jeito bom.,0.1053
PA007285,2023-09-21 16:43:48,"Notebook novo chegou, que desempenho incrivel.",0.1216
PA007286,2023-09-21 17:14:44,Que manha fresca e agradavel para uma caminhada.,0.128
PA007287,2023-09-21 17:25:25,"Musica nova do meu artista favorito, de outro nivel.",0.0482
PA007288,2023-09-21 19:06:19,"Minha mae fez feijao com arroz e linguica, classico perfeito.",0.1087
PA007289,2023-09-21 20:39:55,Atualizacao deixou o sistema muito mais rapido.,0.123
PA007290,2023-09-21 21:33:40,Brigadeiro de panela saiu incrivel hoje.,0.132
PA007291,2023-09-21 22:21:38,Brigadeiro de panela saiu incrivel hoje.,0.0376
PA007292,2023-09-22 00:44:38,"Minha mae fez feijao com arroz e linguica, classico perfeito.",0.0815
PA007293,2023-09-22 00:53:24,"Aprendi receita nova no youtube, ficou otimo.",0.1006
PA007294,2023-09-22 03:07:58,"Chuva passageira a tarde, depois o tempo abriu lindo.",0.0539
PA007295,2023-09-22 03:25:38,"Passeio com o cachorro no parque, ele adorou.",0.0121
PA007296,2023-09-22 07:26:51,"Passeio no interior no fim de semana, natureza linda.",0.0903
PA007297,2023-09-22 08:27:01,Caminhada ate a estacao foi otima hoje.,0.0406
PA007298,2023-09-22 09:15:30,"Notebook novo chegou, que desempenho incrivel.",0.0
PA007299,2023-09-22 09:23:20,Finalmente entendi aquele conceito que me travava.,0.0989
PA007300,2023-09-22 10:47:07,"Reuniao produtiva hoje, saimos com otimas ideias.",0.1673
PA007301,2023-09-22 11:45:14,"Fui de bike hoje, que exercicio agradavel de manha.",0.1006
PA007302,2023-09-22 12:33:25,Tarde produtiva organizando e limpando a casa.,0.0251
PA007303,2023-09-22 12:37:45,"Home office com cafe fresquinho do lado, otimo.",0.115
PA007304,2023-09-22 13:53:36,"Domingo em familia, melhor dia da semana.",0.0516
PA007305,2023-09-22 14:28:10,"Teatro incrivel ontem, peca muito bem dirigida.",0.0242
PA007306,2023-09-22 15:22:57,"O outono chegou cedo esse ano, que frio gostoso de manha.",0.0435
PA007307,2023-09-22 16:09:13,"Home office com cafe fresquinho do lado, otimo.",0.0092
PA007308,2023-09-22 16:43:32,"Academia hoje, treino puxado mas valeu muito.",0.1673
PA007309,2023-09-22 18:47:26,App de produtividade novo que encontrei e otimo.,0.1194
PA007310,2023-09-22 19:23:05,Podcast sobre tecnologia muito interessante.,0.0274
PA007311,2023-09-22 19:33:03,Podcast sobre tecnologia muito interessante.,0.159
PA007312,2023-09-22 22:03:38,Pedalada de tarde com vista incrivel do parque.,0.0813
PA007313,2023-09-22 22:16:23,"Home office com cafe fresquinho do lado, otimo.",0.0
PA007314,2023-09-23 01:06:11,"Padaria da esquina lancou sabor novo, recomendo.",0.1467
PA007315,2023-09-23 01:23:27,"Serie nova incrivel, amei o primeiro episodio.",0.1366
PA007316,2023-09-23 01:37:32,"Aprendi receita nova no youtube, ficou otimo.",0.1024
PA007317,2023-09-23 01:38:02,"Musica nova do meu artista favorito, de outro nivel.",0.1342
PA007318,2023-09-23 02:32:34,"Padaria da esquina lancou sabor novo, recomendo.",0.1391
PA007319,2023-09-23 02:47:57,Nao consigo entender como essa situacao ainda nao mudou.,0.7301
PA007320,2023-09-23 03:03:02,"Home office com cafe fresquinho do lado, otimo.",0.0991
PA007321,2023-09-23 04:06:39,"Fui num restaurante novo, a pizza estava espetacular.",0.0739
PA007322,2023-09-23 05:57:00,"Passeio no interior no fim de semana, natureza linda.",0.1083
PA007323,2023-09-23 08:32:07,Que tarde relaxante lendo na rede.,0.0669
PA007324,2023-09-23 09:31:37,Caminhada ate a estacao foi otima hoje.,0.0286
PA007325,2023-09-23 10:56:19,Podcast sobre tecnologia muito interessante.,0.0522
PA007326,2023-09-23 11:09:59,"Passeio com o cachorro no parque, ele adorou.",0.1044
PA007327,2023-09-23 11:16:51,"Praia tranquila, sol perfeito, descanso total.",0.0697
PA007328,2023-09-23 13:50:40,"Praia tranquila, sol perfeito, descanso total.",0.078
PA007329,2023-09-23 14:33:17,Semana intensa mas muito satisfatoria no trabalho.,0.0711
PA007330,2023-09-23 15:00:35,"Dia nublado mas tranquilo, bom para estudar sem distracao.",0.0676
PA007331,2023-09-23 15:40:12,Leitura no jardim com tempo agradavel.,0.0044
PA007332,2023-09-23 15:48:55,Atualizacao deixou o sistema muito mais rapido.,0.0422
PA007333,2023-09-23 16:00:00,"Acai gelado essa tarde, refrescante demais.",0.0991
PA007334,2023-09-23 16:09:37,"Vento agradavel hoje, aproveitei para caminhar no parque.",0.0998
PA007335,2023-09-23 16:48:21,"Maratonei a temporada completa, valeu cada minuto.",0.0585
PA007336,2023-09-23 18:27:36,"Estrada livre, cheguei no trabalho rapido hoje.",0.0589
PA007337,2023-09-23 19:46:10,Atualizacao deixou o sistema muito mais rapido.,0.1289
PA007338,2023-09-23 20:15:46,"Tentei receita nova de bolo de cenoura, ficou fofinho.",0.0137
PA007339,2023-09-23 20:19:41,Caminhada ate a estacao foi otima hoje.,0.0365
PA007340,2023-09-23 20:24:00,"Viagem de fim de semana para cidade historica, valeu.",0.0662
PA007341,2023-09-23 22:04:42,Cafe da manha caprichado: tapioca com ovo e suco de laranja.,0.1649
PA007342,2023-09-23 22:11:48,"Dia nublado mas tranquilo, bom para estudar sem distracao.",0.0826
PA007343,2023-09-23 22:28:47,"Meu time ganhou hoje, que jogo bonito foi.",0.0949
PA007344,2023-09-23 22:49:45,Que tarde relaxante lendo na rede.,0.0324
PA007345,2023-09-24 00:17:34,"Pipoca e serie boa na sexta, programa perfeito.",0.0827
PA007346,2023-09-24 00:30:56,"Pipoca e serie boa na sexta, programa perfeito.",0.1209
PA007347,2023-09-24 01:06:32,"Serie nova incrivel, amei o primeiro episodio.",0.0908
PA007348,2023-09-24 02:53:25,Aplicativo de carona funcionou perfeitamente.,0.13
PA007349,2023-09-24 03:01:38,"Tentei receita nova de bolo de cenoura, ficou fofinho.",0.1094
PA007350,2023-09-24 03:03:05,Feira de artesanato gostosa de passear.,0.0487
PA007351,2023-09-24 03:20:49,"Volei com os amigos, muita risada e diversao.",0.0921
PA007352,2023-09-24 04:58:09,"Livro excelente sobre ciencia de dados, recomendo muito.",0.0745
PA007353,2023-09-24 05:53:09,"Filme otimo ontem, fui ao cinema com a familia.",0.0788
PA007354,2023-09-24 06:54:59,"Sopa de legumes no frio, reconfortante e gostosa.",0.0531
PA007355,2023-09-24 07:38:17,"Fechei projeto importante essa semana, que alegria.",0.0442
PA007356,2023-09-24 08:48:04,"Padaria da esquina lancou sabor novo, recomendo.",0.1071
PA007357,2023-09-24 11:30:27,Jogo novo me viciou de um jeito bom.,0.0216
PA007358,2023-09-24 11:33:17,Brigadeiro de panela saiu incrivel hoje.,0.0568
PA007359,2023-09-24 11:50:25,"Que calor hoje, tive que ligar o ar condicionado logo cedo.",0.0755
PA007360,2023-09-24 12:29:14,"Cuidando das plantas em casa, muito terapeutico.",0.1757
PA007361,2023-09-24 13:54:27,"Teatro incrivel ontem, peca muito bem dirigida.",0.0614
PA007362,2023-09-24 14:25:29,"Sol lindo hoje, cafe na varanda foi otimo.",0.0689
PA007363,2023-09-24 14:39:41,"Choveu a tarde toda, dia perfeito pra ficar em casa lendo.",0.1482
PA007364,2023-09-24 15:51:31,"Onibus chegou no horario hoje, que surpresa agradavel.",0.0848
PA007365,2023-09-24 16:43:05,"Tentei receita nova de bolo de cenoura, ficou fofinho.",0.1288
PA007366,2023-09-24 20:05:16,"Teatro incrivel ontem, peca muito bem dirigida.",0.0227
PA007367,2023-09-24 21:48:54,"Apresentacao correu muito bem, todos gostaram.",0.0467
PA007368,2023-09-24 22:28:44,Jantar simples mas gostoso com a familia.,0.1043
PA007369,2023-09-25 02:20:04,"Livro excelente sobre ciencia de dados, recomendo muito.",0.0928
PA007370,2023-09-25 02:49:45,"Fui de bike hoje, que exercicio agradavel de manha.",0.0963
PA007371,2023-09-25 04:28:46,"Sopa de legumes no frio, reconfortante e gostosa.",0.0
PA007372,2023-09-25 04:47:08,"Vento agradavel hoje, aproveitei para caminhar no parque.",0.0031
PA007373,2023-09-25 05:48:16,"Pipoca e serie boa na sexta, programa perfeito.",0.0517
PA007374,2023-09-25 06:55:56,Cafe da manha caprichado: tapioca com ovo e suco de laranja.,0.0921
PA007375,2023-09-25 08:22:39,Pedalada de tarde com vista incrivel do parque.,0.176
PA007376,2023-09-25 08:33:44,"Estudando para a prova de amanha, bem concentrado.",0.1655
PA007377,2023-09-25 08:50:22,"Sopa de legumes no frio, reconfortante e gostosa.",0.0275
PA007378,2023-09-25 10:55:09,Pedalada de tarde com vista incrivel do parque.,0.1377
PA007379,2023-09-25 11:43:29,"Que calor hoje, tive que ligar o ar condicionado logo cedo.",0.1079
PA007380,2023-09-25 12:42:30,Brigadeiro de panela saiu incrivel hoje.,0.0452
PA007381,2023-09-25 14:07:25,"Novo celular chegou, a camera e impressionante.",0.1633
PA007382,2023-09-25 15:56:51,"Notebook novo chegou, que desempenho incrivel.",0.0773
PA007383,2023-09-25 17:37:05,"Atendimento pessimo no banco, perdi a tarde toda.",0.9951
PA007384,2023-09-25 18:06:03,"Livro excelente sobre ciencia de dados, recomendo muito.",0.0628
PA007385,2023-09-25 21:37:17,"Sol lindo hoje, cafe na varanda foi otimo.",0.086
PA007386,2023-09-25 21:59:20,"Que calor hoje, tive que ligar o ar condicionado logo cedo.",0.1519
PA007387,2023-09-25 23:42:00,"Almoco incrivel hoje, fiz lasanha caseira do zero.",0.0136
PA007388,2023-09-26 00:27:42,Tarde produtiva organizando e limpando a casa.,0.0837
PA007389,2023-09-26 01:26:52,"Novo celular chegou, a camera e impressionante.",0.1014
PA007390,2023-09-26 01:34:31,Jogo novo me viciou de um jeito bom.,0.0962
PA007391,2023-09-26 02:02:23,"Meu time ganhou hoje, que jogo bonito foi.",0.0633
PA007392,2023-09-26 03:10:57,Atualizacao deixou o sistema muito mais rapido.,0.1081
PA007393,2023-09-26 04:02:09,"Cuidando das plantas em casa, muito terapeutico.",0.0829
PA007394,2023-09-26 06:02:38,"Sol lindo hoje, cafe na varanda foi otimo.",0.0403
PA007395,2023-09-26 06:19:43,Pedalada de tarde com vista incrivel do parque.,0.1154
PA007396,2023-09-26 06:28:02,Aula incrivel sobre estatistica aplicada hoje.,0.1539
PA007397,2023-09-26 06:38:14,"Academia hoje, treino puxado mas valeu muito.",0.0802
PA007398,2023-09-26 06:45:57,"Aprendi receita nova no youtube, ficou otimo.",0.1338
PA007399,2023-09-26 07:19:17,"Meu time ganhou hoje, que jogo bonito foi.",0.1311
PA007400,2023-09-26 09:25:00,"Plantei temperos na sacada, que satisfacao.",0.0
PA007401,2023-09-26 10:08:03,"Testei IA para ajudar com codigo, funcionou bem.",0.0426
PA007402,2023-09-26 11:13:08,"Passeio no interior no fim de semana, natureza linda.",0.1373
PA007403,2023-09-26 11:44:26,Aplicativo de carona funcionou perfeitamente.,0.1842
PA007404,2023-09-26 12:36:10,Tarde produtiva organizando e limpando a casa.,0.1385
PA007405,2023-09-26 12:47:14,"Fui de bike hoje, que exercicio agradavel de manha.",0.0
PA007406,2023-09-26 13:08:43,"Aprendi receita nova no youtube, ficou otimo.",0.2321
PA007407,2023-09-26 13:42:46,Que tarde relaxante lendo na rede.,0.0494
PA007408,2023-09-26 13:56:40,"Notebook novo chegou, que desempenho incrivel.",0.0898
PA007409,2023-09-26 15:35:13,"Natacao de manha, melhor inicio de dia possivel.",0.1006
PA007410,2023-09-26 16:39:26,"Dia nublado mas tranquilo, bom para estudar sem distracao.",0.0979
PA007411,2023-09-26 16:47:11,"Minha mae fez feijao com arroz e linguica, classico perfeito.",0.1106
PA007412,2023-09-26 16:52:43,"Domingo em familia, melhor dia da semana.",0.0163
PA007413,2023-09-26 17:22:50,Finalmente entendi aquele conceito que me travava.,0.0
PA007414,2023-09-26 17:58:36,"Passeio no interior no fim de semana, natureza linda.",0.1446
PA007415,2023-09-26 18:46:07,"Yoga pela manha, comecei o dia muito bem.",0.0
PA007416,2023-09-26 18:50:57,Que manha fresca e agradavel para uma caminhada.,0.1012
PA007417,2023-09-26 20:30:41,"Volei com os amigos, muita risada e diversao.",0.0647
PA007418,2023-09-26 20:59:35,Brigadeiro de panela saiu incrivel hoje.,0.0
PA007419,2023-09-26 23:43:30,Caminhada ate a estacao foi otima hoje.,0.1031
PA007420,2023-09-26 23:49:08,"Passei na certificacao, muito feliz com o resultado.",0.0387
PA007421,2023-09-27 01:37:45,"Churrasco com a familia no final de semana, delicioso.",0.0657
PA007422,2023-09-27 03:09:18,Tarde produtiva organizando e limpando a casa.,0.1866
PA007423,2023-09-27 04:35:22,"Que calor hoje, tive que ligar o ar condicionado logo cedo.",0.0424
PA007424,2023-09-27 06:04:14,"Metro bem tranquilo essa manha, cheguei bem.",0.0
PA007425,2023-09-27 10:02:25,"Natacao de manha, melhor inicio de dia possivel.",0.1293
PA007426,2023-09-27 11:34:36,"Passeio com o cachorro no parque, ele adorou.",0.0482
PA007427,2023-09-27 11:40:50,"Tentei receita nova de bolo de cenoura, ficou fofinho.",0.131
PA007428,2023-09-27 11:56:22,"O outono chegou cedo esse ano, que frio gostoso de manha.",0.0545
PA007429,2023-09-27 12:43:19,Semana intensa mas muito satisfatoria no trabalho.,0.0944
PA007430,2023-09-27 13:07:32,"Chuva passageira a tarde, depois o tempo abriu lindo.",0.1308
PA007431,2023-09-27 13:44:18,Aplicativo de carona funcionou perfeitamente.,0.0451
PA007432,2023-09-27 14:44:11,"Yoga pela manha, comecei o dia muito bem.",0.0461
PA007433,2023-09-27 15:26:28,"Pausa pro cafe com os colegas, bate-papo otimo.",0.0753
PA007434,2023-09-27 15:28:34,"Consegui estacionamento logo de cara, dia de sorte mesmo.",0.0549
PA007435,2023-09-27 15:41:39,"Reuniao produtiva hoje, saimos com otimas ideias.",0.0368
PA007436,2023-09-27 18:28:59,"Viagem de fim de semana para cidade historica, valeu.",0.0635
PA007437,2023-09-27 19:21:23,Que tarde relaxante lendo na rede.,0.1082
PA007438,2023-09-27 20:11:55,"Fechei projeto importante essa semana, que alegria.",0.1053
PA007439,2023-09-27 20:22:04,"Corri 5km de manha, semana otima de treino.",0.0433
PA007440,2023-09-27 22:14:58,Show ao vivo incrivel no fim de semana.,0.0823
PA007441,2023-09-27 22:52:29,"O outono chegou cedo esse ano, que frio gostoso de manha.",0.0812
PA007442,2023-09-27 23:04:51,"Choveu a tarde toda, dia perfeito pra ficar em casa lendo.",0.0
PA007443,2023-09-27 23:33:35,"Apresentacao correu muito bem, todos gostaram.",0.3883
PA007444,2023-09-28 00:18:13,"Passeio no interior no fim de semana, natureza linda.",0.1419
PA007445,2023-09-28 00:27:18,"Serie nova incrivel, amei o primeiro episodio.",0.1507
PA007446,2023-09-28 01:10:13,"Tentei receita nova de bolo de cenoura, ficou fofinho.",0.0385
PA007447,2023-09-28 01:47:38,"Chuva passageira a tarde, depois o tempo abriu lindo.",0.1093
PA007448,2023-09-28 03:28:15,"Tarefa dificil concluida com sucesso, que satisfacao.",0.0
PA007449,2023-09-28 03:41:51,"Fechei projeto importante essa semana, que alegria.",0.0835
PA007450,2023-09-28 03:57:20,Que manha fresca e agradavel para uma caminhada.,0.0305
PA007451,2023-09-28 04:00:35,"Estrada livre, cheguei no trabalho rapido hoje.",0.1677
PA007452,2023-09-28 04:39:28,"Trilha ecologica incrivel, natureza pura.",0.0629
PA007453,2023-09-28 05:40:33,"Churrasco com a familia no final de semana, delicioso.",0.0736
PA007454,2023-09-28 06:29:34,"Serie nova incrivel, amei o primeiro episodio.",0.0081
PA007455,2023-09-28 06:44:41,"Praia tranquila, sol perfeito, descanso total.",0.0706
PA007456,2023-09-28 07:17:26,"Tentei receita nova de bolo de cenoura, ficou fofinho.",0.0915
PA007457,2023-09-28 08:14:44,"Minha mae fez feijao com arroz e linguica, classico perfeito.",0.1248
PA007458,2023-09-28 08:52:03,Brigadeiro de panela saiu incrivel hoje.,0.0662
PA007459,2023-09-28 09:49:34,"Academia hoje, treino puxado mas valeu muito.",0.1066
PA007460,2023-09-28 11:40:59,Tarde produtiva organizando e limpando a casa.,0.0959
PA007461,2023-09-28 11:42:53,App de produtividade novo que encontrei e otimo.,0.0819
PA007462,2023-09-28 12:23:21,"Corri 5km de manha, semana otima de treino.",0.0609
PA007463,2023-09-28 12:38:20,"Cuidando das plantas em casa, muito terapeutico.",0.0775
PA007464,2023-09-28 12:45:25,"Corri 5km de manha, semana otima de treino.",0.1306
PA007465,2023-09-28 13:01:57,"Acai gelado essa tarde, refrescante demais.",0.1541
PA007466,2023-09-28 13:24:52,"Consegui estacionamento logo de cara, dia de sorte mesmo.",0.0011
PA007467,2023-09-28 14:33:30,"Sol lindo hoje, cafe na varanda foi otimo.",0.1051
PA007468,2023-09-28 16:34:26,"Passeio no interior no fim de semana, natureza linda.",0.1359
PA007469,2023-09-28 17:25:48,"Natacao de manha, melhor inicio de dia possivel.",0.0405
PA007470,2023-09-28 17:56:47,"Corri 5km de manha, semana otima de treino.",0.0609
PA007471,2023-09-28 19:12:30,Leitura no jardim com tempo agradavel.,0.0774
PA007472,2023-09-28 19:33:06,"Estudando para a prova de amanha, bem concentrado.",0.1044
PA007473,2023-09-28 20:27:15,"Passeio com o cachorro no parque, ele adorou.",0.0293
PA007474,2023-09-28 21:18:30,"Viagem de fim de semana para cidade historica, valeu.",0.0876
PA007475,2023-09-28 23:18:33,Show ao vivo incrivel no fim de semana.,0.0232
PA007476,2023-09-29 01:14:18,"O outono chegou cedo esse ano, que frio gostoso de manha.",0.1474
PA007477,2023-09-29 01:37:31,"Livro excelente sobre ciencia de dados, recomendo muito.",0.041
PA007478,2023-09-29 03:50:38,"Natacao de manha, melhor inicio de dia possivel.",0.1324
PA007479,2023-09-29 04:39:50,"Plantei temperos na sacada, que satisfacao.",0.1598
PA007480,2023-09-29 05:20:32,"Tentei receita nova de bolo de cenoura, ficou fofinho.",0.193
PA007481,2023-09-29 05:33:05,"Cuidando das plantas em casa, muito terapeutico.",0.0839
PA007482,2023-09-29 09:42:38,Pedalada de tarde com vista incrivel do parque.,0.1317
PA007483,2023-09-29 10:10:49,"Museu da cidade muito interessante, aprendi bastante.",0.1018
PA007484,2023-09-29 11:35:29,"Vento agradavel hoje, aproveitei para caminhar no parque.",0.0065
PA007485,2023-09-29 13:18:00,"Museu da cidade muito interessante, aprendi bastante.",0.1794
PA007486,2023-09-29 14:25:23,"Plantei temperos na sacada, que satisfacao.",0.0619
PA007487,2023-09-29 14:31:00,"Volei com os amigos, muita risada e diversao.",0.12
PA007488,2023-09-29 15:20:51,Atualizacao deixou o sistema muito mais rapido.,0.0657
PA007489,2023-09-29 15:30:54,"Que calor hoje, tive que ligar o ar condicionado logo cedo.",0.0864
PA007490,2023-09-29 15:57:01,"Estudando para a prova de amanha, bem concentrado.",0.0928
PA007491,2023-09-29 17:10:23,Atualizacao deixou o sistema muito mais rapido.,0.0087
PA007492,2023-09-29 18:41:40,Terminei o trabalho da faculdade com antecedencia.,0.0669
PA007493,2023-09-29 19:10:36,"Padaria da esquina lancou sabor novo, recomendo.",0.0
PA007494,2023-09-29 22:48:40,"Passeio com o cachorro no parque, ele adorou.",0.0865
PA007495,2023-09-29 23:33:23,Aula incrivel sobre estatistica aplicada hoje.,0.1184
PA007496,2023-09-30 00:59:05,Aula incrivel sobre estatistica aplicada hoje.,0.0743
PA007497,2023-09-30 01:46:35,Aplicativo de carona funcionou perfeitamente.,0.0526
PA007498,2023-09-30 01:59:42,Grupo de estudos foi muito produtivo hoje.,0.1303
PA007499,2023-09-30 02:13:48,"Almoco incrivel hoje, fiz lasanha caseira do zero.",0.0705
PA007500,2023-09-30 02:37:52,"Passeio com o cachorro no parque, ele adorou.",0.0114
PA007501,2023-09-30 02:47:12,"Apresentacao correu muito bem, todos gostaram.",0.1984
PA007502,2023-09-30 02:47:23,"Musica nova do meu artista favorito, de outro nivel.",0.0807
PA007503,2023-09-30 03:39:32,"Cuidando das plantas em casa, muito terapeutico.",0.1679
PA007504,2023-09-30 03:52:34,"Consegui estacionamento logo de cara, dia de sorte mesmo.",0.1539
PA007505,2023-09-30 04:22:27,"Tentei receita nova de bolo de cenoura, ficou fofinho.",0.0986
PA007506,2023-09-30 04:33:12,Semana intensa mas muito satisfatoria no trabalho.,0.0522
PA007507,2023-09-30 05:17:37,"Reencontrei um amigo antigo por acaso, que alegria.",0.0205
PA007508,2023-09-30 05:40:01,Que manha fresca e agradavel para uma caminhada.,0.0736
PA007509,2023-09-30 05:41:35,"Domingo em familia, melhor dia da semana.",0.0725
PA007510,2023-09-30 05:42:50,"Academia hoje, treino puxado mas valeu muito.",0.2
PA007511,2023-09-30 05:48:59,"Trilha ecologica incrivel, natureza pura.",0.1151
PA007512,2023-09-30 07:06:38,Terminei o trabalho da faculdade com antecedencia.,0.0096
PA007513,2023-09-30 08:51:31,"Yoga pela manha, comecei o dia muito bem.",0.0382
PA007514,2023-09-30 09:29:08,"Choveu a tarde toda, dia perfeito pra ficar em casa lendo.",0.097
PA007515,2023-09-30 09:31:48,Cafe da manha caprichado: tapioca com ovo e suco de laranja.,0.0528
PA007516,2023-09-30 11:33:00,"Trilha ecologica incrivel, natureza pura.",0.0733
PA007517,2023-09-30 11:53:42,Que tarde relaxante lendo na rede.,0.1627
PA007518,2023-09-30 12:22:31,"Natacao de manha, melhor inicio de dia possivel.",0.1744
PA007519,2023-09-30 12:22:40,"Saturado desse emprego, preciso mudar de vida.",0.6094
PA007520,2023-09-30 13:28:03,"Fui num restaurante novo, a pizza estava espetacular.",0.0296
PA007521,2023-09-30 15:08:28,"Pausa pro cafe com os colegas, bate-papo otimo.",0.0827
PA007522,2023-09-30 15:26:39,"O outono chegou cedo esse ano, que frio gostoso de manha.",0.1234
PA007523,2023-09-30 15:41:28,Politico corrupto aparecendo na midia de novo.,0.8255
PA007524,2023-09-30 16:13:14,"Cuidando das plantas em casa, muito terapeutico.",0.0982
PA007525,2023-09-30 16:23:18,"Museu da cidade muito interessante, aprendi bastante.",0.1399
PA007526,2023-09-30 16:38:16,"Chuva passageira a tarde, depois o tempo abriu lindo.",0.1556
PA007527,2023-09-30 21:38:15,Feira de artesanato gostosa de passear.,0.0776
PA007528,2023-09-30 22:02:11,"Dia nublado mas tranquilo, bom para estudar sem distracao.",0.0235
PA007529,2023-09-30 23:00:57,"Padaria da esquina lancou sabor novo, recomendo.",0.0059
PA007530,2023-10-01 01:25:27,"Filme otimo ontem, fui ao cinema com a familia.",0.1172
PA007531,2023-10-01 02:26:48,Que manha fresca e agradavel para uma caminhada.,0.1608
PA007532,2023-10-01 04:22:30,"Apresentacao correu muito bem, todos gostaram.",0.0557
PA007533,2023-10-01 04:44:29,"Tentei receita nova de bolo de cenoura, ficou fofinho.",0.0
PA007534,2023-10-01 04:46:50,"Musica nova do meu artista favorito, de outro nivel.",0.2238
PA007535,2023-10-01 05:25:16,"Volei com os amigos, muita risada e diversao.",0.1638
PA007536,2023-10-01 05:54:33,"Aprendi receita nova no youtube, ficou otimo.",0.1004
PA007537,2023-10-01 05:56:40,"Metro bem tranquilo essa manha, cheguei bem.",0.086
PA007538,2023-10-01 06:26:35,"Meditacao de manha, comecando o dia muito bem.",0.0418
PA007539,2023-10-01 06:43:15,"Livro excelente sobre ciencia de dados, recomendo muito.",0.1095
PA007540,2023-10-01 08:08:58,"Museu da cidade muito interessante, aprendi bastante.",0.123
PA007541,2023-10-01 08:39:08,"Choveu a tarde toda, dia perfeito pra ficar em casa lendo.",0.0882
PA007542,2023-10-01 08:41:12,"Configurei o home office com setup novo, otimo.",0.0
PA007543,2023-10-01 10:03:42,"Corri 5km de manha, semana otima de treino.",0.0441
PA007544,2023-10-01 10:05:18,Brigadeiro de panela saiu incrivel hoje.,0.1084
PA007545,2023-10-01 10:45:18,"Corri 5km de manha, semana otima de treino.",0.1468
PA007546,2023-10-01 10:51:10,"Almoco incrivel hoje, fiz lasanha caseira do zero.",0.1218
PA007547,2023-10-01 10:59:58,"Onibus chegou no horario hoje, que surpresa agradavel.",0.0466
PA007548,2023-10-01 13:51:38,"Reuniao produtiva hoje, saimos com otimas ideias.",0.126
PA007549,2023-10-01 14:05:18,"Fui de bike hoje, que exercicio agradavel de manha.",0.0958
PA007550,2023-10-01 16:47:35,"Passei na certificacao, muito feliz com o resultado.",0.0
PA007551,2023-10-01 16:52:36,Aplicativo de carona funcionou perfeitamente.,0.0638
PA007552,2023-10-01 17:22:55,Feira de artesanato gostosa de passear.,0.0178
PA007553,2023-10-01 17:41:01,"Trilha ecologica incrivel, natureza pura.",0.1598
PA007554,2023-10-01 19:04:21,"Viagem de fim de semana para cidade historica, valeu.",0.1592
PA007555,2023-10-01 19:22:27,"Reencontrei um amigo antigo por acaso, que alegria.",0.0926
PA007556,2023-10-01 23:08:19,"Onibus chegou no horario hoje, que surpresa agradavel.",0.0882
PA007557,2023-10-02 00:20:43,Terminei o trabalho da faculdade com antecedencia.,0.0502
PA007558,2023-10-02 00:59:31,"Testei IA para ajudar com codigo, funcionou bem.",0.102
PA007559,2023-10-02 01:14:00,"Plantei temperos na sacada, que satisfacao.",0.1071
PA007560,2023-10-02 01:58:38,"Meditacao de manha, comecando o dia muito bem.",0.1207
PA007561,2023-10-02 03:13:46,"Corri 5km de manha, semana otima de treino.",0.0376
PA007562,2023-10-02 04:23:09,Grupo de estudos foi muito produtivo hoje.,0.0482
PA007563,2023-10-02 06:00:53,"Chuva passageira a tarde, depois o tempo abriu lindo.",0.1019
PA007564,2023-10-02 06:48:00,Jogo novo me viciou de um jeito bom.,0.0794
PA007565,2023-10-02 08:27:50,"Domingo em familia, melhor dia da semana.",0.1287
PA007566,2023-10-02 09:53:53,"Natacao de manha, melhor inicio de dia possivel.",0.0738
PA007567,2023-10-02 11:56:55,"Metro bem tranquilo essa manha, cheguei bem.",0.0495
PA007568,2023-10-02 13:11:52,"Meditacao de manha, comecando o dia muito bem.",0.0695
PA007569,2023-10-02 13:14:11,"Reuniao produtiva hoje, saimos com otimas ideias.",0.0877
PA007570,2023-10-02 13:36:40,"Natacao de manha, melhor inicio de dia possivel.",0.0874
PA007571,2023-10-02 15:07:15,"Fui num restaurante novo, a pizza estava espetacular.",0.0856
PA007572,2023-10-02 15:27:39,"Estrada livre, cheguei no trabalho rapido hoje.",0.1465
PA007573,2023-10-02 15:57:24,"O outono chegou cedo esse ano, que frio gostoso de manha.",0.1037
PA007574,2023-10-02 15:59:36,"Viagem de fim de semana para cidade historica, valeu.",0.0364
PA007575,2023-10-02 16:42:52,Grupo de estudos foi muito produtivo hoje.,0.0812
PA007576,2023-10-02 17:04:33,"Trilha ecologica incrivel, natureza pura.",0.0974
PA007577,2023-10-02 18:21:48,Brigadeiro de panela saiu incrivel hoje.,0.0667
PA007578,2023-10-02 18:31:16,"Testei IA para ajudar com codigo, funcionou bem.",0.1165
PA007579,2023-10-02 18:33:40,"Passeio no interior no fim de semana, natureza linda.",0.0402
PA007580,2023-10-02 18:38:16,"Onibus chegou no horario hoje, que surpresa agradavel.",0.031
PA007581,2023-10-02 21:16:52,Cafe da manha caprichado: tapioca com ovo e suco de laranja.,0.0798
PA007582,2023-10-02 22:12:40,"Almoco incrivel hoje, fiz lasanha caseira do zero.",0.1286
PA007583,2023-10-02 22:26:25,Podcast sobre tecnologia muito interessante.,0.0705
PA007584,2023-10-02 23:00:20,"Home office com cafe fresquinho do lado, otimo.",0.1138
PA007585,2023-10-02 23:27:27,"Que calor hoje, tive que ligar o ar condicionado logo cedo.",0.1826
PA007586,2023-10-03 00:07:38,Grupo de estudos foi muito produtivo hoje.,0.1001
PA007587,2023-10-03 01:14:14,Show ao vivo incrivel no fim de semana.,0.0962
PA007588,2023-10-03 01:36:58,"Fui de bike hoje, que exercicio agradavel de manha.",0.0589
PA007589,2023-10-03 01:39:04,"Passei na certificacao, muito feliz com o resultado.",0.1281
PA007590,2023-10-03 02:04:22,"Tarefa dificil concluida com sucesso, que satisfacao.",0.0667
PA007591,2023-10-03 02:10:19,"Passeio com o cachorro no parque, ele adorou.",0.0267
PA007592,2023-10-03 02:11:08,"Acai gelado essa tarde, refrescante demais.",0.0323
PA007593,2023-10-03 02:12:27,"Novo celular chegou, a camera e impressionante.",0.1262
PA007594,2023-10-03 02:25:48,"Que calor hoje, tive que ligar o ar condicionado logo cedo.",0.0498
PA007595,2023-10-03 03:58:14,"Natacao de manha, melhor inicio de dia possivel.",0.0985
PA007596,2023-10-03 04:05:16,"Volei com os amigos, muita risada e diversao.",0.1217
PA007597,2023-10-03 04:09:23,App de produtividade novo que encontrei e otimo.,0.0288
PA007598,2023-10-03 05:34:43,Caminhada ate a estacao foi otima hoje.,0.0619
PA007599,2023-10-03 07:38:25,"Academia hoje, treino puxado mas valeu muito.",0.14
PA007600,2023-10-03 08:14:26,"Choveu a tarde toda, dia perfeito pra ficar em casa lendo.",0.0963
PA007601,2023-10-03 09:42:40,"Trilha ecologica incrivel, natureza pura.",0.0494
PA007602,2023-10-03 10:14:46,"Passeio no interior no fim de semana, natureza linda.",0.0306
PA007603,2023-10-03 10:30:27,"Almoco incrivel hoje, fiz lasanha caseira do zero.",0.1332
PA007604,2023-10-03 10:47:34,Finalmente entendi aquele conceito que me travava.,0.0698
PA007605,2023-10-03 11:01:05,"Dia nublado mas tranquilo, bom para estudar sem distracao.",0.0751
PA007606,2023-10-03 12:17:50,"Passeio no interior no fim de semana, natureza linda.",0.0732
PA007607,2023-10-03 12:23:38,Jantar simples mas gostoso com a familia.,0.1143
PA007608,2023-10-03 12:27:17,Que tarde relaxante lendo na rede.,0.065
PA007609,2023-10-03 13:38:43,"Passeio com o cachorro no parque, ele adorou.",0.1075
PA007610,2023-10-03 15:08:54,"Aprendi receita nova no youtube, ficou otimo.",0.0802
PA007611,2023-10-03 17:16:41,"Viagem de fim de semana para cidade historica, valeu.",0.0342
PA007612,2023-10-03 17:41:53,"Musica nova do meu artista favorito, de outro nivel.",0.1438
PA007613,2023-10-03 19:14:38,"Tarefa dificil concluida com sucesso, que satisfacao.",0.0584
PA007614,2023-10-03 19:30:40,"Domingo em familia, melhor dia da semana.",0.0084
PA007615,2023-10-03 19:47:36,"Reuniao produtiva hoje, saimos com otimas ideias.",0.0113
PA007616,2023-10-03 20:18:02,"Governo aumentando imposto de novo, inacreditavel.",0.406
PA007617,2023-10-03 20:31:00,"Tarefa dificil concluida com sucesso, que satisfacao.",0.0598
PA007618,2023-10-03 21:05:02,"Maratonei a temporada completa, valeu cada minuto.",0.1036
PA007619,2023-10-03 21:28:18,"Vento agradavel hoje, aproveitei para caminhar no parque.",0.0498
PA007620,2023-10-03 21:45:54,Tarde produtiva organizando e limpando a casa.,0.0519
PA007621,2023-10-03 22:23:17,Semana intensa mas muito satisfatoria no trabalho.,0.1014
PA007622,2023-10-03 22:29:34,Aplicativo de carona funcionou perfeitamente.,0.0059
PA007623,2023-10-03 23:28:53,Podcast sobre tecnologia muito interessante.,0.1861
PA007624,2023-10-04 00:28:19,Aplicativo de carona funcionou perfeitamente.,0.0296
PA007625,2023-10-04 00:34:14,"Fechei projeto importante essa semana, que alegria.",0.1221
PA007626,2023-10-04 02:10:47,"Pausa pro cafe com os colegas, bate-papo otimo.",0.156
PA007627,2023-10-04 02:41:14,"Corri 5km de manha, semana otima de treino.",0.0002
PA007628,2023-10-04 02:50:15,"Pausa pro cafe com os colegas, bate-papo otimo.",0.1188
PA007629,2023-10-04 03:14:25,"Consegui estacionamento logo de cara, dia de sorte mesmo.",0.0802
PA007630,2023-10-04 07:15:54,Finalmente entendi aquele conceito que me travava.,0.1066
PA007631,2023-10-04 08:06:01,"Meu time ganhou hoje, que jogo bonito foi.",0.09
PA007632,2023-10-04 12:23:10,"Plantei temperos na sacada, que satisfacao.",0.086
PA007633,2023-10-04 13:14:57,"Apresentacao correu muito bem, todos gostaram.",0.0784
PA007634,2023-10-04 14:53:59,"Fui de bike hoje, que exercicio agradavel de manha.",0.1227
PA007635,2023-10-04 15:57:52,"Maratonei a temporada completa, valeu cada minuto.",0.0961
PA007636,2023-10-04 16:28:59,"Pipoca e serie boa na sexta, programa perfeito.",0.0027
PA007637,2023-10-04 17:44:21,Que manha fresca e agradavel para uma caminhada.,0.0749
PA007638,2023-10-04 19:28:13,"Filme otimo ontem, fui ao cinema com a familia.",0.0737
PA007639,2023-10-04 21:28:13,"Almoco incrivel hoje, fiz lasanha caseira do zero.",0.1306
PA007640,2023-10-04 21:52:10,Jogo novo me viciou de um jeito bom.,0.1036
PA007641,2023-10-04 22:07:04,"Sol lindo hoje, cafe na varanda foi otimo.",0.1348
PA007642,2023-10-04 22:26:24,Aula incrivel sobre estatistica aplicada hoje.,0.1005
PA007643,2023-10-04 22:38:46,Podcast sobre tecnologia muito interessante.,0.0309
PA007644,2023-10-05 00:36:21,Aplicativo de carona funcionou perfeitamente.,0.0801
PA007645,2023-10-05 00:49:06,"Teatro incrivel ontem, peca muito bem dirigida.",0.1277
PA007646,2023-10-05 02:29:04,"O outono chegou cedo esse ano, que frio gostoso de manha.",0.0138
PA007647,2023-10-05 03:01:40,"Passeio no interior no fim de semana, natureza linda.",0.0682
PA007648,2023-10-05 03:41:00,"Maratonei a temporada completa, valeu cada minuto.",0.0981
PA007649,2023-10-05 04:41:35,"Biblioteca da universidade, ambiente otimo para estudar.",0.0575
PA007650,2023-10-05 07:52:40,"Musica nova do meu artista favorito, de outro nivel.",0.0
PA007651,2023-10-05 08:33:52,"Fechei projeto importante essa semana, que alegria.",0.0963
PA007652,2023-10-05 08:45:41,Jogo novo me viciou de um jeito bom.,0.0
PA007653,2023-10-05 09:54:35,"Vento agradavel hoje, aproveitei para caminhar no parque.",0.0395
PA007654,2023-10-05 10:37:06,Aula incrivel sobre estatistica aplicada hoje.,0.0238
PA007655,2023-10-05 11:06:51,"Museu da cidade muito interessante, aprendi bastante.",0.1002
PA007656,2023-10-05 11:10:19,"Passeio no interior no fim de semana, natureza linda.",0.0689
PA007657,2023-10-05 11:27:18,"Aprendi receita nova no youtube, ficou otimo.",0.1221
PA007658,2023-10-05 12:37:52,"Viagem de fim de semana para cidade historica, valeu.",0.106
PA007659,2023-10-05 14:31:23,"Serie nova incrivel, amei o primeiro episodio.",0.0602
PA007660,2023-10-05 15:22:13,"Cuidando das plantas em casa, muito terapeutico.",0.104
PA007661,2023-10-05 15:23:58,"Vento agradavel hoje, aproveitei para caminhar no parque.",0.0248
PA007662,2023-10-05 15:56:05,"Estrada livre, cheguei no trabalho rapido hoje.",0.1505
PA007663,2023-10-05 16:47:54,Brigadeiro de panela saiu incrivel hoje.,0.0
PA007664,2023-10-05 18:57:48,"Padaria da esquina lancou sabor novo, recomendo.",0.0838
PA007665,2023-10-05 19:44:38,"Testei IA para ajudar com codigo, funcionou bem.",0.1148
PA007666,2023-10-05 22:13:08,App de produtividade novo que encontrei e otimo.,0.0746
PA007667,2023-10-05 22:45:41,"Notebook novo chegou, que desempenho incrivel.",0.1163
PA007668,2023-10-06 01:15:27,"Vento agradavel hoje, aproveitei para caminhar no parque.",0.0778
PA007669,2023-10-06 01:47:52,"Estrada livre, cheguei no trabalho rapido hoje.",0.0647
PA007670,2023-10-06 01:53:04,"Tentei receita nova de bolo de cenoura, ficou fofinho.",0.1115
PA007671,2023-10-06 05:08:40,"Aprendi receita nova no youtube, ficou otimo.",0.0839
PA007672,2023-10-06 06:50:13,"Volei com os amigos, muita risada e diversao.",0.1423
PA007673,2023-10-06 08:16:12,"Viagem de fim de semana para cidade historica, valeu.",0.139
PA007674,2023-10-06 08:43:22,"Museu da cidade muito interessante, aprendi bastante.",0.0593
PA007675,2023-10-06 08:52:54,"Fechei projeto importante essa semana, que alegria.",0.167
PA007676,2023-10-06 09:41:23,Semana intensa mas muito satisfatoria no trabalho.,0.1535
PA007677,2023-10-06 09:59:53,"Meu time ganhou hoje, que jogo bonito foi.",0.0666
PA007678,2023-10-06 10:42:19,"Viagem de fim de semana para cidade historica, valeu.",0.1669
PA007679,2023-10-06 11:25:08,"Filme otimo ontem, fui ao cinema com a familia.",0.0464
PA007680,2023-10-06 11:38:47,"Praia tranquila, sol perfeito, descanso total.",0.1203
PA007681,2023-10-06 13:28:40,"Pipoca e serie boa na sexta, programa perfeito.",0.0058
PA007682,2023-10-06 13:52:53,"O outono chegou cedo esse ano, que frio gostoso de manha.",0.0869
PA007683,2023-10-06 14:36:56,"Apresentacao correu muito bem, todos gostaram.",0.071
PA007684,2023-10-06 16:42:03,"Praia tranquila, sol perfeito, descanso total.",0.343
PA007685,2023-10-06 18:53:16,"Livro excelente sobre ciencia de dados, recomendo muito.",0.0188
PA007686,2023-10-06 19:41:22,"Choveu a tarde toda, dia perfeito pra ficar em casa lendo.",0.1235
PA007687,2023-10-06 20:54:36,Jantar simples mas gostoso com a familia.,0.1687
PA007688,2023-10-06 21:05:07,"Dia nublado mas tranquilo, bom para estudar sem distracao.",0.0781
PA007689,2023-10-06 21:34:05,Podcast sobre tecnologia muito interessante.,0.1309
PA007690,2023-10-06 23:47:22,"O outono chegou cedo esse ano, que frio gostoso de manha.",0.0421
PA007691,2023-10-07 01:05:59,"Estudando para a prova de amanha, bem concentrado.",0.0225
PA007692,2023-10-07 01:22:40,"Passeio no interior no fim de semana, natureza linda.",0.0945
PA007693,2023-10-07 01:36:58,"Notebook novo chegou, que desempenho incrivel.",0.0658
PA007694,2023-10-07 02:19:00,Feira de artesanato gostosa de passear.,0.035
PA007695,2023-10-07 03:00:35,Show ao vivo incrivel no fim de semana.,0.0892
PA007696,2023-10-07 03:12:36,"Corri 5km de manha, semana otima de treino.",0.163
PA007697,2023-10-07 03:14:56,"Onibus chegou no horario hoje, que surpresa agradavel.",0.0599
PA007698,2023-10-07 03:35:06,"Dia nublado mas tranquilo, bom para estudar sem distracao.",0.1368
PA007699,2023-10-07 04:50:12,Feira de artesanato gostosa de passear.,0.0938
PA007700,2023-10-07 05:26:20,"Teatro incrivel ontem, peca muito bem dirigida.",0.0
PA007701,2023-10-07 05:44:58,"Serie nova incrivel, amei o primeiro episodio.",0.0169
PA007702,2023-10-07 07:09:37,"Domingo em familia, melhor dia da semana.",0.1806
PA007703,2023-10-07 07:11:16,Atualizacao deixou o sistema muito mais rapido.,0.0362
PA007704,2023-10-07 08:19:46,Pedalada de tarde com vista incrivel do parque.,0.0354
PA007705,2023-10-07 08:21:52,"Reuniao produtiva hoje, saimos com otimas ideias.",0.1338
PA007706,2023-10-07 10:37:05,Brigadeiro de panela saiu incrivel hoje.,0.0817
PA007707,2023-10-07 11:26:56,Show ao vivo incrivel no fim de semana.,0.1366
PA007708,2023-10-07 11:34:53,"Yoga pela manha, comecei o dia muito bem.",0.0005
PA007709,2023-10-07 11:57:58,Jantar simples mas gostoso com a familia.,0.1391
PA007710,2023-10-07 11:59:42,"Livro excelente sobre ciencia de dados, recomendo muito.",0.0827
PA007711,2023-10-07 13:09:39,"Passeio com o cachorro no parque, ele adorou.",0.1275
PA007712,2023-10-07 13:49:13,Aplicativo de carona funcionou perfeitamente.,0.0545
PA007713,2023-10-07 17:34:15,"Fechei projeto importante essa semana, que alegria.",0.1134
PA007714,2023-10-07 18:17:49,Brigadeiro de panela saiu incrivel hoje.,0.0764
PA007715,2023-10-07 18:32:33,"Vento agradavel hoje, aproveitei para caminhar no parque.",0.1244
PA007716,2023-10-07 18:40:25,"Acai gelado essa tarde, refrescante demais.",0.1606
PA007717,2023-10-07 18:55:57,"Plantei temperos na sacada, que satisfacao.",0.0766
PA007718,2023-10-07 19:39:16,"Passeio no interior no fim de semana, natureza linda.",0.0604
PA007719,2023-10-07 20:35:00,"Consegui estacionamento logo de cara, dia de sorte mesmo.",0.1102
PA007720,2023-10-07 21:07:35,"Minha mae fez feijao com arroz e linguica, classico perfeito.",0.063
PA007721,2023-10-07 22:26:48,Pedalada de tarde com vista incrivel do parque.,0.1112
PA007722,2023-10-07 23:29:13,"Pipoca e serie boa na sexta, programa perfeito.",0.0597
PA007723,2023-10-08 00:08:52,"Passeio com o cachorro no parque, ele adorou.",0.0364
PA007724,2023-10-08 03:42:18,Finalmente entendi aquele conceito que me travava.,0.1413
PA007725,2023-10-08 03:49:59,"Plantei temperos na sacada, que satisfacao.",0.0257
PA007726,2023-10-08 08:46:02,"Corri 5km de manha, semana otima de treino.",0.0957
PA007727,2023-10-08 09:10:16,"Teatro incrivel ontem, peca muito bem dirigida.",0.0476
PA007728,2023-10-08 10:23:46,Que manha fresca e agradavel para uma caminhada.,0.096
PA007729,2023-10-08 13:42:02,Caminhada ate a estacao foi otima hoje.,0.1673
PA007730,2023-10-08 14:18:53,"Notebook novo chegou, que desempenho incrivel.",0.0417
PA007731,2023-10-08 14:52:39,"Fui de bike hoje, que exercicio agradavel de manha.",0.0944
PA007732,2023-10-08 16:00:54,"Cuidando das plantas em casa, muito terapeutico.",0.0
PA007733,2023-10-08 16:59:56,"Yoga pela manha, comecei o dia muito bem.",0.1754
PA007734,2023-10-08 17:23:55,Aula incrivel sobre estatistica aplicada hoje.,0.1638
PA007735,2023-10-08 17:51:07,"Natacao de manha, melhor inicio de dia possivel.",0.1263
PA007736,2023-10-08 18:13:49,"Musica nova do meu artista favorito, de outro nivel.",0.1204
PA007737,2023-10-08 18:59:09,"Novo celular chegou, a camera e impressionante.",0.1335
PA007738,2023-10-08 20:17:02,"Tentei receita nova de bolo de cenoura, ficou fofinho.",0.0052
PA007739,2023-10-08 20:25:55,"Configurei o home office com setup novo, otimo.",0.097
PA007740,2023-10-08 22:17:09,"O outono chegou cedo esse ano, que frio gostoso de manha.",0.1348
PA007741,2023-10-08 22:32:28,"Meditacao de manha, comecando o dia muito bem.",0.0725
PA007742,2023-10-08 22:33:40,"Domingo em familia, melhor dia da semana.",0.0
PA007743,2023-10-08 23:23:26,"Biblioteca da universidade, ambiente otimo para estudar.",0.1619
PA007744,2023-10-08 23:56:28,Jantar simples mas gostoso com a familia.,0.1201
PA007745,2023-10-09 00:00:34,"Musica nova do meu artista favorito, de outro nivel.",0.0998
PA007746,2023-10-09 00:02:18,Aula incrivel sobre estatistica aplicada hoje.,0.1149
PA007747,2023-10-09 01:08:54,"Filme otimo ontem, fui ao cinema com a familia.",0.0675
PA007748,2023-10-09 01:56:48,"Almoco incrivel hoje, fiz lasanha caseira do zero.",0.1558
PA007749,2023-10-09 01:59:21,Show ao vivo incrivel no fim de semana.,0.0925
PA007750,2023-10-09 02:13:15,Show ao vivo incrivel no fim de semana.,0.0927
PA007751,2023-10-09 02:30:51,"Aprendi receita nova no youtube, ficou otimo.",0.0352
PA007752,2023-10-09 03:46:47,"Musica nova do meu artista favorito, de outro nivel.",0.0738
PA007753,2023-10-09 04:25:43,Pedalada de tarde com vista incrivel do parque.,0.0908
PA007754,2023-10-09 05:03:42,"Estrada livre, cheguei no trabalho rapido hoje.",0.0912
PA007755,2023-10-09 05:33:02,Caminhada ate a estacao foi otima hoje.,0.0847
PA007756,2023-10-09 06:22:52,Semana intensa mas muito satisfatoria no trabalho.,0.0156
PA007757,2023-10-09 06:26:51,"Pausa pro cafe com os colegas, bate-papo otimo.",0.0
PA007758,2023-10-09 06:50:11,"Testei IA para ajudar com codigo, funcionou bem.",0.0408
PA007759,2023-10-09 07:08:07,"Chuva passageira a tarde, depois o tempo abriu lindo.",0.0003
PA007760,2023-10-09 07:25:28,"Churrasco com a familia no final de semana, delicioso.",0.1285
PA007761,2023-10-09 09:32:19,"Passei na certificacao, muito feliz com o resultado.",0.0472
PA007762,2023-10-09 10:08:55,"Natacao de manha, melhor inicio de dia possivel.",0.0676
PA007763,2023-10-09 12:41:41,"Volei com os amigos, muita risada e diversao.",0.0436
PA007764,2023-10-09 13:22:48,"Saturado desse emprego, preciso mudar de vida.",0.4165
PA007765,2023-10-09 14:11:28,"Dia nublado mas tranquilo, bom para estudar sem distracao.",0.1028
PA007766,2023-10-09 14:29:35,Jogo novo me viciou de um jeito bom.,0.0334
PA007767,2023-10-09 14:39:12,"Pausa pro cafe com os colegas, bate-papo otimo.",0.1151
PA007768,2023-10-09 16:07:01,"Volei com os amigos, muita risada e diversao.",0.0975
PA007769,2023-10-09 16:12:56,App de produtividade novo que encontrei e otimo.,0.0781
PA007770,2023-10-09 16:40:56,"Yoga pela manha, comecei o dia muito bem.",0.0382
PA007771,2023-10-09 18:41:10,"Fui de bike hoje, que exercicio agradavel de manha.",0.131
PA007772,2023-10-09 18:51:38,"Livro excelente sobre ciencia de dados, recomendo muito.",0.0826
PA007773,2023-10-09 19:13:35,"Volei com os amigos, muita risada e diversao.",0.068
PA007774,2023-10-09 20:12:34,"Apresentacao correu muito bem, todos gostaram.",0.0074
PA007775,2023-10-09 20:38:14,Brigadeiro de panela saiu incrivel hoje.,0.1074
PA007776,2023-10-09 22:09:33,Finalmente entendi aquele conceito que me travava.,0.1606
PA007777,2023-10-10 00:23:48,"Biblioteca da universidade, ambiente otimo para estudar.",0.0676
PA007778,2023-10-10 02:54:17,"Almoco incrivel hoje, fiz lasanha caseira do zero.",0.0088
PA007779,2023-10-10 03:39:53,Que manha fresca e agradavel para uma caminhada.,0.0525
PA007780,2023-10-10 04:52:05,"Domingo em familia, melhor dia da semana.",0.0962
PA007781,2023-10-10 04:57:56,"Churrasco com a familia no final de semana, delicioso.",0.0
PA007782,2023-10-10 06:10:55,"Fui de bike hoje, que exercicio agradavel de manha.",0.0754
PA007783,2023-10-10 06:34:20,"O outono chegou cedo esse ano, que frio gostoso de manha.",0.1457
PA007784,2023-10-10 06:45:48,"Serie nova incrivel, amei o primeiro episodio.",0.0416
PA007785,2023-10-10 07:32:49,"Consegui estacionamento logo de cara, dia de sorte mesmo.",0.0841
PA007786,2023-10-10 08:19:40,"Minha mae fez feijao com arroz e linguica, classico perfeito.",0.0839
PA007787,2023-10-10 09:05:38,"Passeio com o cachorro no parque, ele adorou.",0.1493
PA007788,2023-10-10 09:07:14,"Dia nublado mas tranquilo, bom para estudar sem distracao.",0.0
PA007789,2023-10-10 10:29:19,Aplicativo de carona funcionou perfeitamente.,0.1072
PA007790,2023-10-10 10:45:07,"Metro bem tranquilo essa manha, cheguei bem.",0.2
PA007791,2023-10-10 10:52:23,"Serie nova incrivel, amei o primeiro episodio.",0.0
PA007792,2023-10-10 18:29:15,App de produtividade novo que encontrei e otimo.,0.189
PA007793,2023-10-10 20:27:03,"Museu da cidade muito interessante, aprendi bastante.",0.0627
PA007794,2023-10-10 20:31:11,Aula incrivel sobre estatistica aplicada hoje.,0.1097
PA007795,2023-10-10 20:57:47,Grupo de estudos foi muito produtivo hoje.,0.0734
PA007796,2023-10-10 22:11:33,"Cuidando das plantas em casa, muito terapeutico.",0.0776
PA007797,2023-10-11 00:26:00,Nao aguento mais essas politicas que nao funcionam.,0.7342
PA007798,2023-10-11 01:28:53,"Academia hoje, treino puxado mas valeu muito.",0.0429
PA007799,2023-10-11 01:31:13,"Configurei o home office com setup novo, otimo.",0.0994
PA007800,2023-10-11 02:50:32,"Sol lindo hoje, cafe na varanda foi otimo.",0.1017
PA007801,2023-10-11 04:23:13,Semana intensa mas muito satisfatoria no trabalho.,0.0524
PA007802,2023-10-11 06:39:21,"Sol lindo hoje, cafe na varanda foi otimo.",0.0812
PA007803,2023-10-11 08:47:17,"Fui num restaurante novo, a pizza estava espetacular.",0.0
PA007804,2023-10-11 08:47:59,"Livro excelente sobre ciencia de dados, recomendo muito.",0.0671
PA007805,2023-10-11 09:25:06,Finalmente entendi aquele conceito que me travava.,0.1038
PA007806,2023-10-11 11:05:20,"Estrada livre, cheguei no trabalho rapido hoje.",0.0666
PA007807,2023-10-11 12:54:52,Podcast sobre tecnologia muito interessante.,0.0592
PA007808,2023-10-11 13:40:55,"Churrasco com a familia no final de semana, delicioso.",0.0991
PA007809,2023-10-11 13:59:25,"Padaria da esquina lancou sabor novo, recomendo.",0.1579
PA007810,2023-10-11 16:10:40,"Choveu a tarde toda, dia perfeito pra ficar em casa lendo.",0.0948
PA007811,2023-10-11 16:52:40,"Chuva passageira a tarde, depois o tempo abriu lindo.",0.1291
PA007812,2023-10-11 17:01:11,Atualizacao deixou o sistema muito mais rapido.,0.0286
PA007813,2023-10-11 17:34:59,Jantar simples mas gostoso com a familia.,0.0898
PA007814,2023-10-11 18:15:15,"Meu time ganhou hoje, que jogo bonito foi.",0.1425
PA007815,2023-10-11 18:32:32,"Apresentacao correu muito bem, todos gostaram.",0.0223
PA007816,2023-10-11 20:08:46,"Maratonei a temporada completa, valeu cada minuto.",0.1356
PA007817,2023-10-11 20:34:10,"Livro excelente sobre ciencia de dados, recomendo muito.",0.0742
PA007818,2023-10-11 20:59:06,"Academia hoje, treino puxado mas valeu muito.",0.0489
PA007819,2023-10-11 22:02:48,"Tarefa dificil concluida com sucesso, que satisfacao.",0.1621
PA007820,2023-10-11 22:31:22,"Onibus chegou no horario hoje, que surpresa agradavel.",0.1639
PA007821,2023-10-11 23:43:31,"Pausa pro cafe com os colegas, bate-papo otimo.",0.1562
PA007822,2023-10-12 01:25:25,"Apresentacao correu muito bem, todos gostaram.",0.1078
PA007823,2023-10-12 02:04:13,Brigadeiro de panela saiu incrivel hoje.,0.0437
PA007824,2023-10-12 05:15:30,"Fui de bike hoje, que exercicio agradavel de manha.",0.1832
PA007825,2023-10-12 05:39:25,"Natacao de manha, melhor inicio de dia possivel.",0.0626
PA007826,2023-10-12 07:05:14,Pedalada de tarde com vista incrivel do parque.,0.0993
PA007827,2023-10-12 08:56:35,Pedalada de tarde com vista incrivel do parque.,0.1704
PA007828,2023-10-12 09:24:58,Show ao vivo incrivel no fim de semana.,0.0695
PA007829,2023-10-12 09:34:56,"Reencontrei um amigo antigo por acaso, que alegria.",0.0647
PA007830,2023-10-12 10:06:08,"Fui de bike hoje, que exercicio agradavel de manha.",0.0796
PA007831,2023-10-12 13:13:01,"Sol lindo hoje, cafe na varanda foi otimo.",0.0448
PA007832,2023-10-12 13:17:59,Cafe da manha caprichado: tapioca com ovo e suco de laranja.,0.0444
PA007833,2023-10-12 13:48:45,"Musica nova do meu artista favorito, de outro nivel.",0.1789
PA007834,2023-10-12 14:05:19,"Livro excelente sobre ciencia de dados, recomendo muito.",0.0059
PA007835,2023-10-12 15:32:36,Cafe da manha caprichado: tapioca com ovo e suco de laranja.,0.134
PA007836,2023-10-12 16:17:32,"Biblioteca da universidade, ambiente otimo para estudar.",0.1344
PA007837,2023-10-12 16:23:40,Aula incrivel sobre estatistica aplicada hoje.,0.0781
PA007838,2023-10-12 21:46:36,"Reuniao produtiva hoje, saimos com otimas ideias.",0.0692
PA007839,2023-10-12 22:19:57,Cafe da manha caprichado: tapioca com ovo e suco de laranja.,0.135
PA007840,2023-10-13 01:18:01,"Teatro incrivel ontem, peca muito bem dirigida.",0.0158
PA007841,2023-10-13 01:44:37,"Viagem de fim de semana para cidade historica, valeu.",0.0989
PA007842,2023-10-13 03:14:26,"Musica nova do meu artista favorito, de outro nivel.",0.1008
PA007843,2023-10-13 03:34:23,"Metro bem tranquilo essa manha, cheguei bem.",0.0734
PA007844,2023-10-13 03:54:24,"Aprendi receita nova no youtube, ficou otimo.",0.1229
PA007845,2023-10-13 05:11:01,Terminei o trabalho da faculdade com antecedencia.,0.0706
PA007846,2023-10-13 05:36:41,Aula incrivel sobre estatistica aplicada hoje.,0.0582
PA007847,2023-10-13 07:21:21,"Filme otimo ontem, fui ao cinema com a familia.",0.1067
PA007848,2023-10-13 08:32:47,"Passeio no interior no fim de semana, natureza linda.",0.0207
PA007849,2023-10-13 08:39:56,"Metro bem tranquilo essa manha, cheguei bem.",0.2305
PA007850,2023-10-13 08:54:24,App de produtividade novo que encontrei e otimo.,0.027
PA007851,2023-10-13 09:12:07,Podcast sobre tecnologia muito interessante.,0.1107
PA007852,2023-10-13 09:19:14,"Domingo em familia, melhor dia da semana.",0.1047
PA007853,2023-10-13 09:51:54,Pedalada de tarde com vista incrivel do parque.,0.0631
PA007854,2023-10-13 10:21:30,"Aprendi receita nova no youtube, ficou otimo.",0.0859
PA007855,2023-10-13 10:45:15,Brigadeiro de panela saiu incrivel hoje.,0.1175
PA007856,2023-10-13 13:02:25,Show ao vivo incrivel no fim de semana.,0.1044
PA007857,2023-10-13 13:46:46,Terminei o trabalho da faculdade com antecedencia.,0.0331
PA007858,2023-10-13 15:21:16,Tarde produtiva organizando e limpando a casa.,0.1605
PA007859,2023-10-13 16:17:25,"Minha mae fez feijao com arroz e linguica, classico perfeito.",0.1012
PA007860,2023-10-13 16:23:00,Grupo de estudos foi muito produtivo hoje.,0.0
PA007861,2023-10-13 16:49:42,"Musica nova do meu artista favorito, de outro nivel.",0.114
PA007862,2023-10-13 18:36:28,Atualizacao deixou o sistema muito mais rapido.,0.0815
PA007863,2023-10-13 20:26:37,"Domingo em familia, melhor dia da semana.",0.3036
PA007864,2023-10-13 21:48:51,Finalmente entendi aquele conceito que me travava.,0.118
PA007865,2023-10-13 22:35:40,"Trilha ecologica incrivel, natureza pura.",0.0533
PA007866,2023-10-13 23:17:39,"Museu da cidade muito interessante, aprendi bastante.",0.0939
PA007867,2023-10-14 02:31:03,Que tarde relaxante lendo na rede.,0.123
PA007868,2023-10-14 03:23:50,"Filme otimo ontem, fui ao cinema com a familia.",0.0555
PA007869,2023-10-14 03:31:00,"Vento agradavel hoje, aproveitei para caminhar no parque.",0.0002
PA007870,2023-10-14 03:44:14,"Meditacao de manha, comecando o dia muito bem.",0.1045
PA007871,2023-10-14 05:03:41,"Notebook novo chegou, que desempenho incrivel.",0.0778
PA007872,2023-10-14 05:52:08,"Filme otimo ontem, fui ao cinema com a familia.",0.1055
PA007873,2023-10-14 06:15:13,"Vento agradavel hoje, aproveitei para caminhar no parque.",0.0693
PA007874,2023-10-14 06:21:44,"Novo celular chegou, a camera e impressionante.",0.0496
PA007875,2023-10-14 06:40:54,"Sopa de legumes no frio, reconfortante e gostosa.",0.0016
PA007876,2023-10-14 06:43:28,Aula incrivel sobre estatistica aplicada hoje.,0.2
PA007877,2023-10-14 06:44:56,Que manha fresca e agradavel para uma caminhada.,0.0
PA007878,2023-10-14 07:03:52,Grupo de estudos foi muito produtivo hoje.,0.0651
PA007879,2023-10-14 09:36:04,"Apresentacao correu muito bem, todos gostaram.",0.0146
PA007880,2023-10-14 10:01:57,"Acai gelado essa tarde, refrescante demais.",0.0749
PA007881,2023-10-14 10:14:04,"Passei na certificacao, muito feliz com o resultado.",0.0224
PA007882,2023-10-14 10:50:09,"Natacao de manha, melhor inicio de dia possivel.",0.0967
PA007883,2023-10-14 10:55:52,"Natacao de manha, melhor inicio de dia possivel.",0.2
PA007884,2023-10-14 11:17:47,"Viagem de fim de semana para cidade historica, valeu.",0.1272
PA007885,2023-10-14 11:27:45,"Domingo em familia, melhor dia da semana.",0.1007
PA007886,2023-10-14 11:52:03,"Que calor hoje, tive que ligar o ar condicionado logo cedo.",0.1282
PA007887,2023-10-14 12:27:03,"Cuidando das plantas em casa, muito terapeutico.",0.0471
PA007888,2023-10-14 14:34:54,"Filme otimo ontem, fui ao cinema com a familia.",0.0358
PA007889,2023-10-14 15:04:00,"Pipoca e serie boa na sexta, programa perfeito.",0.155
PA007890,2023-10-14 15:52:03,"O outono chegou cedo esse ano, que frio gostoso de manha.",0.0479
PA007891,2023-10-14 21:18:26,"Choveu a tarde toda, dia perfeito pra ficar em casa lendo.",0.0933
PA007892,2023-10-14 23:24:04,"Padaria da esquina lancou sabor novo, recomendo.",0.1758
PA007893,2023-10-15 00:32:58,"Chuva passageira a tarde, depois o tempo abriu lindo.",0.0824
PA007894,2023-10-15 01:18:15,"Reuniao produtiva hoje, saimos com otimas ideias.",0.0584
PA007895,2023-10-15 02:30:23,"Que calor hoje, tive que ligar o ar condicionado logo cedo.",0.0263
PA007896,2023-10-15 02:33:43,"Tentei receita nova de bolo de cenoura, ficou fofinho.",0.0386
PA007897,2023-10-15 03:28:55,"Musica nova do meu artista favorito, de outro nivel.",0.1015
PA007898,2023-10-15 03:37:39,"Passeio com o cachorro no parque, ele adorou.",0.0844
PA007899,2023-10-15 04:06:44,"Estudando para a prova de amanha, bem concentrado.",0.0371
PA007900,2023-10-15 06:07:46,Finalmente entendi aquele conceito que me travava.,0.0898
PA007901,2023-10-15 06:09:14,"Aprendi receita nova no youtube, ficou otimo.",0.0873
PA007902,2023-10-15 06:20:19,"Consegui estacionamento logo de cara, dia de sorte mesmo.",0.1161
PA007903,2023-10-15 07:31:10,Aplicativo de carona funcionou perfeitamente.,0.12
PA007904,2023-10-15 07:45:58,"Plantei temperos na sacada, que satisfacao.",0.0552
PA007905,2023-10-15 09:45:05,Pedalada de tarde com vista incrivel do parque.,0.0883
PA007906,2023-10-15 10:14:09,"Trilha ecologica incrivel, natureza pura.",0.0064
PA007907,2023-10-15 11:29:19,Cafe da manha caprichado: tapioca com ovo e suco de laranja.,0.0959
PA007908,2023-10-15 12:21:16,"Plantei temperos na sacada, que satisfacao.",0.0427
PA007909,2023-10-15 13:11:34,Brigadeiro de panela saiu incrivel hoje.,0.0308
PA007910,2023-10-15 13:53:41,"Onibus chegou no horario hoje, que surpresa agradavel.",0.0006
PA007911,2023-10-15 14:35:37,"Passeio no interior no fim de semana, natureza linda.",0.0838
PA007912,2023-10-15 15:14:18,Atualizacao deixou o sistema muito mais rapido.,0.066
PA007913,2023-10-15 15:58:22,"Meditacao de manha, comecando o dia muito bem.",0.0901
PA007914,2023-10-15 16:11:30,"Minha mae fez feijao com arroz e linguica, classico perfeito.",0.0701
PA007915,2023-10-15 16:12:29,"Churrasco com a familia no final de semana, delicioso.",0.1008
PA007916,2023-10-15 16:34:33,"Sol lindo hoje, cafe na varanda foi otimo.",0.0571
PA007917,2023-10-15 17:37:12,Aplicativo de carona funcionou perfeitamente.,0.0603
PA007918,2023-10-15 18:20:26,"O outono chegou cedo esse ano, que frio gostoso de manha.",0.1362
PA007919,2023-10-15 18:32:18,"Consegui estacionamento logo de cara, dia de sorte mesmo.",0.0712
PA007920,2023-10-15 18:46:26,Atualizacao deixou o sistema muito mais rapido.,0.0648
PA007921,2023-10-15 18:55:13,"O outono chegou cedo esse ano, que frio gostoso de manha.",0.0925
PA007922,2023-10-15 19:29:46,Terminei o trabalho da faculdade com antecedencia.,0.145
PA007923,2023-10-15 20:02:12,"Fechei projeto importante essa semana, que alegria.",0.0568
PA007924,2023-10-15 20:29:26,"Trilha ecologica incrivel, natureza pura.",0.1164
PA007925,2023-10-15 20:37:15,"Configurei o home office com setup novo, otimo.",0.0643
PA007926,2023-10-15 21:52:11,"Yoga pela manha, comecei o dia muito bem.",0.0691
PA007927,2023-10-15 22:29:41,"Passeio com o cachorro no parque, ele adorou.",0.1135
PA007928,2023-10-15 22:47:42,"Testei IA para ajudar com codigo, funcionou bem.",0.045
PA007929,2023-10-15 22:57:27,Show ao vivo incrivel no fim de semana.,0.0683
PA007930,2023-10-15 23:10:13,Cafe da manha caprichado: tapioca com ovo e suco de laranja.,0.0
PA007931,2023-10-15 23:12:58,"Churrasco com a familia no final de semana, delicioso.",0.1016
PA007932,2023-10-15 23:37:31,Leitura no jardim com tempo agradavel.,0.0464
PA007933,2023-10-16 00:37:48,"Churrasco com a familia no final de semana, delicioso.",0.0
PA007934,2023-10-16 00:45:08,Que manha fresca e agradavel para uma caminhada.,0.0796
PA007935,2023-10-16 00:54:20,"O outono chegou cedo esse ano, que frio gostoso de manha.",0.1053
PA007936,2023-10-16 01:56:57,"Passei na certificacao, muito feliz com o resultado.",0.1145
PA007937,2023-10-16 02:36:45,Finalmente entendi aquele conceito que me travava.,0.1551
PA007938,2023-10-16 03:42:34,"Cuidando das plantas em casa, muito terapeutico.",0.1227
PA007939,2023-10-16 03:42:47,"Domingo em familia, melhor dia da semana.",0.0
PA007940,2023-10-16 03:49:07,"Maratonei a temporada completa, valeu cada minuto.",0.1071
PA007941,2023-10-16 05:43:05,"Estudando para a prova de amanha, bem concentrado.",0.0012
PA007942,2023-10-16 07:18:14,"Pausa pro cafe com os colegas, bate-papo otimo.",0.1272
PA007943,2023-10-16 07:52:30,"Meu time ganhou hoje, que jogo bonito foi.",0.1135
PA007944,2023-10-16 10:06:47,"Fui de bike hoje, que exercicio agradavel de manha.",0.0626
PA007945,2023-10-16 10:15:59,"Padaria da esquina lancou sabor novo, recomendo.",0.1109
PA007946,2023-10-16 10:39:17,Aula incrivel sobre estatistica aplicada hoje.,0.0937
PA007947,2023-10-16 10:55:53,"Fui num restaurante novo, a pizza estava espetacular.",0.0829
PA007948,2023-10-16 12:41:12,"Estudando para a prova de amanha, bem concentrado.",0.0897
PA007949,2023-10-16 13:04:34,"Yoga pela manha, comecei o dia muito bem.",0.0873
PA007950,2023-10-16 13:09:21,"Minha mae fez feijao com arroz e linguica, classico perfeito.",0.1133
PA007951,2023-10-16 14:46:44,"Sopa de legumes no frio, reconfortante e gostosa.",0.0
PA007952,2023-10-16 15:40:57,"Estrada livre, cheguei no trabalho rapido hoje.",0.0421
PA007953,2023-10-16 16:32:34,"Fechei projeto importante essa semana, que alegria.",0.1069
PA007954,2023-10-16 20:28:58,"Tentei receita nova de bolo de cenoura, ficou fofinho.",0.0192
PA007955,2023-10-16 20:29:35,"Academia hoje, treino puxado mas valeu muito.",0.1287
PA007956,2023-10-16 20:30:56,"Fechei projeto importante essa semana, que alegria.",0.1756
PA007957,2023-10-16 20:41:40,"Corri 5km de manha, semana otima de treino.",0.062
PA007958,2023-10-16 20:58:35,Pedalada de tarde com vista incrivel do parque.,0.0385
PA007959,2023-10-16 21:22:36,"Reuniao produtiva hoje, saimos com otimas ideias.",0.0455
PA007960,2023-10-16 21:45:31,"Passeio no interior no fim de semana, natureza linda.",0.1552
PA007961,2023-10-16 22:27:54,"Que calor hoje, tive que ligar o ar condicionado logo cedo.",0.1764
PA007962,2023-10-16 22:35:30,Grupo de estudos foi muito produtivo hoje.,0.032
PA007963,2023-10-16 23:51:48,"Pipoca e serie boa na sexta, programa perfeito.",0.1087
PA007964,2023-10-16 23:54:13,"Serie nova incrivel, amei o primeiro episodio.",0.098
PA007965,2023-10-17 01:34:05,"Yoga pela manha, comecei o dia muito bem.",0.1077
PA007966,2023-10-17 01:46:03,"Tarefa dificil concluida com sucesso, que satisfacao.",0.1283
PA007967,2023-10-17 02:43:22,"Passeio com o cachorro no parque, ele adorou.",0.048
PA007968,2023-10-17 03:03:11,Que tarde relaxante lendo na rede.,0.0626
PA007969,2023-10-17 05:05:33,Que tarde relaxante lendo na rede.,0.0894
PA007970,2023-10-17 06:23:29,"Trilha ecologica incrivel, natureza pura.",0.0662
PA007971,2023-10-17 06:38:32,"Novo celular chegou, a camera e impressionante.",0.0887
PA007972,2023-10-17 07:55:45,"Natacao de manha, melhor inicio de dia possivel.",0.0437
PA007973,2023-10-17 08:12:57,"Fui num restaurante novo, a pizza estava espetacular.",0.0484
PA007974,2023-10-17 09:34:47,"Academia hoje, treino puxado mas valeu muito.",0.081
PA007975,2023-10-17 09:35:27,Feira de artesanato gostosa de passear.,0.0322
PA007976,2023-10-17 10:00:50,Aula incrivel sobre estatistica aplicada hoje.,0.0513
PA007977,2023-10-17 12:07:28,Pedalada de tarde com vista incrivel do parque.,0.0406
PA007978,2023-10-17 13:25:16,"Minha mae fez feijao com arroz e linguica, classico perfeito.",0.0199
PA007979,2023-10-17 15:24:03,Cafe da manha caprichado: tapioca com ovo e suco de laranja.,0.0
PA007980,2023-10-17 16:09:28,"O outono chegou cedo esse ano, que frio gostoso de manha.",0.0854
PA007981,2023-10-17 16:25:30,"Cuidando das plantas em casa, muito terapeutico.",0.0751
PA007982,2023-10-17 16:50:12,"Notebook novo chegou, que desempenho incrivel.",0.046
PA007983,2023-10-17 17:49:38,Jogo novo me viciou de um jeito bom.,0.0108
PA007984,2023-10-17 17:54:32,"Cuidando das plantas em casa, muito terapeutico.",0.08
PA007985,2023-10-17 18:06:49,"Padaria da esquina lancou sabor novo, recomendo.",0.0023
PA007986,2023-10-17 18:56:53,"Musica nova do meu artista favorito, de outro nivel.",0.0904
PA007987,2023-10-17 19:08:33,Leitura no jardim com tempo agradavel.,0.0
PA007988,2023-10-17 19:22:54,"Metro bem tranquilo essa manha, cheguei bem.",0.0333
PA007989,2023-10-17 19:36:28,"Reencontrei um amigo antigo por acaso, que alegria.",0.0258
PA007990,2023-10-17 19:58:33,"Consegui estacionamento logo de cara, dia de sorte mesmo.",0.0158
PA007991,2023-10-17 20:56:01,"Dia nublado mas tranquilo, bom para estudar sem distracao.",0.1307
PA007992,2023-10-17 22:17:15,"Volei com os amigos, muita risada e diversao.",0.1087
PA007993,2023-10-17 23:14:24,"Sopa de legumes no frio, reconfortante e gostosa.",0.0544
PA007994,2023-10-18 02:17:30,Que manha fresca e agradavel para uma caminhada.,0.1033
PA007995,2023-10-18 02:44:42,"Testei IA para ajudar com codigo, funcionou bem.",0.0506
PA007996,2023-10-18 03:13:02,"Choveu a tarde toda, dia perfeito pra ficar em casa lendo.",0.0804
PA007997,2023-10-18 03:56:13,"Passei na certificacao, muito feliz com o resultado.",0.1345
PA007998,2023-10-18 04:20:11,"Aprendi receita nova no youtube, ficou otimo.",0.0326
PA007999,2023-10-18 05:12:44,"Almoco incrivel hoje, fiz lasanha caseira do zero.",0.0996
PA008000,2023-10-18 07:03:50,"Almoco incrivel hoje, fiz lasanha caseira do zero.",0.1351
PA008001,2023-10-18 07:05:03,"Padaria da esquina lancou sabor novo, recomendo.",0.141
PA008002,2023-10-18 07:43:28,"Meu time ganhou hoje, que jogo bonito foi.",0.099
PA008003,2023-10-18 07:44:47,Finalmente entendi aquele conceito que me travava.,0.1112
PA008004,2023-10-18 10:11:11,Semana intensa mas muito satisfatoria no trabalho.,0.1077
PA008005,2023-10-18 10:27:37,Podcast sobre tecnologia muito interessante.,0.0722
PA008006,2023-10-18 10:47:33,"Onibus chegou no horario hoje, que surpresa agradavel.",0.0737
PA008007,2023-10-18 14:00:48,"Configurei o home office com setup novo, otimo.",0.0641
PA008008,2023-10-18 15:47:47,Leitura no jardim com tempo agradavel.,0.111
PA008009,2023-10-18 16:43:35,"Estudando para a prova de amanha, bem concentrado.",0.1376
PA008010,2023-10-18 17:11:13,"Acai gelado essa tarde, refrescante demais.",0.1378
PA008011,2023-10-18 17:23:45,"Reuniao produtiva hoje, saimos com otimas ideias.",0.2764
PA008012,2023-10-18 17:55:17,"Musica nova do meu artista favorito, de outro nivel.",0.0
PA008013,2023-10-18 18:23:52,"Plantei temperos na sacada, que satisfacao.",0.1413
PA008014,2023-10-18 19:06:56,"Minha mae fez feijao com arroz e linguica, classico perfeito.",0.1208
PA008015,2023-10-18 19:27:55,"Vento agradavel hoje, aproveitei para caminhar no parque.",0.1394
PA008016,2023-10-18 20:50:56,"Passeio com o cachorro no parque, ele adorou.",0.1078
PA008017,2023-10-18 21:04:54,"Maratonei a temporada completa, valeu cada minuto.",0.0375
PA008018,2023-10-18 22:25:01,"Que semana frustrante, precisava que as coisas dessem certo.",0.794
PA008019,2023-10-19 01:03:58,"Notebook novo chegou, que desempenho incrivel.",0.0522
PA008020,2023-10-19 01:34:14,Cafe da manha caprichado: tapioca com ovo e suco de laranja.,0.0213
PA008021,2023-10-19 03:14:16,Atualizacao deixou o sistema muito mais rapido.,0.0422
PA008022,2023-10-19 05:28:13,"Aprendi receita nova no youtube, ficou otimo.",0.0943
PA008023,2023-10-19 06:01:50,"Museu da cidade muito interessante, aprendi bastante.",0.1347
PA008024,2023-10-19 06:39:59,"Sol lindo hoje, cafe na varanda foi otimo.",0.0614
PA008025,2023-10-19 07:49:17,"Serie nova incrivel, amei o primeiro episodio.",0.1341
PA008026,2023-10-19 12:06:12,"Livro excelente sobre ciencia de dados, recomendo muito.",0.0612
PA008027,2023-10-19 12:17:45,"Passei na certificacao, muito feliz com o resultado.",0.0642
PA008028,2023-10-19 12:35:46,Que manha fresca e agradavel para uma caminhada.,0.1791
PA008029,2023-10-19 12:38:03,"Pausa pro cafe com os colegas, bate-papo otimo.",0.1589
PA008030,2023-10-19 13:11:30,Que manha fresca e agradavel para uma caminhada.,0.014
PA008031,2023-10-19 13:47:58,"Plantei temperos na sacada, que satisfacao.",0.0951
PA008032,2023-10-19 14:09:21,"Viagem de fim de semana para cidade historica, valeu.",0.1232
PA008033,2023-10-19 16:56:32,App de produtividade novo que encontrei e otimo.,0.141
PA008034,2023-10-19 17:54:25,"Tarefa dificil concluida com sucesso, que satisfacao.",0.0518
PA008035,2023-10-19 18:42:56,"Metro bem tranquilo essa manha, cheguei bem.",0.0528
PA008036,2023-10-19 19:26:59,Aula incrivel sobre estatistica aplicada hoje.,0.098
PA008037,2023-10-19 19:48:12,"Choveu a tarde toda, dia perfeito pra ficar em casa lendo.",0.1457
PA008038,2023-10-19 19:53:06,"Churrasco com a familia no final de semana, delicioso.",0.1008
PA008039,2023-10-19 22:37:22,Cafe da manha caprichado: tapioca com ovo e suco de laranja.,0.1115
PA008040,2023-10-19 23:39:27,"Configurei o home office com setup novo, otimo.",0.0405
PA008041,2023-10-20 00:08:35,"Sol lindo hoje, cafe na varanda foi otimo.",0.098
PA008042,2023-10-20 00:11:09,Jogo novo me viciou de um jeito bom.,0.1036
PA008043,2023-10-20 00:58:41,"Home office com cafe fresquinho do lado, otimo.",0.1442
PA008044,2023-10-20 02:08:43,Tarde produtiva organizando e limpando a casa.,0.031
PA008045,2023-10-20 03:19:15,"Minha mae fez feijao com arroz e linguica, classico perfeito.",0.0948
PA008046,2023-10-20 03:33:38,Feira de artesanato gostosa de passear.,0.0
PA008047,2023-10-20 08:27:44,"Livro excelente sobre ciencia de dados, recomendo muito.",0.0248
PA008048,2023-10-20 08:59:56,"Metro bem tranquilo essa manha, cheguei bem.",0.0441
PA008049,2023-10-20 09:03:40,"Trilha ecologica incrivel, natureza pura.",0.0906
PA008050,2023-10-20 09:41:18,"Maratonei a temporada completa, valeu cada minuto.",0.0695
PA008051,2023-10-20 10:29:16,"Passei na certificacao, muito feliz com o resultado.",0.0816
PA008052,2023-10-20 12:57:48,"Almoco incrivel hoje, fiz lasanha caseira do zero.",0.0595
PA008053,2023-10-20 13:05:48,"Yoga pela manha, comecei o dia muito bem.",0.0674
PA008054,2023-10-20 14:51:41,Aplicativo de carona funcionou perfeitamente.,0.1476
PA008055,2023-10-20 16:04:57,"Fechei projeto importante essa semana, que alegria.",0.1655
PA008056,2023-10-20 16:49:09,"Pausa pro cafe com os colegas, bate-papo otimo.",0.1209
PA008057,2023-10-20 17:16:13,"Notebook novo chegou, que desempenho incrivel.",0.0934
PA008058,2023-10-20 21:05:59,"Padaria da esquina lancou sabor novo, recomendo.",0.061
PA008059,2023-10-20 21:07:03,"Praia tranquila, sol perfeito, descanso total.",0.0432
PA008060,2023-10-20 21:46:06,"Que calor hoje, tive que ligar o ar condicionado logo cedo.",0.0102
PA008061,2023-10-20 22:00:58,"Biblioteca da universidade, ambiente otimo para estudar.",0.0755
PA008062,2023-10-20 22:34:28,"Domingo em familia, melhor dia da semana.",0.0726
PA008063,2023-10-21 02:23:08,Podcast sobre tecnologia muito interessante.,0.0944
PA008064,2023-10-21 03:36:58,"Novo celular chegou, a camera e impressionante.",0.1063
PA008065,2023-10-21 03:40:33,"Teatro incrivel ontem, peca muito bem dirigida.",0.0
PA008066,2023-10-21 03:52:18,Semana intensa mas muito satisfatoria no trabalho.,0.0597
PA008067,2023-10-21 04:38:27,"Praia tranquila, sol perfeito, descanso total.",0.0563
PA008068,2023-10-21 05:19:11,"Apresentacao correu muito bem, todos gostaram.",0.0708
PA008069,2023-10-21 06:30:09,"Plantei temperos na sacada, que satisfacao.",0.0424
PA008070,2023-10-21 08:05:55,Leitura no jardim com tempo agradavel.,0.1246
PA008071,2023-10-21 09:14:10,"Chuva passageira a tarde, depois o tempo abriu lindo.",0.0671
PA008072,2023-10-21 09:42:48,Leitura no jardim com tempo agradavel.,0.0
PA008073,2023-10-21 11:57:42,"Onibus chegou no horario hoje, que surpresa agradavel.",0.034
PA008074,2023-10-21 12:05:48,Leitura no jardim com tempo agradavel.,0.0
PA008075,2023-10-21 12:13:12,"Serie nova incrivel, amei o primeiro episodio.",0.0967
PA008076,2023-10-21 13:26:29,"Sopa de legumes no frio, reconfortante e gostosa.",0.0277
PA008077,2023-10-21 14:50:10,"Maratonei a temporada completa, valeu cada minuto.",0.0
PA008078,2023-10-21 15:36:01,"Domingo em familia, melhor dia da semana.",0.1103
PA008079,2023-10-21 15:47:22,"Apresentacao correu muito bem, todos gostaram.",0.0424
PA008080,2023-10-21 16:30:29,"Passeio com o cachorro no parque, ele adorou.",0.0688
PA008081,2023-10-21 17:03:07,"Biblioteca da universidade, ambiente otimo para estudar.",0.1128
PA008082,2023-10-21 17:39:08,"Corri 5km de manha, semana otima de treino.",0.0368
PA008083,2023-10-21 18:34:09,"Praia tranquila, sol perfeito, descanso total.",0.1545
PA008084,2023-10-21 18:48:30,"Livro excelente sobre ciencia de dados, recomendo muito.",0.0972
PA008085,2023-10-21 19:21:13,"Sopa de legumes no frio, reconfortante e gostosa.",0.1276
PA008086,2023-10-21 19:41:14,Aplicativo de carona funcionou perfeitamente.,0.0645
PA008087,2023-10-21 22:21:33,Show ao vivo incrivel no fim de semana.,0.0652
PA008088,2023-10-21 22:25:04,App de produtividade novo que encontrei e otimo.,0.1223
PA008089,2023-10-22 01:04:27,Caminhada ate a estacao foi otima hoje.,0.1004
PA008090,2023-10-22 01:29:50,"Estudando para a prova de amanha, bem concentrado.",0.0
PA008091,2023-10-22 01:39:28,"Chuva passageira a tarde, depois o tempo abriu lindo.",0.1021
PA008092,2023-10-22 01:41:06,"Onibus chegou no horario hoje, que surpresa agradavel.",0.1223
PA008093,2023-10-22 02:23:47,"Dia nublado mas tranquilo, bom para estudar sem distracao.",0.0865
PA008094,2023-10-22 02:52:22,"Sol lindo hoje, cafe na varanda foi otimo.",0.0087
PA008095,2023-10-22 04:33:58,"Passei na certificacao, muito feliz com o resultado.",0.0379
PA008096,2023-10-22 06:43:27,Cafe da manha caprichado: tapioca com ovo e suco de laranja.,0.075
PA008097,2023-10-22 07:46:50,Terminei o trabalho da faculdade com antecedencia.,0.0779
PA008098,2023-10-22 08:07:09,"Passeio com o cachorro no parque, ele adorou.",0.0375
PA008099,2023-10-22 09:33:16,"Padaria da esquina lancou sabor novo, recomendo.",0.0478
PA008100,2023-10-22 09:56:37,"Acai gelado essa tarde, refrescante demais.",0.0663
PA008101,2023-10-22 10:10:15,"Yoga pela manha, comecei o dia muito bem.",0.0
PA008102,2023-10-22 10:20:15,Jantar simples mas gostoso com a familia.,0.1448
PA008103,2023-10-22 10:23:35,Jantar simples mas gostoso com a familia.,0.0886
PA008104,2023-10-22 10:43:07,"Museu da cidade muito interessante, aprendi bastante.",0.0698
PA008105,2023-10-22 10:45:24,Semana intensa mas muito satisfatoria no trabalho.,0.0982
PA008106,2023-10-22 11:40:05,"Praia tranquila, sol perfeito, descanso total.",0.1203
PA008107,2023-10-22 12:44:16,"Churrasco com a familia no final de semana, delicioso.",0.0253
PA008108,2023-10-22 13:21:47,"Chuva passageira a tarde, depois o tempo abriu lindo.",0.0804
PA008109,2023-10-22 13:27:32,Tarde produtiva organizando e limpando a casa.,0.1173
PA008110,2023-10-22 14:10:31,Brigadeiro de panela saiu incrivel hoje.,0.1223
PA008111,2023-10-22 15:13:20,"Sol lindo hoje, cafe na varanda foi otimo.",0.1263
PA008112,2023-10-22 15:55:32,"Padaria da esquina lancou sabor novo, recomendo.",0.0931
PA008113,2023-10-22 16:34:35,"Novo celular chegou, a camera e impressionante.",0.015
PA008114,2023-10-22 17:02:05,"Natacao de manha, melhor inicio de dia possivel.",0.136
PA008115,2023-10-22 19:04:14,"Reencontrei um amigo antigo por acaso, que alegria.",0.0797
PA008116,2023-10-22 19:32:41,"Musica nova do meu artista favorito, de outro nivel.",0.0594
PA008117,2023-10-22 19:41:59,"Passei na certificacao, muito feliz com o resultado.",0.0111
PA008118,2023-10-22 21:16:49,"Musica nova do meu artista favorito, de outro nivel.",0.135
PA008119,2023-10-22 21:57:43,Atualizacao deixou o sistema muito mais rapido.,0.078
PA008120,2023-10-22 22:07:38,"Filme otimo ontem, fui ao cinema com a familia.",0.0806
PA008121,2023-10-23 00:33:39,"Teatro incrivel ontem, peca muito bem dirigida.",0.1118
PA008122,2023-10-23 01:11:25,Jogo novo me viciou de um jeito bom.,0.0037
PA008123,2023-10-23 01:16:16,"Plantei temperos na sacada, que satisfacao.",0.0
PA008124,2023-10-23 01:21:46,"Academia hoje, treino puxado mas valeu muito.",0.1011
PA008125,2023-10-23 02:32:43,Caminhada ate a estacao foi otima hoje.,0.0727
PA008126,2023-10-23 03:04:51,Podcast sobre tecnologia muito interessante.,0.1122
PA008127,2023-10-23 03:18:14,"Passeio com o cachorro no parque, ele adorou.",0.1549
PA008128,2023-10-23 05:21:32,"Corri 5km de manha, semana otima de treino.",0.1153
PA008129,2023-10-23 05:35:57,"Choveu a tarde toda, dia perfeito pra ficar em casa lendo.",0.1191
PA008130,2023-10-23 05:52:18,"Minha mae fez feijao com arroz e linguica, classico perfeito.",0.0563
PA008131,2023-10-23 06:07:11,Jogo novo me viciou de um jeito bom.,0.0035
PA008132,2023-10-23 07:00:07,"Metro bem tranquilo essa manha, cheguei bem.",0.1146
PA008133,2023-10-23 07:41:45,"Configurei o home office com setup novo, otimo.",0.0103
PA008134,2023-10-23 08:32:18,"Academia hoje, treino puxado mas valeu muito.",0.0202
PA008135,2023-10-23 08:58:04,"Viagem de fim de semana para cidade historica, valeu.",0.0
PA008136,2023-10-23 09:43:44,Cafe da manha caprichado: tapioca com ovo e suco de laranja.,0.0657
PA008137,2023-10-23 10:54:40,"Que calor hoje, tive que ligar o ar condicionado logo cedo.",0.1125
PA008138,2023-10-23 11:07:41,Jogo novo me viciou de um jeito bom.,0.0
PA008139,2023-10-23 11:28:23,"Domingo em familia, melhor dia da semana.",0.1499
PA008140,2023-10-23 11:29:00,Jogo novo me viciou de um jeito bom.,0.0971
PA008141,2023-10-23 12:55:54,"Fui de bike hoje, que exercicio agradavel de manha.",0.0433
PA008142,2023-10-23 13:25:49,Jogo novo me viciou de um jeito bom.,0.0844
PA008143,2023-10-23 13:41:39,"Notebook novo chegou, que desempenho incrivel.",0.1183
PA008144,2023-10-23 14:02:44,"Volei com os amigos, muita risada e diversao.",0.0221
PA008145,2023-10-23 17:38:54,Atualizacao deixou o sistema muito mais rapido.,0.0795
PA008146,2023-10-23 22:20:50,"Livro excelente sobre ciencia de dados, recomendo muito.",0.0716
PA008147,2023-10-23 22:53:02,"Churrasco com a familia no final de semana, delicioso.",0.0
PA008148,2023-10-23 22:53:44,"Minha mae fez feijao com arroz e linguica, classico perfeito.",0.0997
PA008149,2023-10-23 22:58:11,"Praia tranquila, sol perfeito, descanso total.",0.0886
PA008150,2023-10-23 23:01:19,"Minha mae fez feijao com arroz e linguica, classico perfeito.",0.1065
PA008151,2023-10-24 01:42:13,"Passei na certificacao, muito feliz com o resultado.",0.0372
PA008152,2023-10-24 03:49:26,"Consegui estacionamento logo de cara, dia de sorte mesmo.",0.1843
PA008153,2023-10-24 04:18:47,"Viagem de fim de semana para cidade historica, valeu.",0.0446
PA008154,2023-10-24 04:20:03,"Fui num restaurante novo, a pizza estava espetacular.",0.0467
PA008155,2023-10-24 05:48:50,"Pausa pro cafe com os colegas, bate-papo otimo.",0.1324
PA008156,2023-10-24 09:23:09,"Churrasco com a familia no final de semana, delicioso.",0.0454
PA008157,2023-10-24 09:28:49,"Livro excelente sobre ciencia de dados, recomendo muito.",0.0539
PA008158,2023-10-24 10:00:28,"Viagem de fim de semana para cidade historica, valeu.",0.1544
PA008159,2023-10-24 11:06:47,Atualizacao deixou o sistema muito mais rapido.,0.0129
PA008160,2023-10-24 11:58:50,Brigadeiro de panela saiu incrivel hoje.,0.1288
PA008161,2023-10-24 12:32:27,"Volei com os amigos, muita risada e diversao.",0.0948
PA008162,2023-10-24 13:17:20,"Yoga pela manha, comecei o dia muito bem.",0.0218
PA008163,2023-10-24 14:02:50,"Choveu a tarde toda, dia perfeito pra ficar em casa lendo.",0.0
PA008164,2023-10-24 14:09:47,"Sopa de legumes no frio, reconfortante e gostosa.",0.0518
PA008165,2023-10-24 14:41:12,"Passeio no interior no fim de semana, natureza linda.",0.0328
PA008166,2023-10-24 16:13:37,App de produtividade novo que encontrei e otimo.,0.1388
PA008167,2023-10-24 16:28:32,Terminei o trabalho da faculdade com antecedencia.,0.0
PA008168,2023-10-24 16:57:20,"Padaria da esquina lancou sabor novo, recomendo.",0.107
PA008169,2023-10-24 18:55:38,"Museu da cidade muito interessante, aprendi bastante.",0.0206
PA008170,2023-10-24 19:19:30,"Natacao de manha, melhor inicio de dia possivel.",0.0773
PA008171,2023-10-24 19:32:02,"Volei com os amigos, muita risada e diversao.",0.0362
PA008172,2023-10-24 21:57:25,"Minha mae fez feijao com arroz e linguica, classico perfeito.",0.063
PA008173,2023-10-24 23:18:42,"Livro excelente sobre ciencia de dados, recomendo muito.",0.0682
PA008174,2023-10-25 00:17:40,"Pipoca e serie boa na sexta, programa perfeito.",0.1266
PA008175,2023-10-25 03:31:46,"Que calor hoje, tive que ligar o ar condicionado logo cedo.",0.0564
PA008176,2023-10-25 04:40:46,Tarde produtiva organizando e limpando a casa.,0.0965
PA008177,2023-10-25 06:35:50,"Minha mae fez feijao com arroz e linguica, classico perfeito.",0.1668
PA008178,2023-10-25 08:40:50,Que manha fresca e agradavel para uma caminhada.,0.1529
PA008179,2023-10-25 09:53:26,Que tarde relaxante lendo na rede.,0.1173
PA008180,2023-10-25 10:12:25,"Churrasco com a familia no final de semana, delicioso.",0.0306
PA008181,2023-10-25 10:30:12,"Consegui estacionamento logo de cara, dia de sorte mesmo.",0.0863
PA008182,2023-10-25 11:45:11,"Fechei projeto importante essa semana, que alegria.",0.1141
PA008183,2023-10-25 12:37:09,"Passei na certificacao, muito feliz com o resultado.",0.0536
PA008184,2023-10-25 14:08:42,"Tarefa dificil concluida com sucesso, que satisfacao.",0.1448
PA008185,2023-10-25 15:30:34,"Metro bem tranquilo essa manha, cheguei bem.",0.1074
PA008186,2023-10-25 16:44:35,"Notebook novo chegou, que desempenho incrivel.",0.0991
PA008187,2023-10-25 17:14:49,Grupo de estudos foi muito produtivo hoje.,0.1211
PA008188,2023-10-25 17:35:35,"Livro excelente sobre ciencia de dados, recomendo muito.",0.0895
PA008189,2023-10-25 19:30:57,"Almoco incrivel hoje, fiz lasanha caseira do zero.",0.1134
PA008190,2023-10-25 19:39:49,Jogo novo me viciou de um jeito bom.,0.0617
PA008191,2023-10-25 19:54:07,Semana intensa mas muito satisfatoria no trabalho.,0.0408
PA008192,2023-10-25 20:10:04,"Fui de bike hoje, que exercicio agradavel de manha.",0.0512
PA008193,2023-10-25 21:32:22,"Churrasco com a familia no final de semana, delicioso.",0.1404
PA008194,2023-10-25 21:59:34,"Teatro incrivel ontem, peca muito bem dirigida.",0.138
PA008195,2023-10-25 22:02:17,"Volei com os amigos, muita risada e diversao.",0.1458
PA008196,2023-10-25 22:18:04,"Dia nublado mas tranquilo, bom para estudar sem distracao.",0.0416
PA008197,2023-10-26 00:22:07,"Corri 5km de manha, semana otima de treino.",0.1423
PA008198,2023-10-26 01:31:16,"Natacao de manha, melhor inicio de dia possivel.",0.1022
PA008199,2023-10-26 01:45:20,"Choveu a tarde toda, dia perfeito pra ficar em casa lendo.",0.0303
PA008200,2023-10-26 02:08:38,Semana intensa mas muito satisfatoria no trabalho.,0.0329
PA008201,2023-10-26 02:37:27,"Pausa pro cafe com os colegas, bate-papo otimo.",0.1132
PA008202,2023-10-26 02:49:33,"Testei IA para ajudar com codigo, funcionou bem.",0.0901
PA008203,2023-10-26 03:58:23,Que manha fresca e agradavel para uma caminhada.,0.0874
PA008204,2023-10-26 04:31:25,Podcast sobre tecnologia muito interessante.,0.0873
PA008205,2023-10-26 06:16:51,"Biblioteca da universidade, ambiente otimo para estudar.",0.0824
PA008206,2023-10-26 07:02:33,"Teatro incrivel ontem, peca muito bem dirigida.",0.0433
PA008207,2023-10-26 07:18:11,Pedalada de tarde com vista incrivel do parque.,0.0957
PA008208,2023-10-26 07:34:07,"Minha mae fez feijao com arroz e linguica, classico perfeito.",0.0886
PA008209,2023-10-26 08:33:04,"Corri 5km de manha, semana otima de treino.",0.1397
PA008210,2023-10-26 10:23:36,Terminei o trabalho da faculdade com antecedencia.,0.0993
PA008211,2023-10-26 11:34:57,"Vizinho fazendo barulho ate tarde da noite, falta de respeito.",0.8753
PA008212,2023-10-26 11:50:22,"Reuniao produtiva hoje, saimos com otimas ideias.",0.027
PA008213,2023-10-26 12:11:28,"Acai gelado essa tarde, refrescante demais.",0.0662
PA008214,2023-10-26 13:34:38,Atualizacao deixou o sistema muito mais rapido.,0.0285
PA008215,2023-10-26 14:45:38,Cafe da manha caprichado: tapioca com ovo e suco de laranja.,0.084
PA008216,2023-10-26 15:08:06,"Notebook novo chegou, que desempenho incrivel.",0.0627
PA008217,2023-10-26 15:33:22,"Fui num restaurante novo, a pizza estava espetacular.",0.1193
PA008218,2023-10-26 16:29:11,"Maratonei a temporada completa, valeu cada minuto.",0.0478
PA008219,2023-10-26 17:28:22,"Trilha ecologica incrivel, natureza pura.",0.1253
PA008220,2023-10-26 19:27:56,Que tarde relaxante lendo na rede.,0.1543
PA008221,2023-10-26 21:08:42,Leitura no jardim com tempo agradavel.,0.086
PA008222,2023-10-26 21:18:36,"Onibus chegou no horario hoje, que surpresa agradavel.",0.0599
PA008223,2023-10-26 21:44:38,"Novo celular chegou, a camera e impressionante.",0.0442
PA008224,2023-10-26 21:48:22,Cafe da manha caprichado: tapioca com ovo e suco de laranja.,0.0793
PA008225,2023-10-26 21:48:40,"Fui de bike hoje, que exercicio agradavel de manha.",0.0914
PA008226,2023-10-26 22:53:07,"Metro bem tranquilo essa manha, cheguei bem.",0.0551
PA008227,2023-10-26 23:19:59,"O outono chegou cedo esse ano, que frio gostoso de manha.",0.1605
PA008228,2023-10-27 00:24:57,"Yoga pela manha, comecei o dia muito bem.",0.0313
PA008229,2023-10-27 00:40:04,"Acai gelado essa tarde, refrescante demais.",0.3094
PA008230,2023-10-27 01:55:27,Podcast sobre tecnologia muito interessante.,0.1182
PA008231,2023-10-27 03:42:27,Show ao vivo incrivel no fim de semana.,0.089
PA008232,2023-10-27 04:51:55,"Home office com cafe fresquinho do lado, otimo.",0.1032
PA008233,2023-10-27 05:53:44,"Reencontrei um amigo antigo por acaso, que alegria.",0.1038
PA008234,2023-10-27 05:55:09,Caminhada ate a estacao foi otima hoje.,0.1363
PA008235,2023-10-27 07:06:18,Aplicativo de carona funcionou perfeitamente.,0.2
PA008236,2023-10-27 07:59:41,"Aprendi receita nova no youtube, ficou otimo.",0.0
PA008237,2023-10-27 09:22:08,Grupo de estudos foi muito produtivo hoje.,0.0
PA008238,2023-10-27 09:39:35,"Pausa pro cafe com os colegas, bate-papo otimo.",0.084
PA008239,2023-10-27 09:40:58,"Novo celular chegou, a camera e impressionante.",0.0482
PA008240,2023-10-27 10:05:24,"Padaria da esquina lancou sabor novo, recomendo.",0.1414
PA008241,2023-10-27 11:08:38,"Maratonei a temporada completa, valeu cada minuto.",0.0163
PA008242,2023-10-27 16:00:02,"O outono chegou cedo esse ano, que frio gostoso de manha.",0.0359
PA008243,2023-10-27 16:23:29,"Plantei temperos na sacada, que satisfacao.",0.0003
PA008244,2023-10-27 17:05:16,"Aprendi receita nova no youtube, ficou otimo.",0.1073
PA008245,2023-10-27 18:19:44,"Notebook novo chegou, que desempenho incrivel.",0.0713
PA008246,2023-10-27 18:26:42,"Maratonei a temporada completa, valeu cada minuto.",0.04
PA008247,2023-10-27 18:43:29,"Tentei receita nova de bolo de cenoura, ficou fofinho.",0.0441
PA008248,2023-10-27 18:44:51,Jantar simples mas gostoso com a familia.,0.0823
PA008249,2023-10-27 19:05:07,Atualizacao deixou o sistema muito mais rapido.,0.0675
PA008250,2023-10-27 19:52:54,"Volei com os amigos, muita risada e diversao.",0.0192
PA008251,2023-10-27 22:12:50,"Filme otimo ontem, fui ao cinema com a familia.",0.0372
PA008252,2023-10-27 22:22:40,"Testei IA para ajudar com codigo, funcionou bem.",0.062
PA008253,2023-10-27 22:38:51,"Passeio no interior no fim de semana, natureza linda.",0.0
PA008254,2023-10-27 22:48:10,"Viagem de fim de semana para cidade historica, valeu.",0.0903
PA008255,2023-10-27 23:04:35,Tarde produtiva organizando e limpando a casa.,0.0954
PA008256,2023-10-27 23:12:51,"Passeio com o cachorro no parque, ele adorou.",0.1784
PA008257,2023-10-28 01:57:06,"Estudando para a prova de amanha, bem concentrado.",0.0
PA008258,2023-10-28 02:54:46,Podcast sobre tecnologia muito interessante.,0.0093
PA008259,2023-10-28 03:06:39,Show ao vivo incrivel no fim de semana.,0.0533
PA008260,2023-10-28 03:13:55,"Atendimento pessimo no banco, perdi a tarde toda.",0.4099
PA008261,2023-10-28 03:17:12,"Meu time ganhou hoje, que jogo bonito foi.",0.0164
PA008262,2023-10-28 03:27:12,"Pausa pro cafe com os colegas, bate-papo otimo.",0.0876
PA008263,2023-10-28 05:57:49,"Musica nova do meu artista favorito, de outro nivel.",0.0
PA008264,2023-10-28 06:41:07,"Trilha ecologica incrivel, natureza pura.",0.0916
PA008265,2023-10-28 07:25:55,Finalmente entendi aquele conceito que me travava.,0.1737
PA008266,2023-10-28 07:31:51,"Sopa de legumes no frio, reconfortante e gostosa.",0.0503
PA008267,2023-10-28 08:47:40,"Museu da cidade muito interessante, aprendi bastante.",0.1208
PA008268,2023-10-28 08:51:40,"Estudando para a prova de amanha, bem concentrado.",0.1493
PA008269,2023-10-28 08:58:43,"Livro excelente sobre ciencia de dados, recomendo muito.",0.0763
PA008270,2023-10-28 10:46:30,"Cuidando das plantas em casa, muito terapeutico.",0.0419
PA008271,2023-10-28 12:10:11,Aula incrivel sobre estatistica aplicada hoje.,0.0596
PA008272,2023-10-28 13:02:36,"Reencontrei um amigo antigo por acaso, que alegria.",0.0828
PA008273,2023-10-28 14:04:16,"Apresentacao correu muito bem, todos gostaram.",0.0792
PA008274,2023-10-28 14:38:44,"Vento agradavel hoje, aproveitei para caminhar no parque.",0.0649
PA008275,2023-10-28 15:04:08,Finalmente entendi aquele conceito que me travava.,0.1217
PA008276,2023-10-28 16:13:21,Aplicativo de carona funcionou perfeitamente.,0.0552
PA008277,2023-10-28 16:25:01,Feira de artesanato gostosa de passear.,0.0498
PA008278,2023-10-28 16:37:39,Grupo de estudos foi muito produtivo hoje.,0.0016
PA008279,2023-10-28 21:09:05,"Churrasco com a familia no final de semana, delicioso.",0.0716
PA008280,2023-10-28 21:43:46,"Que calor hoje, tive que ligar o ar condicionado logo cedo.",0.0505
PA008281,2023-10-28 23:10:31,Brigadeiro de panela saiu incrivel hoje.,0.0181
PA008282,2023-10-28 23:59:03,"Passeio no interior no fim de semana, natureza linda.",0.0819
PA008283,2023-10-29 00:00:45,Caminhada ate a estacao foi otima hoje.,0.0985
PA008284,2023-10-29 00:11:36,"Fui de bike hoje, que exercicio agradavel de manha.",0.1542
PA008285,2023-10-29 00:58:38,"Praia tranquila, sol perfeito, descanso total.",0.0
PA008286,2023-10-29 02:39:30,"Volei com os amigos, muita risada e diversao.",0.0287
PA008287,2023-10-29 05:03:14,"Acai gelado essa tarde, refrescante demais.",0.0192
PA008288,2023-10-29 06:22:12,"Natacao de manha, melhor inicio de dia possivel.",0.1105
PA008289,2023-10-29 06:33:03,Cafe da manha caprichado: tapioca com ovo e suco de laranja.,0.016
PA008290,2023-10-29 08:18:21,"Sol lindo hoje, cafe na varanda foi otimo.",0.0
PA008291,2023-10-29 10:17:57,"Chuva passageira a tarde, depois o tempo abriu lindo.",0.0704
PA008292,2023-10-29 10:21:07,"Home office com cafe fresquinho do lado, otimo.",0.0129
PA008293,2023-10-29 12:12:01,Podcast sobre tecnologia muito interessante.,0.0752
PA008294,2023-10-29 12:20:31,Tarde produtiva organizando e limpando a casa.,0.0623
PA008295,2023-10-29 14:30:46,"Viagem de fim de semana para cidade historica, valeu.",0.1084
PA008296,2023-10-29 15:31:18,"Dia nublado mas tranquilo, bom para estudar sem distracao.",0.0881
PA008297,2023-10-29 15:35:50,"Teatro incrivel ontem, peca muito bem dirigida.",0.1437
PA008298,2023-10-29 15:37:24,"O outono chegou cedo esse ano, que frio gostoso de manha.",0.0784
PA008299,2023-10-29 16:29:01,"Apresentacao correu muito bem, todos gostaram.",0.115
PA008300,2023-10-29 16:48:50,"Fui num restaurante novo, a pizza estava espetacular.",0.075
PA008301,2023-10-29 17:18:10,"Natacao de manha, melhor inicio de dia possivel.",0.0
PA008302,2023-10-29 17:35:44,"Aprendi receita nova no youtube, ficou otimo.",0.0684
PA008303,2023-10-29 17:38:18,Atualizacao deixou o sistema muito mais rapido.,0.0435
PA008304,2023-10-29 18:22:47,"Livro excelente sobre ciencia de dados, recomendo muito.",0.1056
PA008305,2023-10-29 18:47:25,"Estudando para a prova de amanha, bem concentrado.",0.0857
PA008306,2023-10-29 19:43:28,"Dia nublado mas tranquilo, bom para estudar sem distracao.",0.1345
PA008307,2023-10-29 20:00:26,"Metro bem tranquilo essa manha, cheguei bem.",0.0168
PA008308,2023-10-29 21:09:20,"Churrasco com a familia no final de semana, delicioso.",0.0
PA008309,2023-10-30 00:31:29,Que manha fresca e agradavel para uma caminhada.,0.0341
PA008310,2023-10-30 03:10:40,"Pipoca e serie boa na sexta, programa perfeito.",0.1203
PA008311,2023-10-30 03:21:12,Tarde produtiva organizando e limpando a casa.,0.0348
PA008312,2023-10-30 05:14:06,"Que calor hoje, tive que ligar o ar condicionado logo cedo.",0.0457
PA008313,2023-10-30 05:16:57,"Estudando para a prova de amanha, bem concentrado.",0.0214
PA008314,2023-10-30 05:58:43,"Serie nova incrivel, amei o primeiro episodio.",0.1167
PA008315,2023-10-30 07:18:11,"Aprendi receita nova no youtube, ficou otimo.",0.1079
PA008316,2023-10-30 08:55:08,"Choveu a tarde toda, dia perfeito pra ficar em casa lendo.",0.0527
PA008317,2023-10-30 10:06:12,"Reuniao produtiva hoje, saimos com otimas ideias.",0.0897
PA008318,2023-10-30 11:19:03,"Apresentacao correu muito bem, todos gostaram.",0.1868
PA008319,2023-10-30 12:00:02,"Passeio no interior no fim de semana, natureza linda.",0.1251
PA008320,2023-10-30 12:23:36,"Consegui estacionamento logo de cara, dia de sorte mesmo.",0.0305
PA008321,2023-10-30 13:33:15,Cafe da manha caprichado: tapioca com ovo e suco de laranja.,0.0281
PA008322,2023-10-30 16:49:03,"Configurei o home office com setup novo, otimo.",0.042
PA008323,2023-10-30 18:47:29,"Aprendi receita nova no youtube, ficou otimo.",0.0742
PA008324,2023-10-30 20:03:02,"Chuva passageira a tarde, depois o tempo abriu lindo.",0.0631
PA008325,2023-10-30 21:53:26,"Museu da cidade muito interessante, aprendi bastante.",0.0349
PA008326,2023-10-30 23:02:55,"Pipoca e serie boa na sexta, programa perfeito.",0.0532
PA008327,2023-10-30 23:45:51,Que tarde relaxante lendo na rede.,0.0316
PA008328,2023-10-30 23:46:20,"Notebook novo chegou, que desempenho incrivel.",0.1766
PA008329,2023-10-30 23:56:49,"Consegui estacionamento logo de cara, dia de sorte mesmo.",0.0958
PA008330,2023-10-31 01:10:04,Nao aguento mais reclamacao sem solucao pratica.,0.5314
PA008331,2023-10-31 01:14:24,"Passeio com o cachorro no parque, ele adorou.",0.0291
PA008332,2023-10-31 01:43:47,"Serie nova incrivel, amei o primeiro episodio.",0.0619
PA008333,2023-10-31 02:06:31,"Vento agradavel hoje, aproveitei para caminhar no parque.",0.0744
PA008334,2023-10-31 02:25:19,"Aprendi receita nova no youtube, ficou otimo.",0.0987
PA008335,2023-10-31 03:11:43,Que tarde relaxante lendo na rede.,0.0
PA008336,2023-10-31 06:29:02,"Viagem de fim de semana para cidade historica, valeu.",0.0361
PA008337,2023-10-31 07:04:25,"Novo celular chegou, a camera e impressionante.",0.0987
PA008338,2023-10-31 07:27:04,Jogo novo me viciou de um jeito bom.,0.0738
PA008339,2023-10-31 12:55:30,"Dia nublado mas tranquilo, bom para estudar sem distracao.",0.0453
PA008340,2023-10-31 13:24:49,"Novo celular chegou, a camera e impressionante.",0.0547
PA008341,2023-10-31 14:04:50,Podcast sobre tecnologia muito interessante.,0.1326
PA008342,2023-10-31 15:12:28,Grupo de estudos foi muito produtivo hoje.,0.1223
PA008343,2023-10-31 16:24:11,"Churrasco com a familia no final de semana, delicioso.",0.2073
PA008344,2023-10-31 16:40:40,Terminei o trabalho da faculdade com antecedencia.,0.0
PA008345,2023-10-31 16:59:27,"Minha mae fez feijao com arroz e linguica, classico perfeito.",0.0882
PA008346,2023-10-31 19:39:01,"Churrasco com a familia no final de semana, delicioso.",0.0811
PA008347,2023-10-31 20:20:14,"Passei na certificacao, muito feliz com o resultado.",0.0325
PA008348,2023-10-31 20:28:58,"Onibus chegou no horario hoje, que surpresa agradavel.",0.1018
PA008349,2023-10-31 20:39:52,"Consegui estacionamento logo de cara, dia de sorte mesmo.",0.051
PA008350,2023-10-31 23:38:55,"Passeio com o cachorro no parque, ele adorou.",0.0555
PA008351,2023-11-01 01:17:43,"Minha mae fez feijao com arroz e linguica, classico perfeito.",0.0407
PA008352,2023-11-01 01:17:57,"Vento agradavel hoje, aproveitei para caminhar no parque.",0.2
PA008353,2023-11-01 02:24:14,"Notebook novo chegou, que desempenho incrivel.",0.0563
PA008354,2023-11-01 04:34:04,Aula incrivel sobre estatistica aplicada hoje.,0.0313
PA008355,2023-11-01 05:17:46,"Tentei receita nova de bolo de cenoura, ficou fofinho.",0.1062
PA008356,2023-11-01 06:57:13,"Aprendi receita nova no youtube, ficou otimo.",0.0982
PA008357,2023-11-01 08:04:27,Caminhada ate a estacao foi otima hoje.,0.1102
PA008358,2023-11-01 08:18:58,"Trilha ecologica incrivel, natureza pura.",0.16
PA008359,2023-11-01 08:47:12,"Churrasco com a familia no final de semana, delicioso.",0.1094
PA008360,2023-11-01 09:09:03,"Volei com os amigos, muita risada e diversao.",0.0303
PA008361,2023-11-01 09:35:49,"Notebook novo chegou, que desempenho incrivel.",0.1541
PA008362,2023-11-01 10:07:33,"Onibus chegou no horario hoje, que surpresa agradavel.",0.1176
PA008363,2023-11-01 10:20:40,"Sol lindo hoje, cafe na varanda foi otimo.",0.1276
PA008364,2023-11-01 10:44:29,Feira de artesanato gostosa de passear.,0.0934
PA008365,2023-11-01 12:37:18,Que tarde relaxante lendo na rede.,0.108
PA008366,2023-11-01 13:37:41,Que manha fresca e agradavel para uma caminhada.,0.1481
PA008367,2023-11-01 13:47:20,"Plantei temperos na sacada, que satisfacao.",0.1635
PA008368,2023-11-01 15:13:22,"Meu time ganhou hoje, que jogo bonito foi.",0.0058
PA008369,2023-11-01 15:53:28,"Acai gelado essa tarde, refrescante demais.",0.1418
PA008370,2023-11-01 16:17:41,"Serie nova incrivel, amei o primeiro episodio.",0.1019
PA008371,2023-11-01 16:36:17,Show ao vivo incrivel no fim de semana.,0.0576
PA008372,2023-11-01 17:15:21,"Notebook novo chegou, que desempenho incrivel.",0.0279
PA008373,2023-11-01 17:42:51,"Testei IA para ajudar com codigo, funcionou bem.",0.0112
PA008374,2023-11-01 18:36:53,"Volei com os amigos, muita risada e diversao.",0.0887
PA008375,2023-11-01 19:25:38,"Serie nova incrivel, amei o primeiro episodio.",0.2
PA008376,2023-11-01 19:57:44,"Plantei temperos na sacada, que satisfacao.",0.0607
PA008377,2023-11-01 21:13:30,Feira de artesanato gostosa de passear.,0.0816
PA008378,2023-11-01 21:40:44,"Tentei receita nova de bolo de cenoura, ficou fofinho.",0.1001
PA008379,2023-11-01 22:50:55,"Natacao de manha, melhor inicio de dia possivel.",0.0
PA008380,2023-11-01 23:22:27,"Reuniao produtiva hoje, saimos com otimas ideias.",0.0
PA008381,2023-11-01 23:49:04,App de produtividade novo que encontrei e otimo.,0.0341
PA008382,2023-11-02 01:11:18,"Onibus chegou no horario hoje, que surpresa agradavel.",0.069
PA008383,2023-11-02 03:20:08,"Plantei temperos na sacada, que satisfacao.",0.0076
PA008384,2023-11-02 06:36:13,"Padaria da esquina lancou sabor novo, recomendo.",0.0051
PA008385,2023-11-02 07:19:58,Terminei o trabalho da faculdade com antecedencia.,0.0582
PA008386,2023-11-02 10:31:31,"Fui de bike hoje, que exercicio agradavel de manha.",0.1028
PA008387,2023-11-02 10:50:50,"Meditacao de manha, comecando o dia muito bem.",0.1094
PA008388,2023-11-02 11:37:29,"Fui num restaurante novo, a pizza estava espetacular.",0.1353
PA008389,2023-11-02 11:54:44,"Livro excelente sobre ciencia de dados, recomendo muito.",0.0647
PA008390,2023-11-02 12:23:35,"Internet caindo toda hora, impossivel trabalhar assim.",0.9042
PA008391,2023-11-02 13:31:33,"Reuniao produtiva hoje, saimos com otimas ideias.",0.0926
PA008392,2023-11-02 15:40:43,Tarde produtiva organizando e limpando a casa.,0.129
PA008393,2023-11-02 16:39:16,Que tarde relaxante lendo na rede.,0.0312
PA008394,2023-11-02 17:39:11,"Sopa de legumes no frio, reconfortante e gostosa.",0.1999
PA008395,2023-11-02 17:43:45,Show ao vivo incrivel no fim de semana.,0.0288
PA008396,2023-11-02 18:02:38,"Academia hoje, treino puxado mas valeu muito.",0.0711
PA008397,2023-11-02 18:43:55,"Aprendi receita nova no youtube, ficou otimo.",0.056
PA008398,2023-11-02 18:54:07,Pedalada de tarde com vista incrivel do parque.,0.0776
PA008399,2023-11-02 21:04:49,"Dia nublado mas tranquilo, bom para estudar sem distracao.",0.1123
PA008400,2023-11-02 21:40:22,"Meditacao de manha, comecando o dia muito bem.",0.1309
PA008401,2023-11-02 21:46:42,"Trilha ecologica incrivel, natureza pura.",0.0529
PA008402,2023-11-02 22:57:05,"Academia hoje, treino puxado mas valeu muito.",0.0636
PA008403,2023-11-02 23:02:35,"Apresentacao correu muito bem, todos gostaram.",0.1148
PA008404,2023-11-02 23:17:28,"Estudando para a prova de amanha, bem concentrado.",0.1586
PA008405,2023-11-03 01:24:24,"Maratonei a temporada completa, valeu cada minuto.",0.1633
PA008406,2023-11-03 01:54:17,"Cuidando das plantas em casa, muito terapeutico.",0.056
PA008407,2023-11-03 03:04:26,"Chuva passageira a tarde, depois o tempo abriu lindo.",0.1593
PA008408,2023-11-03 03:32:14,"Estrada livre, cheguei no trabalho rapido hoje.",0.06
PA008409,2023-11-03 03:52:15,"Choveu a tarde toda, dia perfeito pra ficar em casa lendo.",0.0796
PA008410,2023-11-03 05:54:17,Finalmente entendi aquele conceito que me travava.,0.0402
PA008411,2023-11-03 06:14:34,"Testei IA para ajudar com codigo, funcionou bem.",0.0884
PA008412,2023-11-03 07:12:40,"Estrada livre, cheguei no trabalho rapido hoje.",0.0793
PA008413,2023-11-03 07:18:52,Feira de artesanato gostosa de passear.,0.0338
PA008414,2023-11-03 07:53:59,"Passeio com o cachorro no parque, ele adorou.",0.2
PA008415,2023-11-03 08:41:54,"Cuidando das plantas em casa, muito terapeutico.",0.1487
PA008416,2023-11-03 09:49:16,"Minha mae fez feijao com arroz e linguica, classico perfeito.",0.1209
PA008417,2023-11-03 10:09:13,"Configurei o home office com setup novo, otimo.",0.0
PA008418,2023-11-03 10:47:58,"Trilha ecologica incrivel, natureza pura.",0.1038
PA008419,2023-11-03 10:51:53,"Fechei projeto importante essa semana, que alegria.",0.0918
PA008420,2023-11-03 11:51:38,"Passei na certificacao, muito feliz com o resultado.",0.0
PA008421,2023-11-03 12:47:03,"Museu da cidade muito interessante, aprendi bastante.",0.1405
PA008422,2023-11-03 13:13:14,Feira de artesanato gostosa de passear.,0.0447
PA008423,2023-11-03 15:07:13,"Minha mae fez feijao com arroz e linguica, classico perfeito.",0.1538
PA008424,2023-11-03 15:09:29,"Acai gelado essa tarde, refrescante demais.",0.0425
PA008425,2023-11-03 16:09:28,"Novo celular chegou, a camera e impressionante.",0.0808
PA008426,2023-11-03 16:34:00,Aula incrivel sobre estatistica aplicada hoje.,0.0988
PA008427,2023-11-03 16:42:43,"Serie nova incrivel, amei o primeiro episodio.",0.0807
PA008428,2023-11-03 17:24:50,Terminei o trabalho da faculdade com antecedencia.,0.1272
PA008429,2023-11-03 19:24:27,"Passeio no interior no fim de semana, natureza linda.",0.0676
PA008430,2023-11-03 20:36:36,"Padaria da esquina lancou sabor novo, recomendo.",0.0157
PA008431,2023-11-03 21:52:10,"Calor absurdo com falta de agua, descaso total.",0.9858
PA008432,2023-11-03 22:05:07,"Praia tranquila, sol perfeito, descanso total.",0.1083
PA008433,2023-11-03 23:40:33,"Acai gelado essa tarde, refrescante demais.",0.0492
PA008434,2023-11-04 00:04:03,"Almoco incrivel hoje, fiz lasanha caseira do zero.",0.0976
PA008435,2023-11-04 00:59:13,Leitura no jardim com tempo agradavel.,0.0651
PA008436,2023-11-04 01:07:08,"Filme otimo ontem, fui ao cinema com a familia.",0.0941
PA008437,2023-11-04 01:20:30,Jogo novo me viciou de um jeito bom.,0.1725
PA008438,2023-11-04 01:59:34,Brigadeiro de panela saiu incrivel hoje.,0.176
PA008439,2023-11-04 03:02:57,"Metro bem tranquilo essa manha, cheguei bem.",0.1351
PA008440,2023-11-04 06:01:16,"Chuva passageira a tarde, depois o tempo abriu lindo.",0.0629
PA008441,2023-11-04 06:23:21,"Aprendi receita nova no youtube, ficou otimo.",0.0699
PA008442,2023-11-04 06:44:17,"Novo celular chegou, a camera e impressionante.",0.0316
PA008443,2023-11-04 06:53:36,"Estudando para a prova de amanha, bem concentrado.",0.0899
PA008444,2023-11-04 07:07:39,"Teatro incrivel ontem, peca muito bem dirigida.",0.0
PA008445,2023-11-04 07:08:54,"Configurei o home office com setup novo, otimo.",0.0412
PA008446,2023-11-04 08:27:16,"Notebook novo chegou, que desempenho incrivel.",0.099
PA008447,2023-11-04 09:50:42,"Volei com os amigos, muita risada e diversao.",0.0444
PA008448,2023-11-04 10:34:32,"Musica nova do meu artista favorito, de outro nivel.",0.1143
PA008449,2023-11-04 13:03:47,"Fui num restaurante novo, a pizza estava espetacular.",0.0494
PA008450,2023-11-04 14:00:14,Que manha fresca e agradavel para uma caminhada.,0.1182
PA008451,2023-11-04 15:15:24,Terminei o trabalho da faculdade com antecedencia.,0.0987
PA008452,2023-11-04 15:47:12,"Aprendi receita nova no youtube, ficou otimo.",0.0166
PA008453,2023-11-04 17:21:09,Aula incrivel sobre estatistica aplicada hoje.,0.1742
PA008454,2023-11-04 18:02:29,"Volei com os amigos, muita risada e diversao.",0.0412
PA008455,2023-11-04 18:34:09,Semana intensa mas muito satisfatoria no trabalho.,0.1074
PA008456,2023-11-04 19:22:17,Show ao vivo incrivel no fim de semana.,0.1026
PA008457,2023-11-04 19:25:24,"Governo aumentando imposto de novo, inacreditavel.",0.6281
PA008458,2023-11-04 20:25:50,"Estrada livre, cheguei no trabalho rapido hoje.",0.0702
PA008459,2023-11-04 21:11:47,"Consegui estacionamento logo de cara, dia de sorte mesmo.",0.1133
PA008460,2023-11-05 00:10:18,"Minha mae fez feijao com arroz e linguica, classico perfeito.",0.0563
PA008461,2023-11-05 00:11:05,"Musica nova do meu artista favorito, de outro nivel.",0.0697
PA008462,2023-11-05 00:14:02,Aplicativo de carona funcionou perfeitamente.,0.1297
PA008463,2023-11-05 00:19:29,"Meu time ganhou hoje, que jogo bonito foi.",0.072
PA008464,2023-11-05 01:25:25,Cafe da manha caprichado: tapioca com ovo e suco de laranja.,0.1227
PA008465,2023-11-05 01:27:46,"Fui num restaurante novo, a pizza estava espetacular.",0.0645
PA008466,2023-11-05 02:02:05,"Trilha ecologica incrivel, natureza pura.",0.0089
PA008467,2023-11-05 02:16:58,"Home office com cafe fresquinho do lado, otimo.",0.0644
PA008468,2023-11-05 02:18:23,"Corri 5km de manha, semana otima de treino.",0.0
PA008469,2023-11-05 03:02:33,"Viagem de fim de semana para cidade historica, valeu.",0.0077
PA008470,2023-11-05 03:06:37,"Churrasco com a familia no final de semana, delicioso.",0.1173
PA008471,2023-11-05 03:09:04,"Meu time ganhou hoje, que jogo bonito foi.",0.0864
PA008472,2023-11-05 03:13:01,"Volei com os amigos, muita risada e diversao.",0.0761
PA008473,2023-11-05 03:22:47,"Praia tranquila, sol perfeito, descanso total.",0.0
PA008474,2023-11-05 04:10:08,Que tarde relaxante lendo na rede.,0.0324
PA008475,2023-11-05 04:31:38,Leitura no jardim com tempo agradavel.,0.1359
PA008476,2023-11-05 08:10:59,"Domingo em familia, melhor dia da semana.",0.0947
PA008477,2023-11-05 08:55:44,"Consegui estacionamento logo de cara, dia de sorte mesmo.",0.0058
PA008478,2023-11-05 10:11:25,"Fui num restaurante novo, a pizza estava espetacular.",0.0368
PA008479,2023-11-05 13:07:01,"Estudando para a prova de amanha, bem concentrado.",0.1226
PA008480,2023-11-05 13:58:46,"Pipoca e serie boa na sexta, programa perfeito.",0.1041
PA008481,2023-11-05 14:42:08,"Livro excelente sobre ciencia de dados, recomendo muito.",0.0902
PA008482,2023-11-05 15:29:37,Que tarde relaxante lendo na rede.,0.0919
PA008483,2023-11-05 15:34:58,"Cuidando das plantas em casa, muito terapeutico.",0.1564
PA008484,2023-11-05 17:00:16,Que manha fresca e agradavel para uma caminhada.,0.1061
PA008485,2023-11-05 17:18:57,"O outono chegou cedo esse ano, que frio gostoso de manha.",0.0136
PA008486,2023-11-05 17:41:01,"Novo celular chegou, a camera e impressionante.",0.1348
PA008487,2023-11-05 17:57:42,"Teatro incrivel ontem, peca muito bem dirigida.",0.0412
PA008488,2023-11-05 19:01:44,"Reuniao produtiva hoje, saimos com otimas ideias.",0.0868
PA008489,2023-11-05 21:09:10,Semana intensa mas muito satisfatoria no trabalho.,0.0963
PA008490,2023-11-05 21:09:41,"Notebook novo chegou, que desempenho incrivel.",0.0599
PA008491,2023-11-05 21:18:22,"Passeio no interior no fim de semana, natureza linda.",0.0373
PA008492,2023-11-05 21:38:04,"Domingo em familia, melhor dia da semana.",0.0918
PA008493,2023-11-05 21:43:55,Jantar simples mas gostoso com a familia.,0.07
PA008494,2023-11-05 22:12:27,"Meu time ganhou hoje, que jogo bonito foi.",0.0908
PA008495,2023-11-05 22:34:56,"Biblioteca da universidade, ambiente otimo para estudar.",0.0781
PA008496,2023-11-05 23:21:59,Leitura no jardim com tempo agradavel.,0.1103
PA008497,2023-11-06 00:38:27,"Home office com cafe fresquinho do lado, otimo.",0.0213
PA008498,2023-11-06 01:13:39,"Churrasco com a familia no final de semana, delicioso.",0.0507
PA008499,2023-11-06 01:40:37,"Almoco incrivel hoje, fiz lasanha caseira do zero.",0.1324
PA008500,2023-11-06 01:55:26,"Fui de bike hoje, que exercicio agradavel de manha.",0.0781
PA008501,2023-11-06 02:23:59,"Que frustracao, meu time perdeu mais uma vez.",0.4481
PA008502,2023-11-06 02:43:15,"O outono chegou cedo esse ano, que frio gostoso de manha.",0.072
PA008503,2023-11-06 03:23:15,Leitura no jardim com tempo agradavel.,0.0242
PA008504,2023-11-06 05:15:21,"Estrada livre, cheguei no trabalho rapido hoje.",0.038
PA008505,2023-11-06 05:21:01,"Choveu a tarde toda, dia perfeito pra ficar em casa lendo.",0.1169
PA008506,2023-11-06 05:23:15,"Churrasco com a familia no final de semana, delicioso.",0.0619
PA008507,2023-11-06 06:55:59,"Museu da cidade muito interessante, aprendi bastante.",0.1106
PA008508,2023-11-06 07:58:57,"Acai gelado essa tarde, refrescante demais.",0.1247
PA008509,2023-11-06 09:04:20,"Estudando para a prova de amanha, bem concentrado.",0.0799
PA008510,2023-11-06 09:38:30,"Passeio com o cachorro no parque, ele adorou.",0.0487
PA008511,2023-11-06 10:21:21,"Metro bem tranquilo essa manha, cheguei bem.",0.087
PA008512,2023-11-06 10:31:11,"Chuva passageira a tarde, depois o tempo abriu lindo.",0.0957
PA008513,2023-11-06 11:01:06,"Apresentacao correu muito bem, todos gostaram.",0.0344
PA008514,2023-11-06 11:43:00,"Consegui estacionamento logo de cara, dia de sorte mesmo.",0.0824
PA008515,2023-11-06 12:58:58,"Acai gelado essa tarde, refrescante demais.",0.1024
PA008516,2023-11-06 13:17:16,"Passeio no interior no fim de semana, natureza linda.",0.0
PA008517,2023-11-06 13:58:38,"Metro bem tranquilo essa manha, cheguei bem.",0.0634
PA008518,2023-11-06 14:43:37,"Passeio com o cachorro no parque, ele adorou.",0.0743
PA008519,2023-11-06 17:38:06,"Aprendi receita nova no youtube, ficou otimo.",0.0879
PA008520,2023-11-06 18:37:39,"Fui de bike hoje, que exercicio agradavel de manha.",0.0
PA008521,2023-11-06 19:02:12,Show ao vivo incrivel no fim de semana.,0.0997
PA008522,2023-11-06 19:07:48,"Domingo em familia, melhor dia da semana.",0.1511
PA008523,2023-11-06 19:20:43,"Museu da cidade muito interessante, aprendi bastante.",0.0015
PA008524,2023-11-06 21:19:19,"Apresentacao correu muito bem, todos gostaram.",0.0729
PA008525,2023-11-06 21:54:00,"Pipoca e serie boa na sexta, programa perfeito.",0.0638
PA008526,2023-11-06 22:08:36,"Musica nova do meu artista favorito, de outro nivel.",0.1214
PA008527,2023-11-06 23:23:15,Pedalada de tarde com vista incrivel do parque.,0.001
PA008528,2023-11-07 00:05:08,"Natacao de manha, melhor inicio de dia possivel.",0.0247
PA008529,2023-11-07 00:32:14,Podcast sobre tecnologia muito interessante.,0.1926
PA008530,2023-11-07 00:53:31,"Almoco incrivel hoje, fiz lasanha caseira do zero.",0.1085
PA008531,2023-11-07 01:44:11,"Meditacao de manha, comecando o dia muito bem.",0.0207
PA008532,2023-11-07 01:49:00,"Sol lindo hoje, cafe na varanda foi otimo.",0.0392
PA008533,2023-11-07 02:24:53,Semana intensa mas muito satisfatoria no trabalho.,0.0247
PA008534,2023-11-07 02:57:58,"Apresentacao correu muito bem, todos gostaram.",0.1444
PA008535,2023-11-07 04:05:53,Finalmente entendi aquele conceito que me travava.,0.0557
PA008536,2023-11-07 04:42:52,"Academia hoje, treino puxado mas valeu muito.",0.0346
PA008537,2023-11-07 05:19:38,Mais um acidente por causa de imprudencia no transito.,0.4451
PA008538,2023-11-07 06:50:43,"Meditacao de manha, comecando o dia muito bem.",0.0997
PA008539,2023-11-07 08:41:52,Semana intensa mas muito satisfatoria no trabalho.,0.2
PA008540,2023-11-07 08:55:12,"Biblioteca da universidade, ambiente otimo para estudar.",0.0822
PA008541,2023-11-07 10:45:30,"Natacao de manha, melhor inicio de dia possivel.",0.0468
PA008542,2023-11-07 12:04:14,Brigadeiro de panela saiu incrivel hoje.,0.1836
PA008543,2023-11-07 12:34:58,Jogo novo me viciou de um jeito bom.,0.0099
PA008544,2023-11-07 13:34:48,"Domingo em familia, melhor dia da semana.",0.0567
PA008545,2023-11-07 13:59:39,"Pipoca e serie boa na sexta, programa perfeito.",0.0141
PA008546,2023-11-07 14:04:04,"Estudando para a prova de amanha, bem concentrado.",0.0728
PA008547,2023-11-07 15:13:52,"Cuidando das plantas em casa, muito terapeutico.",0.0
PA008548,2023-11-07 16:40:22,"Passeio com o cachorro no parque, ele adorou.",0.0
PA008549,2023-11-07 17:09:20,"Fui num restaurante novo, a pizza estava espetacular.",0.1356
PA008550,2023-11-07 17:32:50,"Tentei receita nova de bolo de cenoura, ficou fofinho.",0.09
PA008551,2023-11-07 17:40:36,"Aprendi receita nova no youtube, ficou otimo.",0.1402
PA008552,2023-11-07 18:23:41,"Filme otimo ontem, fui ao cinema com a familia.",0.0902
PA008553,2023-11-07 18:51:44,"Cuidando das plantas em casa, muito terapeutico.",0.0405
PA008554,2023-11-07 19:46:08,Grupo de estudos foi muito produtivo hoje.,0.0761
PA008555,2023-11-07 20:17:15,"Aprendi receita nova no youtube, ficou otimo.",0.1528
PA008556,2023-11-07 22:23:07,"Teatro incrivel ontem, peca muito bem dirigida.",0.0294
PA008557,2023-11-07 22:43:20,"Academia hoje, treino puxado mas valeu muito.",0.0871
PA008558,2023-11-07 22:56:05,"Choveu a tarde toda, dia perfeito pra ficar em casa lendo.",0.1478
PA008559,2023-11-08 00:24:27,"Corri 5km de manha, semana otima de treino.",0.0613
PA008560,2023-11-08 02:13:11,Semana intensa mas muito satisfatoria no trabalho.,0.0652
PA008561,2023-11-08 03:21:02,Aula incrivel sobre estatistica aplicada hoje.,0.0985
PA008562,2023-11-08 04:22:51,Que manha fresca e agradavel para uma caminhada.,0.1124
PA008563,2023-11-08 05:53:39,"Consegui estacionamento logo de cara, dia de sorte mesmo.",0.0772
PA008564,2023-11-08 06:05:57,Brigadeiro de panela saiu incrivel hoje.,0.0402
PA008565,2023-11-08 06:19:15,Semana intensa mas muito satisfatoria no trabalho.,0.1219
PA008566,2023-11-08 08:27:31,"Yoga pela manha, comecei o dia muito bem.",0.0867
PA008567,2023-11-08 11:01:05,"Tarefa dificil concluida com sucesso, que satisfacao.",0.1257
PA008568,2023-11-08 13:01:20,Tarde produtiva organizando e limpando a casa.,0.077
PA008569,2023-11-08 13:02:34,"Fechei projeto importante essa semana, que alegria.",0.1414
PA008570,2023-11-08 13:03:42,"Testei IA para ajudar com codigo, funcionou bem.",0.2
PA008571,2023-11-08 14:55:19,"Livro excelente sobre ciencia de dados, recomendo muito.",0.0
PA008572,2023-11-08 15:05:27,"Chuva passageira a tarde, depois o tempo abriu lindo.",0.086
PA008573,2023-11-08 16:10:31,"Onibus chegou no horario hoje, que surpresa agradavel.",0.0827
PA008574,2023-11-08 16:19:54,"Sol lindo hoje, cafe na varanda foi otimo.",0.0767
PA008575,2023-11-08 17:41:18,"Plantei temperos na sacada, que satisfacao.",0.1711
PA008576,2023-11-08 18:10:16,Caminhada ate a estacao foi otima hoje.,0.159
PA008577,2023-11-08 18:13:37,Leitura no jardim com tempo agradavel.,0.11
PA008578,2023-11-08 19:04:23,"Yoga pela manha, comecei o dia muito bem.",0.0882
PA008579,2023-11-08 19:37:15,"O outono chegou cedo esse ano, que frio gostoso de manha.",0.1433
PA008580,2023-11-08 20:01:21,Que tarde relaxante lendo na rede.,0.0259
PA008581,2023-11-08 21:54:28,Leitura no jardim com tempo agradavel.,0.0096
PA008582,2023-11-08 22:42:23,"Choveu a tarde toda, dia perfeito pra ficar em casa lendo.",0.0139
PA008583,2023-11-08 22:57:59,"Fui num restaurante novo, a pizza estava espetacular.",0.1356
PA008584,2023-11-09 01:11:53,Tarde produtiva organizando e limpando a casa.,0.0362
PA008585,2023-11-09 03:32:47,"Estrada livre, cheguei no trabalho rapido hoje.",0.1374
PA008586,2023-11-09 04:18:28,Atualizacao deixou o sistema muito mais rapido.,0.0
PA008587,2023-11-09 05:01:12,App de produtividade novo que encontrei e otimo.,0.0463
PA008588,2023-11-09 05:05:28,"Testei IA para ajudar com codigo, funcionou bem.",0.1008
PA008589,2023-11-09 05:06:47,"Notebook novo chegou, que desempenho incrivel.",0.053
PA008590,2023-11-09 05:22:25,"Passei na certificacao, muito feliz com o resultado.",0.0
PA008591,2023-11-09 06:29:24,Terminei o trabalho da faculdade com antecedencia.,0.0917
PA008592,2023-11-09 06:45:21,Aula incrivel sobre estatistica aplicada hoje.,0.1164
PA008593,2023-11-09 08:12:31,"Sol lindo hoje, cafe na varanda foi otimo.",0.0849
PA008594,2023-11-09 09:19:22,"Passei na certificacao, muito feliz com o resultado.",0.0209
PA008595,2023-11-09 10:23:32,"Aprendi receita nova no youtube, ficou otimo.",0.0678
PA008596,2023-11-09 12:22:47,"Aprendi receita nova no youtube, ficou otimo.",0.1243
PA008597,2023-11-09 13:34:15,"Notebook novo chegou, que desempenho incrivel.",0.1019
PA008598,2023-11-09 14:58:50,"Metro bem tranquilo essa manha, cheguei bem.",0.0732
PA008599,2023-11-09 15:41:26,"Fechei projeto importante essa semana, que alegria.",0.1186
PA008600,2023-11-09 16:00:50,"Tarefa dificil concluida com sucesso, que satisfacao.",0.1335
PA008601,2023-11-09 16:06:51,"Churrasco com a familia no final de semana, delicioso.",0.1215
PA008602,2023-11-09 16:46:18,"Padaria da esquina lancou sabor novo, recomendo.",0.1081
PA008603,2023-11-09 16:53:29,App de produtividade novo que encontrei e otimo.,0.0581
PA008604,2023-11-09 17:48:56,"Natacao de manha, melhor inicio de dia possivel.",0.0447
PA008605,2023-11-09 19:25:04,"Serie nova incrivel, amei o primeiro episodio.",0.0558
PA008606,2023-11-09 19:54:07,"Mais um dia de transito horrivel, situacao absurda.",0.4499
PA008607,2023-11-09 20:08:04,"Musica nova do meu artista favorito, de outro nivel.",0.0
PA008608,2023-11-09 20:15:14,Brigadeiro de panela saiu incrivel hoje.,0.0604
PA008609,2023-11-09 22:35:39,"Livro excelente sobre ciencia de dados, recomendo muito.",0.0599
PA008610,2023-11-10 00:10:32,"Notebook novo chegou, que desempenho incrivel.",0.105
PA008611,2023-11-10 00:11:51,"Reuniao produtiva hoje, saimos com otimas ideias.",0.0583
PA008612,2023-11-10 02:15:32,"Passeio no interior no fim de semana, natureza linda.",0.1118
PA008613,2023-11-10 03:02:41,Semana intensa mas muito satisfatoria no trabalho.,0.1472
PA008614,2023-11-10 03:18:35,"Museu da cidade muito interessante, aprendi bastante.",0.0752
PA008615,2023-11-10 03:38:22,"Fui de bike hoje, que exercicio agradavel de manha.",0.0684
PA008616,2023-11-10 03:39:07,"Trilha ecologica incrivel, natureza pura.",0.0226
PA008617,2023-11-10 08:40:28,"Churrasco com a familia no final de semana, delicioso.",0.0608
PA008618,2023-11-10 11:01:49,Grupo de estudos foi muito produtivo hoje.,0.0856
PA008619,2023-11-10 11:09:28,"Fechei projeto importante essa semana, que alegria.",0.0981
PA008620,2023-11-10 11:30:11,Leitura no jardim com tempo agradavel.,0.074
PA008621,2023-11-10 12:04:37,"Estudando para a prova de amanha, bem concentrado.",0.1162
PA008622,2023-11-10 12:06:06,Que tarde relaxante lendo na rede.,0.0714
PA008623,2023-11-10 12:12:05,"Maratonei a temporada completa, valeu cada minuto.",0.0731
PA008624,2023-11-10 12:27:38,"Novo celular chegou, a camera e impressionante.",0.0
PA008625,2023-11-10 12:52:43,"Almoco incrivel hoje, fiz lasanha caseira do zero.",0.1348
PA008626,2023-11-10 13:10:39,Semana intensa mas muito satisfatoria no trabalho.,0.0
PA008627,2023-11-10 13:52:21,"Metro bem tranquilo essa manha, cheguei bem.",0.0903
PA008628,2023-11-10 14:57:42,Feira de artesanato gostosa de passear.,0.0089
PA008629,2023-11-10 15:44:49,"Tarefa dificil concluida com sucesso, que satisfacao.",0.1231
PA008630,2023-11-10 20:02:01,"Churrasco com a familia no final de semana, delicioso.",0.1788
PA008631,2023-11-10 20:07:51,"Metro bem tranquilo essa manha, cheguei bem.",0.1231
PA008632,2023-11-10 20:52:52,"Acai gelado essa tarde, refrescante demais.",0.1031
PA008633,2023-11-10 21:30:31,Finalmente entendi aquele conceito que me travava.,0.0197
PA008634,2023-11-10 22:39:47,"Almoco incrivel hoje, fiz lasanha caseira do zero.",0.038
PA008635,2023-11-10 22:54:08,"Filme otimo ontem, fui ao cinema com a familia.",0.0438
PA008636,2023-11-11 00:06:31,"Apresentacao correu muito bem, todos gostaram.",0.0737
PA008637,2023-11-11 02:33:37,"Domingo em familia, melhor dia da semana.",0.0251
PA008638,2023-11-11 02:43:47,"Academia hoje, treino puxado mas valeu muito.",0.0074
PA008639,2023-11-11 02:48:13,"Choveu a tarde toda, dia perfeito pra ficar em casa lendo.",0.1532
PA008640,2023-11-11 03:12:54,"Estrada livre, cheguei no trabalho rapido hoje.",0.0
PA008641,2023-11-11 03:15:27,"Volei com os amigos, muita risada e diversao.",0.0402
PA008642,2023-11-11 04:18:04,"Almoco incrivel hoje, fiz lasanha caseira do zero.",0.0353
PA008643,2023-11-11 05:01:53,"Sopa de legumes no frio, reconfortante e gostosa.",0.1139
PA008644,2023-11-11 05:26:26,"Sol lindo hoje, cafe na varanda foi otimo.",0.0671
PA008645,2023-11-11 08:36:28,"Pipoca e serie boa na sexta, programa perfeito.",0.0899
PA008646,2023-11-11 10:16:00,"Notebook novo chegou, que desempenho incrivel.",0.0559
PA008647,2023-11-11 15:10:03,"Meu time ganhou hoje, que jogo bonito foi.",0.1901
PA008648,2023-11-11 16:23:02,"Estrada livre, cheguei no trabalho rapido hoje.",0.0859
PA008649,2023-11-11 16:50:51,"Teatro incrivel ontem, peca muito bem dirigida.",0.0577
PA008650,2023-11-11 17:30:25,"Biblioteca da universidade, ambiente otimo para estudar.",0.0139
PA008651,2023-11-11 17:37:20,Aula incrivel sobre estatistica aplicada hoje.,0.1114
PA008652,2023-11-11 17:38:46,Tarde produtiva organizando e limpando a casa.,0.0
PA008653,2023-11-11 17:40:50,"Passei na certificacao, muito feliz com o resultado.",0.0971
PA008654,2023-11-11 18:28:04,"Teatro incrivel ontem, peca muito bem dirigida.",0.124
PA008655,2023-11-11 21:03:31,"Acai gelado essa tarde, refrescante demais.",0.0996
PA008656,2023-11-11 21:10:34,"Filme otimo ontem, fui ao cinema com a familia.",0.0847
PA008657,2023-11-11 21:20:52,"O outono chegou cedo esse ano, que frio gostoso de manha.",0.1302
PA008658,2023-11-11 21:25:54,"Fui de bike hoje, que exercicio agradavel de manha.",0.0026
PA008659,2023-11-11 22:03:12,"Meditacao de manha, comecando o dia muito bem.",0.1157
PA008660,2023-11-11 22:05:08,"Natacao de manha, melhor inicio de dia possivel.",0.0783
PA008661,2023-11-11 22:32:46,Caminhada ate a estacao foi otima hoje.,0.0738
PA008662,2023-11-11 22:40:58,"Biblioteca da universidade, ambiente otimo para estudar.",0.0322
PA008663,2023-11-11 23:04:55,Jantar simples mas gostoso com a familia.,0.041
PA008664,2023-11-12 00:30:25,"Tentei receita nova de bolo de cenoura, ficou fofinho.",0.1401
PA008665,2023-11-12 00:36:39,Semana intensa mas muito satisfatoria no trabalho.,0.0943
PA008666,2023-11-12 01:22:51,"Tentei receita nova de bolo de cenoura, ficou fofinho.",0.0325
PA008667,2023-11-12 02:22:04,"Meu time ganhou hoje, que jogo bonito foi.",0.1154
PA008668,2023-11-12 02:22:13,"Volei com os amigos, muita risada e diversao.",0.0781
PA008669,2023-11-12 02:25:21,"Fui de bike hoje, que exercicio agradavel de manha.",0.1689
PA008670,2023-11-12 02:37:08,Jogo novo me viciou de um jeito bom.,0.118
PA008671,2023-11-12 02:38:47,"Volei com os amigos, muita risada e diversao.",0.0559
PA008672,2023-11-12 05:03:51,"Pausa pro cafe com os colegas, bate-papo otimo.",0.0798
PA008673,2023-11-12 05:25:08,"Reuniao produtiva hoje, saimos com otimas ideias.",0.059
PA008674,2023-11-12 11:34:41,"Estrada livre, cheguei no trabalho rapido hoje.",0.0782
PA008675,2023-11-12 11:53:14,"Que calor hoje, tive que ligar o ar condicionado logo cedo.",0.1484
PA008676,2023-11-12 12:36:17,"Biblioteca da universidade, ambiente otimo para estudar.",0.0142
PA008677,2023-11-12 14:52:56,"Consegui estacionamento logo de cara, dia de sorte mesmo.",0.0468
PA008678,2023-11-12 15:10:19,"Dia nublado mas tranquilo, bom para estudar sem distracao.",0.0727
PA008679,2023-11-12 16:36:40,"Viagem de fim de semana para cidade historica, valeu.",0.1616
PA008680,2023-11-12 16:57:24,"Apresentacao correu muito bem, todos gostaram.",0.0466
PA008681,2023-11-12 17:48:43,"Biblioteca da universidade, ambiente otimo para estudar.",0.0387
PA008682,2023-11-12 18:39:08,Aplicativo de carona funcionou perfeitamente.,0.1178
PA008683,2023-11-12 19:50:17,Jantar simples mas gostoso com a familia.,0.0731
PA008684,2023-11-12 23:08:20,"Reuniao produtiva hoje, saimos com otimas ideias.",0.1025
PA008685,2023-11-13 01:02:54,"Reencontrei um amigo antigo por acaso, que alegria.",0.1517
PA008686,2023-11-13 02:41:21,"Praia tranquila, sol perfeito, descanso total.",0.1553
PA008687,2023-11-13 04:01:36,Que tarde relaxante lendo na rede.,0.088
PA008688,2023-11-13 04:15:48,"Sol lindo hoje, cafe na varanda foi otimo.",0.1086
PA008689,2023-11-13 04:29:06,"Reuniao produtiva hoje, saimos com otimas ideias.",0.1536
PA008690,2023-11-13 04:57:49,Feira de artesanato gostosa de passear.,0.0
PA008691,2023-11-13 05:54:40,"Home office com cafe fresquinho do lado, otimo.",0.0934
PA008692,2023-11-13 06:16:42,"Plantei temperos na sacada, que satisfacao.",0.0997
PA008693,2023-11-13 06:44:04,Cafe da manha caprichado: tapioca com ovo e suco de laranja.,0.095
PA008694,2023-11-13 06:52:21,"Viagem de fim de semana para cidade historica, valeu.",0.1048
PA008695,2023-11-13 09:06:04,"Reuniao produtiva hoje, saimos com otimas ideias.",0.0627
PA008696,2023-11-13 09:39:57,Cafe da manha caprichado: tapioca com ovo e suco de laranja.,0.1268
PA008697,2023-11-13 11:18:46,"Livro excelente sobre ciencia de dados, recomendo muito.",0.1082
PA008698,2023-11-13 11:43:27,"Filme otimo ontem, fui ao cinema com a familia.",0.0831
PA008699,2023-11-13 12:12:17,"Filme otimo ontem, fui ao cinema com a familia.",0.0789
PA008700,2023-11-13 12:40:33,"Meditacao de manha, comecando o dia muito bem.",0.1239
PA008701,2023-11-13 14:26:04,"O outono chegou cedo esse ano, que frio gostoso de manha.",0.1049
PA008702,2023-11-13 14:54:30,"Passei na certificacao, muito feliz com o resultado.",0.055
PA008703,2023-11-13 15:10:17,"Aprendi receita nova no youtube, ficou otimo.",0.1281
PA008704,2023-11-13 17:00:38,"Reuniao produtiva hoje, saimos com otimas ideias.",0.1098
PA008705,2023-11-13 17:33:01,"Novo celular chegou, a camera e impressionante.",0.0805
PA008706,2023-11-13 19:10:25,"Cuidando das plantas em casa, muito terapeutico.",0.1068
PA008707,2023-11-13 19:27:49,Atualizacao deixou o sistema muito mais rapido.,0.1047
PA008708,2023-11-13 20:17:26,"Home office com cafe fresquinho do lado, otimo.",0.0
PA008709,2023-11-13 22:20:01,Grupo de estudos foi muito produtivo hoje.,0.1157
PA008710,2023-11-13 22:30:12,"Serie nova incrivel, amei o primeiro episodio.",0.0183
PA008711,2023-11-13 22:38:22,Leitura no jardim com tempo agradavel.,0.1849
PA008712,2023-11-14 00:13:39,"Filme otimo ontem, fui ao cinema com a familia.",0.1116
PA008713,2023-11-14 01:58:35,"Estrada livre, cheguei no trabalho rapido hoje.",0.1098
PA008714,2023-11-14 03:56:03,"Sopa de legumes no frio, reconfortante e gostosa.",0.134
PA008715,2023-11-14 04:55:44,"Musica nova do meu artista favorito, de outro nivel.",0.1323
PA008716,2023-11-14 05:13:45,"Academia hoje, treino puxado mas valeu muito.",0.0513
PA008717,2023-11-14 05:35:44,"Maratonei a temporada completa, valeu cada minuto.",0.0
PA008718,2023-11-14 06:26:52,"Meditacao de manha, comecando o dia muito bem.",0.0497
PA008719,2023-11-14 07:35:14,"Tentei receita nova de bolo de cenoura, ficou fofinho.",0.0102
PA008720,2023-11-14 08:41:46,"Meu time ganhou hoje, que jogo bonito foi.",0.024
PA008721,2023-11-14 10:26:45,Pacote atrasado pelos correios pela terceira vez.,0.607
PA008722,2023-11-14 10:55:48,"Natacao de manha, melhor inicio de dia possivel.",0.0097
PA008723,2023-11-14 15:18:05,"Vento agradavel hoje, aproveitei para caminhar no parque.",0.0157
PA008724,2023-11-14 15:46:54,"Churrasco com a familia no final de semana, delicioso.",0.0345
PA008725,2023-11-14 16:29:30,"Serie nova incrivel, amei o primeiro episodio.",0.0
PA008726,2023-11-14 16:53:34,"Passeio com o cachorro no parque, ele adorou.",0.1009
PA008727,2023-11-14 17:39:08,"Passei na certificacao, muito feliz com o resultado.",0.0468
PA008728,2023-11-14 17:49:28,Leitura no jardim com tempo agradavel.,0.1022
PA008729,2023-11-14 19:31:51,"Museu da cidade muito interessante, aprendi bastante.",0.0368
PA008730,2023-11-14 20:39:21,Brigadeiro de panela saiu incrivel hoje.,0.0319
PA008731,2023-11-14 22:50:17,Feira de artesanato gostosa de passear.,0.0479
PA008732,2023-11-14 23:24:26,"Configurei o home office com setup novo, otimo.",0.0315
PA008733,2023-11-14 23:31:50,Finalmente entendi aquele conceito que me travava.,0.0
PA008734,2023-11-14 23:38:30,"Plantei temperos na sacada, que satisfacao.",0.0798
PA008735,2023-11-15 00:04:31,Feira de artesanato gostosa de passear.,0.0313
PA008736,2023-11-15 00:28:29,"Configurei o home office com setup novo, otimo.",0.1242
PA008737,2023-11-15 01:42:25,"Tarefa dificil concluida com sucesso, que satisfacao.",0.0293
PA008738,2023-11-15 02:39:12,"Vento agradavel hoje, aproveitei para caminhar no parque.",0.0718
PA008739,2023-11-15 03:17:47,Finalmente entendi aquele conceito que me travava.,0.1691
PA008740,2023-11-15 03:44:22,"Fui num restaurante novo, a pizza estava espetacular.",0.0564
PA008741,2023-11-15 03:54:58,"Home office com cafe fresquinho do lado, otimo.",0.0424
PA008742,2023-11-15 05:20:51,"Reencontrei um amigo antigo por acaso, que alegria.",0.1239
PA008743,2023-11-15 05:27:37,"Meu time ganhou hoje, que jogo bonito foi.",0.0315
PA008744,2023-11-15 05:44:58,"Pipoca e serie boa na sexta, programa perfeito.",0.028
PA008745,2023-11-15 06:11:01,"Tarefa dificil concluida com sucesso, que satisfacao.",0.1215
PA008746,2023-11-15 08:16:34,Caminhada ate a estacao foi otima hoje.,0.0677
PA008747,2023-11-15 08:32:11,"Vento agradavel hoje, aproveitei para caminhar no parque.",0.0431
PA008748,2023-11-15 12:39:52,"Testei IA para ajudar com codigo, funcionou bem.",0.0778
PA008749,2023-11-15 12:42:38,"Estudando para a prova de amanha, bem concentrado.",0.0575
PA008750,2023-11-15 14:13:58,Jogo novo me viciou de um jeito bom.,0.1017
PA008751,2023-11-15 14:47:42,"Dia nublado mas tranquilo, bom para estudar sem distracao.",0.0446
PA008752,2023-11-15 16:10:46,"Home office com cafe fresquinho do lado, otimo.",0.0
PA008753,2023-11-15 16:30:58,"Consegui estacionamento logo de cara, dia de sorte mesmo.",0.0826
PA008754,2023-11-15 19:10:17,"Plantei temperos na sacada, que satisfacao.",0.0099
PA008755,2023-11-15 19:25:56,"Vento agradavel hoje, aproveitei para caminhar no parque.",0.0936
PA008756,2023-11-15 19:39:55,"Vento agradavel hoje, aproveitei para caminhar no parque.",0.0748
PA008757,2023-11-15 21:33:20,Caminhada ate a estacao foi otima hoje.,0.0079
PA008758,2023-11-15 21:42:46,"Tentei receita nova de bolo de cenoura, ficou fofinho.",0.0748
PA008759,2023-11-15 22:24:40,"Reuniao produtiva hoje, saimos com otimas ideias.",0.1165
PA008760,2023-11-15 23:56:59,Caminhada ate a estacao foi otima hoje.,0.0781
PA008761,2023-11-16 01:32:22,Leitura no jardim com tempo agradavel.,0.0632
PA008762,2023-11-16 02:35:16,"Natacao de manha, melhor inicio de dia possivel.",0.0688
PA008763,2023-11-16 02:51:50,"Museu da cidade muito interessante, aprendi bastante.",0.164
PA008764,2023-11-16 03:08:55,Tarde produtiva organizando e limpando a casa.,0.1554
PA008765,2023-11-16 04:32:47,Jogo novo me viciou de um jeito bom.,0.1551
PA008766,2023-11-16 06:23:32,Atualizacao deixou o sistema muito mais rapido.,0.0681
PA008767,2023-11-16 06:53:44,Jantar simples mas gostoso com a familia.,0.1515
PA008768,2023-11-16 07:43:52,"Passeio com o cachorro no parque, ele adorou.",0.1463
PA008769,2023-11-16 08:16:04,Feira de artesanato gostosa de passear.,0.0455
PA008770,2023-11-16 09:15:20,Pedalada de tarde com vista incrivel do parque.,0.1034
PA008771,2023-11-16 09:17:16,"Volei com os amigos, muita risada e diversao.",0.0046
PA008772,2023-11-16 09:57:43,"Fechei projeto importante essa semana, que alegria.",0.1585
PA008773,2023-11-16 10:05:16,"Meditacao de manha, comecando o dia muito bem.",0.0541
PA008774,2023-11-16 10:41:08,"Sol lindo hoje, cafe na varanda foi otimo.",0.0811
PA008775,2023-11-16 11:41:00,"Metro bem tranquilo essa manha, cheguei bem.",0.1157
PA008776,2023-11-16 11:54:05,"Testei IA para ajudar com codigo, funcionou bem.",0.0353
PA008777,2023-11-16 13:44:46,"Natacao de manha, melhor inicio de dia possivel.",0.0217
PA008778,2023-11-16 14:14:25,"Home office com cafe fresquinho do lado, otimo.",0.0615
PA008779,2023-11-16 14:28:31,Pedalada de tarde com vista incrivel do parque.,0.0361
PA008780,2023-11-16 15:20:10,Aplicativo de carona funcionou perfeitamente.,0.1335
PA008781,2023-11-16 17:37:47,"Cuidando das plantas em casa, muito terapeutico.",0.1131
PA008782,2023-11-16 17:39:54,Grupo de estudos foi muito produtivo hoje.,0.0807
PA008783,2023-11-16 18:44:53,"Novo celular chegou, a camera e impressionante.",0.1473
PA008784,2023-11-16 21:18:28,Aula incrivel sobre estatistica aplicada hoje.,0.1021
PA008785,2023-11-16 23:03:36,"Notebook novo chegou, que desempenho incrivel.",0.0692
PA008786,2023-11-16 23:50:04,"Cuidando das plantas em casa, muito terapeutico.",0.1275
PA008787,2023-11-17 00:51:49,"Teatro incrivel ontem, peca muito bem dirigida.",0.0113
PA008788,2023-11-17 01:33:34,"Trilha ecologica incrivel, natureza pura.",0.138
PA008789,2023-11-17 02:13:49,Tarde produtiva organizando e limpando a casa.,0.103
PA008790,2023-11-17 02:31:48,"Acai gelado essa tarde, refrescante demais.",0.0216
PA008791,2023-11-17 02:45:14,Atualizacao deixou o sistema muito mais rapido.,0.1504
PA008792,2023-11-17 05:48:00,Leitura no jardim com tempo agradavel.,0.0541
PA008793,2023-11-17 07:47:28,"Biblioteca da universidade, ambiente otimo para estudar.",0.0449
PA008794,2023-11-17 08:14:50,"Maratonei a temporada completa, valeu cada minuto.",0.0464
PA008795,2023-11-17 09:03:13,"Acai gelado essa tarde, refrescante demais.",0.1271
PA008796,2023-11-17 09:42:56,"Musica nova do meu artista favorito, de outro nivel.",0.1591
PA008797,2023-11-17 10:53:39,"Metro bem tranquilo essa manha, cheguei bem.",0.0548
PA008798,2023-11-17 11:12:15,"Yoga pela manha, comecei o dia muito bem.",0.1223
PA008799,2023-11-17 13:05:00,"Biblioteca da universidade, ambiente otimo para estudar.",0.0924
PA008800,2023-11-17 13:33:51,"Teatro incrivel ontem, peca muito bem dirigida.",0.0025
PA008801,2023-11-17 14:41:40,Grupo de estudos foi muito produtivo hoje.,0.0888
PA008802,2023-11-17 15:23:57,"Natacao de manha, melhor inicio de dia possivel.",0.0939
PA008803,2023-11-17 15:27:02,Brigadeiro de panela saiu incrivel hoje.,0.1577
PA008804,2023-11-17 16:05:14,"Onibus chegou no horario hoje, que surpresa agradavel.",0.0963
PA008805,2023-11-17 16:28:12,"Serie nova incrivel, amei o primeiro episodio.",0.0435
PA008806,2023-11-17 16:48:46,Aula incrivel sobre estatistica aplicada hoje.,0.0124
PA008807,2023-11-17 16:54:58,Grupo de estudos foi muito produtivo hoje.,0.128
PA008808,2023-11-17 17:16:50,"Que calor hoje, tive que ligar o ar condicionado logo cedo.",0.1173
PA008809,2023-11-17 18:07:07,"Notebook novo chegou, que desempenho incrivel.",0.0519
PA008810,2023-11-17 21:09:05,"Passeio com o cachorro no parque, ele adorou.",0.0716
PA008811,2023-11-17 22:04:50,"Que calor hoje, tive que ligar o ar condicionado logo cedo.",0.096
PA008812,2023-11-17 22:49:59,"Maratonei a temporada completa, valeu cada minuto.",0.145
PA008813,2023-11-18 00:41:45,"Domingo em familia, melhor dia da semana.",0.0965
PA008814,2023-11-18 00:50:10,"Reencontrei um amigo antigo por acaso, que alegria.",0.0911
PA008815,2023-11-18 01:19:51,"Tarefa dificil concluida com sucesso, que satisfacao.",0.0383
PA008816,2023-11-18 02:30:34,"Fui de bike hoje, que exercicio agradavel de manha.",0.1278
PA008817,2023-11-18 05:43:08,"Churrasco com a familia no final de semana, delicioso.",0.0401
PA008818,2023-11-18 07:21:49,Pedalada de tarde com vista incrivel do parque.,0.1171
PA008819,2023-11-18 08:15:33,"Almoco incrivel hoje, fiz lasanha caseira do zero.",0.0575
PA008820,2023-11-18 08:54:37,"Vento agradavel hoje, aproveitei para caminhar no parque.",0.0
PA008821,2023-11-18 09:25:18,Finalmente entendi aquele conceito que me travava.,0.1032
PA008822,2023-11-18 11:31:39,Grupo de estudos foi muito produtivo hoje.,0.0607
PA008823,2023-11-18 12:13:28,Caminhada ate a estacao foi otima hoje.,0.1744
PA008824,2023-11-18 12:52:38,Atualizacao deixou o sistema muito mais rapido.,0.0865
PA008825,2023-11-18 13:46:42,"Meu time ganhou hoje, que jogo bonito foi.",0.1012
PA008826,2023-11-18 13:52:09,"Corri 5km de manha, semana otima de treino.",0.0
PA008827,2023-11-18 14:03:53,"Estrada livre, cheguei no trabalho rapido hoje.",0.1337
PA008828,2023-11-18 15:00:22,"Metro bem tranquilo essa manha, cheguei bem.",0.0425
PA008829,2023-11-18 15:42:27,"Tarefa dificil concluida com sucesso, que satisfacao.",0.0668
PA008830,2023-11-18 16:49:16,"Biblioteca da universidade, ambiente otimo para estudar.",0.0659
PA008831,2023-11-18 17:48:46,Pedalada de tarde com vista incrivel do parque.,0.048
PA008832,2023-11-18 18:13:42,Aula incrivel sobre estatistica aplicada hoje.,0.1256
PA008833,2023-11-18 19:53:54,Aula incrivel sobre estatistica aplicada hoje.,0.1517
PA008834,2023-11-18 20:32:11,"Viagem de fim de semana para cidade historica, valeu.",0.0676
PA008835,2023-11-18 20:49:12,Cafe da manha caprichado: tapioca com ovo e suco de laranja.,0.0062
PA008836,2023-11-18 20:51:08,"Praia tranquila, sol perfeito, descanso total.",0.0983
PA008837,2023-11-18 23:01:49,"Estudando para a prova de amanha, bem concentrado.",0.0945
PA008838,2023-11-18 23:04:31,"Tarefa dificil concluida com sucesso, que satisfacao.",0.1276
PA008839,2023-11-19 00:01:21,"Vento agradavel hoje, aproveitei para caminhar no parque.",0.1347
PA008840,2023-11-19 00:26:49,"Vento agradavel hoje, aproveitei para caminhar no parque.",0.1491
PA008841,2023-11-19 00:58:49,"Acai gelado essa tarde, refrescante demais.",0.0898
PA008842,2023-11-19 01:51:53,Pedalada de tarde com vista incrivel do parque.,0.0
PA008843,2023-11-19 01:55:21,Que manha fresca e agradavel para uma caminhada.,0.0333
PA008844,2023-11-19 03:09:50,Aplicativo de carona funcionou perfeitamente.,0.0923
PA008845,2023-11-19 04:02:33,"Meu time ganhou hoje, que jogo bonito foi.",0.0775
PA008846,2023-11-19 04:39:00,Pedalada de tarde com vista incrivel do parque.,0.0922
PA008847,2023-11-19 05:47:46,Caminhada ate a estacao foi otima hoje.,0.096
PA008848,2023-11-19 06:19:13,"Domingo em familia, melhor dia da semana.",0.0442
PA008849,2023-11-19 06:25:00,"Teatro incrivel ontem, peca muito bem dirigida.",0.076
PA008850,2023-11-19 06:54:16,"Fechei projeto importante essa semana, que alegria.",0.1135
PA008851,2023-11-19 06:59:33,"Estrada livre, cheguei no trabalho rapido hoje.",0.1424
PA008852,2023-11-19 11:42:30,"Academia hoje, treino puxado mas valeu muito.",0.0711
PA008853,2023-11-19 11:46:49,"Filme otimo ontem, fui ao cinema com a familia.",0.1117
PA008854,2023-11-19 11:52:53,"Reencontrei um amigo antigo por acaso, que alegria.",0.0791
PA008855,2023-11-19 12:04:33,"Que calor hoje, tive que ligar o ar condicionado logo cedo.",0.0695
PA008856,2023-11-19 12:17:06,"Novo celular chegou, a camera e impressionante.",0.0357
PA008857,2023-11-19 13:06:20,Pedalada de tarde com vista incrivel do parque.,0.0192
PA008858,2023-11-19 13:09:17,Aula incrivel sobre estatistica aplicada hoje.,0.1139
PA008859,2023-11-19 14:17:32,Jogo novo me viciou de um jeito bom.,0.0919
PA008860,2023-11-19 14:19:58,"Metro bem tranquilo essa manha, cheguei bem.",0.1193
PA008861,2023-11-19 14:35:14,"Choveu a tarde toda, dia perfeito pra ficar em casa lendo.",0.0819
PA008862,2023-11-19 16:28:23,Que tarde relaxante lendo na rede.,0.0339
PA008863,2023-11-19 16:45:20,Feira de artesanato gostosa de passear.,0.0462
PA008864,2023-11-19 18:45:41,"Passeio com o cachorro no parque, ele adorou.",0.0795
PA008865,2023-11-19 18:58:04,"Pausa pro cafe com os colegas, bate-papo otimo.",0.0492
PA008866,2023-11-19 19:14:05,"Filme otimo ontem, fui ao cinema com a familia.",0.0538
PA008867,2023-11-19 19:26:44,Semana intensa mas muito satisfatoria no trabalho.,0.1356
PA008868,2023-11-19 20:27:48,Podcast sobre tecnologia muito interessante.,0.105
PA008869,2023-11-19 20:48:56,"Filme otimo ontem, fui ao cinema com a familia.",0.1047
PA008870,2023-11-19 21:06:21,"Viagem de fim de semana para cidade historica, valeu.",0.1735
PA008871,2023-11-19 21:09:56,"Trilha ecologica incrivel, natureza pura.",0.0928
PA008872,2023-11-19 22:08:11,Show ao vivo incrivel no fim de semana.,0.0793
PA008873,2023-11-20 01:35:03,"Cuidando das plantas em casa, muito terapeutico.",0.0834
PA008874,2023-11-20 02:07:40,"Passeio no interior no fim de semana, natureza linda.",0.0813
PA008875,2023-11-20 04:15:17,"Serie nova incrivel, amei o primeiro episodio.",0.0249
PA008876,2023-11-20 04:15:59,"Apresentacao correu muito bem, todos gostaram.",0.0433
PA008877,2023-11-20 05:42:51,Brigadeiro de panela saiu incrivel hoje.,0.059
PA008878,2023-11-20 06:02:51,"Metro bem tranquilo essa manha, cheguei bem.",0.0472
PA008879,2023-11-20 06:55:50,"Home office com cafe fresquinho do lado, otimo.",0.038
PA008880,2023-11-20 07:05:10,"Fechei projeto importante essa semana, que alegria.",0.0887
PA008881,2023-11-20 07:21:37,"Meu time ganhou hoje, que jogo bonito foi.",0.1681
PA008882,2023-11-20 07:56:17,Leitura no jardim com tempo agradavel.,0.0
PA008883,2023-11-20 08:42:24,"Meu time ganhou hoje, que jogo bonito foi.",0.1093
PA008884,2023-11-20 10:06:32,Show ao vivo incrivel no fim de semana.,0.0502
PA008885,2023-11-20 13:51:01,"Dia nublado mas tranquilo, bom para estudar sem distracao.",0.0
PA008886,2023-11-20 14:10:52,Jantar simples mas gostoso com a familia.,0.0526
PA008887,2023-11-20 15:22:43,"Yoga pela manha, comecei o dia muito bem.",0.1013
PA008888,2023-11-20 16:06:09,"Novo celular chegou, a camera e impressionante.",0.0367
PA008889,2023-11-20 16:57:33,"Sol lindo hoje, cafe na varanda foi otimo.",0.1272
PA008890,2023-11-20 18:16:46,"Metro bem tranquilo essa manha, cheguei bem.",0.0712
PA008891,2023-11-20 18:23:12,"Pipoca e serie boa na sexta, programa perfeito.",0.0969
PA008892,2023-11-20 20:19:50,"Corri 5km de manha, semana otima de treino.",0.137
PA008893,2023-11-20 20:52:41,"Plantei temperos na sacada, que satisfacao.",0.0763
PA008894,2023-11-20 21:31:34,App de produtividade novo que encontrei e otimo.,0.0545
PA008895,2023-11-20 22:52:13,"Museu da cidade muito interessante, aprendi bastante.",0.0912
PA008896,2023-11-20 22:54:00,"O outono chegou cedo esse ano, que frio gostoso de manha.",0.0268
PA008897,2023-11-20 23:09:05,"Passeio com o cachorro no parque, ele adorou.",0.0751
PA008898,2023-11-20 23:09:25,Grupo de estudos foi muito produtivo hoje.,0.1138
PA008899,2023-11-21 00:34:08,"Pausa pro cafe com os colegas, bate-papo otimo.",0.0762
PA008900,2023-11-21 02:17:14,Jantar simples mas gostoso com a familia.,0.1726
PA008901,2023-11-21 03:12:18,"Yoga pela manha, comecei o dia muito bem.",0.0757
PA008902,2023-11-21 03:16:39,"Tentei receita nova de bolo de cenoura, ficou fofinho.",0.1418
PA008903,2023-11-21 03:27:39,"Novo celular chegou, a camera e impressionante.",0.0985
PA008904,2023-11-21 05:18:47,"Yoga pela manha, comecei o dia muito bem.",0.0775
PA008905,2023-11-21 06:03:26,"Testei IA para ajudar com codigo, funcionou bem.",0.1214
PA008906,2023-11-21 07:48:17,"Meu time ganhou hoje, que jogo bonito foi.",0.1146
PA008907,2023-11-21 10:46:45,"Meu time ganhou hoje, que jogo bonito foi.",0.025
PA008908,2023-11-21 13:27:47,Caminhada ate a estacao foi otima hoje.,0.065
PA008909,2023-11-21 17:14:02,Aplicativo de carona funcionou perfeitamente.,0.0
PA008910,2023-11-21 18:29:03,"Testei IA para ajudar com codigo, funcionou bem.",0.0761
PA008911,2023-11-21 20:38:13,"Domingo em familia, melhor dia da semana.",0.0498
PA008912,2023-11-21 20:51:54,Jogo novo me viciou de um jeito bom.,0.031
PA008913,2023-11-21 21:53:12,"Maratonei a temporada completa, valeu cada minuto.",0.0281
PA008914,2023-11-21 22:31:30,"Testei IA para ajudar com codigo, funcionou bem.",0.0139
PA008915,2023-11-21 23:32:57,"Sopa de legumes no frio, reconfortante e gostosa.",0.1301
PA008916,2023-11-21 23:43:30,"Plantei temperos na sacada, que satisfacao.",0.0573
PA008917,2023-11-22 00:03:33,"Serie nova incrivel, amei o primeiro episodio.",0.0854
PA008918,2023-11-22 00:23:58,"Passei na certificacao, muito feliz com o resultado.",0.0744
PA008919,2023-11-22 01:20:22,"Fui num restaurante novo, a pizza estava espetacular.",0.1256
PA008920,2023-11-22 01:21:21,"Museu da cidade muito interessante, aprendi bastante.",0.0737
PA008921,2023-11-22 01:37:56,"Trilha ecologica incrivel, natureza pura.",0.0937
PA008922,2023-11-22 01:48:40,Terminei o trabalho da faculdade com antecedencia.,0.0932
PA008923,2023-11-22 03:02:55,"Passei na certificacao, muito feliz com o resultado.",0.0923
PA008924,2023-11-22 03:51:29,"Academia hoje, treino puxado mas valeu muito.",0.1264
PA008925,2023-11-22 04:14:23,Feira de artesanato gostosa de passear.,0.0
PA008926,2023-11-22 05:41:27,"O outono chegou cedo esse ano, que frio gostoso de manha.",0.0027
PA008927,2023-11-22 06:08:46,"Novo celular chegou, a camera e impressionante.",0.0
PA008928,2023-11-22 07:17:14,Caminhada ate a estacao foi otima hoje.,0.1124
PA008929,2023-11-22 07:30:20,"Metro bem tranquilo essa manha, cheguei bem.",0.129
PA008930,2023-11-22 07:37:37,"Biblioteca da universidade, ambiente otimo para estudar.",0.0181
PA008931,2023-11-22 08:09:35,Brigadeiro de panela saiu incrivel hoje.,0.0867
PA008932,2023-11-22 08:36:58,"Estudando para a prova de amanha, bem concentrado.",0.0
PA008933,2023-11-22 09:25:49,"Dia nublado mas tranquilo, bom para estudar sem distracao.",0.1452
PA008934,2023-11-22 09:44:57,"Passei na certificacao, muito feliz com o resultado.",0.1747
PA008935,2023-11-22 11:00:05,Aplicativo de carona funcionou perfeitamente.,0.0627
PA008936,2023-11-22 11:12:51,"Acai gelado essa tarde, refrescante demais.",0.0563
PA008937,2023-11-22 11:24:11,Brigadeiro de panela saiu incrivel hoje.,0.1405
PA008938,2023-11-22 11:57:14,"Viagem de fim de semana para cidade historica, valeu.",0.0961
PA008939,2023-11-22 12:11:37,"Estrada livre, cheguei no trabalho rapido hoje.",0.1404
PA008940,2023-11-22 12:17:49,"Pausa pro cafe com os colegas, bate-papo otimo.",0.0355
PA008941,2023-11-22 12:26:31,Terminei o trabalho da faculdade com antecedencia.,0.0483
PA008942,2023-11-22 13:41:49,"Sol lindo hoje, cafe na varanda foi otimo.",0.0927
PA008943,2023-11-22 14:20:32,"Pausa pro cafe com os colegas, bate-papo otimo.",0.0494
PA008944,2023-11-22 15:31:17,"Servico contratado nao foi entregue no prazo, absurdo.",0.9781
PA008945,2023-11-22 16:07:43,"Maratonei a temporada completa, valeu cada minuto.",0.0998
PA008946,2023-11-22 16:17:19,"Domingo em familia, melhor dia da semana.",0.2655
PA008947,2023-11-22 16:32:00,"Notebook novo chegou, que desempenho incrivel.",0.1155
PA008948,2023-11-22 17:08:28,Semana intensa mas muito satisfatoria no trabalho.,0.0621
PA008949,2023-11-22 17:22:14,Cafe da manha caprichado: tapioca com ovo e suco de laranja.,0.1046
PA008950,2023-11-22 17:25:18,"Vento agradavel hoje, aproveitei para caminhar no parque.",0.0438
PA008951,2023-11-22 18:34:18,Atualizacao deixou o sistema muito mais rapido.,0.0646
PA008952,2023-11-22 18:48:43,Show ao vivo incrivel no fim de semana.,0.0945
PA008953,2023-11-22 18:57:49,Finalmente entendi aquele conceito que me travava.,0.1018
PA008954,2023-11-22 19:24:55,"Maratonei a temporada completa, valeu cada minuto.",0.114
PA008955,2023-11-22 19:45:12,"Passeio no interior no fim de semana, natureza linda.",0.0556
PA008956,2023-11-22 20:00:58,"Livro excelente sobre ciencia de dados, recomendo muito.",0.0475
PA008957,2023-11-22 22:22:29,"Viagem de fim de semana para cidade historica, valeu.",0.1054
PA008958,2023-11-22 23:51:33,"Aprendi receita nova no youtube, ficou otimo.",0.0671
PA008959,2023-11-23 00:39:15,"Livro excelente sobre ciencia de dados, recomendo muito.",0.1299
PA008960,2023-11-23 00:52:25,"Teatro incrivel ontem, peca muito bem dirigida.",0.0711
PA008961,2023-11-23 01:02:28,"Volei com os amigos, muita risada e diversao.",0.0735
PA008962,2023-11-23 01:17:10,"Testei IA para ajudar com codigo, funcionou bem.",0.1202
PA008963,2023-11-23 01:26:53,"Configurei o home office com setup novo, otimo.",0.0094
PA008964,2023-11-23 02:09:43,"Home office com cafe fresquinho do lado, otimo.",0.129
PA008965,2023-11-23 02:47:36,"Padaria da esquina lancou sabor novo, recomendo.",0.0158
PA008966,2023-11-23 03:48:44,Que manha fresca e agradavel para uma caminhada.,0.0498
PA008967,2023-11-23 04:13:07,"Viagem de fim de semana para cidade historica, valeu.",0.0979
PA008968,2023-11-23 05:35:10,"Chuva passageira a tarde, depois o tempo abriu lindo.",0.01
PA008969,2023-11-23 05:51:30,"Consegui estacionamento logo de cara, dia de sorte mesmo.",0.0947
PA008970,2023-11-23 05:54:25,"Serie nova incrivel, amei o primeiro episodio.",0.0041
PA008971,2023-11-23 06:15:23,"Home office com cafe fresquinho do lado, otimo.",0.1427
PA008972,2023-11-23 06:27:50,"Home office com cafe fresquinho do lado, otimo.",0.1135
PA008973,2023-11-23 06:53:41,"Natacao de manha, melhor inicio de dia possivel.",0.0885
PA008974,2023-11-23 07:01:26,"Tarefa dificil concluida com sucesso, que satisfacao.",0.0365
PA008975,2023-11-23 07:02:56,"Praia tranquila, sol perfeito, descanso total.",0.0821
PA008976,2023-11-23 07:07:10,"Que calor hoje, tive que ligar o ar condicionado logo cedo.",0.0898
PA008977,2023-11-23 07:49:38,"Musica nova do meu artista favorito, de outro nivel.",0.0506
PA008978,2023-11-23 08:43:50,Que manha fresca e agradavel para uma caminhada.,0.0803
PA008979,2023-11-23 08:49:22,Pedalada de tarde com vista incrivel do parque.,0.129
PA008980,2023-11-23 08:57:41,Que manha fresca e agradavel para uma caminhada.,0.0876
PA008981,2023-11-23 09:21:28,Aula incrivel sobre estatistica aplicada hoje.,0.0928
PA008982,2023-11-23 10:43:00,"Estudando para a prova de amanha, bem concentrado.",0.1162
PA008983,2023-11-23 10:45:40,Semana intensa mas muito satisfatoria no trabalho.,0.1386
PA008984,2023-11-23 12:37:37,"Yoga pela manha, comecei o dia muito bem.",0.0642
PA008985,2023-11-23 12:46:14,"Testei IA para ajudar com codigo, funcionou bem.",0.0942
PA008986,2023-11-23 12:58:29,"Vento agradavel hoje, aproveitei para caminhar no parque.",0.0759
PA008987,2023-11-23 13:38:26,"Musica nova do meu artista favorito, de outro nivel.",0.0
PA008988,2023-11-23 16:05:38,"Aprendi receita nova no youtube, ficou otimo.",0.0541
PA008989,2023-11-23 16:45:50,Aplicativo de carona funcionou perfeitamente.,0.0421
PA008990,2023-11-23 17:52:53,"Novo celular chegou, a camera e impressionante.",0.0422
PA008991,2023-11-23 18:57:22,"Tarefa dificil concluida com sucesso, que satisfacao.",0.0444
PA008992,2023-11-23 19:25:59,Caminhada ate a estacao foi otima hoje.,0.1126
PA008993,2023-11-23 19:45:42,"Cuidando das plantas em casa, muito terapeutico.",0.0866
PA008994,2023-11-23 21:54:27,"Aprendi receita nova no youtube, ficou otimo.",0.048
PA008995,2023-11-23 23:34:43,App de produtividade novo que encontrei e otimo.,0.0189
PA008996,2023-11-24 00:40:26,Finalmente entendi aquele conceito que me travava.,0.0765
PA008997,2023-11-24 00:58:39,Grupo de estudos foi muito produtivo hoje.,0.1046
PA008998,2023-11-24 04:11:35,App de produtividade novo que encontrei e otimo.,0.0899
PA008999,2023-11-24 06:50:33,"Musica nova do meu artista favorito, de outro nivel.",0.0938
PA009000,2023-11-24 07:15:39,"Tentei receita nova de bolo de cenoura, ficou fofinho.",0.0154
PA009001,2023-11-24 07:31:20,"Aprendi receita nova no youtube, ficou otimo.",0.0813
PA009002,2023-11-24 08:43:47,Leitura no jardim com tempo agradavel.,0.1425
PA009003,2023-11-24 09:50:23,"Passei na certificacao, muito feliz com o resultado.",0.0593
PA009004,2023-11-24 11:05:58,Que manha fresca e agradavel para uma caminhada.,0.1025
PA009005,2023-11-24 11:48:37,"Notebook novo chegou, que desempenho incrivel.",0.162
PA009006,2023-11-24 14:00:23,"Padaria da esquina lancou sabor novo, recomendo.",0.0987
PA009007,2023-11-24 14:50:21,"Padaria da esquina lancou sabor novo, recomendo.",0.1029
PA009008,2023-11-24 14:58:33,Jogo novo me viciou de um jeito bom.,0.1105
PA009009,2023-11-24 15:02:49,"Cuidando das plantas em casa, muito terapeutico.",0.082
PA009010,2023-11-24 16:15:56,"Dia nublado mas tranquilo, bom para estudar sem distracao.",0.0955
PA009011,2023-11-24 17:06:48,Cafe da manha caprichado: tapioca com ovo e suco de laranja.,0.0742
PA009012,2023-11-24 17:33:29,"Fui num restaurante novo, a pizza estava espetacular.",0.0235
PA009013,2023-11-24 17:39:03,"Teatro incrivel ontem, peca muito bem dirigida.",0.1588
PA009014,2023-11-24 21:15:30,"Chuva passageira a tarde, depois o tempo abriu lindo.",0.0896
PA009015,2023-11-24 23:21:35,"Estrada livre, cheguei no trabalho rapido hoje.",0.0653
PA009016,2023-11-24 23:49:40,Grupo de estudos foi muito produtivo hoje.,0.1353
PA009017,2023-11-25 01:14:53,"Domingo em familia, melhor dia da semana.",0.0501
PA009018,2023-11-25 04:00:14,Cafe da manha caprichado: tapioca com ovo e suco de laranja.,0.0911
PA009019,2023-11-25 04:20:07,"Chuva passageira a tarde, depois o tempo abriu lindo.",0.0701
PA009020,2023-11-25 04:53:36,"Museu da cidade muito interessante, aprendi bastante.",0.0903
PA009021,2023-11-25 06:43:17,"Museu da cidade muito interessante, aprendi bastante.",0.0
PA009022,2023-11-25 06:51:45,"Reuniao produtiva hoje, saimos com otimas ideias.",0.0821
PA009023,2023-11-25 06:52:54,"Meditacao de manha, comecando o dia muito bem.",0.0565
PA009024,2023-11-25 07:26:01,"Serie nova incrivel, amei o primeiro episodio.",0.0236
PA009025,2023-11-25 08:08:04,"Viagem de fim de semana para cidade historica, valeu.",0.0095
PA009026,2023-11-25 09:06:24,"Volei com os amigos, muita risada e diversao.",0.0364
PA009027,2023-11-25 09:45:53,"Volei com os amigos, muita risada e diversao.",0.0067
PA009028,2023-11-25 11:43:07,"Meditacao de manha, comecando o dia muito bem.",0.0932
PA009029,2023-11-25 13:57:21,Jogo novo me viciou de um jeito bom.,0.0282
PA009030,2023-11-25 14:03:38,"Pausa pro cafe com os colegas, bate-papo otimo.",0.0031
PA009031,2023-11-25 15:16:40,"Praia tranquila, sol perfeito, descanso total.",0.0475
PA009032,2023-11-25 15:35:05,Jogo novo me viciou de um jeito bom.,0.1428
PA009033,2023-11-25 16:51:19,"Home office com cafe fresquinho do lado, otimo.",0.0
PA009034,2023-11-25 17:15:02,"Volei com os amigos, muita risada e diversao.",0.0624
PA009035,2023-11-25 18:47:09,"Reuniao produtiva hoje, saimos com otimas ideias.",0.0629
PA009036,2023-11-25 19:34:53,"Pipoca e serie boa na sexta, programa perfeito.",0.0207
PA009037,2023-11-25 21:48:26,"Fui num restaurante novo, a pizza estava espetacular.",0.0938
PA009038,2023-11-25 22:01:24,"Apresentacao correu muito bem, todos gostaram.",0.1051
PA009039,2023-11-25 22:23:16,Atualizacao deixou o sistema muito mais rapido.,0.1132
PA009040,2023-11-25 23:18:09,App de produtividade novo que encontrei e otimo.,0.154
PA009041,2023-11-26 01:55:20,"Teatro incrivel ontem, peca muito bem dirigida.",0.1295
PA009042,2023-11-26 02:16:34,Show ao vivo incrivel no fim de semana.,0.0
PA009043,2023-11-26 04:04:23,"Natacao de manha, melhor inicio de dia possivel.",0.0718
PA009044,2023-11-26 04:29:02,"Configurei o home office com setup novo, otimo.",0.0938
PA009045,2023-11-26 04:44:09,"Configurei o home office com setup novo, otimo.",0.0739
PA009046,2023-11-26 08:05:59,"Livro excelente sobre ciencia de dados, recomendo muito.",0.1184
PA009047,2023-11-26 08:42:00,"Fui num restaurante novo, a pizza estava espetacular.",0.0004
PA009048,2023-11-26 10:25:20,"Vento agradavel hoje, aproveitei para caminhar no parque.",0.1139
PA009049,2023-11-26 10:45:49,Cafe da manha caprichado: tapioca com ovo e suco de laranja.,0.1497
PA009050,2023-11-26 12:12:35,Terminei o trabalho da faculdade com antecedencia.,0.0786
PA009051,2023-11-26 13:13:42,"Tarefa dificil concluida com sucesso, que satisfacao.",0.0789
PA009052,2023-11-26 13:15:21,"Pausa pro cafe com os colegas, bate-papo otimo.",0.0022
PA009053,2023-11-26 15:20:04,"Natacao de manha, melhor inicio de dia possivel.",0.0854
PA009054,2023-11-26 17:16:31,"Sol lindo hoje, cafe na varanda foi otimo.",0.1669
PA009055,2023-11-26 17:36:21,Leitura no jardim com tempo agradavel.,0.0134
PA009056,2023-11-26 18:53:43,"Teatro incrivel ontem, peca muito bem dirigida.",0.0773
PA009057,2023-11-26 20:37:35,Grupo de estudos foi muito produtivo hoje.,0.0234
PA009058,2023-11-26 20:44:20,"Estudando para a prova de amanha, bem concentrado.",0.0678
PA009059,2023-11-26 21:42:17,"Maratonei a temporada completa, valeu cada minuto.",0.0997
PA009060,2023-11-26 22:17:19,"Meditacao de manha, comecando o dia muito bem.",0.0372
PA009061,2023-11-27 00:17:21,Cafe da manha caprichado: tapioca com ovo e suco de laranja.,0.1499
PA009062,2023-11-27 01:14:17,Semana intensa mas muito satisfatoria no trabalho.,0.0015
PA009063,2023-11-27 01:29:05,Atualizacao deixou o sistema muito mais rapido.,0.1154
PA009064,2023-11-27 02:03:51,Podcast sobre tecnologia muito interessante.,0.0817
PA009065,2023-11-27 02:10:17,"Volei com os amigos, muita risada e diversao.",0.1117
PA009066,2023-11-27 03:33:23,Terminei o trabalho da faculdade com antecedencia.,0.0519
PA009067,2023-11-27 03:44:41,Cafe da manha caprichado: tapioca com ovo e suco de laranja.,0.1338
PA009068,2023-11-27 04:39:34,Aplicativo de carona funcionou perfeitamente.,0.054
PA009069,2023-11-27 05:54:37,"Pausa pro cafe com os colegas, bate-papo otimo.",0.0249
PA009070,2023-11-27 06:50:16,"Fui num restaurante novo, a pizza estava espetacular.",0.0475
PA009071,2023-11-27 06:59:51,Que tarde relaxante lendo na rede.,0.0
PA009072,2023-11-27 08:21:08,Caminhada ate a estacao foi otima hoje.,0.159
PA009073,2023-11-27 10:04:54,"Trilha ecologica incrivel, natureza pura.",0.1468
PA009074,2023-11-27 10:15:23,"Chuva passageira a tarde, depois o tempo abriu lindo.",0.0
PA009075,2023-11-27 10:35:44,"Viagem de fim de semana para cidade historica, valeu.",0.0298
PA009076,2023-11-27 13:56:33,Podcast sobre tecnologia muito interessante.,0.0366
PA009077,2023-11-27 14:13:40,"Pausa pro cafe com os colegas, bate-papo otimo.",0.0
PA009078,2023-11-27 14:15:23,"Passei na certificacao, muito feliz com o resultado.",0.1119
PA009079,2023-11-27 14:16:04,Show ao vivo incrivel no fim de semana.,0.0711
PA009080,2023-11-27 15:45:40,"Filme otimo ontem, fui ao cinema com a familia.",0.0803
PA009081,2023-11-27 15:58:22,Semana intensa mas muito satisfatoria no trabalho.,0.1146
PA009082,2023-11-27 16:17:45,"Almoco incrivel hoje, fiz lasanha caseira do zero.",0.0579
PA009083,2023-11-27 16:54:28,"Aprendi receita nova no youtube, ficou otimo.",0.0329
PA009084,2023-11-27 19:10:28,"Natacao de manha, melhor inicio de dia possivel.",0.0275
PA009085,2023-11-27 19:29:54,"Natacao de manha, melhor inicio de dia possivel.",0.0509
PA009086,2023-11-27 19:59:08,"Natacao de manha, melhor inicio de dia possivel.",0.1157
PA009087,2023-11-27 21:29:41,"Meu time ganhou hoje, que jogo bonito foi.",0.0728
PA009088,2023-11-27 21:34:02,Grupo de estudos foi muito produtivo hoje.,0.0851
PA009089,2023-11-27 22:24:28,Show ao vivo incrivel no fim de semana.,0.1376
PA009090,2023-11-27 22:54:53,"Sol lindo hoje, cafe na varanda foi otimo.",0.157
PA009091,2023-11-27 23:52:35,"Reuniao produtiva hoje, saimos com otimas ideias.",0.1086
PA009092,2023-11-28 00:01:19,Atualizacao deixou o sistema muito mais rapido.,0.0
PA009093,2023-11-28 00:04:43,"Padaria da esquina lancou sabor novo, recomendo.",0.1183
PA009094,2023-11-28 01:16:48,"Cuidando das plantas em casa, muito terapeutico.",0.0812
PA009095,2023-11-28 02:31:02,"Vento agradavel hoje, aproveitei para caminhar no parque.",0.0711
PA009096,2023-11-28 03:13:06,"Trilha ecologica incrivel, natureza pura.",0.082
PA009097,2023-11-28 03:18:42,"Choveu a tarde toda, dia perfeito pra ficar em casa lendo.",0.169
PA009098,2023-11-28 03:48:45,"Padaria da esquina lancou sabor novo, recomendo.",0.1123
PA009099,2023-11-28 03:55:12,Semana intensa mas muito satisfatoria no trabalho.,0.0708
PA009100,2023-11-28 04:22:12,"Apresentacao correu muito bem, todos gostaram.",0.087
PA009101,2023-11-28 05:17:56,"Passei na certificacao, muito feliz com o resultado.",0.0153
PA009102,2023-11-28 06:05:00,"Sopa de legumes no frio, reconfortante e gostosa.",0.1373
PA009103,2023-11-28 09:22:37,"Musica nova do meu artista favorito, de outro nivel.",0.0747
PA009104,2023-11-28 11:01:45,Finalmente entendi aquele conceito que me travava.,0.1667
PA009105,2023-11-28 11:06:58,"Cuidando das plantas em casa, muito terapeutico.",0.0629
PA009106,2023-11-28 11:44:39,Pedalada de tarde com vista incrivel do parque.,0.0422
PA009107,2023-11-28 11:55:38,"Teatro incrivel ontem, peca muito bem dirigida.",0.0
PA009108,2023-11-28 13:12:48,Que tarde relaxante lendo na rede.,0.0631
PA009109,2023-11-28 13:26:44,Caminhada ate a estacao foi otima hoje.,0.1429
PA009110,2023-11-28 15:01:28,"Configurei o home office com setup novo, otimo.",0.0759
PA009111,2023-11-28 16:41:13,"Passeio no interior no fim de semana, natureza linda.",0.0
PA009112,2023-11-28 17:10:55,Cafe da manha caprichado: tapioca com ovo e suco de laranja.,0.0506
PA009113,2023-11-28 17:28:25,"Viagem de fim de semana para cidade historica, valeu.",0.0875
PA009114,2023-11-28 18:04:38,"Home office com cafe fresquinho do lado, otimo.",0.1239
PA009115,2023-11-28 22:09:10,"Almoco incrivel hoje, fiz lasanha caseira do zero.",0.0998
PA009116,2023-11-28 23:01:09,"Museu da cidade muito interessante, aprendi bastante.",0.0823
PA009117,2023-11-28 23:10:44,"Plantei temperos na sacada, que satisfacao.",0.102
PA009118,2023-11-28 23:12:14,"Academia hoje, treino puxado mas valeu muito.",0.1323
PA009119,2023-11-28 23:16:32,"Livro excelente sobre ciencia de dados, recomendo muito.",0.012
PA009120,2023-11-29 01:12:59,Show ao vivo incrivel no fim de semana.,0.1033
PA009121,2023-11-29 02:29:33,"Maratonei a temporada completa, valeu cada minuto.",0.1569
PA009122,2023-11-29 04:29:12,"Meu time ganhou hoje, que jogo bonito foi.",0.0458
PA009123,2023-11-29 04:59:06,Podcast sobre tecnologia muito interessante.,0.0724
PA009124,2023-11-29 05:43:37,"Reuniao produtiva hoje, saimos com otimas ideias.",0.0169
PA009125,2023-11-29 06:18:03,"Passeio no interior no fim de semana, natureza linda.",0.0657
PA009126,2023-11-29 08:16:39,"Fui de bike hoje, que exercicio agradavel de manha.",0.0291
PA009127,2023-11-29 08:21:09,"Corri 5km de manha, semana otima de treino.",0.0924
PA009128,2023-11-29 10:55:29,"Fui de bike hoje, que exercicio agradavel de manha.",0.1658
PA009129,2023-11-29 11:17:21,"Teatro incrivel ontem, peca muito bem dirigida.",0.059
PA009130,2023-11-29 11:47:14,"Notebook novo chegou, que desempenho incrivel.",0.065
PA009131,2023-11-29 12:11:17,Semana intensa mas muito satisfatoria no trabalho.,0.146
PA009132,2023-11-29 13:36:00,"Configurei o home office com setup novo, otimo.",0.1902
PA009133,2023-11-29 13:50:30,"Almoco incrivel hoje, fiz lasanha caseira do zero.",0.0824
PA009134,2023-11-29 14:02:56,"Meu time ganhou hoje, que jogo bonito foi.",0.0441
PA009135,2023-11-29 14:31:30,"Serie nova incrivel, amei o primeiro episodio.",0.0566
PA009136,2023-11-29 16:08:29,Podcast sobre tecnologia muito interessante.,0.0364
PA009137,2023-11-29 16:38:19,"Viagem de fim de semana para cidade historica, valeu.",0.0549
PA009138,2023-11-29 16:46:48,Aula incrivel sobre estatistica aplicada hoje.,0.1437
PA009139,2023-11-29 18:29:46,Grupo de estudos foi muito produtivo hoje.,0.0815
PA009140,2023-11-29 19:19:24,"Praia tranquila, sol perfeito, descanso total.",0.0117
PA009141,2023-11-29 21:29:10,"Novo celular chegou, a camera e impressionante.",0.0
PA009142,2023-11-29 21:50:18,"Reuniao produtiva hoje, saimos com otimas ideias.",0.1337
PA009143,2023-11-29 22:10:02,"Apresentacao correu muito bem, todos gostaram.",0.1601
PA009144,2023-11-29 22:30:56,"Consegui estacionamento logo de cara, dia de sorte mesmo.",0.0862
PA009145,2023-11-29 23:49:20,"Sopa de legumes no frio, reconfortante e gostosa.",0.1765
PA009146,2023-11-30 00:51:36,Caminhada ate a estacao foi otima hoje.,0.052
PA009147,2023-11-30 01:36:59,"Tentei receita nova de bolo de cenoura, ficou fofinho.",0.1564
PA009148,2023-11-30 03:25:16,Jantar simples mas gostoso com a familia.,0.0337
PA009149,2023-11-30 05:11:38,"Que calor hoje, tive que ligar o ar condicionado logo cedo.",0.0466
PA009150,2023-11-30 05:36:03,Aplicativo de carona funcionou perfeitamente.,0.1118
PA009151,2023-11-30 06:02:18,"Plantei temperos na sacada, que satisfacao.",0.0914
PA009152,2023-11-30 07:04:37,"Notebook novo chegou, que desempenho incrivel.",0.0
PA009153,2023-11-30 07:20:08,Brigadeiro de panela saiu incrivel hoje.,0.0588
PA009154,2023-11-30 07:23:21,"Apresentacao correu muito bem, todos gostaram.",0.1643
PA009155,2023-11-30 13:34:19,"Notebook novo chegou, que desempenho incrivel.",0.0424
PA009156,2023-11-30 14:23:38,App de produtividade novo que encontrei e otimo.,0.1123
PA009157,2023-11-30 15:15:42,"Choveu a tarde toda, dia perfeito pra ficar em casa lendo.",0.1444
PA009158,2023-11-30 15:26:05,"Museu da cidade muito interessante, aprendi bastante.",0.0793
PA009159,2023-11-30 16:56:45,"Home office com cafe fresquinho do lado, otimo.",0.0418
PA009160,2023-11-30 16:59:43,"Testei IA para ajudar com codigo, funcionou bem.",0.116
PA009161,2023-11-30 18:12:28,"Museu da cidade muito interessante, aprendi bastante.",0.156
PA009162,2023-11-30 18:47:06,"Chuva passageira a tarde, depois o tempo abriu lindo.",0.0818
PA009163,2023-11-30 19:22:04,Finalmente entendi aquele conceito que me travava.,0.07
PA009164,2023-11-30 19:41:25,"Maratonei a temporada completa, valeu cada minuto.",0.0358
PA009165,2023-11-30 20:50:52,"Fui num restaurante novo, a pizza estava espetacular.",0.0169
PA009166,2023-11-30 21:23:01,Jogo novo me viciou de um jeito bom.,0.0418
PA009167,2023-11-30 23:50:17,"Consegui estacionamento logo de cara, dia de sorte mesmo.",0.0485
PA009168,2023-12-01 00:05:16,"Configurei o home office com setup novo, otimo.",0.15
PA009169,2023-12-01 00:50:22,"Almoco incrivel hoje, fiz lasanha caseira do zero.",0.0618
PA009170,2023-12-01 01:02:36,"Maratonei a temporada completa, valeu cada minuto.",0.041
PA009171,2023-12-01 06:05:54,"Vento agradavel hoje, aproveitei para caminhar no parque.",0.0
PA009172,2023-12-01 06:21:30,Leitura no jardim com tempo agradavel.,0.1186
PA009173,2023-12-01 07:17:26,"Viagem de fim de semana para cidade historica, valeu.",0.0943
PA009174,2023-12-01 07:55:35,"Fui num restaurante novo, a pizza estava espetacular.",0.1009
PA009175,2023-12-01 09:15:05,"Sol lindo hoje, cafe na varanda foi otimo.",0.0892
PA009176,2023-12-01 09:18:55,"Estudando para a prova de amanha, bem concentrado.",0.0646
PA009177,2023-12-01 09:59:11,"Consegui estacionamento logo de cara, dia de sorte mesmo.",0.0731
PA009178,2023-12-01 10:16:59,"Filme otimo ontem, fui ao cinema com a familia.",0.0649
PA009179,2023-12-01 10:20:10,"Churrasco com a familia no final de semana, delicioso.",0.1243
PA009180,2023-12-01 10:59:12,"Acai gelado essa tarde, refrescante demais.",0.0927
PA009181,2023-12-01 11:42:20,"Academia hoje, treino puxado mas valeu muito.",0.0457
PA009182,2023-12-01 11:43:48,Aula incrivel sobre estatistica aplicada hoje.,0.1716
PA009183,2023-12-01 12:08:15,"Praia tranquila, sol perfeito, descanso total.",0.0883
PA009184,2023-12-01 12:51:49,"Livro excelente sobre ciencia de dados, recomendo muito.",0.1106
PA009185,2023-12-01 13:44:49,"Novo celular chegou, a camera e impressionante.",0.0529
PA009186,2023-12-01 16:30:41,"Passeio com o cachorro no parque, ele adorou.",0.0054
PA009187,2023-12-01 18:55:14,"Meu time ganhou hoje, que jogo bonito foi.",0.1473
PA009188,2023-12-01 21:06:39,"Tentei receita nova de bolo de cenoura, ficou fofinho.",0.0922
PA009189,2023-12-01 21:24:24,"Passei na certificacao, muito feliz com o resultado.",0.1344
PA009190,2023-12-01 21:31:43,"Estrada livre, cheguei no trabalho rapido hoje.",0.0655
PA009191,2023-12-01 22:26:22,"Fila do hospital andando devagar, sistema falido.",0.9149
PA009192,2023-12-02 00:05:06,"Tarefa dificil concluida com sucesso, que satisfacao.",0.0717
PA009193,2023-12-02 00:18:23,"Apresentacao correu muito bem, todos gostaram.",0.0
PA009194,2023-12-02 01:09:12,"Meditacao de manha, comecando o dia muito bem.",0.1203
PA009195,2023-12-02 01:32:42,"Meditacao de manha, comecando o dia muito bem.",0.173
PA009196,2023-12-02 01:47:25,"Estrada livre, cheguei no trabalho rapido hoje.",0.0906
PA009197,2023-12-02 01:59:07,"Academia hoje, treino puxado mas valeu muito.",0.1155
PA009198,2023-12-02 03:07:08,"Filme otimo ontem, fui ao cinema com a familia.",0.1375
PA009199,2023-12-02 03:32:38,"Tentei receita nova de bolo de cenoura, ficou fofinho.",0.0681
PA009200,2023-12-02 05:02:36,Semana intensa mas muito satisfatoria no trabalho.,0.119
PA009201,2023-12-02 06:46:53,"Praia tranquila, sol perfeito, descanso total.",0.1344
PA009202,2023-12-02 08:46:22,"Plantei temperos na sacada, que satisfacao.",0.0795
PA009203,2023-12-02 09:12:42,Grupo de estudos foi muito produtivo hoje.,0.0359
PA009204,2023-12-02 09:59:39,Terminei o trabalho da faculdade com antecedencia.,0.0167
PA009205,2023-12-02 11:35:50,App de produtividade novo que encontrei e otimo.,0.1709
PA009206,2023-12-02 14:06:10,"Trilha ecologica incrivel, natureza pura.",0.0656
PA009207,2023-12-02 14:34:42,"Estudando para a prova de amanha, bem concentrado.",0.1545
PA009208,2023-12-02 15:11:10,"Biblioteca da universidade, ambiente otimo para estudar.",0.0504
PA009209,2023-12-02 17:06:10,"Tentei receita nova de bolo de cenoura, ficou fofinho.",0.086
PA009210,2023-12-02 17:16:57,"Vento agradavel hoje, aproveitei para caminhar no parque.",0.1556
PA009211,2023-12-02 17:48:28,"Metro bem tranquilo essa manha, cheguei bem.",0.0886
PA009212,2023-12-02 18:03:22,"Praia tranquila, sol perfeito, descanso total.",0.0
PA009213,2023-12-02 19:36:44,"Plantei temperos na sacada, que satisfacao.",0.0686
PA009214,2023-12-02 21:24:47,"O outono chegou cedo esse ano, que frio gostoso de manha.",0.1404
PA009215,2023-12-02 21:24:49,"Fui de bike hoje, que exercicio agradavel de manha.",0.1563
PA009216,2023-12-02 22:22:27,Show ao vivo incrivel no fim de semana.,0.0348
PA009217,2023-12-02 22:23:36,"Fechei projeto importante essa semana, que alegria.",0.1029
PA009218,2023-12-03 00:40:07,"Praia tranquila, sol perfeito, descanso total.",0.053
PA009219,2023-12-03 01:41:49,"Que calor hoje, tive que ligar o ar condicionado logo cedo.",0.0362
PA009220,2023-12-03 03:10:47,Grupo de estudos foi muito produtivo hoje.,0.1327
PA009221,2023-12-03 04:03:00,"Aprendi receita nova no youtube, ficou otimo.",0.0
PA009222,2023-12-03 05:19:19,"Aprendi receita nova no youtube, ficou otimo.",0.061
PA009223,2023-12-03 07:48:31,"Pausa pro cafe com os colegas, bate-papo otimo.",0.0337
PA009224,2023-12-03 08:01:50,"Meu time ganhou hoje, que jogo bonito foi.",0.0952
PA009225,2023-12-03 08:16:06,"Sol lindo hoje, cafe na varanda foi otimo.",0.125
PA009226,2023-12-03 09:31:39,Jantar simples mas gostoso com a familia.,0.0284
PA009227,2023-12-03 09:36:42,"Reuniao produtiva hoje, saimos com otimas ideias.",0.1641
PA009228,2023-12-03 09:49:10,"Academia hoje, treino puxado mas valeu muito.",0.2
PA009229,2023-12-03 10:19:27,"Tentei receita nova de bolo de cenoura, ficou fofinho.",0.0
PA009230,2023-12-03 10:33:36,"Viagem de fim de semana para cidade historica, valeu.",0.1375
PA009231,2023-12-03 11:12:44,Semana intensa mas muito satisfatoria no trabalho.,0.0643
PA009232,2023-12-03 12:19:52,"Pipoca e serie boa na sexta, programa perfeito.",0.0506
PA009233,2023-12-03 14:22:22,"Passei na certificacao, muito feliz com o resultado.",0.0
PA009234,2023-12-03 14:42:49,"Reencontrei um amigo antigo por acaso, que alegria.",0.1417
PA009235,2023-12-03 16:03:38,Cafe da manha caprichado: tapioca com ovo e suco de laranja.,0.0201
PA009236,2023-12-03 16:47:27,"Que calor hoje, tive que ligar o ar condicionado logo cedo.",0.0824
PA009237,2023-12-03 17:07:48,"Vento agradavel hoje, aproveitei para caminhar no parque.",0.1027
PA009238,2023-12-03 17:11:40,"Cuidando das plantas em casa, muito terapeutico.",0.0334
PA009239,2023-12-03 17:41:54,"Praia tranquila, sol perfeito, descanso total.",0.0827
PA009240,2023-12-03 17:49:21,"Maratonei a temporada completa, valeu cada minuto.",0.0688
PA009241,2023-12-03 19:06:52,"Estudando para a prova de amanha, bem concentrado.",0.0549
PA009242,2023-12-03 19:08:29,Cafe da manha caprichado: tapioca com ovo e suco de laranja.,0.133
PA009243,2023-12-03 19:17:02,"Filme otimo ontem, fui ao cinema com a familia.",0.0397
PA009244,2023-12-03 19:50:09,"Natacao de manha, melhor inicio de dia possivel.",0.105
PA009245,2023-12-03 21:34:52,"Acai gelado essa tarde, refrescante demais.",0.1768
PA009246,2023-12-03 21:43:36,"Natacao de manha, melhor inicio de dia possivel.",0.0841
PA009247,2023-12-03 23:06:45,"Volei com os amigos, muita risada e diversao.",0.0882
PA009248,2023-12-03 23:16:47,"Consegui estacionamento logo de cara, dia de sorte mesmo.",0.1489
PA009249,2023-12-04 00:04:13,"Pipoca e serie boa na sexta, programa perfeito.",0.1199
PA009250,2023-12-04 00:38:47,"Trilha ecologica incrivel, natureza pura.",0.1178
PA009251,2023-12-04 02:03:03,Aplicativo de carona funcionou perfeitamente.,0.0
PA009252,2023-12-04 02:07:26,"Viagem de fim de semana para cidade historica, valeu.",0.1107
PA009253,2023-12-04 03:23:40,"Consegui estacionamento logo de cara, dia de sorte mesmo.",0.0082
PA009254,2023-12-04 03:25:30,"Onibus chegou no horario hoje, que surpresa agradavel.",0.139
PA009255,2023-12-04 03:49:21,"Acai gelado essa tarde, refrescante demais.",0.129
PA009256,2023-12-04 04:01:47,"Passeio no interior no fim de semana, natureza linda.",0.0344
PA009257,2023-12-04 04:37:01,"Reencontrei um amigo antigo por acaso, que alegria.",0.0454
PA009258,2023-12-04 05:53:07,"Sopa de legumes no frio, reconfortante e gostosa.",0.0243
PA009259,2023-12-04 07:55:51,"Metro bem tranquilo essa manha, cheguei bem.",0.1785
PA009260,2023-12-04 08:24:35,Podcast sobre tecnologia muito interessante.,0.0284
PA009261,2023-12-04 09:32:23,"Sopa de legumes no frio, reconfortante e gostosa.",0.0
PA009262,2023-12-04 09:52:00,"Fechei projeto importante essa semana, que alegria.",0.1154
PA009263,2023-12-04 11:48:46,"Meditacao de manha, comecando o dia muito bem.",0.0631
PA009264,2023-12-04 12:45:42,"Passeio no interior no fim de semana, natureza linda.",0.2
PA009265,2023-12-04 13:32:37,"Almoco incrivel hoje, fiz lasanha caseira do zero.",0.0385
PA009266,2023-12-04 17:53:45,"Viagem de fim de semana para cidade historica, valeu.",0.1288
PA009267,2023-12-04 18:05:51,Que manha fresca e agradavel para uma caminhada.,0.1468
PA009268,2023-12-04 18:57:59,"Aprendi receita nova no youtube, ficou otimo.",0.0117
PA009269,2023-12-04 19:23:23,"Tentei receita nova de bolo de cenoura, ficou fofinho.",0.0322
PA009270,2023-12-04 19:34:11,Podcast sobre tecnologia muito interessante.,0.0436
PA009271,2023-12-04 21:11:38,"Cuidando das plantas em casa, muito terapeutico.",0.0447
PA009272,2023-12-04 21:12:43,Atualizacao deixou o sistema muito mais rapido.,0.1064
PA009273,2023-12-04 21:22:04,Caminhada ate a estacao foi otima hoje.,0.1667
PA009274,2023-12-04 22:24:20,Que manha fresca e agradavel para uma caminhada.,0.1577
PA009275,2023-12-04 22:46:03,"Meditacao de manha, comecando o dia muito bem.",0.0751
PA009276,2023-12-05 00:48:54,"Fechei projeto importante essa semana, que alegria.",0.0648
PA009277,2023-12-05 02:01:45,Show ao vivo incrivel no fim de semana.,0.1031
PA009278,2023-12-05 03:08:39,"Dia nublado mas tranquilo, bom para estudar sem distracao.",0.0529
PA009279,2023-12-05 04:16:44,"Reencontrei um amigo antigo por acaso, que alegria.",0.0796
PA009280,2023-12-05 04:21:47,"Biblioteca da universidade, ambiente otimo para estudar.",0.0487
PA009281,2023-12-05 05:22:30,"Churrasco com a familia no final de semana, delicioso.",0.0296
PA009282,2023-12-05 05:36:21,"Pipoca e serie boa na sexta, programa perfeito.",0.0316
PA009283,2023-12-05 07:00:25,Show ao vivo incrivel no fim de semana.,0.0
PA009284,2023-12-05 07:51:56,"Teatro incrivel ontem, peca muito bem dirigida.",0.0421
PA009285,2023-12-05 09:20:35,"Consegui estacionamento logo de cara, dia de sorte mesmo.",0.1496
PA009286,2023-12-05 10:03:25,"Plantei temperos na sacada, que satisfacao.",0.0332
PA009287,2023-12-05 10:47:41,"Viagem de fim de semana para cidade historica, valeu.",0.0902
PA009288,2023-12-05 10:48:42,Leitura no jardim com tempo agradavel.,0.072
PA009289,2023-12-05 11:34:54,Finalmente entendi aquele conceito que me travava.,0.0305
PA009290,2023-12-05 12:18:01,"Domingo em familia, melhor dia da semana.",0.0987
PA009291,2023-12-05 12:51:11,"O outono chegou cedo esse ano, que frio gostoso de manha.",0.1069
PA009292,2023-12-05 17:43:21,"Tarefa dificil concluida com sucesso, que satisfacao.",0.1226
PA009293,2023-12-05 18:01:35,"Apresentacao correu muito bem, todos gostaram.",0.052
PA009294,2023-12-05 19:03:51,"Acai gelado essa tarde, refrescante demais.",0.0302
PA009295,2023-12-05 19:14:10,"Que calor hoje, tive que ligar o ar condicionado logo cedo.",0.0716
PA009296,2023-12-05 19:24:49,"Sopa de legumes no frio, reconfortante e gostosa.",0.0492
PA009297,2023-12-05 19:25:07,"Pausa pro cafe com os colegas, bate-papo otimo.",0.0557
PA009298,2023-12-05 19:48:33,Pedalada de tarde com vista incrivel do parque.,0.0938
PA009299,2023-12-05 19:54:58,"Tarefa dificil concluida com sucesso, que satisfacao.",0.0778
PA009300,2023-12-05 20:40:36,Jogo novo me viciou de um jeito bom.,0.0295
PA009301,2023-12-05 21:12:34,Brigadeiro de panela saiu incrivel hoje.,0.1305
PA009302,2023-12-05 21:37:11,"Acai gelado essa tarde, refrescante demais.",0.1248
PA009303,2023-12-05 22:17:40,"Chuva passageira a tarde, depois o tempo abriu lindo.",0.034
PA009304,2023-12-05 23:11:43,Cafe da manha caprichado: tapioca com ovo e suco de laranja.,0.0374
PA009305,2023-12-05 23:32:10,Atualizacao deixou o sistema muito mais rapido.,0.1106
PA009306,2023-12-06 00:32:05,"Chuva passageira a tarde, depois o tempo abriu lindo.",0.0435
PA009307,2023-12-06 00:33:51,Cafe da manha caprichado: tapioca com ovo e suco de laranja.,0.0412
PA009308,2023-12-06 00:47:29,"Volei com os amigos, muita risada e diversao.",0.0
PA009309,2023-12-06 01:03:03,"Tentei receita nova de bolo de cenoura, ficou fofinho.",0.069
PA009310,2023-12-06 03:08:07,Leitura no jardim com tempo agradavel.,0.0384
PA009311,2023-12-06 04:17:20,"Filme otimo ontem, fui ao cinema com a familia.",0.0738
PA009312,2023-12-06 07:45:45,Semana intensa mas muito satisfatoria no trabalho.,0.0482
PA009313,2023-12-06 08:39:54,Leitura no jardim com tempo agradavel.,0.0522
PA009314,2023-12-06 09:35:42,Que manha fresca e agradavel para uma caminhada.,0.0
PA009315,2023-12-06 10:26:49,Brigadeiro de panela saiu incrivel hoje.,0.098
PA009316,2023-12-06 10:33:32,"Choveu a tarde toda, dia perfeito pra ficar em casa lendo.",0.0631
PA009317,2023-12-06 12:27:59,"Serie nova incrivel, amei o primeiro episodio.",0.1156
PA009318,2023-12-06 12:32:16,Jantar simples mas gostoso com a familia.,0.0352
PA009319,2023-12-06 13:18:21,Jogo novo me viciou de um jeito bom.,0.1158
PA009320,2023-12-06 13:41:58,"Praia tranquila, sol perfeito, descanso total.",0.0651
PA009321,2023-12-06 15:31:05,Jogo novo me viciou de um jeito bom.,0.1315
PA009322,2023-12-06 16:11:38,"Onibus chegou no horario hoje, que surpresa agradavel.",0.0677
PA009323,2023-12-06 17:06:21,Semana intensa mas muito satisfatoria no trabalho.,0.1683
PA009324,2023-12-06 17:33:53,"Estrada livre, cheguei no trabalho rapido hoje.",0.0587
PA009325,2023-12-06 19:54:04,"Estrada livre, cheguei no trabalho rapido hoje.",0.0
PA009326,2023-12-06 21:52:47,App de produtividade novo que encontrei e otimo.,0.1448
PA009327,2023-12-06 22:00:12,"Sol lindo hoje, cafe na varanda foi otimo.",0.0916
PA009328,2023-12-06 22:59:59,"Plantei temperos na sacada, que satisfacao.",0.164
PA009329,2023-12-07 01:12:11,Jantar simples mas gostoso com a familia.,0.0742
PA009330,2023-12-07 01:27:45,"Chuva passageira a tarde, depois o tempo abriu lindo.",0.0473
PA009331,2023-12-07 02:25:54,Atualizacao deixou o sistema muito mais rapido.,0.0
PA009332,2023-12-07 02:43:02,"Churrasco com a familia no final de semana, delicioso.",0.0
PA009333,2023-12-07 03:18:57,"Dia nublado mas tranquilo, bom para estudar sem distracao.",0.0
PA009334,2023-12-07 04:17:53,"Tentei receita nova de bolo de cenoura, ficou fofinho.",0.1008
PA009335,2023-12-07 05:28:37,"Livro excelente sobre ciencia de dados, recomendo muito.",0.0915
PA009336,2023-12-07 05:45:58,"Acai gelado essa tarde, refrescante demais.",0.0954
PA009337,2023-12-07 05:51:29,"Passeio com o cachorro no parque, ele adorou.",0.2
PA009338,2023-12-07 06:11:57,Aula incrivel sobre estatistica aplicada hoje.,0.0295
PA009339,2023-12-07 06:50:30,Cafe da manha caprichado: tapioca com ovo e suco de laranja.,0.0302
PA009340,2023-12-07 08:33:06,"Chuva passageira a tarde, depois o tempo abriu lindo.",0.133
PA009341,2023-12-07 08:56:31,Grupo de estudos foi muito produtivo hoje.,0.0315
PA009342,2023-12-07 10:32:54,"Tentei receita nova de bolo de cenoura, ficou fofinho.",0.0449
PA009343,2023-12-07 10:43:34,"Estrada livre, cheguei no trabalho rapido hoje.",0.0299
PA009344,2023-12-07 11:35:22,Aplicativo de carona funcionou perfeitamente.,0.1234
PA009345,2023-12-07 12:21:24,"Minha mae fez feijao com arroz e linguica, classico perfeito.",0.0203
PA009346,2023-12-07 12:22:59,"Choveu a tarde toda, dia perfeito pra ficar em casa lendo.",0.1667
PA009347,2023-12-07 12:24:09,"Academia hoje, treino puxado mas valeu muito.",0.1926
PA009348,2023-12-07 13:18:19,"Yoga pela manha, comecei o dia muito bem.",0.0981
PA009349,2023-12-07 14:19:46,"Volei com os amigos, muita risada e diversao.",0.1476
PA009350,2023-12-07 14:28:16,"Meditacao de manha, comecando o dia muito bem.",0.1216
PA009351,2023-12-07 14:46:39,"Trilha ecologica incrivel, natureza pura.",0.034
PA009352,2023-12-07 15:31:35,Terminei o trabalho da faculdade com antecedencia.,0.0442
PA009353,2023-12-07 16:17:03,"Domingo em familia, melhor dia da semana.",0.0978
PA009354,2023-12-07 16:22:44,Jogo novo me viciou de um jeito bom.,0.1235
PA009355,2023-12-07 16:57:03,"Sopa de legumes no frio, reconfortante e gostosa.",0.0225
PA009356,2023-12-07 18:31:58,Finalmente entendi aquele conceito que me travava.,0.1121
PA009357,2023-12-07 20:02:41,"Tentei receita nova de bolo de cenoura, ficou fofinho.",0.0619
PA009358,2023-12-07 23:23:23,"Padaria da esquina lancou sabor novo, recomendo.",0.0751
PA009359,2023-12-08 00:11:01,"Maratonei a temporada completa, valeu cada minuto.",0.0762
PA009360,2023-12-08 00:27:38,Jogo novo me viciou de um jeito bom.,0.134
PA009361,2023-12-08 01:08:34,"Filme otimo ontem, fui ao cinema com a familia.",0.0482
PA009362,2023-12-08 01:19:50,"Apresentacao correu muito bem, todos gostaram.",0.1241
PA009363,2023-12-08 05:00:22,"Viagem de fim de semana para cidade historica, valeu.",0.0304
PA009364,2023-12-08 06:29:01,"Testei IA para ajudar com codigo, funcionou bem.",0.1816
PA009365,2023-12-08 08:41:00,"Tentei receita nova de bolo de cenoura, ficou fofinho.",0.1485
PA009366,2023-12-08 09:24:24,Semana intensa mas muito satisfatoria no trabalho.,0.0962
PA009367,2023-12-08 10:03:12,"Meditacao de manha, comecando o dia muito bem.",0.1049
PA009368,2023-12-08 10:46:18,"Metro bem tranquilo essa manha, cheguei bem.",0.0537
PA009369,2023-12-08 12:33:24,"Biblioteca da universidade, ambiente otimo para estudar.",0.0481
PA009370,2023-12-08 12:51:58,"Padaria da esquina lancou sabor novo, recomendo.",0.0853
PA009371,2023-12-08 14:27:11,"Tarefa dificil concluida com sucesso, que satisfacao.",0.0538
PA009372,2023-12-08 16:50:08,Aplicativo de carona funcionou perfeitamente.,0.039
PA009373,2023-12-08 17:49:08,"Tentei receita nova de bolo de cenoura, ficou fofinho.",0.0448
PA009374,2023-12-08 18:26:09,"Passeio com o cachorro no parque, ele adorou.",0.0586
PA009375,2023-12-08 20:06:26,"Academia hoje, treino puxado mas valeu muito.",0.1092
PA009376,2023-12-08 20:21:29,"Plantei temperos na sacada, que satisfacao.",0.1053
PA009377,2023-12-08 20:29:39,App de produtividade novo que encontrei e otimo.,0.1056
PA009378,2023-12-08 22:25:53,Semana intensa mas muito satisfatoria no trabalho.,0.1587
PA009379,2023-12-09 00:21:26,Leitura no jardim com tempo agradavel.,0.0988
PA009380,2023-12-09 01:07:59,"Biblioteca da universidade, ambiente otimo para estudar.",0.1037
PA009381,2023-12-09 01:26:00,"Passeio no interior no fim de semana, natureza linda.",0.0576
PA009382,2023-12-09 01:39:02,Leitura no jardim com tempo agradavel.,0.0534
PA009383,2023-12-09 02:18:04,"Vento agradavel hoje, aproveitei para caminhar no parque.",0.0709
PA009384,2023-12-09 05:26:49,"Musica nova do meu artista favorito, de outro nivel.",0.098
PA009385,2023-12-09 06:42:13,"Plantei temperos na sacada, que satisfacao.",0.0513
PA009386,2023-12-09 07:43:08,Podcast sobre tecnologia muito interessante.,0.1276
PA009387,2023-12-09 08:05:39,"Almoco incrivel hoje, fiz lasanha caseira do zero.",0.1916
PA009388,2023-12-09 08:12:28,"Academia hoje, treino puxado mas valeu muito.",0.0
PA009389,2023-12-09 09:23:46,"Meu time ganhou hoje, que jogo bonito foi.",0.0134
PA009390,2023-12-09 09:58:32,"Serie nova incrivel, amei o primeiro episodio.",0.0298
PA009391,2023-12-09 10:53:51,"Chuva passageira a tarde, depois o tempo abriu lindo.",0.0529
PA009392,2023-12-09 11:01:19,Semana intensa mas muito satisfatoria no trabalho.,0.1004
PA009393,2023-12-09 11:10:30,"Volei com os amigos, muita risada e diversao.",0.0814
PA009394,2023-12-09 11:13:04,"Apresentacao correu muito bem, todos gostaram.",0.0802
PA009395,2023-12-09 12:22:38,Feira de artesanato gostosa de passear.,0.0813
PA009396,2023-12-09 12:45:55,Jantar simples mas gostoso com a familia.,0.0843
PA009397,2023-12-09 12:52:07,"Passeio com o cachorro no parque, ele adorou.",0.0
PA009398,2023-12-09 12:53:23,"Meu time ganhou hoje, que jogo bonito foi.",0.1113
PA009399,2023-12-09 13:09:28,"Passei na certificacao, muito feliz com o resultado.",0.138
PA009400,2023-12-09 13:52:50,"Onibus chegou no horario hoje, que surpresa agradavel.",0.0793
PA009401,2023-12-09 14:00:25,"Meu time ganhou hoje, que jogo bonito foi.",0.0829
PA009402,2023-12-09 14:56:54,"Padaria da esquina lancou sabor novo, recomendo.",0.0291
PA009403,2023-12-09 15:32:01,"Vento agradavel hoje, aproveitei para caminhar no parque.",0.0888
PA009404,2023-12-09 15:36:32,"Novo celular chegou, a camera e impressionante.",0.0536
PA009405,2023-12-09 16:22:14,"Museu da cidade muito interessante, aprendi bastante.",0.1065
PA009406,2023-12-09 17:04:17,"Estudando para a prova de amanha, bem concentrado.",0.1362
PA009407,2023-12-09 18:13:31,"Pausa pro cafe com os colegas, bate-papo otimo.",0.0984
PA009408,2023-12-09 19:35:05,"Aprendi receita nova no youtube, ficou otimo.",0.0813
PA009409,2023-12-09 19:52:24,"Domingo em familia, melhor dia da semana.",0.071
PA009410,2023-12-09 20:00:34,"Estrada livre, cheguei no trabalho rapido hoje.",0.0279
PA009411,2023-12-09 21:17:32,"Viagem de fim de semana para cidade historica, valeu.",0.0
PA009412,2023-12-09 22:14:08,"Musica nova do meu artista favorito, de outro nivel.",0.1158
PA009413,2023-12-09 22:23:42,"Fechei projeto importante essa semana, que alegria.",0.0997
PA009414,2023-12-09 23:53:14,Terminei o trabalho da faculdade com antecedencia.,0.0115
PA009415,2023-12-10 02:04:20,"Pausa pro cafe com os colegas, bate-papo otimo.",0.0779
PA009416,2023-12-10 02:33:02,"Cuidando das plantas em casa, muito terapeutico.",0.0772
PA009417,2023-12-10 02:50:22,"Fui num restaurante novo, a pizza estava espetacular.",0.1095
PA009418,2023-12-10 03:20:43,"Metro bem tranquilo essa manha, cheguei bem.",0.0256
PA009419,2023-12-10 03:35:25,"Sopa de legumes no frio, reconfortante e gostosa.",0.1269
PA009420,2023-12-10 03:38:51,Que manha fresca e agradavel para uma caminhada.,0.1405
PA009421,2023-12-10 05:52:08,Grupo de estudos foi muito produtivo hoje.,0.0412
PA009422,2023-12-10 07:48:28,Show ao vivo incrivel no fim de semana.,0.1299
PA009423,2023-12-10 11:11:53,"Sopa de legumes no frio, reconfortante e gostosa.",0.0191
PA009424,2023-12-10 12:14:25,Jogo novo me viciou de um jeito bom.,0.0983
PA009425,2023-12-10 14:28:30,Aplicativo de carona funcionou perfeitamente.,0.0889
PA009426,2023-12-10 14:30:16,"Estrada livre, cheguei no trabalho rapido hoje.",0.0185
PA009427,2023-12-10 16:02:48,"Livro excelente sobre ciencia de dados, recomendo muito.",0.1261
PA009428,2023-12-10 16:50:47,Feira de artesanato gostosa de passear.,0.1224
PA009429,2023-12-10 17:42:16,"Filme otimo ontem, fui ao cinema com a familia.",0.0403
PA009430,2023-12-10 19:25:30,"O outono chegou cedo esse ano, que frio gostoso de manha.",0.0
PA009431,2023-12-10 19:46:58,"Fui de bike hoje, que exercicio agradavel de manha.",0.0554
PA009432,2023-12-10 20:02:24,"Churrasco com a familia no final de semana, delicioso.",0.1119
PA009433,2023-12-10 21:12:59,"Almoco incrivel hoje, fiz lasanha caseira do zero.",0.0464
PA009434,2023-12-10 22:24:21,"Padaria da esquina lancou sabor novo, recomendo.",0.1322
PA009435,2023-12-10 22:46:27,"Passeio no interior no fim de semana, natureza linda.",0.1142
PA009436,2023-12-10 22:48:49,"Cuidando das plantas em casa, muito terapeutico.",0.145
PA009437,2023-12-11 01:20:59,"Volei com os amigos, muita risada e diversao.",0.0674
PA009438,2023-12-11 02:37:01,Leitura no jardim com tempo agradavel.,0.103
PA009439,2023-12-11 04:08:37,"Choveu a tarde toda, dia perfeito pra ficar em casa lendo.",0.0494
PA009440,2023-12-11 04:21:17,"Tentei receita nova de bolo de cenoura, ficou fofinho.",0.0
PA009441,2023-12-11 05:16:43,Feira de artesanato gostosa de passear.,0.0706
PA009442,2023-12-11 06:37:30,"Domingo em familia, melhor dia da semana.",0.1141
PA009443,2023-12-11 06:47:21,"Vento agradavel hoje, aproveitei para caminhar no parque.",0.0203
PA009444,2023-12-11 06:50:38,"Praia tranquila, sol perfeito, descanso total.",0.1242
PA009445,2023-12-11 07:04:32,Podcast sobre tecnologia muito interessante.,0.0802
PA009446,2023-12-11 07:05:28,Jantar simples mas gostoso com a familia.,0.1579
PA009447,2023-12-11 08:03:17,"Museu da cidade muito interessante, aprendi bastante.",0.1509
PA009448,2023-12-11 09:28:19,"Estudando para a prova de amanha, bem concentrado.",0.0857
PA009449,2023-12-11 11:48:18,"Academia hoje, treino puxado mas valeu muito.",0.0185
PA009450,2023-12-11 11:55:16,"Cuidando das plantas em casa, muito terapeutico.",0.0708
PA009451,2023-12-11 12:22:39,"Vento agradavel hoje, aproveitei para caminhar no parque.",0.0372
PA009452,2023-12-11 12:52:26,"Musica nova do meu artista favorito, de outro nivel.",0.0569
PA009453,2023-12-11 13:33:51,"Novo celular chegou, a camera e impressionante.",0.024
PA009454,2023-12-11 13:35:13,App de produtividade novo que encontrei e otimo.,0.0923
PA009455,2023-12-11 13:44:30,"Plantei temperos na sacada, que satisfacao.",0.0292
PA009456,2023-12-11 14:43:45,"Configurei o home office com setup novo, otimo.",0.136
PA009457,2023-12-11 17:04:04,"Configurei o home office com setup novo, otimo.",0.0777
PA009458,2023-12-11 17:40:09,"Padaria da esquina lancou sabor novo, recomendo.",0.1211
PA009459,2023-12-11 17:53:11,Que manha fresca e agradavel para uma caminhada.,0.0
PA009460,2023-12-11 19:04:42,"Livro excelente sobre ciencia de dados, recomendo muito.",0.1924
PA009461,2023-12-11 19:28:16,"Sopa de legumes no frio, reconfortante e gostosa.",0.0684
PA009462,2023-12-11 19:38:56,"Trilha ecologica incrivel, natureza pura.",0.0727
PA009463,2023-12-11 20:13:37,"Estrada livre, cheguei no trabalho rapido hoje.",0.0698
PA009464,2023-12-11 20:54:06,"Sopa de legumes no frio, reconfortante e gostosa.",0.0778
PA009465,2023-12-11 22:01:03,"Fui de bike hoje, que exercicio agradavel de manha.",0.0888
PA009466,2023-12-11 23:31:30,"Fui num restaurante novo, a pizza estava espetacular.",0.1419
PA009467,2023-12-11 23:48:08,"Trilha ecologica incrivel, natureza pura.",0.0791
PA009468,2023-12-12 03:30:51,"Reuniao produtiva hoje, saimos com otimas ideias.",0.0904
PA009469,2023-12-12 03:47:23,"Serie nova incrivel, amei o primeiro episodio.",0.0485
PA009470,2023-12-12 04:07:50,"Reencontrei um amigo antigo por acaso, que alegria.",0.046
PA009471,2023-12-12 05:45:23,"Biblioteca da universidade, ambiente otimo para estudar.",0.0
PA009472,2023-12-12 06:38:58,"Reuniao produtiva hoje, saimos com otimas ideias.",0.0949
PA009473,2023-12-12 07:11:34,"Passei na certificacao, muito feliz com o resultado.",0.083
PA009474,2023-12-12 07:38:36,Caminhada ate a estacao foi otima hoje.,0.0337
PA009475,2023-12-12 08:11:25,Cafe da manha caprichado: tapioca com ovo e suco de laranja.,0.1889
PA009476,2023-12-12 08:52:31,"Viagem de fim de semana para cidade historica, valeu.",0.061
PA009477,2023-12-12 09:07:44,"Museu da cidade muito interessante, aprendi bastante.",0.0945
PA009478,2023-12-12 11:46:36,"Dia nublado mas tranquilo, bom para estudar sem distracao.",0.081
PA009479,2023-12-12 15:18:17,"Reencontrei um amigo antigo por acaso, que alegria.",0.0548
PA009480,2023-12-12 16:07:02,"Tentei receita nova de bolo de cenoura, ficou fofinho.",0.0985
PA009481,2023-12-12 16:41:01,Que tarde relaxante lendo na rede.,0.1069
PA009482,2023-12-12 16:56:42,"Tentei receita nova de bolo de cenoura, ficou fofinho.",0.0
PA009483,2023-12-12 18:59:33,Caminhada ate a estacao foi otima hoje.,0.152
PA009484,2023-12-12 19:10:11,"Serie nova incrivel, amei o primeiro episodio.",0.1119
PA009485,2023-12-12 19:32:22,Caminhada ate a estacao foi otima hoje.,0.1097
PA009486,2023-12-12 20:19:25,"Viagem de fim de semana para cidade historica, valeu.",0.0813
PA009487,2023-12-12 21:22:51,"Praia tranquila, sol perfeito, descanso total.",0.0792
PA009488,2023-12-12 22:13:57,"Praia tranquila, sol perfeito, descanso total.",0.1475
PA009489,2023-12-12 22:18:58,Pedalada de tarde com vista incrivel do parque.,0.0591
PA009490,2023-12-12 23:57:10,"Filme otimo ontem, fui ao cinema com a familia.",0.0184
PA009491,2023-12-13 01:55:39,"Maratonei a temporada completa, valeu cada minuto.",0.0953
PA009492,2023-12-13 02:40:01,"Sol lindo hoje, cafe na varanda foi otimo.",0.1663
PA009493,2023-12-13 03:10:58,"Natacao de manha, melhor inicio de dia possivel.",0.0644
PA009494,2023-12-13 03:25:39,Pedalada de tarde com vista incrivel do parque.,0.1398
PA009495,2023-12-13 03:44:10,"Vento agradavel hoje, aproveitei para caminhar no parque.",0.1215
PA009496,2023-12-13 04:00:53,"Livro excelente sobre ciencia de dados, recomendo muito.",0.064
PA009497,2023-12-13 04:12:21,Semana intensa mas muito satisfatoria no trabalho.,0.0768
PA009498,2023-12-13 04:19:54,"Academia hoje, treino puxado mas valeu muito.",0.0
PA009499,2023-12-13 05:01:54,"Cuidando das plantas em casa, muito terapeutico.",0.0146
PA009500,2023-12-13 07:52:31,Finalmente entendi aquele conceito que me travava.,0.0389
PA009501,2023-12-13 08:09:48,"Dia nublado mas tranquilo, bom para estudar sem distracao.",0.1439
PA009502,2023-12-13 10:26:17,"Museu da cidade muito interessante, aprendi bastante.",0.0368
PA009503,2023-12-13 11:29:49,"Onibus chegou no horario hoje, que surpresa agradavel.",0.0576
PA009504,2023-12-13 13:03:49,"Cuidando das plantas em casa, muito terapeutico.",0.0371
PA009505,2023-12-13 13:17:10,"Pipoca e serie boa na sexta, programa perfeito.",0.0529
PA009506,2023-12-13 13:38:47,"Choveu a tarde toda, dia perfeito pra ficar em casa lendo.",0.1409
PA009507,2023-12-13 14:17:18,"Meditacao de manha, comecando o dia muito bem.",0.1155
PA009508,2023-12-13 15:16:35,"Domingo em familia, melhor dia da semana.",0.0622
PA009509,2023-12-13 15:51:39,Jantar simples mas gostoso com a familia.,0.1247
PA009510,2023-12-13 16:13:18,"Home office com cafe fresquinho do lado, otimo.",0.1224
PA009511,2023-12-13 16:17:17,"Teatro incrivel ontem, peca muito bem dirigida.",0.1002
PA009512,2023-12-13 16:54:05,"Choveu a tarde toda, dia perfeito pra ficar em casa lendo.",0.224
PA009513,2023-12-13 19:17:04,"Reencontrei um amigo antigo por acaso, que alegria.",0.0593
PA009514,2023-12-13 19:32:38,Que tarde relaxante lendo na rede.,0.0351
PA009515,2023-12-13 19:38:56,Terminei o trabalho da faculdade com antecedencia.,0.0
PA009516,2023-12-13 20:23:33,Grupo de estudos foi muito produtivo hoje.,0.0934
PA009517,2023-12-14 00:47:46,"Viagem de fim de semana para cidade historica, valeu.",0.1806
PA009518,2023-12-14 01:00:21,"Fui de bike hoje, que exercicio agradavel de manha.",0.0968
PA009519,2023-12-14 02:10:12,"Vento agradavel hoje, aproveitei para caminhar no parque.",0.1256
PA009520,2023-12-14 02:41:31,"Passeio com o cachorro no parque, ele adorou.",0.0559
PA009521,2023-12-14 02:41:57,Terminei o trabalho da faculdade com antecedencia.,0.083
PA009522,2023-12-14 05:13:19,"Meu time ganhou hoje, que jogo bonito foi.",0.0639
PA009523,2023-12-14 06:05:17,"Meu time ganhou hoje, que jogo bonito foi.",0.0281
PA009524,2023-12-14 06:39:05,"Serie nova incrivel, amei o primeiro episodio.",0.1657
PA009525,2023-12-14 08:24:25,"Fui num restaurante novo, a pizza estava espetacular.",0.0
PA009526,2023-12-14 11:36:04,"O outono chegou cedo esse ano, que frio gostoso de manha.",0.0408
PA009527,2023-12-14 12:15:37,"Academia hoje, treino puxado mas valeu muito.",0.0821
PA009528,2023-12-14 15:11:44,"Maratonei a temporada completa, valeu cada minuto.",0.0
PA009529,2023-12-14 15:42:04,Terminei o trabalho da faculdade com antecedencia.,0.065
PA009530,2023-12-14 17:04:01,"Notebook novo chegou, que desempenho incrivel.",0.0462
PA009531,2023-12-14 17:08:21,"Multa de transito injusta, vou recorrer.",0.6951
PA009532,2023-12-14 17:51:27,"Tarefa dificil concluida com sucesso, que satisfacao.",0.0526
PA009533,2023-12-14 18:25:42,"Serie nova incrivel, amei o primeiro episodio.",0.1121
PA009534,2023-12-14 18:30:57,"Academia hoje, treino puxado mas valeu muito.",0.1367
PA009535,2023-12-14 18:51:55,"Pausa pro cafe com os colegas, bate-papo otimo.",0.0
PA009536,2023-12-14 20:00:55,"Meditacao de manha, comecando o dia muito bem.",0.0563
PA009537,2023-12-14 23:00:04,"Churrasco com a familia no final de semana, delicioso.",0.0979
PA009538,2023-12-15 00:30:08,"Minha mae fez feijao com arroz e linguica, classico perfeito.",0.1731
PA009539,2023-12-15 01:42:43,"Domingo em familia, melhor dia da semana.",0.0954
PA009540,2023-12-15 01:53:37,"Dia nublado mas tranquilo, bom para estudar sem distracao.",0.0929
PA009541,2023-12-15 02:54:38,"Trilha ecologica incrivel, natureza pura.",0.1023
PA009542,2023-12-15 03:03:29,"Reuniao produtiva hoje, saimos com otimas ideias.",0.0414
PA009543,2023-12-15 03:58:15,"Consegui estacionamento logo de cara, dia de sorte mesmo.",0.0062
PA009544,2023-12-15 04:12:29,"Museu da cidade muito interessante, aprendi bastante.",0.0502
PA009545,2023-12-15 07:15:10,"Estudando para a prova de amanha, bem concentrado.",0.092
PA009546,2023-12-15 07:20:17,"Natacao de manha, melhor inicio de dia possivel.",0.0491
PA009547,2023-12-15 07:42:49,"Fechei projeto importante essa semana, que alegria.",0.1427
PA009548,2023-12-15 09:16:57,"Corri 5km de manha, semana otima de treino.",0.0733
PA009549,2023-12-15 09:17:06,"Natacao de manha, melhor inicio de dia possivel.",0.0353
PA009550,2023-12-15 09:56:44,"Plantei temperos na sacada, que satisfacao.",0.0698
PA009551,2023-12-15 10:23:06,"Volei com os amigos, muita risada e diversao.",0.0443
PA009552,2023-12-15 13:13:58,"Serie nova incrivel, amei o primeiro episodio.",0.0732
PA009553,2023-12-15 13:15:09,Show ao vivo incrivel no fim de semana.,0.0411
PA009554,2023-12-15 14:03:29,Brigadeiro de panela saiu incrivel hoje.,0.0808
PA009555,2023-12-15 14:23:19,"Consegui estacionamento logo de cara, dia de sorte mesmo.",0.0439
PA009556,2023-12-15 14:24:38,"Dia nublado mas tranquilo, bom para estudar sem distracao.",0.0955
PA009557,2023-12-15 16:36:12,"Tarefa dificil concluida com sucesso, que satisfacao.",0.1155
PA009558,2023-12-15 17:43:14,"Domingo em familia, melhor dia da semana.",0.1709
PA009559,2023-12-15 18:49:39,"Serie nova incrivel, amei o primeiro episodio.",0.123
PA009560,2023-12-15 19:20:03,"Churrasco com a familia no final de semana, delicioso.",0.1229
PA009561,2023-12-15 19:45:35,"Novo celular chegou, a camera e impressionante.",0.0496
PA009562,2023-12-15 21:56:03,Leitura no jardim com tempo agradavel.,0.0392
PA009563,2023-12-15 21:57:30,"Musica nova do meu artista favorito, de outro nivel.",0.0691
PA009564,2023-12-15 22:15:00,"Metro bem tranquilo essa manha, cheguei bem.",0.0519
PA009565,2023-12-15 22:17:44,Feira de artesanato gostosa de passear.,0.0577
PA009566,2023-12-15 22:54:18,"Reuniao produtiva hoje, saimos com otimas ideias.",0.0387
PA009567,2023-12-16 00:30:22,"Choveu a tarde toda, dia perfeito pra ficar em casa lendo.",0.1622
PA009568,2023-12-16 01:58:43,Que manha fresca e agradavel para uma caminhada.,0.0538
PA009569,2023-12-16 02:39:53,"Cuidando das plantas em casa, muito terapeutico.",0.136
PA009570,2023-12-16 04:32:53,"Meu time ganhou hoje, que jogo bonito foi.",0.0473
PA009571,2023-12-16 04:48:58,"Corri 5km de manha, semana otima de treino.",0.1059
PA009572,2023-12-16 05:53:18,Jogo novo me viciou de um jeito bom.,0.0681
PA009573,2023-12-16 05:57:01,Caminhada ate a estacao foi otima hoje.,0.0984
PA009574,2023-12-16 06:22:06,Grupo de estudos foi muito produtivo hoje.,0.1872
PA009575,2023-12-16 07:07:28,"Passeio no interior no fim de semana, natureza linda.",0.0382
PA009576,2023-12-16 07:49:58,"Museu da cidade muito interessante, aprendi bastante.",0.123
PA009577,2023-12-16 07:51:29,"Fechei projeto importante essa semana, que alegria.",0.2
PA009578,2023-12-16 10:46:27,"Filme otimo ontem, fui ao cinema com a familia.",0.1199
PA009579,2023-12-16 10:46:32,"Vento agradavel hoje, aproveitei para caminhar no parque.",0.0533
PA009580,2023-12-16 10:52:16,"Passeio no interior no fim de semana, natureza linda.",0.0
PA009581,2023-12-16 11:28:31,"Estudando para a prova de amanha, bem concentrado.",0.0
PA009582,2023-12-16 13:16:24,"Pausa pro cafe com os colegas, bate-papo otimo.",0.1289
PA009583,2023-12-16 14:14:44,"Consegui estacionamento logo de cara, dia de sorte mesmo.",0.0142
PA009584,2023-12-16 15:27:21,Grupo de estudos foi muito produtivo hoje.,0.0618
PA009585,2023-12-16 15:30:06,"Cuidando das plantas em casa, muito terapeutico.",0.0998
PA009586,2023-12-16 16:18:02,"Museu da cidade muito interessante, aprendi bastante.",0.1747
PA009587,2023-12-16 16:47:28,Cafe da manha caprichado: tapioca com ovo e suco de laranja.,0.0639
PA009588,2023-12-16 16:59:04,Leitura no jardim com tempo agradavel.,0.0708
PA009589,2023-12-16 17:24:55,"Museu da cidade muito interessante, aprendi bastante.",0.088
PA009590,2023-12-16 17:44:14,"Notebook novo chegou, que desempenho incrivel.",0.0
PA009591,2023-12-16 18:16:05,"Yoga pela manha, comecei o dia muito bem.",0.0555
PA009592,2023-12-16 19:42:34,Aula incrivel sobre estatistica aplicada hoje.,0.1166
PA009593,2023-12-16 20:12:59,"Domingo em familia, melhor dia da semana.",0.0907
PA009594,2023-12-16 21:09:48,Pedalada de tarde com vista incrivel do parque.,0.0629
PA009595,2023-12-16 21:11:54,"Yoga pela manha, comecei o dia muito bem.",0.0985
PA009596,2023-12-16 21:30:41,"Cuidando das plantas em casa, muito terapeutico.",0.0574
PA009597,2023-12-17 00:19:24,"Serie nova incrivel, amei o primeiro episodio.",0.1083
PA009598,2023-12-17 01:00:19,"Trilha ecologica incrivel, natureza pura.",0.037
PA009599,2023-12-17 02:09:32,"Sopa de legumes no frio, reconfortante e gostosa.",0.1163
PA009600,2023-12-17 02:25:06,Show ao vivo incrivel no fim de semana.,0.0382
PA009601,2023-12-17 03:00:47,Semana intensa mas muito satisfatoria no trabalho.,0.0928
PA009602,2023-12-17 03:58:59,"Pipoca e serie boa na sexta, programa perfeito.",0.0
PA009603,2023-12-17 04:03:13,Finalmente entendi aquele conceito que me travava.,0.048
PA009604,2023-12-17 04:13:55,Leitura no jardim com tempo agradavel.,0.17
PA009605,2023-12-17 05:03:14,Brigadeiro de panela saiu incrivel hoje.,0.0723
PA009606,2023-12-17 06:03:52,"Teatro incrivel ontem, peca muito bem dirigida.",0.149
PA009607,2023-12-17 06:07:05,Finalmente entendi aquele conceito que me travava.,0.0281
PA009608,2023-12-17 06:24:05,Jogo novo me viciou de um jeito bom.,0.0824
PA009609,2023-12-17 09:00:39,Jogo novo me viciou de um jeito bom.,0.0367
PA009610,2023-12-17 10:43:12,"Testei IA para ajudar com codigo, funcionou bem.",0.0333
PA009611,2023-12-17 11:22:59,"Notebook novo chegou, que desempenho incrivel.",0.0
PA009612,2023-12-17 13:38:09,"Vento agradavel hoje, aproveitei para caminhar no parque.",0.1091
PA009613,2023-12-17 14:01:14,"Fui de bike hoje, que exercicio agradavel de manha.",0.0235
PA009614,2023-12-17 15:36:05,Atualizacao deixou o sistema muito mais rapido.,0.0559
PA009615,2023-12-17 16:31:54,"Passei na certificacao, muito feliz com o resultado.",0.0657
PA009616,2023-12-17 17:38:30,Grupo de estudos foi muito produtivo hoje.,0.1026
PA009617,2023-12-17 18:55:42,"Padaria da esquina lancou sabor novo, recomendo.",0.0125
PA009618,2023-12-17 19:40:25,"Chuva passageira a tarde, depois o tempo abriu lindo.",0.0712
PA009619,2023-12-17 19:51:29,Jogo novo me viciou de um jeito bom.,0.075
PA009620,2023-12-17 21:03:55,Feira de artesanato gostosa de passear.,0.059
PA009621,2023-12-17 21:49:20,"Pipoca e serie boa na sexta, programa perfeito.",0.0035
PA009622,2023-12-17 23:01:01,"Museu da cidade muito interessante, aprendi bastante.",0.0603
PA009623,2023-12-17 23:20:49,"Que calor hoje, tive que ligar o ar condicionado logo cedo.",0.123
PA009624,2023-12-17 23:34:58,Show ao vivo incrivel no fim de semana.,0.065
PA009625,2023-12-18 01:43:41,"Yoga pela manha, comecei o dia muito bem.",0.0962
PA009626,2023-12-18 04:15:02,"Musica nova do meu artista favorito, de outro nivel.",0.1372
PA009627,2023-12-18 04:20:16,Finalmente entendi aquele conceito que me travava.,0.0178
PA009628,2023-12-18 06:45:19,"Que calor hoje, tive que ligar o ar condicionado logo cedo.",0.1003
PA009629,2023-12-18 08:50:47,"Consegui estacionamento logo de cara, dia de sorte mesmo.",0.0847
PA009630,2023-12-18 09:33:20,"Corri 5km de manha, semana otima de treino.",0.0407
PA009631,2023-12-18 10:46:51,"Corri 5km de manha, semana otima de treino.",0.1022
PA009632,2023-12-18 11:47:33,"Tarefa dificil concluida com sucesso, que satisfacao.",0.0907
PA009633,2023-12-18 12:49:49,"Viagem de fim de semana para cidade historica, valeu.",0.1118
PA009634,2023-12-18 13:30:16,"Almoco incrivel hoje, fiz lasanha caseira do zero.",0.047
PA009635,2023-12-18 13:43:42,"Acai gelado essa tarde, refrescante demais.",0.0282
PA009636,2023-12-18 13:47:35,"Almoco incrivel hoje, fiz lasanha caseira do zero.",0.1477
PA009637,2023-12-18 15:08:46,"Praia tranquila, sol perfeito, descanso total.",0.1441
PA009638,2023-12-18 15:13:12,"Filme otimo ontem, fui ao cinema com a familia.",0.0474
PA009639,2023-12-18 15:16:00,"Plantei temperos na sacada, que satisfacao.",0.0712
PA009640,2023-12-18 16:12:35,"Museu da cidade muito interessante, aprendi bastante.",0.0653
PA009641,2023-12-18 17:34:23,Show ao vivo incrivel no fim de semana.,0.0939
PA009642,2023-12-18 17:45:56,"Praia tranquila, sol perfeito, descanso total.",0.0123
PA009643,2023-12-18 18:00:27,Jantar simples mas gostoso com a familia.,0.025
PA009644,2023-12-18 18:11:02,"Apresentacao correu muito bem, todos gostaram.",0.0562
PA009645,2023-12-18 18:39:20,"Padaria da esquina lancou sabor novo, recomendo.",0.0165
PA009646,2023-12-18 19:08:26,"Reuniao produtiva hoje, saimos com otimas ideias.",0.113
PA009647,2023-12-18 19:10:02,"Fui de bike hoje, que exercicio agradavel de manha.",0.0856
PA009648,2023-12-18 19:43:09,Cafe da manha caprichado: tapioca com ovo e suco de laranja.,0.1424
PA009649,2023-12-18 19:54:24,"Meu time ganhou hoje, que jogo bonito foi.",0.0025
PA009650,2023-12-18 19:58:40,"Volei com os amigos, muita risada e diversao.",0.0564
PA009651,2023-12-18 21:16:29,"Musica nova do meu artista favorito, de outro nivel.",0.0393
PA009652,2023-12-19 00:36:02,"Corri 5km de manha, semana otima de treino.",0.0614
PA009653,2023-12-19 01:58:21,"Meditacao de manha, comecando o dia muito bem.",0.1036
PA009654,2023-12-19 01:58:32,Aula incrivel sobre estatistica aplicada hoje.,0.0671
PA009655,2023-12-19 02:32:06,"Trilha ecologica incrivel, natureza pura.",0.16
PA009656,2023-12-19 03:23:55,"Dia nublado mas tranquilo, bom para estudar sem distracao.",0.0
PA009657,2023-12-19 04:22:54,"Onibus chegou no horario hoje, que surpresa agradavel.",0.1428
PA009658,2023-12-19 05:31:26,"Sol lindo hoje, cafe na varanda foi otimo.",0.1552
PA009659,2023-12-19 06:54:18,"Vento agradavel hoje, aproveitei para caminhar no parque.",0.057
PA009660,2023-12-19 07:36:00,"Apresentacao correu muito bem, todos gostaram.",0.0995
PA009661,2023-12-19 10:14:03,"Pipoca e serie boa na sexta, programa perfeito.",0.0348
PA009662,2023-12-19 10:16:39,"Configurei o home office com setup novo, otimo.",0.0615
PA009663,2023-12-19 10:50:22,"Biblioteca da universidade, ambiente otimo para estudar.",0.1051
PA009664,2023-12-19 10:59:04,Cafe da manha caprichado: tapioca com ovo e suco de laranja.,0.1125
PA009665,2023-12-19 11:40:36,"Passeio com o cachorro no parque, ele adorou.",0.0
PA009666,2023-12-19 12:32:49,"Onibus chegou no horario hoje, que surpresa agradavel.",0.1349
PA009667,2023-12-19 15:05:35,"Corri 5km de manha, semana otima de treino.",0.12
PA009668,2023-12-19 15:51:12,"Meu time ganhou hoje, que jogo bonito foi.",0.1114
PA009669,2023-12-19 16:11:12,Pedalada de tarde com vista incrivel do parque.,0.0887
PA009670,2023-12-19 17:49:52,Grupo de estudos foi muito produtivo hoje.,0.03
PA009671,2023-12-19 19:21:08,"Minha mae fez feijao com arroz e linguica, classico perfeito.",0.0
PA009672,2023-12-19 19:32:44,"Trilha ecologica incrivel, natureza pura.",0.0931
PA009673,2023-12-19 20:16:46,Leitura no jardim com tempo agradavel.,0.1702
PA009674,2023-12-19 20:51:07,"Notebook novo chegou, que desempenho incrivel.",0.0862
PA009675,2023-12-19 22:37:45,"Tarefa dificil concluida com sucesso, que satisfacao.",0.0836
PA009676,2023-12-19 23:27:35,"Choveu a tarde toda, dia perfeito pra ficar em casa lendo.",0.1123
PA009677,2023-12-20 00:52:18,"Reuniao produtiva hoje, saimos com otimas ideias.",0.0651
PA009678,2023-12-20 02:24:18,"Tentei receita nova de bolo de cenoura, ficou fofinho.",0.1388
PA009679,2023-12-20 02:53:28,"Yoga pela manha, comecei o dia muito bem.",0.18
PA009680,2023-12-20 03:32:34,"Natacao de manha, melhor inicio de dia possivel.",0.1543
PA009681,2023-12-20 03:40:11,"Testei IA para ajudar com codigo, funcionou bem.",0.0
PA009682,2023-12-20 06:31:00,"Passei na certificacao, muito feliz com o resultado.",0.0462
PA009683,2023-12-20 07:36:59,"Onibus chegou no horario hoje, que surpresa agradavel.",0.0
PA009684,2023-12-20 08:04:47,"Servico contratado nao foi entregue no prazo, absurdo.",0.7986
PA009685,2023-12-20 08:07:14,"Plantei temperos na sacada, que satisfacao.",0.0014
PA009686,2023-12-20 08:07:40,"Praia tranquila, sol perfeito, descanso total.",0.1208
PA009687,2023-12-20 09:11:37,Aplicativo travou bem na hora da reuniao importante.,0.677
PA009688,2023-12-20 09:55:56,Brigadeiro de panela saiu incrivel hoje.,0.1576
PA009689,2023-12-20 10:54:54,"Chuva passageira a tarde, depois o tempo abriu lindo.",0.0402
PA009690,2023-12-20 12:52:44,Que manha fresca e agradavel para uma caminhada.,0.1966
PA009691,2023-12-20 13:18:28,"Vento agradavel hoje, aproveitei para caminhar no parque.",0.0765
PA009692,2023-12-20 14:07:42,"Reuniao produtiva hoje, saimos com otimas ideias.",0.1237
PA009693,2023-12-20 14:42:49,"Volei com os amigos, muita risada e diversao.",0.145
PA009694,2023-12-20 15:05:15,"Reuniao produtiva hoje, saimos com otimas ideias.",0.1422
PA009695,2023-12-20 16:07:34,"Pausa pro cafe com os colegas, bate-papo otimo.",0.0619
PA009696,2023-12-20 16:44:51,"Serie nova incrivel, amei o primeiro episodio.",0.1144
PA009697,2023-12-20 17:27:13,"Serie nova incrivel, amei o primeiro episodio.",0.1484
PA009698,2023-12-20 18:02:42,"Tarefa dificil concluida com sucesso, que satisfacao.",0.0439
PA009699,2023-12-20 18:53:17,Terminei o trabalho da faculdade com antecedencia.,0.0748
PA009700,2023-12-20 19:13:55,Aplicativo de carona funcionou perfeitamente.,0.0131
PA009701,2023-12-20 19:34:14,Cafe da manha caprichado: tapioca com ovo e suco de laranja.,0.1212
PA009702,2023-12-20 22:01:56,"Acai gelado essa tarde, refrescante demais.",0.0593
PA009703,2023-12-20 22:14:06,"Home office com cafe fresquinho do lado, otimo.",0.1424
PA009704,2023-12-20 22:57:07,"Estudando para a prova de amanha, bem concentrado.",0.0886
PA009705,2023-12-20 22:59:42,"Fechei projeto importante essa semana, que alegria.",0.1753
PA009706,2023-12-20 23:00:57,"Passeio no interior no fim de semana, natureza linda.",0.0254
PA009707,2023-12-21 00:39:13,"Meditacao de manha, comecando o dia muito bem.",0.0365
PA009708,2023-12-21 02:05:15,"Testei IA para ajudar com codigo, funcionou bem.",0.0777
PA009709,2023-12-21 02:05:59,Que manha fresca e agradavel para uma caminhada.,0.0868
PA009710,2023-12-21 04:01:16,"Tentei receita nova de bolo de cenoura, ficou fofinho.",0.1497
PA009711,2023-12-21 04:08:37,"Academia hoje, treino puxado mas valeu muito.",0.1434
PA009712,2023-12-21 04:22:51,"Padaria da esquina lancou sabor novo, recomendo.",0.0687
PA009713,2023-12-21 05:39:43,Jantar simples mas gostoso com a familia.,0.1395
PA009714,2023-12-21 07:24:56,Brigadeiro de panela saiu incrivel hoje.,0.0446
PA009715,2023-12-21 08:59:06,"Minha mae fez feijao com arroz e linguica, classico perfeito.",0.1211
PA009716,2023-12-21 10:13:41,Que manha fresca e agradavel para uma caminhada.,0.0987
PA009717,2023-12-21 12:28:21,"Biblioteca da universidade, ambiente otimo para estudar.",0.1052
PA009718,2023-12-21 13:32:01,Show ao vivo incrivel no fim de semana.,0.0
PA009719,2023-12-21 13:35:07,Jogo novo me viciou de um jeito bom.,0.0122
PA009720,2023-12-21 13:43:00,"Vizinho fazendo barulho ate tarde da noite, falta de respeito.",0.8035
PA009721,2023-12-21 14:25:12,"Domingo em familia, melhor dia da semana.",0.052
PA009722,2023-12-21 15:26:10,"Notebook novo chegou, que desempenho incrivel.",0.0882
PA009723,2023-12-21 15:31:22,"Sopa de legumes no frio, reconfortante e gostosa.",0.1527
PA009724,2023-12-21 17:14:35,"Academia hoje, treino puxado mas valeu muito.",0.0268
PA009725,2023-12-21 18:02:50,"Choveu a tarde toda, dia perfeito pra ficar em casa lendo.",0.0852
PA009726,2023-12-21 18:16:22,"Meu time ganhou hoje, que jogo bonito foi.",0.0839
PA009727,2023-12-21 18:21:57,Semana intensa mas muito satisfatoria no trabalho.,0.0725
PA009728,2023-12-21 19:32:08,Caminhada ate a estacao foi otima hoje.,0.0525
PA009729,2023-12-21 20:18:56,Leitura no jardim com tempo agradavel.,0.0865
PA009730,2023-12-21 21:53:04,"Aprendi receita nova no youtube, ficou otimo.",0.1342
PA009731,2023-12-22 01:29:03,"Domingo em familia, melhor dia da semana.",0.0529
PA009732,2023-12-22 02:00:01,Feira de artesanato gostosa de passear.,0.0847
PA009733,2023-12-22 03:59:41,Tarde produtiva organizando e limpando a casa.,0.0156
PA009734,2023-12-22 05:22:08,Podcast sobre tecnologia muito interessante.,0.1461
PA009735,2023-12-22 06:27:02,Jantar simples mas gostoso com a familia.,0.1015
PA009736,2023-12-22 07:23:43,"Aprendi receita nova no youtube, ficou otimo.",0.0681
PA009737,2023-12-22 08:25:58,Terminei o trabalho da faculdade com antecedencia.,0.0225
PA009738,2023-12-22 08:42:32,Cafe da manha caprichado: tapioca com ovo e suco de laranja.,0.2
PA009739,2023-12-22 10:50:17,"Maratonei a temporada completa, valeu cada minuto.",0.1032
PA009740,2023-12-22 11:28:17,Show ao vivo incrivel no fim de semana.,0.033
PA009741,2023-12-22 12:37:20,"Reencontrei um amigo antigo por acaso, que alegria.",0.04
PA009742,2023-12-22 13:14:06,"Academia hoje, treino puxado mas valeu muito.",0.0779
PA009743,2023-12-22 15:16:12,"Serie nova incrivel, amei o primeiro episodio.",0.1479
PA009744,2023-12-22 15:29:16,"Natacao de manha, melhor inicio de dia possivel.",0.053
PA009745,2023-12-22 15:47:41,"Metro bem tranquilo essa manha, cheguei bem.",0.0361
PA009746,2023-12-22 17:04:19,"Consegui estacionamento logo de cara, dia de sorte mesmo.",0.057
PA009747,2023-12-22 17:38:27,"Multa de transito injusta, vou recorrer.",0.6334
PA009748,2023-12-22 19:33:21,"Aprendi receita nova no youtube, ficou otimo.",0.0
PA009749,2023-12-22 20:46:11,Atualizacao deixou o sistema muito mais rapido.,0.1028
PA009750,2023-12-22 21:08:53,"Praia tranquila, sol perfeito, descanso total.",0.084
PA009751,2023-12-22 21:19:16,"Novo celular chegou, a camera e impressionante.",0.0744
PA009752,2023-12-22 21:20:45,Semana intensa mas muito satisfatoria no trabalho.,0.0783
PA009753,2023-12-22 22:48:37,"Plantei temperos na sacada, que satisfacao.",0.0963
PA009754,2023-12-22 23:14:01,"Livro excelente sobre ciencia de dados, recomendo muito.",0.254
PA009755,2023-12-22 23:18:45,"Serie nova incrivel, amei o primeiro episodio.",0.0865
PA009756,2023-12-22 23:40:19,"Teatro incrivel ontem, peca muito bem dirigida.",0.153
PA009757,2023-12-23 00:22:46,"Passei na certificacao, muito feliz com o resultado.",0.0477
PA009758,2023-12-23 01:19:41,Grupo de estudos foi muito produtivo hoje.,0.0393
PA009759,2023-12-23 01:33:16,"Trilha ecologica incrivel, natureza pura.",0.0099
PA009760,2023-12-23 01:52:20,"Serie nova incrivel, amei o primeiro episodio.",0.1038
PA009761,2023-12-23 02:27:00,"Yoga pela manha, comecei o dia muito bem.",0.1003
PA009762,2023-12-23 02:36:33,"Reuniao produtiva hoje, saimos com otimas ideias.",0.0318
PA009763,2023-12-23 02:46:44,"Estudando para a prova de amanha, bem concentrado.",0.037
PA009764,2023-12-23 03:29:33,Brigadeiro de panela saiu incrivel hoje.,0.1249
PA009765,2023-12-23 03:42:01,"Fui de bike hoje, que exercicio agradavel de manha.",0.0001
PA009766,2023-12-23 03:50:23,"Configurei o home office com setup novo, otimo.",0.2
PA009767,2023-12-23 04:15:05,"Tarefa dificil concluida com sucesso, que satisfacao.",0.1596
PA009768,2023-12-23 05:58:39,"Pausa pro cafe com os colegas, bate-papo otimo.",0.0117
PA009769,2023-12-23 10:03:21,Atualizacao deixou o sistema muito mais rapido.,0.0
PA009770,2023-12-23 13:04:36,"Musica nova do meu artista favorito, de outro nivel.",0.0587
PA009771,2023-12-23 14:07:14,"Calor absurdo com falta de agua, descaso total.",0.8087
PA009772,2023-12-23 14:25:12,"Notebook novo chegou, que desempenho incrivel.",0.0994
PA009773,2023-12-23 14:33:15,Caminhada ate a estacao foi otima hoje.,0.0
PA009774,2023-12-23 15:19:11,"Sol lindo hoje, cafe na varanda foi otimo.",0.1043
PA009775,2023-12-23 18:06:21,Jantar simples mas gostoso com a familia.,0.0662
PA009776,2023-12-23 19:33:30,"Biblioteca da universidade, ambiente otimo para estudar.",0.1197
PA009777,2023-12-23 19:57:16,"Natacao de manha, melhor inicio de dia possivel.",0.0513
PA009778,2023-12-23 20:34:17,Politico corrupto aparecendo na midia de novo.,0.9034
PA009779,2023-12-23 23:18:20,Cafe da manha caprichado: tapioca com ovo e suco de laranja.,0.0954
PA009780,2023-12-23 23:21:44,"Biblioteca da universidade, ambiente otimo para estudar.",0.1056
PA009781,2023-12-24 00:13:28,Leitura no jardim com tempo agradavel.,0.1228
PA009782,2023-12-24 00:31:00,"Teatro incrivel ontem, peca muito bem dirigida.",0.1876
PA009783,2023-12-24 00:44:46,"Fui num restaurante novo, a pizza estava espetacular.",0.0
PA009784,2023-12-24 01:32:33,"Yoga pela manha, comecei o dia muito bem.",0.0802
PA009785,2023-12-24 02:20:06,Show ao vivo incrivel no fim de semana.,0.0897
PA009786,2023-12-24 02:47:22,"Passeio no interior no fim de semana, natureza linda.",0.1723
PA009787,2023-12-24 03:06:15,Finalmente entendi aquele conceito que me travava.,0.1079
PA009788,2023-12-24 04:13:30,Pedalada de tarde com vista incrivel do parque.,0.1279
PA009789,2023-12-24 04:26:26,"Estrada livre, cheguei no trabalho rapido hoje.",0.1378
PA009790,2023-12-24 05:14:55,"Tarefa dificil concluida com sucesso, que satisfacao.",0.0214
PA009791,2023-12-24 05:45:34,"Corri 5km de manha, semana otima de treino.",0.1753
PA009792,2023-12-24 05:59:49,"Passeio no interior no fim de semana, natureza linda.",0.0675
PA009793,2023-12-24 06:27:05,"Fui num restaurante novo, a pizza estava espetacular.",0.0194
PA009794,2023-12-24 06:40:43,"Aprendi receita nova no youtube, ficou otimo.",0.1483
PA009795,2023-12-24 06:54:40,"Pipoca e serie boa na sexta, programa perfeito.",0.0972
PA009796,2023-12-24 07:07:13,"Tarefa dificil concluida com sucesso, que satisfacao.",0.1758
PA009797,2023-12-24 09:12:47,Leitura no jardim com tempo agradavel.,0.0961
PA009798,2023-12-24 09:24:24,"Trilha ecologica incrivel, natureza pura.",0.103
PA009799,2023-12-24 10:29:06,Que tarde relaxante lendo na rede.,0.0523
PA009800,2023-12-24 11:26:03,Aplicativo de carona funcionou perfeitamente.,0.0265
PA009801,2023-12-24 12:10:28,"Dia nublado mas tranquilo, bom para estudar sem distracao.",0.0995
PA009802,2023-12-24 13:10:31,"Trilha ecologica incrivel, natureza pura.",0.1397
PA009803,2023-12-24 13:23:03,"Academia hoje, treino puxado mas valeu muito.",0.0739
PA009804,2023-12-24 14:02:04,"Configurei o home office com setup novo, otimo.",0.1765
PA009805,2023-12-24 14:03:32,Que manha fresca e agradavel para uma caminhada.,0.0731
PA009806,2023-12-24 14:38:27,"Meditacao de manha, comecando o dia muito bem.",0.1038
PA009807,2023-12-24 15:32:54,"Que calor hoje, tive que ligar o ar condicionado logo cedo.",0.0724
PA009808,2023-12-24 18:38:22,"Musica nova do meu artista favorito, de outro nivel.",0.0
PA009809,2023-12-24 20:44:56,"Estudando para a prova de amanha, bem concentrado.",0.0777
PA009810,2023-12-24 21:15:58,Caminhada ate a estacao foi otima hoje.,0.0789
PA009811,2023-12-24 22:38:11,Pedalada de tarde com vista incrivel do parque.,0.2
PA009812,2023-12-24 23:45:11,"Musica nova do meu artista favorito, de outro nivel.",0.1173
PA009813,2023-12-25 00:46:11,"Pausa pro cafe com os colegas, bate-papo otimo.",0.2
PA009814,2023-12-25 01:44:47,"Praia tranquila, sol perfeito, descanso total.",0.0569
PA009815,2023-12-25 02:30:59,"Passei na certificacao, muito feliz com o resultado.",0.1203
PA009816,2023-12-25 03:02:47,"Cuidando das plantas em casa, muito terapeutico.",0.0217
PA009817,2023-12-25 03:55:20,Que tarde relaxante lendo na rede.,0.0994
PA009818,2023-12-25 04:09:01,"Home office com cafe fresquinho do lado, otimo.",0.0959
PA009819,2023-12-25 04:09:46,"Notebook novo chegou, que desempenho incrivel.",0.0796
PA009820,2023-12-25 05:04:00,"Pausa pro cafe com os colegas, bate-papo otimo.",0.1294
PA009821,2023-12-25 06:14:36,"Metro bem tranquilo essa manha, cheguei bem.",0.0768
PA009822,2023-12-25 06:35:34,Podcast sobre tecnologia muito interessante.,0.143
PA009823,2023-12-25 07:11:13,"Trilha ecologica incrivel, natureza pura.",0.0506
PA009824,2023-12-25 08:56:04,Feira de artesanato gostosa de passear.,0.0227
PA009825,2023-12-25 10:48:40,"Metro bem tranquilo essa manha, cheguei bem.",0.0151
PA009826,2023-12-25 11:26:36,"Testei IA para ajudar com codigo, funcionou bem.",0.1349
PA009827,2023-12-25 11:39:16,"Yoga pela manha, comecei o dia muito bem.",0.0746
PA009828,2023-12-25 11:45:41,"Livro excelente sobre ciencia de dados, recomendo muito.",0.0
PA009829,2023-12-25 12:24:29,"Meditacao de manha, comecando o dia muito bem.",0.1024
PA009830,2023-12-25 14:17:41,"Churrasco com a familia no final de semana, delicioso.",0.0884
PA009831,2023-12-25 14:58:57,"Filme otimo ontem, fui ao cinema com a familia.",0.0967
PA009832,2023-12-25 15:02:06,Atualizacao deixou o sistema muito mais rapido.,0.0581
PA009833,2023-12-25 15:59:04,Semana intensa mas muito satisfatoria no trabalho.,0.1075
PA009834,2023-12-25 16:31:20,"Meu time ganhou hoje, que jogo bonito foi.",0.0
PA009835,2023-12-25 17:26:07,"Musica nova do meu artista favorito, de outro nivel.",0.1373
PA009836,2023-12-25 17:38:44,Podcast sobre tecnologia muito interessante.,0.0543
PA009837,2023-12-25 20:35:11,"Maratonei a temporada completa, valeu cada minuto.",0.0539
PA009838,2023-12-25 20:47:52,Grupo de estudos foi muito produtivo hoje.,0.0995
PA009839,2023-12-25 21:37:59,"Acai gelado essa tarde, refrescante demais.",0.0904
PA009840,2023-12-25 22:15:59,App de produtividade novo que encontrei e otimo.,0.0524
PA009841,2023-12-26 01:04:52,"Viagem de fim de semana para cidade historica, valeu.",0.0875
PA009842,2023-12-26 02:34:52,Finalmente entendi aquele conceito que me travava.,0.0196
PA009843,2023-12-26 03:33:54,"Meu time ganhou hoje, que jogo bonito foi.",0.1522
PA009844,2023-12-26 03:38:00,"Passei na certificacao, muito feliz com o resultado.",0.0
PA009845,2023-12-26 04:00:25,"Almoco incrivel hoje, fiz lasanha caseira do zero.",0.1339
PA009846,2023-12-26 05:33:42,App de produtividade novo que encontrei e otimo.,0.1131
PA009847,2023-12-26 05:51:34,"O outono chegou cedo esse ano, que frio gostoso de manha.",0.1318
PA009848,2023-12-26 07:16:30,"Reencontrei um amigo antigo por acaso, que alegria.",0.2
PA009849,2023-12-26 08:30:32,Caminhada ate a estacao foi otima hoje.,0.0338
PA009850,2023-12-26 09:39:49,"Yoga pela manha, comecei o dia muito bem.",0.0645
PA009851,2023-12-26 11:33:58,Que manha fresca e agradavel para uma caminhada.,0.021
PA009852,2023-12-26 12:36:26,"Consegui estacionamento logo de cara, dia de sorte mesmo.",0.0552
PA009853,2023-12-26 13:37:10,Podcast sobre tecnologia muito interessante.,0.1031
PA009854,2023-12-26 15:14:06,"Churrasco com a familia no final de semana, delicioso.",0.0462
PA009855,2023-12-26 15:31:06,"Fui num restaurante novo, a pizza estava espetacular.",0.1399
PA009856,2023-12-26 17:19:45,"Minha mae fez feijao com arroz e linguica, classico perfeito.",0.0128
PA009857,2023-12-26 17:58:21,Podcast sobre tecnologia muito interessante.,0.0508
PA009858,2023-12-26 20:31:42,Que tarde relaxante lendo na rede.,0.0147
PA009859,2023-12-26 21:24:33,Feira de artesanato gostosa de passear.,0.0651
PA009860,2023-12-26 21:30:06,"Notebook novo chegou, que desempenho incrivel.",0.0763
PA009861,2023-12-26 22:12:21,"Sol lindo hoje, cafe na varanda foi otimo.",0.1391
PA009862,2023-12-26 23:14:53,"Academia hoje, treino puxado mas valeu muito.",0.0386
PA009863,2023-12-27 01:03:58,Leitura no jardim com tempo agradavel.,0.1334
PA009864,2023-12-27 02:00:37,"Dia nublado mas tranquilo, bom para estudar sem distracao.",0.1196
PA009865,2023-12-27 02:04:11,"Filme otimo ontem, fui ao cinema com a familia.",0.0
PA009866,2023-12-27 02:21:16,"Pausa pro cafe com os colegas, bate-papo otimo.",0.0258
PA009867,2023-12-27 02:46:37,"Academia hoje, treino puxado mas valeu muito.",0.1334
PA009868,2023-12-27 03:31:24,App de produtividade novo que encontrei e otimo.,0.152
PA009869,2023-12-27 03:34:08,"Apresentacao correu muito bem, todos gostaram.",0.0896
PA009870,2023-12-27 03:38:01,"Cuidando das plantas em casa, muito terapeutico.",0.0
PA009871,2023-12-27 04:12:30,"Maratonei a temporada completa, valeu cada minuto.",0.0846
PA009872,2023-12-27 05:33:17,"Almoco incrivel hoje, fiz lasanha caseira do zero.",0.0825
PA009873,2023-12-27 05:37:48,"Estrada livre, cheguei no trabalho rapido hoje.",0.0693
PA009874,2023-12-27 05:49:05,Atualizacao deixou o sistema muito mais rapido.,0.0738
PA009875,2023-12-27 06:14:56,App de produtividade novo que encontrei e otimo.,0.051
PA009876,2023-12-27 06:21:34,"Praia tranquila, sol perfeito, descanso total.",0.0111
PA009877,2023-12-27 06:44:14,App de produtividade novo que encontrei e otimo.,0.17
PA009878,2023-12-27 08:05:40,Podcast sobre tecnologia muito interessante.,0.0597
PA009879,2023-12-27 09:43:02,Leitura no jardim com tempo agradavel.,0.1004
PA009880,2023-12-27 11:31:05,"Passeio no interior no fim de semana, natureza linda.",0.1318
PA009881,2023-12-27 11:53:36,"Churrasco com a familia no final de semana, delicioso.",0.0
PA009882,2023-12-27 12:46:23,"Reuniao produtiva hoje, saimos com otimas ideias.",0.0879
PA009883,2023-12-27 12:56:00,"Dia nublado mas tranquilo, bom para estudar sem distracao.",0.0838
PA009884,2023-12-27 13:16:46,"Vento agradavel hoje, aproveitei para caminhar no parque.",0.0979
PA009885,2023-12-27 14:12:24,"Pausa pro cafe com os colegas, bate-papo otimo.",0.0108
PA009886,2023-12-27 14:56:31,Feira de artesanato gostosa de passear.,0.0407
PA009887,2023-12-27 15:21:10,"Configurei o home office com setup novo, otimo.",0.1764
PA009888,2023-12-27 17:23:29,Grupo de estudos foi muito produtivo hoje.,0.044
PA009889,2023-12-27 17:38:32,"Configurei o home office com setup novo, otimo.",0.1058
PA009890,2023-12-27 19:27:13,"Que calor hoje, tive que ligar o ar condicionado logo cedo.",0.0204
PA009891,2023-12-27 20:55:43,Leitura no jardim com tempo agradavel.,0.0598
PA009892,2023-12-27 20:59:36,"Fechei projeto importante essa semana, que alegria.",0.0572
PA009893,2023-12-27 22:07:00,Terminei o trabalho da faculdade com antecedencia.,0.0878
PA009894,2023-12-27 22:54:52,"Musica nova do meu artista favorito, de outro nivel.",0.0461
PA009895,2023-12-28 00:29:09,"Configurei o home office com setup novo, otimo.",0.0772
PA009896,2023-12-28 01:33:28,"Churrasco com a familia no final de semana, delicioso.",0.0568
PA009897,2023-12-28 01:56:55,"Padaria da esquina lancou sabor novo, recomendo.",0.1423
PA009898,2023-12-28 02:32:08,"Configurei o home office com setup novo, otimo.",0.1482
PA009899,2023-12-28 02:56:19,"Consegui estacionamento logo de cara, dia de sorte mesmo.",0.1524
PA009900,2023-12-28 04:10:26,"Viagem de fim de semana para cidade historica, valeu.",0.088
PA009901,2023-12-28 04:13:48,"Musica nova do meu artista favorito, de outro nivel.",0.1086
PA009902,2023-12-28 05:37:20,"Aprendi receita nova no youtube, ficou otimo.",0.0813
PA009903,2023-12-28 06:13:05,"Filme otimo ontem, fui ao cinema com a familia.",0.0598
PA009904,2023-12-28 07:01:35,Cafe da manha caprichado: tapioca com ovo e suco de laranja.,0.0859
PA009905,2023-12-28 07:10:18,"Reencontrei um amigo antigo por acaso, que alegria.",0.1784
PA009906,2023-12-28 07:46:55,Brigadeiro de panela saiu incrivel hoje.,0.0
PA009907,2023-12-28 08:15:59,"Pipoca e serie boa na sexta, programa perfeito.",0.1444
PA009908,2023-12-28 08:22:19,"Livro excelente sobre ciencia de dados, recomendo muito.",0.037
PA009909,2023-12-28 08:37:21,Tarde produtiva organizando e limpando a casa.,0.0978
PA009910,2023-12-28 09:31:28,"Livro excelente sobre ciencia de dados, recomendo muito.",0.0928
PA009911,2023-12-28 10:20:33,"Musica nova do meu artista favorito, de outro nivel.",0.0926
PA009912,2023-12-28 12:32:26,"Maratonei a temporada completa, valeu cada minuto.",0.0705
PA009913,2023-12-28 12:50:35,Grupo de estudos foi muito produtivo hoje.,0.1032
PA009914,2023-12-28 17:24:53,"Pausa pro cafe com os colegas, bate-papo otimo.",0.0314
PA009915,2023-12-28 17:53:02,Terminei o trabalho da faculdade com antecedencia.,0.0963
PA009916,2023-12-28 18:10:10,"Apresentacao correu muito bem, todos gostaram.",0.0789
PA009917,2023-12-28 19:23:57,"Filme otimo ontem, fui ao cinema com a familia.",0.0767
PA009918,2023-12-28 21:36:08,Jantar simples mas gostoso com a familia.,0.1221
PA009919,2023-12-28 22:21:48,"Meditacao de manha, comecando o dia muito bem.",0.0364
PA009920,2023-12-28 22:46:53,"Yoga pela manha, comecei o dia muito bem.",0.0457
PA009921,2023-12-29 00:53:57,"Plantei temperos na sacada, que satisfacao.",0.1219
PA009922,2023-12-29 01:06:17,"Cuidando das plantas em casa, muito terapeutico.",0.0227
PA009923,2023-12-29 01:11:42,"Vento agradavel hoje, aproveitei para caminhar no parque.",0.0
PA009924,2023-12-29 01:12:04,"Meu time ganhou hoje, que jogo bonito foi.",0.0871
PA009925,2023-12-29 01:34:35,"Pausa pro cafe com os colegas, bate-papo otimo.",0.0881
PA009926,2023-12-29 02:00:44,"Vento agradavel hoje, aproveitei para caminhar no parque.",0.1287
PA009927,2023-12-29 07:21:28,"Churrasco com a familia no final de semana, delicioso.",0.0539
PA009928,2023-12-29 08:56:47,Pedalada de tarde com vista incrivel do parque.,0.0038
PA009929,2023-12-29 09:40:23,Leitura no jardim com tempo agradavel.,0.0355
PA009930,2023-12-29 10:50:50,"Biblioteca da universidade, ambiente otimo para estudar.",0.0023
PA009931,2023-12-29 11:49:32,"Notebook novo chegou, que desempenho incrivel.",0.0926
PA009932,2023-12-29 13:57:02,"Pipoca e serie boa na sexta, programa perfeito.",0.0139
PA009933,2023-12-29 14:35:14,Grupo de estudos foi muito produtivo hoje.,0.0115
PA009934,2023-12-29 16:45:50,Caminhada ate a estacao foi otima hoje.,0.1235
PA009935,2023-12-29 17:26:29,"Governo aumentando imposto de novo, inacreditavel.",0.7606
PA009936,2023-12-29 18:50:40,Semana intensa mas muito satisfatoria no trabalho.,0.0808
PA009937,2023-12-29 19:11:31,"Tarefa dificil concluida com sucesso, que satisfacao.",0.0978
PA009938,2023-12-29 19:24:08,"Notebook novo chegou, que desempenho incrivel.",0.0915
PA009939,2023-12-29 20:15:56,"Minha mae fez feijao com arroz e linguica, classico perfeito.",0.0484
PA009940,2023-12-29 21:47:28,"Padaria da esquina lancou sabor novo, recomendo.",0.1343
PA009941,2023-12-30 01:40:16,"Natacao de manha, melhor inicio de dia possivel.",0.1012
PA009942,2023-12-30 01:50:19,"Musica nova do meu artista favorito, de outro nivel.",0.0756
PA009943,2023-12-30 01:55:30,"Estudando para a prova de amanha, bem concentrado.",0.0799
PA009944,2023-12-30 02:16:18,"Livro excelente sobre ciencia de dados, recomendo muito.",0.0265
PA009945,2023-12-30 03:14:45,"Testei IA para ajudar com codigo, funcionou bem.",0.0516
PA009946,2023-12-30 03:39:32,"Passeio com o cachorro no parque, ele adorou.",0.082
PA009947,2023-12-30 03:42:03,Que tarde relaxante lendo na rede.,0.0881
PA009948,2023-12-30 05:03:08,"Maratonei a temporada completa, valeu cada minuto.",0.0185
PA009949,2023-12-30 05:11:14,Pedalada de tarde com vista incrivel do parque.,0.0481
PA009950,2023-12-30 07:32:11,"Filme otimo ontem, fui ao cinema com a familia.",0.0983
PA009951,2023-12-30 07:41:17,"Academia hoje, treino puxado mas valeu muito.",0.1158
PA009952,2023-12-30 08:13:50,App de produtividade novo que encontrei e otimo.,0.122
PA009953,2023-12-30 09:06:11,"Corri 5km de manha, semana otima de treino.",0.0763
PA009954,2023-12-30 10:08:00,"Metro bem tranquilo essa manha, cheguei bem.",0.037
PA009955,2023-12-30 10:23:10,"Serie nova incrivel, amei o primeiro episodio.",0.1469
PA009956,2023-12-30 11:26:47,"Reencontrei um amigo antigo por acaso, que alegria.",0.0695
PA009957,2023-12-30 11:32:03,"Vento agradavel hoje, aproveitei para caminhar no parque.",0.0524
PA009958,2023-12-30 11:34:33,"Passeio no interior no fim de semana, natureza linda.",0.06
PA009959,2023-12-30 11:42:04,Caminhada ate a estacao foi otima hoje.,0.061
PA009960,2023-12-30 12:01:00,Jogo novo me viciou de um jeito bom.,0.3899
PA009961,2023-12-30 12:15:23,"Sol lindo hoje, cafe na varanda foi otimo.",0.0175
PA009962,2023-12-30 13:40:33,"Que calor hoje, tive que ligar o ar condicionado logo cedo.",0.1009
PA009963,2023-12-30 14:09:54,"Passeio com o cachorro no parque, ele adorou.",0.0249
PA009964,2023-12-30 16:02:55,"Filme otimo ontem, fui ao cinema com a familia.",0.1555
PA009965,2023-12-30 16:56:44,App de produtividade novo que encontrei e otimo.,0.1262
PA009966,2023-12-30 19:06:12,"Churrasco com a familia no final de semana, delicioso.",0.0491
PA009967,2023-12-30 19:12:18,"Meditacao de manha, comecando o dia muito bem.",0.0349
PA009968,2023-12-30 19:56:35,Que manha fresca e agradavel para uma caminhada.,0.0
PA009969,2023-12-30 20:37:26,"Viagem de fim de semana para cidade historica, valeu.",0.0
PA009970,2023-12-30 20:48:42,"Pipoca e serie boa na sexta, programa perfeito.",0.0835
PA009971,2023-12-30 21:05:57,"Passeio no interior no fim de semana, natureza linda.",0.1121
PA009972,2023-12-30 22:37:33,Finalmente entendi aquele conceito que me travava.,0.1309
PA009973,2023-12-30 22:58:15,Jantar simples mas gostoso com a familia.,0.1038
PA009974,2023-12-31 00:07:59,"Domingo em familia, melhor dia da semana.",0.1137
PA009975,2023-12-31 00:11:38,Semana intensa mas muito satisfatoria no trabalho.,0.0808
PA009976,2023-12-31 00:13:04,Jantar simples mas gostoso com a familia.,0.0114
PA009977,2023-12-31 00:30:08,"Apresentacao correu muito bem, todos gostaram.",0.178
PA009978,2023-12-31 00:51:33,"Filme otimo ontem, fui ao cinema com a familia.",0.062
PA009979,2023-12-31 01:24:57,"Biblioteca da universidade, ambiente otimo para estudar.",0.0292
PA009980,2023-12-31 05:13:15,"Estudando para a prova de amanha, bem concentrado.",0.1421
PA009981,2023-12-31 05:38:19,"Acai gelado essa tarde, refrescante demais.",0.084
PA009982,2023-12-31 06:20:59,"Pipoca e serie boa na sexta, programa perfeito.",0.0883
PA009983,2023-12-31 06:24:04,"Estudando para a prova de amanha, bem concentrado.",0.0
PA009984,2023-12-31 06:45:41,"Serie nova incrivel, amei o primeiro episodio.",0.1146
PA009985,2023-12-31 08:20:00,"Viagem de fim de semana para cidade historica, valeu.",0.1491
PA009986,2023-12-31 09:44:47,Show ao vivo incrivel no fim de semana.,0.0189
PA009987,2023-12-31 10:46:57,"Configurei o home office com setup novo, otimo.",0.1271
PA009988,2023-12-31 11:09:32,Finalmente entendi aquele conceito que me travava.,0.0854
PA009989,2023-12-31 11:23:56,Que manha fresca e agradavel para uma caminhada.,0.0125
PA009990,2023-12-31 11:58:54,"Home office com cafe fresquinho do lado, otimo.",0.0911
PA009991,2023-12-31 12:01:41,Finalmente entendi aquele conceito que me travava.,0.1347
PA009992,2023-12-31 12:02:26,"Academia hoje, treino puxado mas valeu muito.",0.0506
PA009993,2023-12-31 12:11:07,"Reuniao produtiva hoje, saimos com otimas ideias.",0.054
PA009994,2023-12-31 12:29:43,"Maratonei a temporada completa, valeu cada minuto.",0.0529
PA009995,2023-12-31 12:57:58,"Praia tranquila, sol perfeito, descanso total.",0.0753
PA009996,2023-12-31 14:39:23,Aula incrivel sobre estatistica aplicada hoje.,0.0347
PA009997,2023-12-31 15:13:21,"Yoga pela manha, comecei o dia muito bem.",0.0807
PA009998,2023-12-31 17:21:26,"Biblioteca da universidade, ambiente otimo para estudar.",0.0056
PA009999,2023-12-31 20:56:04,"Academia hoje, treino puxado mas valeu muito.",0.0237
PA010000,2023-12-31 22:06:11,"Acai gelado essa tarde, refrescante demais.",0.1367
