post_id,data_publicacao,texto,toxicity_score
PA000001,2022-12-26 00:09:14,"Meu time ganhou hoje, que jogo bonito foi.",0.22
PA000002,2022-12-26 00:34:07,"Fui de bike hoje, que exercicio agradavel de manha.",0.0
PA000003,2022-12-26 01:07:37,"Consegui estacionamento logo de cara, dia de sorte mesmo.",0.0975
PA000004,2022-12-26 02:03:35,"Livro excelente sobre ciencia de dados, recomendo muito.",0.1056
PA000005,2022-12-26 03:53:24,Jogo novo me viciou de um jeito bom.,0.1185
PA000006,2022-12-26 04:54:59,"Plantei temperos na sacada, que satisfacao.",0.0722
PA000007,2022-12-26 05:07:38,"Minha mae fez feijao com arroz e linguica, classico perfeito.",0.1744
PA000008,2022-12-26 07:27:03,"Trilha ecologica incrivel, natureza pura.",0.0922
PA000009,2022-12-26 08:45:59,"Onibus chegou no horario hoje, que surpresa agradavel.",0.0676
PA000010,2022-12-26 08:52:18,"Acai gelado essa tarde, refrescante demais.",0.0006
PA000011,2022-12-26 11:48:08,"Passeio com o cachorro no parque, ele adorou.",0.0984
PA000012,2022-12-26 12:43:22,"Fui num restaurante novo, a pizza estava espetacular.",0.1002
PA000013,2022-12-26 13:17:51,"Cuidando das plantas em casa, muito terapeutico.",0.1868
PA000014,2022-12-26 13:29:00,"Maratonei a temporada completa, valeu cada minuto.",0.0
PA000015,2022-12-26 14:02:03,"Plantei temperos na sacada, que satisfacao.",0.1282
PA000016,2022-12-26 14:27:46,Leitura no jardim com tempo agradavel.,0.1405
PA000017,2022-12-26 16:13:34,"Fui num restaurante novo, a pizza estava espetacular.",0.0213
PA000018,2022-12-26 16:15:45,"Chuva passageira a tarde, depois o tempo abriu lindo.",0.0665
PA000019,2022-12-26 17:05:25,"Passei na certificacao, muito feliz com o resultado.",0.0725
PA000020,2022-12-26 17:19:46,Show ao vivo incrivel no fim de semana.,0.0961
PA000021,2022-12-26 17:51:52,"Teatro incrivel ontem, peca muito bem dirigida.",0.0
PA000022,2022-12-26 18:16:50,Pedalada de tarde com vista incrivel do parque.,0.0
PA000023,2022-12-26 18:47:21,"Sopa de legumes no frio, reconfortante e gostosa.",0.0752
PA000024,2022-12-26 21:24:42,"Sopa de legumes no frio, reconfortante e gostosa.",0.0853
PA000025,2022-12-26 23:02:55,"Teatro incrivel ontem, peca muito bem dirigida.",0.0651
PA000026,2022-12-26 23:16:25,"Biblioteca da universidade, ambiente otimo para estudar.",0.0584
PA000027,2022-12-26 23:57:27,"Padaria da esquina lancou sabor novo, recomendo.",0.0154
PA000028,2022-12-27 00:03:40,"Consegui estacionamento logo de cara, dia de sorte mesmo.",0.0516
PA000029,2022-12-27 02:07:46,"Tarefa dificil concluida com sucesso, que satisfacao.",0.0431
PA000030,2022-12-27 02:53:30,"Chuva passageira a tarde, depois o tempo abriu lindo.",0.1129
PA000031,2022-12-27 07:17:49,"Cuidando das plantas em casa, muito terapeutico.",0.1683
PA000032,2022-12-27 07:47:26,"Reuniao produtiva hoje, saimos com otimas ideias.",0.0534
PA000033,2022-12-27 09:03:42,"Apresentacao correu muito bem, todos gostaram.",0.1149
PA000034,2022-12-27 12:26:45,Leitura no jardim com tempo agradavel.,0.0549
PA000035,2022-12-27 13:57:17,Atualizacao deixou o sistema muito mais rapido.,0.1142
PA000036,2022-12-27 14:07:16,"Yoga pela manha, comecei o dia muito bem.",0.0258
PA000037,2022-12-27 18:42:46,Cafe da manha caprichado: tapioca com ovo e suco de laranja.,0.1772
PA000038,2022-12-27 18:45:21,"Fui num restaurante novo, a pizza estava espetacular.",0.0835
PA000039,2022-12-27 19:56:11,Que manha fresca e agradavel para uma caminhada.,0.0854
PA000040,2022-12-27 20:30:01,"Estudando para a prova de amanha, bem concentrado.",0.112
PA000041,2022-12-27 21:09:37,"Academia hoje, treino puxado mas valeu muito.",0.0481
PA000042,2022-12-27 21:38:25,"Biblioteca da universidade, ambiente otimo para estudar.",0.1121
PA000043,2022-12-27 21:45:03,"Padaria da esquina lancou sabor novo, recomendo.",0.0335
PA000044,2022-12-27 22:22:10,"Trilha ecologica incrivel, natureza pura.",0.0356
PA000045,2022-12-28 00:44:28,Tarde produtiva organizando e limpando a casa.,0.025
PA000046,2022-12-28 01:13:52,"Fila do hospital andando devagar, sistema falido.",0.0069
PA000047,2022-12-28 01:21:18,"Yoga pela manha, comecei o dia muito bem.",0.0843
PA000048,2022-12-28 03:34:16,"Novo celular chegou, a camera e impressionante.",0.0943
PA000049,2022-12-28 06:11:28,"Novo celular chegou, a camera e impressionante.",0.0
PA000050,2022-12-28 07:28:47,"Apresentacao correu muito bem, todos gostaram.",0.0539
PA000051,2022-12-28 08:01:29,"Musica nova do meu artista favorito, de outro nivel.",0.0911
PA000052,2022-12-28 08:15:38,Semana intensa mas muito satisfatoria no trabalho.,0.1012
PA000053,2022-12-28 08:54:53,Podcast sobre tecnologia muito interessante.,0.0702
PA000054,2022-12-28 09:23:31,"Biblioteca da universidade, ambiente otimo para estudar.",0.0878
PA000055,2022-12-28 09:37:05,"Musica nova do meu artista favorito, de outro nivel.",0.1608
PA000056,2022-12-28 10:22:56,"Serie nova incrivel, amei o primeiro episodio.",0.1762
PA000057,2022-12-28 10:51:59,"Dia nublado mas tranquilo, bom para estudar sem distracao.",0.0822
PA000058,2022-12-28 11:18:54,Aplicativo de carona funcionou perfeitamente.,0.0413
PA000059,2022-12-28 12:01:47,"Sopa de legumes no frio, reconfortante e gostosa.",0.0242
PA000060,2022-12-28 13:16:34,Semana intensa mas muito satisfatoria no trabalho.,0.1429
PA000061,2022-12-28 15:17:38,"Yoga pela manha, comecei o dia muito bem.",0.0839
PA000062,2022-12-28 16:58:51,"Vento agradavel hoje, aproveitei para caminhar no parque.",0.1304
PA000063,2022-12-28 17:56:58,Caminhada ate a estacao foi otima hoje.,0.0682
PA000064,2022-12-28 19:46:31,Jogo novo me viciou de um jeito bom.,0.084
PA000065,2022-12-28 20:09:14,Feira de artesanato gostosa de passear.,0.0612
PA000066,2022-12-28 21:19:06,Grupo de estudos foi muito produtivo hoje.,0.0524
PA000067,2022-12-28 22:58:36,"Aprendi receita nova no youtube, ficou otimo.",0.1338
PA000068,2022-12-29 00:59:05,"Passeio com o cachorro no parque, ele adorou.",0.0811
PA000069,2022-12-29 01:20:41,"Governo aumentando imposto de novo, inacreditavel.",0.1475
PA000070,2022-12-29 01:33:46,Podcast sobre tecnologia muito interessante.,0.0805
PA000071,2022-12-29 01:41:56,"Que calor hoje, tive que ligar o ar condicionado logo cedo.",0.1054
PA000072,2022-12-29 02:42:02,Aula incrivel sobre estatistica aplicada hoje.,0.0463
PA000073,2022-12-29 03:44:35,"Sol lindo hoje, cafe na varanda foi otimo.",0.0894
PA000074,2022-12-29 03:54:27,"Reuniao produtiva hoje, saimos com otimas ideias.",0.0102
PA000075,2022-12-29 04:08:32,Grupo de estudos foi muito produtivo hoje.,0.0845
PA000076,2022-12-29 05:23:25,"Museu da cidade muito interessante, aprendi bastante.",0.0852
PA000077,2022-12-29 05:40:05,"Home office com cafe fresquinho do lado, otimo.",0.0871
PA000078,2022-12-29 05:45:44,Semana intensa mas muito satisfatoria no trabalho.,0.0206
PA000079,2022-12-29 06:21:34,"Filme otimo ontem, fui ao cinema com a familia.",0.0727
PA000080,2022-12-29 06:41:13,"O outono chegou cedo esse ano, que frio gostoso de manha.",0.1015
PA000081,2022-12-29 08:21:47,"Estrada livre, cheguei no trabalho rapido hoje.",0.011
PA000082,2022-12-29 08:25:00,"Sol lindo hoje, cafe na varanda foi otimo.",0.0876
PA000083,2022-12-29 09:25:55,"Volei com os amigos, muita risada e diversao.",0.0713
PA000084,2022-12-29 09:44:15,Atualizacao deixou o sistema muito mais rapido.,0.0849
PA000085,2022-12-29 12:27:52,"Reencontrei um amigo antigo por acaso, que alegria.",0.0209
PA000086,2022-12-29 13:29:12,Podcast sobre tecnologia muito interessante.,0.1607
PA000087,2022-12-29 14:46:50,"Livro excelente sobre ciencia de dados, recomendo muito.",0.0808
PA000088,2022-12-29 16:28:48,"Maratonei a temporada completa, valeu cada minuto.",0.22
PA000089,2022-12-29 17:26:46,"Preco de tudo subindo e salario parado, e muita coisa.",0.179
PA000090,2022-12-29 18:05:34,"Corri 5km de manha, semana otima de treino.",0.1102
PA000091,2022-12-29 18:44:58,Tarde produtiva organizando e limpando a casa.,0.0808
PA000092,2022-12-29 19:04:47,"Reencontrei um amigo antigo por acaso, que alegria.",0.1522
PA000093,2022-12-29 23:05:44,Cafe da manha caprichado: tapioca com ovo e suco de laranja.,0.1694
PA000094,2022-12-29 23:42:41,"Acai gelado essa tarde, refrescante demais.",0.0795
PA000095,2022-12-29 23:59:54,"Natacao de manha, melhor inicio de dia possivel.",0.0
PA000096,2022-12-30 00:02:26,"Churrasco com a familia no final de semana, delicioso.",0.1153
PA000097,2022-12-30 00:30:22,"Teatro incrivel ontem, peca muito bem dirigida.",0.0
PA000098,2022-12-30 00:39:11,Grupo de estudos foi muito produtivo hoje.,0.0697
PA000099,2022-12-30 05:15:17,Que tarde relaxante lendo na rede.,0.0769
PA000100,2022-12-30 05:16:40,"O outono chegou cedo esse ano, que frio gostoso de manha.",0.1269
PA000101,2022-12-30 05:30:38,"Livro excelente sobre ciencia de dados, recomendo muito.",0.051
PA000102,2022-12-30 05:39:02,"Maratonei a temporada completa, valeu cada minuto.",0.0796
PA000103,2022-12-30 06:34:57,Que manha fresca e agradavel para uma caminhada.,0.0589
PA000104,2022-12-30 06:39:43,"Multa de transito injusta, vou recorrer.",0.4294
PA000105,2022-12-30 07:32:44,Que tarde relaxante lendo na rede.,0.128
PA000106,2022-12-30 07:46:06,"Academia hoje, treino puxado mas valeu muito.",0.0212
PA000107,2022-12-30 07:48:57,Feira de artesanato gostosa de passear.,0.1467
PA000108,2022-12-30 09:42:24,"Internet caindo toda hora, impossivel trabalhar assim.",0.0953
PA000109,2022-12-30 10:17:01,"Domingo em familia, melhor dia da semana.",0.0685
PA000110,2022-12-30 10:38:29,Brigadeiro de panela saiu incrivel hoje.,0.1511
PA000111,2022-12-30 10:48:04,"Natacao de manha, melhor inicio de dia possivel.",0.0451
PA000112,2022-12-30 12:30:54,"Viagem de fim de semana para cidade historica, valeu.",0.0088
PA000113,2022-12-30 13:53:20,"Almoco incrivel hoje, fiz lasanha caseira do zero.",0.1471
PA000114,2022-12-30 16:23:53,Atualizacao deixou o sistema muito mais rapido.,0.1646
PA000115,2022-12-30 16:43:36,Aula incrivel sobre estatistica aplicada hoje.,0.0992
PA000116,2022-12-30 16:43:51,"Filme otimo ontem, fui ao cinema com a familia.",0.0676
PA000117,2022-12-30 17:26:02,"Metro bem tranquilo essa manha, cheguei bem.",0.0593
PA000118,2022-12-30 17:28:50,"Churrasco com a familia no final de semana, delicioso.",0.1142
PA000119,2022-12-30 18:11:17,"Almoco incrivel hoje, fiz lasanha caseira do zero.",0.0752
PA000120,2022-12-30 18:27:49,"Configurei o home office com setup novo, otimo.",0.1305
PA000121,2022-12-30 20:30:43,"Viagem de fim de semana para cidade historica, valeu.",0.1208
PA000122,2022-12-30 20:51:00,Que tarde relaxante lendo na rede.,0.1188
PA000123,2022-12-30 21:42:56,"Churrasco com a familia no final de semana, delicioso.",0.0643
PA000124,2022-12-30 21:47:28,"Apresentacao correu muito bem, todos gostaram.",0.1424
PA000125,2022-12-30 21:50:31,"Choveu a tarde toda, dia perfeito pra ficar em casa lendo.",0.1335
PA000126,2022-12-30 23:19:57,"Vento agradavel hoje, aproveitei para caminhar no parque.",0.0469
PA000127,2022-12-31 00:36:50,"Viagem de fim de semana para cidade historica, valeu.",0.0576
PA000128,2022-12-31 03:15:22,"Churrasco com a familia no final de semana, delicioso.",0.0343
PA000129,2022-12-31 03:42:15,Jantar simples mas gostoso com a familia.,0.142
PA000130,2022-12-31 04:07:16,"Passeio no interior no fim de semana, natureza linda.",0.0633
PA000131,2022-12-31 04:43:31,"Estudando para a prova de amanha, bem concentrado.",0.0518
PA000132,2022-12-31 04:44:36,Terminei o trabalho da faculdade com antecedencia.,0.0415
PA000133,2022-12-31 04:56:43,"Testei IA para ajudar com codigo, funcionou bem.",0.0389
PA000134,2022-12-31 05:31:00,"Pausa pro cafe com os colegas, bate-papo otimo.",0.0327
PA000135,2022-12-31 08:38:37,Atualizacao deixou o sistema muito mais rapido.,0.1656
PA000136,2022-12-31 08:47:32,"Praia tranquila, sol perfeito, descanso total.",0.1573
PA000137,2022-12-31 09:05:01,"Yoga pela manha, comecei o dia muito bem.",0.13
PA000138,2022-12-31 09:15:10,Show ao vivo incrivel no fim de semana.,0.1343
PA000139,2022-12-31 09:16:24,Pedalada de tarde com vista incrivel do parque.,0.0
PA000140,2022-12-31 09:43:00,Jogo novo me viciou de um jeito bom.,0.1468
PA000141,2022-12-31 09:43:08,"Natacao de manha, melhor inicio de dia possivel.",0.149
PA000142,2022-12-31 10:24:49,"Churrasco com a familia no final de semana, delicioso.",0.0538
PA000143,2022-12-31 10:38:10,"Estrada livre, cheguei no trabalho rapido hoje.",0.0683
PA000144,2022-12-31 10:53:43,"Tentei receita nova de bolo de cenoura, ficou fofinho.",0.0819
PA000145,2022-12-31 11:39:41,Nao aguento mais reclamacao sem solucao pratica.,0.5605
PA000146,2022-12-31 12:37:49,Feira de artesanato gostosa de passear.,0.0996
PA000147,2022-12-31 14:11:19,Aula incrivel sobre estatistica aplicada hoje.,0.0783
PA000148,2022-12-31 15:33:05,"Apresentacao correu muito bem, todos gostaram.",0.1027
PA000149,2022-12-31 16:09:07,"Dia nublado mas tranquilo, bom para estudar sem distracao.",0.121
PA000150,2022-12-31 17:02:29,"Estrada livre, cheguei no trabalho rapido hoje.",0.0759
PA000151,2022-12-31 20:16:59,"Estudando para a prova de amanha, bem concentrado.",0.0739
PA000152,2022-12-31 20:51:47,"Que bagunca, nada funcionando direito.",0.2345
PA000153,2022-12-31 20:59:21,"Estudando para a prova de amanha, bem concentrado.",0.0755
PA000154,2022-12-31 21:06:27,"Notebook novo chegou, que desempenho incrivel.",0.0464
PA000155,2022-12-31 21:16:45,Tarde produtiva organizando e limpando a casa.,0.0229
PA000156,2022-12-31 21:19:27,Jantar simples mas gostoso com a familia.,0.0388
PA000157,2022-12-31 21:26:56,"Minha mae fez feijao com arroz e linguica, classico perfeito.",0.0885
PA000158,2022-12-31 22:17:17,"Padaria da esquina lancou sabor novo, recomendo.",0.0428
PA000159,2022-12-31 22:54:46,Que tarde relaxante lendo na rede.,0.0336
PA000160,2023-01-01 01:33:55,"Meu time ganhou hoje, que jogo bonito foi.",0.0227
PA000161,2023-01-01 01:42:17,"Meditacao de manha, comecando o dia muito bem.",0.1463
PA000162,2023-01-01 02:11:30,"Biblioteca da universidade, ambiente otimo para estudar.",0.062
PA000163,2023-01-01 03:48:36,"Natacao de manha, melhor inicio de dia possivel.",0.0412
PA000164,2023-01-01 04:23:51,"Biblioteca da universidade, ambiente otimo para estudar.",0.067
PA000165,2023-01-01 05:08:43,"Teatro incrivel ontem, peca muito bem dirigida.",0.157
PA000166,2023-01-01 05:21:46,Pedalada de tarde com vista incrivel do parque.,0.1748
PA000167,2023-01-01 05:44:53,Aplicativo de carona funcionou perfeitamente.,0.1307
PA000168,2023-01-01 05:59:59,Aplicativo de carona funcionou perfeitamente.,0.1497
PA000169,2023-01-01 06:31:59,"Filme otimo ontem, fui ao cinema com a familia.",0.0802
PA000170,2023-01-01 06:57:55,"Acai gelado essa tarde, refrescante demais.",0.166
PA000171,2023-01-01 07:00:20,"Servico publico uma vergonha, esperei horas na fila.",0.3368
PA000172,2023-01-01 07:23:58,"Museu da cidade muito interessante, aprendi bastante.",0.1091
PA000173,2023-01-01 07:33:35,"Configurei o home office com setup novo, otimo.",0.1261
PA000174,2023-01-01 08:46:48,Cafe da manha caprichado: tapioca com ovo e suco de laranja.,0.0761
PA000175,2023-01-01 09:11:59,"Vento agradavel hoje, aproveitei para caminhar no parque.",0.1507
PA000176,2023-01-01 09:28:00,"Estudando para a prova de amanha, bem concentrado.",0.0622
PA000177,2023-01-01 09:31:06,Leitura no jardim com tempo agradavel.,0.0634
PA000178,2023-01-01 10:21:13,"Meditacao de manha, comecando o dia muito bem.",0.1508
PA000179,2023-01-01 11:00:13,"Aprendi receita nova no youtube, ficou otimo.",0.0
PA000180,2023-01-01 11:53:06,"Fui num restaurante novo, a pizza estava espetacular.",0.0927
PA000181,2023-01-01 14:49:36,"Metro bem tranquilo essa manha, cheguei bem.",0.0373
PA000182,2023-01-01 18:29:43,"Museu da cidade muito interessante, aprendi bastante.",0.109
PA000183,2023-01-01 19:01:40,"Consegui estacionamento logo de cara, dia de sorte mesmo.",0.024
PA000184,2023-01-01 20:30:38,"Configurei o home office com setup novo, otimo.",0.1191
PA000185,2023-01-01 22:20:21,Tudo caro e qualidade cada vez pior.,0.6695
PA000186,2023-01-01 22:25:34,"Corri 5km de manha, semana otima de treino.",0.0799
PA000187,2023-01-01 22:30:08,"Apresentacao correu muito bem, todos gostaram.",0.0523
PA000188,2023-01-01 23:01:47,"Configurei o home office com setup novo, otimo.",0.1355
PA000189,2023-01-01 23:43:21,Cafe da manha caprichado: tapioca com ovo e suco de laranja.,0.0716
PA000190,2023-01-02 00:41:25,"Que calor hoje, tive que ligar o ar condicionado logo cedo.",0.0379
PA000191,2023-01-02 01:39:19,Atualizacao deixou o sistema muito mais rapido.,0.0825
PA000192,2023-01-02 05:15:18,"Configurei o home office com setup novo, otimo.",0.1173
PA000193,2023-01-02 06:36:30,"Natacao de manha, melhor inicio de dia possivel.",0.0725
PA000194,2023-01-02 07:18:39,"Almoco incrivel hoje, fiz lasanha caseira do zero.",0.0321
PA000195,2023-01-02 07:33:53,"Notebook novo chegou, que desempenho incrivel.",0.0728
PA000196,2023-01-02 09:33:25,"Estrada livre, cheguei no trabalho rapido hoje.",0.1903
PA000197,2023-01-02 09:34:07,"Notebook novo chegou, que desempenho incrivel.",0.1711
PA000198,2023-01-02 09:47:20,Terminei o trabalho da faculdade com antecedencia.,0.1507
PA000199,2023-01-02 11:15:20,"Pipoca e serie boa na sexta, programa perfeito.",0.0894
PA000200,2023-01-02 11:31:06,Caminhada ate a estacao foi otima hoje.,0.0207
PA000201,2023-01-02 12:44:34,"Volei com os amigos, muita risada e diversao.",0.1176
PA000202,2023-01-02 12:59:15,"Almoco incrivel hoje, fiz lasanha caseira do zero.",0.121
PA000203,2023-01-02 13:26:05,Cafe da manha caprichado: tapioca com ovo e suco de laranja.,0.1246
PA000204,2023-01-02 15:19:59,"O outono chegou cedo esse ano, que frio gostoso de manha.",0.1452
PA000205,2023-01-02 15:25:18,"Meditacao de manha, comecando o dia muito bem.",0.0452
PA000206,2023-01-02 15:40:31,Feira de artesanato gostosa de passear.,0.0778
PA000207,2023-01-02 15:52:49,Nao acredito mais nessa politica que nao resolve.,0.7709
PA000208,2023-01-02 18:26:47,"Academia hoje, treino puxado mas valeu muito.",0.1016
PA000209,2023-01-02 20:15:15,Brigadeiro de panela saiu incrivel hoje.,0.0148
PA000210,2023-01-02 23:06:33,"Fui num restaurante novo, a pizza estava espetacular.",0.0928
PA000211,2023-01-02 23:24:24,"Natacao de manha, melhor inicio de dia possivel.",0.0831
PA000212,2023-01-03 01:25:33,"Passeio com o cachorro no parque, ele adorou.",0.1913
PA000213,2023-01-03 01:33:09,"Biblioteca da universidade, ambiente otimo para estudar.",0.0829
PA000214,2023-01-03 03:19:10,App de produtividade novo que encontrei e otimo.,0.0888
PA000215,2023-01-03 03:33:34,"Estrada livre, cheguei no trabalho rapido hoje.",0.1295
PA000216,2023-01-03 05:27:05,"Notebook novo chegou, que desempenho incrivel.",0.0976
PA000217,2023-01-03 05:43:27,"Pausa pro cafe com os colegas, bate-papo otimo.",0.09
PA000218,2023-01-03 07:09:19,"Serie nova incrivel, amei o primeiro episodio.",0.0172
PA000219,2023-01-03 07:28:00,Brigadeiro de panela saiu incrivel hoje.,0.1211
PA000220,2023-01-03 08:02:31,"Estudando para a prova de amanha, bem concentrado.",0.0197
PA000221,2023-01-03 08:25:51,"Meditacao de manha, comecando o dia muito bem.",0.0569
PA000222,2023-01-03 11:37:15,"Reuniao produtiva hoje, saimos com otimas ideias.",0.0578
PA000223,2023-01-03 12:10:03,"Onibus chegou no horario hoje, que surpresa agradavel.",0.0185
PA000224,2023-01-03 13:41:21,"Consegui estacionamento logo de cara, dia de sorte mesmo.",0.1115
PA000225,2023-01-03 13:48:24,"Yoga pela manha, comecei o dia muito bem.",0.0
PA000226,2023-01-03 14:38:11,Jantar simples mas gostoso com a familia.,0.075
PA000227,2023-01-03 15:05:41,"Musica nova do meu artista favorito, de outro nivel.",0.0
PA000228,2023-01-03 16:07:51,"Notebook novo chegou, que desempenho incrivel.",0.0901
PA000229,2023-01-03 17:52:26,"Churrasco com a familia no final de semana, delicioso.",0.139
PA000230,2023-01-03 20:18:00,Aula incrivel sobre estatistica aplicada hoje.,0.0868
PA000231,2023-01-03 20:56:00,"Choveu a tarde toda, dia perfeito pra ficar em casa lendo.",0.17
PA000232,2023-01-03 21:27:37,App de produtividade novo que encontrei e otimo.,0.1731
PA000233,2023-01-03 21:28:52,Mais um acidente por causa de imprudencia no transito.,0.3499
PA000234,2023-01-03 21:32:12,"Minha mae fez feijao com arroz e linguica, classico perfeito.",0.0644
PA000235,2023-01-03 22:29:13,"Filme otimo ontem, fui ao cinema com a familia.",0.03
PA000236,2023-01-04 00:38:06,"Reencontrei um amigo antigo por acaso, que alegria.",0.0733
PA000237,2023-01-04 02:00:30,"Dia nublado mas tranquilo, bom para estudar sem distracao.",0.0339
PA000238,2023-01-04 02:52:23,"Livro excelente sobre ciencia de dados, recomendo muito.",0.0
PA000239,2023-01-04 03:19:39,"Notebook novo chegou, que desempenho incrivel.",0.1206
PA000240,2023-01-04 03:51:54,App de produtividade novo que encontrei e otimo.,0.0407
PA000241,2023-01-04 05:16:19,Semana intensa mas muito satisfatoria no trabalho.,0.0074
PA000242,2023-01-04 05:54:24,Aula incrivel sobre estatistica aplicada hoje.,0.0338
PA000243,2023-01-04 06:09:16,Tarde produtiva organizando e limpando a casa.,0.0849
PA000244,2023-01-04 06:37:49,"Passei na certificacao, muito feliz com o resultado.",0.0932
PA000245,2023-01-04 07:46:37,"Minha mae fez feijao com arroz e linguica, classico perfeito.",0.0983
PA000246,2023-01-04 08:08:40,"Meditacao de manha, comecando o dia muito bem.",0.1595
PA000247,2023-01-04 08:23:46,"Que calor hoje, tive que ligar o ar condicionado logo cedo.",0.0452
PA000248,2023-01-04 08:28:35,"Acai gelado essa tarde, refrescante demais.",0.0518
PA000249,2023-01-04 09:31:17,"Aprendi receita nova no youtube, ficou otimo.",0.1571
PA000250,2023-01-04 09:37:52,"Home office com cafe fresquinho do lado, otimo.",0.0
PA000251,2023-01-04 12:14:58,Aplicativo de carona funcionou perfeitamente.,0.0915
PA000252,2023-01-04 12:27:03,Tarde produtiva organizando e limpando a casa.,0.0482
PA000253,2023-01-04 12:41:45,Tarde produtiva organizando e limpando a casa.,0.0709
PA000254,2023-01-04 12:44:03,"Passeio com o cachorro no parque, ele adorou.",0.1204
PA000255,2023-01-04 13:00:33,Finalmente entendi aquele conceito que me travava.,0.0171
PA000256,2023-01-04 15:08:37,"Dia nublado mas tranquilo, bom para estudar sem distracao.",0.0671
PA000257,2023-01-04 17:25:56,Brigadeiro de panela saiu incrivel hoje.,0.0552
PA000258,2023-01-04 18:55:31,"Pausa pro cafe com os colegas, bate-papo otimo.",0.0935
PA000259,2023-01-04 19:18:25,"Que calor hoje, tive que ligar o ar condicionado logo cedo.",0.0471
PA000260,2023-01-04 20:56:56,"Churrasco com a familia no final de semana, delicioso.",0.0704
PA000261,2023-01-04 22:37:26,"Fui de bike hoje, que exercicio agradavel de manha.",0.0295
PA000262,2023-01-04 23:45:06,"Academia hoje, treino puxado mas valeu muito.",0.0
PA000263,2023-01-05 00:02:30,"Corri 5km de manha, semana otima de treino.",0.1919
PA000264,2023-01-05 00:04:44,"Praia tranquila, sol perfeito, descanso total.",0.0343
PA000265,2023-01-05 00:17:57,"Pausa pro cafe com os colegas, bate-papo otimo.",0.0543
PA000266,2023-01-05 00:43:08,"Tarefa dificil concluida com sucesso, que satisfacao.",0.0726
PA000267,2023-01-05 02:43:49,Leitura no jardim com tempo agradavel.,0.0974
PA000268,2023-01-05 02:47:25,"Acai gelado essa tarde, refrescante demais.",0.1388
PA000269,2023-01-05 04:14:02,"Sol lindo hoje, cafe na varanda foi otimo.",0.1125
PA000270,2023-01-05 04:56:57,"Novo celular chegou, a camera e impressionante.",0.1018
PA000271,2023-01-05 05:17:07,"Aprendi receita nova no youtube, ficou otimo.",0.0596
PA000272,2023-01-05 05:18:31,"Teatro incrivel ontem, peca muito bem dirigida.",0.0
PA000273,2023-01-05 05:30:00,"Maratonei a temporada completa, valeu cada minuto.",0.1328
PA000274,2023-01-05 06:04:51,Podcast sobre tecnologia muito interessante.,0.0883
PA000275,2023-01-05 06:09:45,Grupo de estudos foi muito produtivo hoje.,0.0434
PA000276,2023-01-05 09:04:13,"Teatro incrivel ontem, peca muito bem dirigida.",0.0655
PA000277,2023-01-05 09:17:31,"Churrasco com a familia no final de semana, delicioso.",0.0663
PA000278,2023-01-05 10:08:52,"Passeio com o cachorro no parque, ele adorou.",0.1494
PA000279,2023-01-05 14:12:12,"Choveu a tarde toda, dia perfeito pra ficar em casa lendo.",0.097
PA000280,2023-01-05 14:16:31,"Padaria da esquina lancou sabor novo, recomendo.",0.0885
PA000281,2023-01-05 14:48:52,"Vizinho fazendo barulho ate tarde da noite, falta de respeito.",0.6137
PA000282,2023-01-05 15:01:15,"Padaria da esquina lancou sabor novo, recomendo.",0.2014
PA000283,2023-01-05 15:30:16,"Museu da cidade muito interessante, aprendi bastante.",0.096
PA000284,2023-01-05 15:34:43,"Volei com os amigos, muita risada e diversao.",0.0994
PA000285,2023-01-05 18:55:12,"Corri 5km de manha, semana otima de treino.",0.077
PA000286,2023-01-05 19:54:35,"Maratonei a temporada completa, valeu cada minuto.",0.0232
PA000287,2023-01-05 20:26:58,"Dia nublado mas tranquilo, bom para estudar sem distracao.",0.1433
PA000288,2023-01-05 20:47:57,"Plantei temperos na sacada, que satisfacao.",0.0769
PA000289,2023-01-05 22:01:50,Terminei o trabalho da faculdade com antecedencia.,0.0908
PA000290,2023-01-05 22:15:43,"Choveu a tarde toda, dia perfeito pra ficar em casa lendo.",0.0444
PA000291,2023-01-06 00:47:56,Que manha fresca e agradavel para uma caminhada.,0.0514
PA000292,2023-01-06 00:53:24,"Meditacao de manha, comecando o dia muito bem.",0.0893
PA000293,2023-01-06 01:01:02,"Padaria da esquina lancou sabor novo, recomendo.",0.0719
PA000294,2023-01-06 01:06:29,Tarde produtiva organizando e limpando a casa.,0.1347
PA000295,2023-01-06 01:19:10,"Metro bem tranquilo essa manha, cheguei bem.",0.08
PA000296,2023-01-06 03:04:18,"Meu time ganhou hoje, que jogo bonito foi.",0.0527
PA000297,2023-01-06 03:12:29,"Corri 5km de manha, semana otima de treino.",0.1362
PA000298,2023-01-06 04:58:57,"Onibus chegou no horario hoje, que surpresa agradavel.",0.1224
PA000299,2023-01-06 05:36:17,"Filme otimo ontem, fui ao cinema com a familia.",0.0055
PA000300,2023-01-06 07:07:42,"Chuva passageira a tarde, depois o tempo abriu lindo.",0.0447
PA000301,2023-01-06 08:04:17,App de produtividade novo que encontrei e otimo.,0.1194
PA000302,2023-01-06 08:13:12,"Filme otimo ontem, fui ao cinema com a familia.",0.1128
PA000303,2023-01-06 10:21:14,"Museu da cidade muito interessante, aprendi bastante.",0.1317
PA000304,2023-01-06 10:36:07,Feira de artesanato gostosa de passear.,0.1448
PA000305,2023-01-06 10:51:49,"Passei na certificacao, muito feliz com o resultado.",0.1124
PA000306,2023-01-06 11:16:56,Aplicativo de carona funcionou perfeitamente.,0.1103
PA000307,2023-01-06 11:51:34,Cafe da manha caprichado: tapioca com ovo e suco de laranja.,0.0
PA000308,2023-01-06 13:26:26,"Livro excelente sobre ciencia de dados, recomendo muito.",0.0997
PA000309,2023-01-06 14:09:08,Aula incrivel sobre estatistica aplicada hoje.,0.0617
PA000310,2023-01-06 16:00:30,Jogo novo me viciou de um jeito bom.,0.0318
PA000311,2023-01-06 16:06:28,Cafe da manha caprichado: tapioca com ovo e suco de laranja.,0.1073
PA000312,2023-01-06 16:23:27,"Volei com os amigos, muita risada e diversao.",0.1127
PA000313,2023-01-06 16:36:12,"Museu da cidade muito interessante, aprendi bastante.",0.0674
PA000314,2023-01-06 18:10:41,"Teatro incrivel ontem, peca muito bem dirigida.",0.032
PA000315,2023-01-06 18:42:02,"Novo celular chegou, a camera e impressionante.",0.0502
PA000316,2023-01-06 19:18:18,"Corri 5km de manha, semana otima de treino.",0.0962
PA000317,2023-01-06 19:51:58,Que manha fresca e agradavel para uma caminhada.,0.0226
PA000318,2023-01-06 19:53:35,"Almoco incrivel hoje, fiz lasanha caseira do zero.",0.0061
PA000319,2023-01-06 21:37:44,"Metro bem tranquilo essa manha, cheguei bem.",0.0794
PA000320,2023-01-06 23:28:48,"Tentei receita nova de bolo de cenoura, ficou fofinho.",0.0786
PA000321,2023-01-06 23:46:21,"Plantei temperos na sacada, que satisfacao.",0.0399
PA000322,2023-01-07 01:27:31,"Fechei projeto importante essa semana, que alegria.",0.1521
PA000323,2023-01-07 01:29:40,"Vento agradavel hoje, aproveitei para caminhar no parque.",0.0772
PA000324,2023-01-07 03:21:13,"Passeio no interior no fim de semana, natureza linda.",0.0748
PA000325,2023-01-07 03:23:04,"Pausa pro cafe com os colegas, bate-papo otimo.",0.1116
PA000326,2023-01-07 03:31:31,"Reencontrei um amigo antigo por acaso, que alegria.",0.0689
PA000327,2023-01-07 06:06:59,App de produtividade novo que encontrei e otimo.,0.1536
PA000328,2023-01-07 06:36:36,Pedalada de tarde com vista incrivel do parque.,0.1988
PA000329,2023-01-07 06:45:47,"Sol lindo hoje, cafe na varanda foi otimo.",0.0782
PA000330,2023-01-07 06:51:26,"Consegui estacionamento logo de cara, dia de sorte mesmo.",0.107
PA000331,2023-01-07 08:28:19,Nao aguento mais reclamacao sem solucao pratica.,0.9728
PA000332,2023-01-07 09:50:55,"Acai gelado essa tarde, refrescante demais.",0.0604
PA000333,2023-01-07 09:51:05,Jogo novo me viciou de um jeito bom.,0.076
PA000334,2023-01-07 10:09:24,"Estrada livre, cheguei no trabalho rapido hoje.",0.0199
PA000335,2023-01-07 10:42:18,"Teatro incrivel ontem, peca muito bem dirigida.",0.0452
PA000336,2023-01-07 10:50:23,Aula incrivel sobre estatistica aplicada hoje.,0.0789
PA000337,2023-01-07 11:47:47,"Serie nova incrivel, amei o primeiro episodio.",0.0857
PA000338,2023-01-07 13:42:31,"Academia hoje, treino puxado mas valeu muito.",0.0536
PA000339,2023-01-07 13:50:37,Aplicativo de carona funcionou perfeitamente.,0.0438
PA000340,2023-01-07 14:50:26,Barulho da rua me deixou irritado o dia todo.,0.0849
PA000341,2023-01-07 15:09:28,"Notebook novo chegou, que desempenho incrivel.",0.0883
PA000342,2023-01-07 16:48:38,"Sopa de legumes no frio, reconfortante e gostosa.",0.0339
PA000343,2023-01-07 16:50:49,"Padaria da esquina lancou sabor novo, recomendo.",0.17
PA000344,2023-01-07 16:58:44,"Choveu a tarde toda, dia perfeito pra ficar em casa lendo.",0.0745
PA000345,2023-01-07 17:12:41,"Cuidando das plantas em casa, muito terapeutico.",0.0349
PA000346,2023-01-07 18:38:58,"Tentei receita nova de bolo de cenoura, ficou fofinho.",0.0235
PA000347,2023-01-07 19:49:58,"Passei na certificacao, muito feliz com o resultado.",0.0444
PA000348,2023-01-07 23:31:24,Que tarde relaxante lendo na rede.,0.0053
PA000349,2023-01-07 23:53:55,"O outono chegou cedo esse ano, que frio gostoso de manha.",0.041
PA000350,2023-01-08 01:05:51,Cafe da manha caprichado: tapioca com ovo e suco de laranja.,0.0733
PA000351,2023-01-08 01:36:24,"Corri 5km de manha, semana otima de treino.",0.0866
PA000352,2023-01-08 01:38:39,"Pipoca e serie boa na sexta, programa perfeito.",0.0617
PA000353,2023-01-08 02:35:28,"Que semana frustrante, precisava que as coisas dessem certo.",0.1829
PA000354,2023-01-08 02:48:33,"Pipoca e serie boa na sexta, programa perfeito.",0.1053
PA000355,2023-01-08 02:49:52,"Que calor hoje, tive que ligar o ar condicionado logo cedo.",0.0758
PA000356,2023-01-08 03:05:53,Leitura no jardim com tempo agradavel.,0.1113
PA000357,2023-01-08 03:11:16,Finalmente entendi aquele conceito que me travava.,0.0395
PA000358,2023-01-08 05:46:06,"Minha mae fez feijao com arroz e linguica, classico perfeito.",0.0532
PA000359,2023-01-08 08:22:48,"Maratonei a temporada completa, valeu cada minuto.",0.1425
PA000360,2023-01-08 08:31:17,"Fui de bike hoje, que exercicio agradavel de manha.",0.0922
PA000361,2023-01-08 08:44:59,"Pausa pro cafe com os colegas, bate-papo otimo.",0.0661
PA000362,2023-01-08 10:07:10,Jogo novo me viciou de um jeito bom.,0.0398
PA000363,2023-01-08 10:23:00,Que manha fresca e agradavel para uma caminhada.,0.0474
PA000364,2023-01-08 11:41:19,"Pausa pro cafe com os colegas, bate-papo otimo.",0.0533
PA000365,2023-01-08 11:50:08,"Meditacao de manha, comecando o dia muito bem.",0.0165
PA000366,2023-01-08 11:50:11,"Domingo em familia, melhor dia da semana.",0.1359
PA000367,2023-01-08 12:13:44,Finalmente entendi aquele conceito que me travava.,0.1083
PA000368,2023-01-08 12:22:37,"O outono chegou cedo esse ano, que frio gostoso de manha.",0.0602
PA000369,2023-01-08 12:25:11,"Domingo em familia, melhor dia da semana.",0.0271
PA000370,2023-01-08 13:49:50,"Consegui estacionamento logo de cara, dia de sorte mesmo.",0.0452
PA000371,2023-01-08 18:28:13,"Choveu a tarde toda, dia perfeito pra ficar em casa lendo.",0.0246
PA000372,2023-01-08 20:19:37,"Reuniao produtiva hoje, saimos com otimas ideias.",0.0668
PA000373,2023-01-08 20:27:31,"Meditacao de manha, comecando o dia muito bem.",0.0108
PA000374,2023-01-08 20:42:53,Tarde produtiva organizando e limpando a casa.,0.0988
PA000375,2023-01-08 20:45:47,"Tarefa dificil concluida com sucesso, que satisfacao.",0.1358
PA000376,2023-01-08 22:58:53,"Passei na certificacao, muito feliz com o resultado.",0.0878
PA000377,2023-01-08 23:30:10,Podcast sobre tecnologia muito interessante.,0.0603
PA000378,2023-01-08 23:44:13,"Praia tranquila, sol perfeito, descanso total.",0.095
PA000379,2023-01-09 00:13:27,"Passeio com o cachorro no parque, ele adorou.",0.0978
PA000380,2023-01-09 00:24:28,"Sopa de legumes no frio, reconfortante e gostosa.",0.0
PA000381,2023-01-09 02:50:36,"Choveu a tarde toda, dia perfeito pra ficar em casa lendo.",0.0265
PA000382,2023-01-09 03:24:51,"Minha mae fez feijao com arroz e linguica, classico perfeito.",0.1646
PA000383,2023-01-09 03:34:06,"Musica nova do meu artista favorito, de outro nivel.",0.0123
PA000384,2023-01-09 04:00:09,"Sol lindo hoje, cafe na varanda foi otimo.",0.0
PA000385,2023-01-09 05:48:45,"Estrada livre, cheguei no trabalho rapido hoje.",0.0806
PA000386,2023-01-09 07:21:26,"Tarefa dificil concluida com sucesso, que satisfacao.",0.0958
PA000387,2023-01-09 07:30:30,"Fui num restaurante novo, a pizza estava espetacular.",0.1483
PA000388,2023-01-09 07:31:09,"Praia tranquila, sol perfeito, descanso total.",0.0763
PA000389,2023-01-09 10:42:17,Pedalada de tarde com vista incrivel do parque.,0.0432
PA000390,2023-01-09 11:20:53,Feira de artesanato gostosa de passear.,0.0041
PA000391,2023-01-09 12:27:36,App de produtividade novo que encontrei e otimo.,0.1184
PA000392,2023-01-09 12:40:38,App de produtividade novo que encontrei e otimo.,0.0189
PA000393,2023-01-09 13:03:38,"Que calor hoje, tive que ligar o ar condicionado logo cedo.",0.1291
PA000394,2023-01-09 13:20:32,"Yoga pela manha, comecei o dia muito bem.",0.0733
PA000395,2023-01-09 13:29:55,Jogo novo me viciou de um jeito bom.,0.0778
PA000396,2023-01-09 15:22:46,"Pausa pro cafe com os colegas, bate-papo otimo.",0.0355
PA000397,2023-01-09 16:06:27,"Acai gelado essa tarde, refrescante demais.",0.1291
PA000398,2023-01-09 16:27:20,"Pausa pro cafe com os colegas, bate-papo otimo.",0.1383
PA000399,2023-01-09 17:18:48,"Maratonei a temporada completa, valeu cada minuto.",0.0459
PA000400,2023-01-09 17:55:58,Tarde produtiva organizando e limpando a casa.,0.081
PA000401,2023-01-09 18:29:14,"Livro excelente sobre ciencia de dados, recomendo muito.",0.141
PA000402,2023-01-09 19:53:19,"Aprendi receita nova no youtube, ficou otimo.",0.1065
PA000403,2023-01-09 21:24:48,Terminei o trabalho da faculdade com antecedencia.,0.0723
PA000404,2023-01-09 21:27:07,"Estudando para a prova de amanha, bem concentrado.",0.0463
PA000405,2023-01-09 21:59:14,"Yoga pela manha, comecei o dia muito bem.",0.0811
PA000406,2023-01-09 22:26:12,"Academia hoje, treino puxado mas valeu muito.",0.1311
PA000407,2023-01-10 00:46:53,"Novo celular chegou, a camera e impressionante.",0.0927
PA000408,2023-01-10 01:10:53,"Que dia difícil, nada saiu como eu havia planejado.",0.4473
PA000409,2023-01-10 02:01:47,"Livro excelente sobre ciencia de dados, recomendo muito.",0.0454
PA000410,2023-01-10 02:10:34,"Que semana frustrante, precisava que as coisas dessem certo.",0.026
PA000411,2023-01-10 02:21:19,Atualizacao deixou o sistema muito mais rapido.,0.1537
PA000412,2023-01-10 02:55:04,"Volei com os amigos, muita risada e diversao.",0.1206
PA000413,2023-01-10 03:13:34,App de produtividade novo que encontrei e otimo.,0.0594
PA000414,2023-01-10 03:16:42,Jogo novo me viciou de um jeito bom.,0.0634
PA000415,2023-01-10 03:34:53,"Chuva passageira a tarde, depois o tempo abriu lindo.",0.0133
PA000416,2023-01-10 03:46:56,Semana intensa mas muito satisfatoria no trabalho.,0.0473
PA000417,2023-01-10 04:02:26,"Churrasco com a familia no final de semana, delicioso.",0.1728
PA000418,2023-01-10 04:15:48,"Aprendi receita nova no youtube, ficou otimo.",0.1069
PA000419,2023-01-10 05:12:33,"Viagem de fim de semana para cidade historica, valeu.",0.1383
PA000420,2023-01-10 05:19:56,"Testei IA para ajudar com codigo, funcionou bem.",0.0066
PA000421,2023-01-10 05:37:55,"Teatro incrivel ontem, peca muito bem dirigida.",0.1622
PA000422,2023-01-10 05:48:18,"Serie nova incrivel, amei o primeiro episodio.",0.0771
PA000423,2023-01-10 05:51:50,"Volei com os amigos, muita risada e diversao.",0.1456
PA000424,2023-01-10 06:06:56,Grupo de estudos foi muito produtivo hoje.,0.0824
PA000425,2023-01-10 06:35:00,Terminei o trabalho da faculdade com antecedencia.,0.0
PA000426,2023-01-10 06:54:15,"Minha mae fez feijao com arroz e linguica, classico perfeito.",0.0495
PA000427,2023-01-10 08:05:18,Tarde produtiva organizando e limpando a casa.,0.0617
PA000428,2023-01-10 09:41:26,Tarde produtiva organizando e limpando a casa.,0.0415
PA000429,2023-01-10 09:47:35,"Padaria da esquina lancou sabor novo, recomendo.",0.1202
PA000430,2023-01-10 10:25:56,"Reuniao produtiva hoje, saimos com otimas ideias.",0.0332
PA000431,2023-01-10 10:38:41,"Dia nublado mas tranquilo, bom para estudar sem distracao.",0.1137
PA000432,2023-01-10 11:10:32,Cafe da manha caprichado: tapioca com ovo e suco de laranja.,0.0529
PA000433,2023-01-10 11:30:59,"Metro bem tranquilo essa manha, cheguei bem.",0.0615
PA000434,2023-01-10 12:06:14,"Reencontrei um amigo antigo por acaso, que alegria.",0.1928
PA000435,2023-01-10 13:09:42,"Meu time ganhou hoje, que jogo bonito foi.",0.0569
PA000436,2023-01-10 13:46:43,"Passeio com o cachorro no parque, ele adorou.",0.0586
PA000437,2023-01-10 16:15:13,"Domingo em familia, melhor dia da semana.",0.112
PA000438,2023-01-10 16:16:22,"Consegui estacionamento logo de cara, dia de sorte mesmo.",0.0358
PA000439,2023-01-10 19:26:01,"Maratonei a temporada completa, valeu cada minuto.",0.0148
PA000440,2023-01-10 20:18:40,"Corri 5km de manha, semana otima de treino.",0.1114
PA000441,2023-01-10 21:25:39,"Reencontrei um amigo antigo por acaso, que alegria.",0.1549
PA000442,2023-01-10 22:10:06,"Cuidando das plantas em casa, muito terapeutico.",0.08
PA000443,2023-01-11 00:00:52,"Novo celular chegou, a camera e impressionante.",0.1552
PA000444,2023-01-11 00:51:31,"Filme otimo ontem, fui ao cinema com a familia.",0.1151
PA000445,2023-01-11 02:50:29,"Fechei projeto importante essa semana, que alegria.",0.15
PA000446,2023-01-11 03:13:40,App de produtividade novo que encontrei e otimo.,0.1161
PA000447,2023-01-11 05:04:45,"Meditacao de manha, comecando o dia muito bem.",0.1054
PA000448,2023-01-11 06:45:45,Caminhada ate a estacao foi otima hoje.,0.1036
PA000449,2023-01-11 07:13:26,"Passeio no interior no fim de semana, natureza linda.",0.1762
PA000450,2023-01-11 07:21:14,Terminei o trabalho da faculdade com antecedencia.,0.0099
PA000451,2023-01-11 07:28:22,Aula incrivel sobre estatistica aplicada hoje.,0.046
PA000452,2023-01-11 09:00:48,"Volei com os amigos, muita risada e diversao.",0.0194
PA000453,2023-01-11 10:23:52,"Minha mae fez feijao com arroz e linguica, classico perfeito.",0.1628
PA000454,2023-01-11 11:41:29,"Chuva passageira a tarde, depois o tempo abriu lindo.",0.1385
PA000455,2023-01-11 12:17:25,Nao acredito mais nessa politica que nao resolve.,0.8664
PA000456,2023-01-11 12:52:18,"Aprendi receita nova no youtube, ficou otimo.",0.1191
PA000457,2023-01-11 12:58:46,Burocracia excessiva impossibilitando qualquer coisa.,0.3395
PA000458,2023-01-11 13:42:08,Pedalada de tarde com vista incrivel do parque.,0.0212
PA000459,2023-01-11 16:15:04,"Testei IA para ajudar com codigo, funcionou bem.",0.0727
PA000460,2023-01-11 17:33:47,Grupo de estudos foi muito produtivo hoje.,0.0357
PA000461,2023-01-11 18:56:17,"Trilha ecologica incrivel, natureza pura.",0.0
PA000462,2023-01-11 19:15:05,Que tarde relaxante lendo na rede.,0.0883
PA000463,2023-01-11 19:37:33,Que tarde relaxante lendo na rede.,0.0797
PA000464,2023-01-11 19:39:22,"Domingo em familia, melhor dia da semana.",0.1303
PA000465,2023-01-11 19:39:56,"Pausa pro cafe com os colegas, bate-papo otimo.",0.0713
PA000466,2023-01-12 01:13:24,"Plantei temperos na sacada, que satisfacao.",0.0726
PA000467,2023-01-12 01:35:57,"Musica nova do meu artista favorito, de outro nivel.",0.0676
PA000468,2023-01-12 01:47:05,"O outono chegou cedo esse ano, que frio gostoso de manha.",0.0
PA000469,2023-01-12 03:58:06,"Vento agradavel hoje, aproveitei para caminhar no parque.",0.0965
PA000470,2023-01-12 04:32:47,"Teatro incrivel ontem, peca muito bem dirigida.",0.0501
PA000471,2023-01-12 05:11:32,"Meditacao de manha, comecando o dia muito bem.",0.1057
PA000472,2023-01-12 07:35:08,"Configurei o home office com setup novo, otimo.",0.0676
PA000473,2023-01-12 08:05:23,Caminhada ate a estacao foi otima hoje.,0.0663
PA000474,2023-01-12 09:49:31,"Reencontrei um amigo antigo por acaso, que alegria.",0.0598
PA000475,2023-01-12 12:45:20,"Multa de transito injusta, vou recorrer.",0.3446
PA000476,2023-01-12 12:55:31,"Cuidando das plantas em casa, muito terapeutico.",0.0
PA000477,2023-01-12 13:09:08,"Pausa pro cafe com os colegas, bate-papo otimo.",0.0912
PA000478,2023-01-12 13:16:21,"Testei IA para ajudar com codigo, funcionou bem.",0.0733
PA000479,2023-01-12 13:41:32,Atualizacao deixou o sistema muito mais rapido.,0.0344
PA000480,2023-01-12 15:42:41,"Meu time ganhou hoje, que jogo bonito foi.",0.049
PA000481,2023-01-12 16:49:58,Finalmente entendi aquele conceito que me travava.,0.1158
PA000482,2023-01-12 17:21:03,"Corri 5km de manha, semana otima de treino.",0.0337
PA000483,2023-01-12 17:38:10,"Almoco incrivel hoje, fiz lasanha caseira do zero.",0.1325
PA000484,2023-01-12 17:47:58,Que tarde relaxante lendo na rede.,0.0802
PA000485,2023-01-12 18:29:33,Jogo novo me viciou de um jeito bom.,0.0186
PA000486,2023-01-12 19:09:45,"Yoga pela manha, comecei o dia muito bem.",0.0645
PA000487,2023-01-12 19:36:53,"Meu time ganhou hoje, que jogo bonito foi.",0.0541
PA000488,2023-01-12 19:37:38,Jantar simples mas gostoso com a familia.,0.1605
PA000489,2023-01-12 20:06:51,"Onibus chegou no horario hoje, que surpresa agradavel.",0.0291
PA000490,2023-01-12 22:53:07,Que tarde relaxante lendo na rede.,0.046
PA000491,2023-01-12 23:22:52,Caminhada ate a estacao foi otima hoje.,0.0478
PA000492,2023-01-13 00:03:29,Aula incrivel sobre estatistica aplicada hoje.,0.0451
PA000493,2023-01-13 00:03:30,"Fui de bike hoje, que exercicio agradavel de manha.",0.1031
PA000494,2023-01-13 01:09:13,Jantar simples mas gostoso com a familia.,0.0489
PA000495,2023-01-13 04:47:09,"Filme otimo ontem, fui ao cinema com a familia.",0.0403
PA000496,2023-01-13 06:12:01,"Fechei projeto importante essa semana, que alegria.",0.0383
PA000497,2023-01-13 06:17:53,"Atendimento pessimo no banco, perdi a tarde toda.",0.5327
PA000498,2023-01-13 07:05:12,"Passeio no interior no fim de semana, natureza linda.",0.1084
PA000499,2023-01-13 08:27:17,Podcast sobre tecnologia muito interessante.,0.0074
PA000500,2023-01-13 08:49:22,Terminei o trabalho da faculdade com antecedencia.,0.1047
PA000501,2023-01-13 09:09:20,"Tentei receita nova de bolo de cenoura, ficou fofinho.",0.0562
PA000502,2023-01-13 10:06:07,"Domingo em familia, melhor dia da semana.",0.0772
PA000503,2023-01-13 10:43:46,"Yoga pela manha, comecei o dia muito bem.",0.0933
PA000504,2023-01-13 12:18:54,"Notebook novo chegou, que desempenho incrivel.",0.115
PA000505,2023-01-13 12:20:05,Atualizacao deixou o sistema muito mais rapido.,0.043
PA000506,2023-01-13 13:19:46,Mais um acidente por causa de imprudencia no transito.,0.1902
PA000507,2023-01-13 13:28:39,"Novo celular chegou, a camera e impressionante.",0.1155
PA000508,2023-01-13 14:07:46,"Cuidando das plantas em casa, muito terapeutico.",0.1671
PA000509,2023-01-13 14:47:57,Aula incrivel sobre estatistica aplicada hoje.,0.0397
PA000510,2023-01-13 15:55:24,"Dia nublado mas tranquilo, bom para estudar sem distracao.",0.1299
PA000511,2023-01-13 16:16:50,"Passeio no interior no fim de semana, natureza linda.",0.0905
PA000512,2023-01-13 18:18:52,Cafe da manha caprichado: tapioca com ovo e suco de laranja.,0.0
PA000513,2023-01-13 18:19:35,"Meditacao de manha, comecando o dia muito bem.",0.0
PA000514,2023-01-13 20:32:01,"O outono chegou cedo esse ano, que frio gostoso de manha.",0.0665
PA000515,2023-01-13 21:37:13,"Notebook novo chegou, que desempenho incrivel.",0.1292
PA000516,2023-01-13 22:07:07,Caminhada ate a estacao foi otima hoje.,0.0
PA000517,2023-01-13 22:14:06,"Yoga pela manha, comecei o dia muito bem.",0.099
PA000518,2023-01-13 22:36:24,"Choveu a tarde toda, dia perfeito pra ficar em casa lendo.",0.0272
PA000519,2023-01-14 00:13:33,"Fui de bike hoje, que exercicio agradavel de manha.",0.065
PA000520,2023-01-14 01:02:43,"Que frustracao, meu time perdeu mais uma vez.",0.7232
PA000521,2023-01-14 01:09:53,"Museu da cidade muito interessante, aprendi bastante.",0.0819
PA000522,2023-01-14 04:34:25,"Tentei receita nova de bolo de cenoura, ficou fofinho.",0.075
PA000523,2023-01-14 05:35:17,"Fechei projeto importante essa semana, que alegria.",0.1352
PA000524,2023-01-14 07:13:16,"Reuniao produtiva hoje, saimos com otimas ideias.",0.051
PA000525,2023-01-14 07:57:52,Grupo de estudos foi muito produtivo hoje.,0.0873
PA000526,2023-01-14 08:17:03,"Notebook novo chegou, que desempenho incrivel.",0.0701
PA000527,2023-01-14 08:26:06,Atualizacao deixou o sistema muito mais rapido.,0.0276
PA000528,2023-01-14 08:34:55,Que tarde relaxante lendo na rede.,0.1311
PA000529,2023-01-14 09:15:37,"Musica nova do meu artista favorito, de outro nivel.",0.0674
PA000530,2023-01-14 10:02:45,"Sol lindo hoje, cafe na varanda foi otimo.",0.0606
PA000531,2023-01-14 10:06:51,Que tarde relaxante lendo na rede.,0.0423
PA000532,2023-01-14 10:49:06,Finalmente entendi aquele conceito que me travava.,0.0571
PA000533,2023-01-14 12:50:53,Mais um acidente por causa de imprudencia no transito.,0.794
PA000534,2023-01-14 13:19:31,"Meu time ganhou hoje, que jogo bonito foi.",0.0791
PA000535,2023-01-14 13:21:31,Atualizacao deixou o sistema muito mais rapido.,0.018
PA000536,2023-01-14 13:41:09,"Choveu a tarde toda, dia perfeito pra ficar em casa lendo.",0.0718
PA000537,2023-01-14 14:04:50,Que manha fresca e agradavel para uma caminhada.,0.0885
PA000538,2023-01-14 14:27:49,"Estudando para a prova de amanha, bem concentrado.",0.093
PA000539,2023-01-14 17:28:21,Grupo de estudos foi muito produtivo hoje.,0.0413
PA000540,2023-01-14 20:47:53,Atualizacao deixou o sistema muito mais rapido.,0.0618
PA000541,2023-01-14 21:13:27,"Filme otimo ontem, fui ao cinema com a familia.",0.0699
PA000542,2023-01-14 21:14:58,"Cuidando das plantas em casa, muito terapeutico.",0.0473
PA000543,2023-01-14 21:19:31,"Servico contratado nao foi entregue no prazo, absurdo.",0.6394
PA000544,2023-01-14 21:27:16,"Serie nova incrivel, amei o primeiro episodio.",0.0631
PA000545,2023-01-14 22:24:33,"Pipoca e serie boa na sexta, programa perfeito.",0.0931
PA000546,2023-01-14 22:29:16,"Sopa de legumes no frio, reconfortante e gostosa.",0.0
PA000547,2023-01-14 23:40:50,"Passeio no interior no fim de semana, natureza linda.",0.0651
PA000548,2023-01-15 02:24:30,"Novo celular chegou, a camera e impressionante.",0.0731
PA000549,2023-01-15 02:47:28,"Teatro incrivel ontem, peca muito bem dirigida.",0.1076
PA000550,2023-01-15 03:59:33,"Acai gelado essa tarde, refrescante demais.",0.1126
PA000551,2023-01-15 04:30:47,"Reencontrei um amigo antigo por acaso, que alegria.",0.0866
PA000552,2023-01-15 05:21:25,"Praia tranquila, sol perfeito, descanso total.",0.1453
PA000553,2023-01-15 06:39:39,Jogo novo me viciou de um jeito bom.,0.0815
PA000554,2023-01-15 06:59:06,"Praia tranquila, sol perfeito, descanso total.",0.0
PA000555,2023-01-15 08:42:31,Atualizacao deixou o sistema muito mais rapido.,0.1159
PA000556,2023-01-15 10:05:00,Podcast sobre tecnologia muito interessante.,0.0419
PA000557,2023-01-15 10:39:54,"Notebook novo chegou, que desempenho incrivel.",0.1385
PA000558,2023-01-15 11:16:04,"Que calor hoje, tive que ligar o ar condicionado logo cedo.",0.1092
PA000559,2023-01-15 11:16:53,"Tarefa dificil concluida com sucesso, que satisfacao.",0.0816
PA000560,2023-01-15 11:50:07,Que manha fresca e agradavel para uma caminhada.,0.1422
PA000561,2023-01-15 12:26:25,"Biblioteca da universidade, ambiente otimo para estudar.",0.1564
PA000562,2023-01-15 12:47:43,"Museu da cidade muito interessante, aprendi bastante.",0.0203
PA000563,2023-01-15 13:53:46,"Filme otimo ontem, fui ao cinema com a familia.",0.0628
PA000564,2023-01-15 14:22:35,"Dia nublado mas tranquilo, bom para estudar sem distracao.",0.0951
PA000565,2023-01-15 16:39:32,"Musica nova do meu artista favorito, de outro nivel.",0.0
PA000566,2023-01-15 17:19:22,"Cuidando das plantas em casa, muito terapeutico.",0.0591
PA000567,2023-01-15 21:31:05,"Teatro incrivel ontem, peca muito bem dirigida.",0.1746
PA000568,2023-01-16 00:20:04,Tarde produtiva organizando e limpando a casa.,0.0
PA000569,2023-01-16 00:46:46,"Almoco incrivel hoje, fiz lasanha caseira do zero.",0.084
PA000570,2023-01-16 00:48:04,Grupo de estudos foi muito produtivo hoje.,0.0916
PA000571,2023-01-16 01:07:57,"Notebook novo chegou, que desempenho incrivel.",0.22
PA000572,2023-01-16 04:29:26,"Chuva passageira a tarde, depois o tempo abriu lindo.",0.107
PA000573,2023-01-16 05:48:29,Aplicativo de carona funcionou perfeitamente.,0.1526
PA000574,2023-01-16 07:38:15,Jogo novo me viciou de um jeito bom.,0.1237
PA000575,2023-01-16 08:24:16,"Cuidando das plantas em casa, muito terapeutico.",0.1552
PA000576,2023-01-16 12:05:05,"Onibus chegou no horario hoje, que surpresa agradavel.",0.1033
PA000577,2023-01-16 12:32:33,"Academia hoje, treino puxado mas valeu muito.",0.0951
PA000578,2023-01-16 12:33:46,"Corri 5km de manha, semana otima de treino.",0.0832
PA000579,2023-01-16 13:00:47,"Pausa pro cafe com os colegas, bate-papo otimo.",0.058
PA000580,2023-01-16 13:08:59,"Sol lindo hoje, cafe na varanda foi otimo.",0.1284
PA000581,2023-01-16 13:15:29,"Acai gelado essa tarde, refrescante demais.",0.017
PA000582,2023-01-16 13:35:43,Aula incrivel sobre estatistica aplicada hoje.,0.1208
PA000583,2023-01-16 13:52:34,"Reuniao produtiva hoje, saimos com otimas ideias.",0.0881
PA000584,2023-01-16 14:12:57,Podcast sobre tecnologia muito interessante.,0.0492
PA000585,2023-01-16 14:56:37,"Sol lindo hoje, cafe na varanda foi otimo.",0.0308
PA000586,2023-01-16 16:22:11,"Domingo em familia, melhor dia da semana.",0.0624
PA000587,2023-01-16 16:59:10,"Configurei o home office com setup novo, otimo.",0.1312
PA000588,2023-01-16 18:47:45,"Notebook novo chegou, que desempenho incrivel.",0.0199
PA000589,2023-01-16 19:12:33,"Que calor hoje, tive que ligar o ar condicionado logo cedo.",0.1205
PA000590,2023-01-16 19:40:24,"Que dia difícil, nada saiu como eu havia planejado.",0.2846
PA000591,2023-01-16 20:35:17,"Trilha ecologica incrivel, natureza pura.",0.0151
PA000592,2023-01-16 21:14:44,"Musica nova do meu artista favorito, de outro nivel.",0.087
PA000593,2023-01-16 21:33:09,"Volei com os amigos, muita risada e diversao.",0.1242
PA000594,2023-01-16 21:40:58,Tarde produtiva organizando e limpando a casa.,0.0275
PA000595,2023-01-16 23:45:11,"Trilha ecologica incrivel, natureza pura.",0.0528
PA000596,2023-01-17 01:14:41,"Musica nova do meu artista favorito, de outro nivel.",0.056
PA000597,2023-01-17 01:21:55,"Estrada livre, cheguei no trabalho rapido hoje.",0.0355
PA000598,2023-01-17 01:35:50,"Meditacao de manha, comecando o dia muito bem.",0.0951
PA000599,2023-01-17 02:17:03,"Yoga pela manha, comecei o dia muito bem.",0.1526
PA000600,2023-01-17 02:28:05,Finalmente entendi aquele conceito que me travava.,0.144
PA000601,2023-01-17 02:42:25,Semana intensa mas muito satisfatoria no trabalho.,0.0131
PA000602,2023-01-17 02:51:35,"Notebook novo chegou, que desempenho incrivel.",0.0821
PA000603,2023-01-17 02:53:06,Jogo novo me viciou de um jeito bom.,0.0702
PA000604,2023-01-17 03:30:32,"Passeio no interior no fim de semana, natureza linda.",0.0693
PA000605,2023-01-17 04:48:38,"Metro bem tranquilo essa manha, cheguei bem.",0.1033
PA000606,2023-01-17 05:13:42,Grupo de estudos foi muito produtivo hoje.,0.1638
PA000607,2023-01-17 07:18:19,"Meditacao de manha, comecando o dia muito bem.",0.1288
PA000608,2023-01-17 07:30:35,"Filme otimo ontem, fui ao cinema com a familia.",0.0365
PA000609,2023-01-17 08:10:26,Jogo novo me viciou de um jeito bom.,0.0865
PA000610,2023-01-17 09:22:08,"Onibus chegou no horario hoje, que surpresa agradavel.",0.0669
PA000611,2023-01-17 09:31:27,Aplicativo travou bem na hora da reuniao importante.,0.6506
PA000612,2023-01-17 11:33:18,"Onibus chegou no horario hoje, que surpresa agradavel.",0.0394
PA000613,2023-01-17 14:24:16,Tarde produtiva organizando e limpando a casa.,0.0915
PA000614,2023-01-17 15:35:19,"Livro excelente sobre ciencia de dados, recomendo muito.",0.0
PA000615,2023-01-17 15:36:33,Show ao vivo incrivel no fim de semana.,0.0241
PA000616,2023-01-17 16:33:56,Cafe da manha caprichado: tapioca com ovo e suco de laranja.,0.0281
PA000617,2023-01-17 20:37:58,"Yoga pela manha, comecei o dia muito bem.",0.0602
PA000618,2023-01-17 20:57:15,"Cuidando das plantas em casa, muito terapeutico.",0.1223
PA000619,2023-01-17 21:10:01,Que manha fresca e agradavel para uma caminhada.,0.1195
PA000620,2023-01-17 21:37:47,"Chega de promessa vazia, quero resultado de verdade.",0.3761
PA000621,2023-01-17 22:16:30,"Dia nublado mas tranquilo, bom para estudar sem distracao.",0.0489
PA000622,2023-01-18 00:01:16,Cafe da manha caprichado: tapioca com ovo e suco de laranja.,0.1503
PA000623,2023-01-18 00:47:54,Semana intensa mas muito satisfatoria no trabalho.,0.0212
PA000624,2023-01-18 01:57:55,Semana intensa mas muito satisfatoria no trabalho.,0.067
PA000625,2023-01-18 03:34:40,Finalmente entendi aquele conceito que me travava.,0.0424
PA000626,2023-01-18 04:27:12,Aplicativo de carona funcionou perfeitamente.,0.1005
PA000627,2023-01-18 04:56:58,"Filme otimo ontem, fui ao cinema com a familia.",0.0823
PA000628,2023-01-18 05:54:30,Brigadeiro de panela saiu incrivel hoje.,0.0256
PA000629,2023-01-18 06:40:34,"Trilha ecologica incrivel, natureza pura.",0.0488
PA000630,2023-01-18 07:13:39,"Praia tranquila, sol perfeito, descanso total.",0.1243
PA000631,2023-01-18 08:09:08,"Vento agradavel hoje, aproveitei para caminhar no parque.",0.0801
PA000632,2023-01-18 08:21:06,Mais um acidente por causa de imprudencia no transito.,0.7238
PA000633,2023-01-18 11:18:15,"Meu time ganhou hoje, que jogo bonito foi.",0.0776
PA000634,2023-01-18 11:31:48,"Estudando para a prova de amanha, bem concentrado.",0.0888
PA000635,2023-01-18 15:41:33,"Viagem de fim de semana para cidade historica, valeu.",0.0
PA000636,2023-01-18 17:01:57,"Minha mae fez feijao com arroz e linguica, classico perfeito.",0.0435
PA000637,2023-01-18 19:30:32,"Praia tranquila, sol perfeito, descanso total.",0.143
PA000638,2023-01-18 22:26:14,Feira de artesanato gostosa de passear.,0.1805
PA000639,2023-01-18 22:55:23,Podcast sobre tecnologia muito interessante.,0.0393
PA000640,2023-01-18 22:59:11,"Natacao de manha, melhor inicio de dia possivel.",0.1082
PA000641,2023-01-19 00:04:56,"Meu time ganhou hoje, que jogo bonito foi.",0.0925
PA000642,2023-01-19 00:20:26,"Plantei temperos na sacada, que satisfacao.",0.0745
PA000643,2023-01-19 01:14:46,"Aprendi receita nova no youtube, ficou otimo.",0.0686
PA000644,2023-01-19 01:55:32,"Pausa pro cafe com os colegas, bate-papo otimo.",0.0865
PA000645,2023-01-19 02:40:00,Nao aguento mais essas politicas que nao funcionam.,0.099
PA000646,2023-01-19 03:06:17,"Domingo em familia, melhor dia da semana.",0.0619
PA000647,2023-01-19 03:35:05,"Que calor hoje, tive que ligar o ar condicionado logo cedo.",0.1514
PA000648,2023-01-19 03:59:31,"Reuniao produtiva hoje, saimos com otimas ideias.",0.1301
PA000649,2023-01-19 06:17:00,"Tarefa dificil concluida com sucesso, que satisfacao.",0.0744
PA000650,2023-01-19 06:24:34,"Notebook novo chegou, que desempenho incrivel.",0.0
PA000651,2023-01-19 09:29:09,"Consegui estacionamento logo de cara, dia de sorte mesmo.",0.092
PA000652,2023-01-19 09:51:05,Podcast sobre tecnologia muito interessante.,0.0425
PA000653,2023-01-19 10:53:57,"Trilha ecologica incrivel, natureza pura.",0.1434
PA000654,2023-01-19 12:21:22,"Onibus chegou no horario hoje, que surpresa agradavel.",0.0
PA000655,2023-01-19 12:47:17,"Domingo em familia, melhor dia da semana.",0.0206
PA000656,2023-01-19 14:30:30,"Fui de bike hoje, que exercicio agradavel de manha.",0.0862
PA000657,2023-01-19 14:39:48,"Que dia difícil, nada saiu como eu havia planejado.",0.5831
PA000658,2023-01-19 14:49:32,"Fui num restaurante novo, a pizza estava espetacular.",0.023
PA000659,2023-01-19 15:07:29,Feira de artesanato gostosa de passear.,0.1766
PA000660,2023-01-19 15:33:07,"Cuidando das plantas em casa, muito terapeutico.",0.0707
PA000661,2023-01-19 16:36:29,"O outono chegou cedo esse ano, que frio gostoso de manha.",0.0946
PA000662,2023-01-19 16:59:22,"Trilha ecologica incrivel, natureza pura.",0.0
PA000663,2023-01-19 17:59:38,"Passei na certificacao, muito feliz com o resultado.",0.0796
PA000664,2023-01-19 18:00:32,"Natacao de manha, melhor inicio de dia possivel.",0.114
PA000665,2023-01-19 18:39:44,"Trilha ecologica incrivel, natureza pura.",0.0081
PA000666,2023-01-19 20:06:27,"Passei na certificacao, muito feliz com o resultado.",0.1384
PA000667,2023-01-19 20:39:15,Podcast sobre tecnologia muito interessante.,0.0119
PA000668,2023-01-19 22:00:35,"Internet caindo toda hora, impossivel trabalhar assim.",0.6449
PA000669,2023-01-19 22:12:59,"Notebook novo chegou, que desempenho incrivel.",0.0818
PA000670,2023-01-19 22:43:16,"Filme otimo ontem, fui ao cinema com a familia.",0.1121
PA000671,2023-01-20 00:17:48,"Reencontrei um amigo antigo por acaso, que alegria.",0.0877
PA000672,2023-01-20 02:19:16,"Tentei receita nova de bolo de cenoura, ficou fofinho.",0.0539
PA000673,2023-01-20 04:09:28,"Tentei receita nova de bolo de cenoura, ficou fofinho.",0.1247
PA000674,2023-01-20 05:22:21,Aula incrivel sobre estatistica aplicada hoje.,0.1144
PA000675,2023-01-20 05:54:09,"Minha mae fez feijao com arroz e linguica, classico perfeito.",0.0209
PA000676,2023-01-20 06:19:02,"Consegui estacionamento logo de cara, dia de sorte mesmo.",0.0888
PA000677,2023-01-20 07:39:27,"Novo celular chegou, a camera e impressionante.",0.0541
PA000678,2023-01-20 07:40:44,"Consegui estacionamento logo de cara, dia de sorte mesmo.",0.086
PA000679,2023-01-20 08:12:25,"Pausa pro cafe com os colegas, bate-papo otimo.",0.1082
PA000680,2023-01-20 09:01:17,"Vizinho fazendo barulho ate tarde da noite, falta de respeito.",0.3931
PA000681,2023-01-20 09:12:53,"Configurei o home office com setup novo, otimo.",0.0235
PA000682,2023-01-20 10:20:56,"Fui num restaurante novo, a pizza estava espetacular.",0.1175
PA000683,2023-01-20 12:14:01,"Livro excelente sobre ciencia de dados, recomendo muito.",0.1404
PA000684,2023-01-20 14:49:43,"Reencontrei um amigo antigo por acaso, que alegria.",0.0372
PA000685,2023-01-20 15:09:19,"Metro bem tranquilo essa manha, cheguei bem.",0.049
PA000686,2023-01-20 15:35:03,Podcast sobre tecnologia muito interessante.,0.0248
PA000687,2023-01-20 15:52:16,"Home office com cafe fresquinho do lado, otimo.",0.1086
PA000688,2023-01-20 16:52:02,Finalmente entendi aquele conceito que me travava.,0.0695
PA000689,2023-01-20 18:27:34,"Estrada livre, cheguei no trabalho rapido hoje.",0.1427
PA000690,2023-01-20 19:00:47,"Pipoca e serie boa na sexta, programa perfeito.",0.0581
PA000691,2023-01-20 19:22:43,"Padaria da esquina lancou sabor novo, recomendo.",0.0
PA000692,2023-01-20 19:51:39,"Sopa de legumes no frio, reconfortante e gostosa.",0.2
PA000693,2023-01-20 20:57:58,"O outono chegou cedo esse ano, que frio gostoso de manha.",0.0818
PA000694,2023-01-20 21:37:39,"Academia hoje, treino puxado mas valeu muito.",0.0306
PA000695,2023-01-20 21:41:15,"Meu time ganhou hoje, que jogo bonito foi.",0.1057
PA000696,2023-01-20 21:47:10,Semana intensa mas muito satisfatoria no trabalho.,0.0255
PA000697,2023-01-20 22:14:57,"Sopa de legumes no frio, reconfortante e gostosa.",0.0906
PA000698,2023-01-20 22:28:11,"Padaria da esquina lancou sabor novo, recomendo.",0.054
PA000699,2023-01-20 23:14:51,"Yoga pela manha, comecei o dia muito bem.",0.065
PA000700,2023-01-20 23:36:49,"Tarefa dificil concluida com sucesso, que satisfacao.",0.104
PA000701,2023-01-21 00:09:08,"Dia nublado mas tranquilo, bom para estudar sem distracao.",0.0458
PA000702,2023-01-21 00:18:39,"Filme otimo ontem, fui ao cinema com a familia.",0.1217
PA000703,2023-01-21 00:38:20,"Estrada livre, cheguei no trabalho rapido hoje.",0.0401
PA000704,2023-01-21 00:59:18,"Sopa de legumes no frio, reconfortante e gostosa.",0.1535
PA000705,2023-01-21 01:23:45,"Que calor hoje, tive que ligar o ar condicionado logo cedo.",0.0807
PA000706,2023-01-21 02:43:07,"Almoco incrivel hoje, fiz lasanha caseira do zero.",0.0585
PA000707,2023-01-21 02:43:54,Aula incrivel sobre estatistica aplicada hoje.,0.0872
PA000708,2023-01-21 06:04:05,Leitura no jardim com tempo agradavel.,0.0077
PA000709,2023-01-21 06:09:14,"Que dia difícil, nada saiu como eu havia planejado.",0.4993
PA000710,2023-01-21 06:49:22,Aula incrivel sobre estatistica aplicada hoje.,0.1177
PA000711,2023-01-21 06:55:26,"Metro bem tranquilo essa manha, cheguei bem.",0.0742
PA000712,2023-01-21 07:53:43,"Tarefa dificil concluida com sucesso, que satisfacao.",0.1851
PA000713,2023-01-21 08:04:00,"Home office com cafe fresquinho do lado, otimo.",0.1025
PA000714,2023-01-21 09:38:47,"Domingo em familia, melhor dia da semana.",0.0545
PA000715,2023-01-21 10:31:03,Tarde produtiva organizando e limpando a casa.,0.0354
PA000716,2023-01-21 11:00:45,"O outono chegou cedo esse ano, que frio gostoso de manha.",0.0
PA000717,2023-01-21 11:34:44,Cafe da manha caprichado: tapioca com ovo e suco de laranja.,0.1363
PA000718,2023-01-21 13:09:42,"Corri 5km de manha, semana otima de treino.",0.1002
PA000719,2023-01-21 13:47:38,"Testei IA para ajudar com codigo, funcionou bem.",0.1686
PA000720,2023-01-21 14:43:25,"Passeio no interior no fim de semana, natureza linda.",0.1114
PA000721,2023-01-21 14:47:48,Semana intensa mas muito satisfatoria no trabalho.,0.1485
PA000722,2023-01-21 16:53:00,"Sol lindo hoje, cafe na varanda foi otimo.",0.0343
PA000723,2023-01-21 16:55:03,"Passei na certificacao, muito feliz com o resultado.",0.0587
PA000724,2023-01-21 18:22:48,"Padaria da esquina lancou sabor novo, recomendo.",0.0069
PA000725,2023-01-21 19:34:57,"Que calor hoje, tive que ligar o ar condicionado logo cedo.",0.0587
PA000726,2023-01-21 20:43:30,Jantar simples mas gostoso com a familia.,0.0141
PA000727,2023-01-21 20:56:10,Caminhada ate a estacao foi otima hoje.,0.085
PA000728,2023-01-21 21:30:12,"Testei IA para ajudar com codigo, funcionou bem.",0.0828
PA000729,2023-01-21 21:43:58,"Sopa de legumes no frio, reconfortante e gostosa.",0.1478
PA000730,2023-01-22 00:40:48,Leitura no jardim com tempo agradavel.,0.1967
PA000731,2023-01-22 03:09:21,"Choveu a tarde toda, dia perfeito pra ficar em casa lendo.",0.055
PA000732,2023-01-22 03:19:32,"Livro excelente sobre ciencia de dados, recomendo muito.",0.0719
PA000733,2023-01-22 03:31:45,Cafe da manha caprichado: tapioca com ovo e suco de laranja.,0.0999
PA000734,2023-01-22 03:35:45,Brigadeiro de panela saiu incrivel hoje.,0.1
PA000735,2023-01-22 04:00:28,Que manha fresca e agradavel para uma caminhada.,0.1043
PA000736,2023-01-22 04:05:00,"Fui de bike hoje, que exercicio agradavel de manha.",0.1126
PA000737,2023-01-22 04:28:59,"Fui de bike hoje, que exercicio agradavel de manha.",0.159
PA000738,2023-01-22 04:34:40,"Viagem de fim de semana para cidade historica, valeu.",0.0
PA000739,2023-01-22 04:55:26,"Filme otimo ontem, fui ao cinema com a familia.",0.0737
PA000740,2023-01-22 06:32:15,"Academia hoje, treino puxado mas valeu muito.",0.0
PA000741,2023-01-22 06:47:05,Brigadeiro de panela saiu incrivel hoje.,0.0
PA000742,2023-01-22 07:06:50,"Meditacao de manha, comecando o dia muito bem.",0.0714
PA000743,2023-01-22 07:51:51,"Volei com os amigos, muita risada e diversao.",0.0704
PA000744,2023-01-22 10:47:08,"Reencontrei um amigo antigo por acaso, que alegria.",0.0608
PA000745,2023-01-22 11:48:24,"Corri 5km de manha, semana otima de treino.",0.0398
PA000746,2023-01-22 12:16:56,"Testei IA para ajudar com codigo, funcionou bem.",0.0404
PA000747,2023-01-22 13:15:37,"Tarefa dificil concluida com sucesso, que satisfacao.",0.0376
PA000748,2023-01-22 13:24:07,Finalmente entendi aquele conceito que me travava.,0.1192
PA000749,2023-01-22 14:09:59,"Almoco incrivel hoje, fiz lasanha caseira do zero.",0.098
PA000750,2023-01-22 14:30:38,"Pipoca e serie boa na sexta, programa perfeito.",0.1381
PA000751,2023-01-22 14:56:54,"Sopa de legumes no frio, reconfortante e gostosa.",0.2057
PA000752,2023-01-22 21:16:33,"Plantei temperos na sacada, que satisfacao.",0.0772
PA000753,2023-01-22 21:49:17,"Corri 5km de manha, semana otima de treino.",0.0945
PA000754,2023-01-22 22:34:47,"Minha mae fez feijao com arroz e linguica, classico perfeito.",0.1356
PA000755,2023-01-22 22:47:29,Que tarde relaxante lendo na rede.,0.0426
PA000756,2023-01-22 22:56:31,"Choveu a tarde toda, dia perfeito pra ficar em casa lendo.",0.1005
PA000757,2023-01-23 00:37:52,"Calor absurdo com falta de agua, descaso total.",0.0906
PA000758,2023-01-23 01:09:47,Grupo de estudos foi muito produtivo hoje.,0.1223
PA000759,2023-01-23 02:10:42,"Configurei o home office com setup novo, otimo.",0.0457
PA000760,2023-01-23 03:14:10,"Servico publico uma vergonha, esperei horas na fila.",0.4303
PA000761,2023-01-23 05:06:24,"Volei com os amigos, muita risada e diversao.",0.053
PA000762,2023-01-23 05:09:46,"Pausa pro cafe com os colegas, bate-papo otimo.",0.0986
PA000763,2023-01-23 05:27:27,Jogo novo me viciou de um jeito bom.,0.1818
PA000764,2023-01-23 06:10:00,"Serie nova incrivel, amei o primeiro episodio.",0.1216
PA000765,2023-01-23 08:40:20,"Reuniao produtiva hoje, saimos com otimas ideias.",0.0
PA000766,2023-01-23 09:50:34,"Natacao de manha, melhor inicio de dia possivel.",0.0562
PA000767,2023-01-23 09:50:56,"Churrasco com a familia no final de semana, delicioso.",0.0086
PA000768,2023-01-23 10:29:20,"Vento agradavel hoje, aproveitei para caminhar no parque.",0.0821
PA000769,2023-01-23 11:20:43,Que manha fresca e agradavel para uma caminhada.,0.1113
PA000770,2023-01-23 12:44:56,"Minha mae fez feijao com arroz e linguica, classico perfeito.",0.1347
PA000771,2023-01-23 12:49:29,"Almoco incrivel hoje, fiz lasanha caseira do zero.",0.0862
PA000772,2023-01-23 13:50:10,"Vento agradavel hoje, aproveitei para caminhar no parque.",0.0758
PA000773,2023-01-23 14:25:31,"Filme otimo ontem, fui ao cinema com a familia.",0.0396
PA000774,2023-01-23 14:37:15,"Academia hoje, treino puxado mas valeu muito.",0.0526
PA000775,2023-01-23 15:14:29,"Corri 5km de manha, semana otima de treino.",0.0163
PA000776,2023-01-23 15:28:21,"Fechei projeto importante essa semana, que alegria.",0.0697
PA000777,2023-01-23 16:08:48,"Sopa de legumes no frio, reconfortante e gostosa.",0.0981
PA000778,2023-01-23 16:09:28,"Meu time ganhou hoje, que jogo bonito foi.",0.0606
PA000779,2023-01-23 17:27:01,"Maratonei a temporada completa, valeu cada minuto.",0.0848
PA000780,2023-01-23 18:59:38,"Home office com cafe fresquinho do lado, otimo.",0.1032
PA000781,2023-01-23 19:17:34,Feira de artesanato gostosa de passear.,0.1802
PA000782,2023-01-23 23:55:22,"Notebook novo chegou, que desempenho incrivel.",0.075
PA000783,2023-01-24 01:36:25,"Notebook novo chegou, que desempenho incrivel.",0.0683
PA000784,2023-01-24 02:57:32,"O outono chegou cedo esse ano, que frio gostoso de manha.",0.1788
PA000785,2023-01-24 03:22:23,"Apresentacao correu muito bem, todos gostaram.",0.1443
PA000786,2023-01-24 03:37:29,"Onibus chegou no horario hoje, que surpresa agradavel.",0.1515
PA000787,2023-01-24 03:40:03,"Domingo em familia, melhor dia da semana.",0.1404
PA000788,2023-01-24 04:12:42,Grupo de estudos foi muito produtivo hoje.,0.1287
PA000789,2023-01-24 07:21:46,"Aprendi receita nova no youtube, ficou otimo.",0.0725
PA000790,2023-01-24 07:50:00,Que manha fresca e agradavel para uma caminhada.,0.0645
PA000791,2023-01-24 09:59:11,"Cuidando das plantas em casa, muito terapeutico.",0.1273
PA000792,2023-01-24 11:34:10,"Aprendi receita nova no youtube, ficou otimo.",0.1375
PA000793,2023-01-24 13:15:39,Leitura no jardim com tempo agradavel.,0.1523
PA000794,2023-01-24 13:28:34,"Meditacao de manha, comecando o dia muito bem.",0.0936
PA000795,2023-01-24 15:05:03,"Passeio com o cachorro no parque, ele adorou.",0.0715
PA000796,2023-01-24 15:06:36,"Novo celular chegou, a camera e impressionante.",0.1095
PA000797,2023-01-24 15:51:07,Cafe da manha caprichado: tapioca com ovo e suco de laranja.,0.1143
PA000798,2023-01-24 18:09:16,"Meditacao de manha, comecando o dia muito bem.",0.0999
PA000799,2023-01-24 19:33:55,"Biblioteca da universidade, ambiente otimo para estudar.",0.1036
PA000800,2023-01-24 19:38:07,Terminei o trabalho da faculdade com antecedencia.,0.092
PA000801,2023-01-24 20:06:51,"Chuva passageira a tarde, depois o tempo abriu lindo.",0.1517
PA000802,2023-01-24 20:36:02,"Fechei projeto importante essa semana, que alegria.",0.0772
PA000803,2023-01-24 22:30:57,"Filme otimo ontem, fui ao cinema com a familia.",0.1612
PA000804,2023-01-24 22:34:02,"Consegui estacionamento logo de cara, dia de sorte mesmo.",0.0869
PA000805,2023-01-25 00:17:20,Cafe da manha caprichado: tapioca com ovo e suco de laranja.,0.0703
PA000806,2023-01-25 01:08:57,Show ao vivo incrivel no fim de semana.,0.0361
PA000807,2023-01-25 01:24:05,App de produtividade novo que encontrei e otimo.,0.051
PA000808,2023-01-25 01:34:39,"Viagem de fim de semana para cidade historica, valeu.",0.0628
PA000809,2023-01-25 02:28:10,Aula incrivel sobre estatistica aplicada hoje.,0.0914
PA000810,2023-01-25 02:58:35,"Sopa de legumes no frio, reconfortante e gostosa.",0.0897
PA000811,2023-01-25 03:53:05,"Choveu a tarde toda, dia perfeito pra ficar em casa lendo.",0.1359
PA000812,2023-01-25 04:04:38,Semana intensa mas muito satisfatoria no trabalho.,0.0844
PA000813,2023-01-25 04:20:17,Aplicativo travou bem na hora da reuniao importante.,0.102
PA000814,2023-01-25 06:00:21,"Pausa pro cafe com os colegas, bate-papo otimo.",0.1845
PA000815,2023-01-25 06:03:10,"Meditacao de manha, comecando o dia muito bem.",0.1108
PA000816,2023-01-25 07:15:06,"Filme otimo ontem, fui ao cinema com a familia.",0.1467
PA000817,2023-01-25 08:00:37,Atualizacao deixou o sistema muito mais rapido.,0.0234
PA000818,2023-01-25 08:39:52,"Que calor hoje, tive que ligar o ar condicionado logo cedo.",0.173
PA000819,2023-01-25 08:51:14,"Praia tranquila, sol perfeito, descanso total.",0.0441
PA000820,2023-01-25 09:02:45,"Pausa pro cafe com os colegas, bate-papo otimo.",0.0767
PA000821,2023-01-25 09:26:10,"Testei IA para ajudar com codigo, funcionou bem.",0.0296
PA000822,2023-01-25 10:10:56,"O outono chegou cedo esse ano, que frio gostoso de manha.",0.0
PA000823,2023-01-25 12:18:36,"Onibus chegou no horario hoje, que surpresa agradavel.",0.1173
PA000824,2023-01-25 12:38:34,"Chuva passageira a tarde, depois o tempo abriu lindo.",0.0862
PA000825,2023-01-25 12:53:48,"Pausa pro cafe com os colegas, bate-papo otimo.",0.0595
PA000826,2023-01-25 13:13:16,"Praia tranquila, sol perfeito, descanso total.",0.1272
PA000827,2023-01-25 13:59:27,"Sopa de legumes no frio, reconfortante e gostosa.",0.0456
PA000828,2023-01-25 14:17:20,"Churrasco com a familia no final de semana, delicioso.",0.1635
PA000829,2023-01-25 15:04:27,"Domingo em familia, melhor dia da semana.",0.0583
PA000830,2023-01-25 15:36:44,Feira de artesanato gostosa de passear.,0.0739
PA000831,2023-01-25 18:03:40,"Fui de bike hoje, que exercicio agradavel de manha.",0.0868
PA000832,2023-01-25 18:40:48,"Livro excelente sobre ciencia de dados, recomendo muito.",0.1089
PA000833,2023-01-25 19:07:48,"Filme otimo ontem, fui ao cinema com a familia.",0.1155
PA000834,2023-01-25 19:25:27,"Consegui estacionamento logo de cara, dia de sorte mesmo.",0.0993
PA000835,2023-01-25 19:58:59,"Plantei temperos na sacada, que satisfacao.",0.1564
PA000836,2023-01-25 20:33:10,"Academia hoje, treino puxado mas valeu muito.",0.0785
PA000837,2023-01-25 21:07:47,"Notebook novo chegou, que desempenho incrivel.",0.1093
PA000838,2023-01-25 22:51:23,"Consegui estacionamento logo de cara, dia de sorte mesmo.",0.0028
PA000839,2023-01-25 23:17:29,Pedalada de tarde com vista incrivel do parque.,0.082
PA000840,2023-01-25 23:26:56,"Viagem de fim de semana para cidade historica, valeu.",0.0872
PA000841,2023-01-26 00:22:20,"Acai gelado essa tarde, refrescante demais.",0.1218
PA000842,2023-01-26 00:40:46,"Yoga pela manha, comecei o dia muito bem.",0.1306
PA000843,2023-01-26 00:56:10,"Teatro incrivel ontem, peca muito bem dirigida.",0.0737
PA000844,2023-01-26 01:03:38,"Domingo em familia, melhor dia da semana.",0.0759
PA000845,2023-01-26 02:00:04,"Que semana frustrante, precisava que as coisas dessem certo.",0.6799
PA000846,2023-01-26 02:32:51,Que manha fresca e agradavel para uma caminhada.,0.1167
PA000847,2023-01-26 03:39:04,"Viagem de fim de semana para cidade historica, valeu.",0.0768
PA000848,2023-01-26 04:12:23,"Sopa de legumes no frio, reconfortante e gostosa.",0.1307
PA000849,2023-01-26 05:27:14,"Serie nova incrivel, amei o primeiro episodio.",0.0622
PA000850,2023-01-26 06:22:20,"Passeio com o cachorro no parque, ele adorou.",0.0411
PA000851,2023-01-26 07:20:47,Que manha fresca e agradavel para uma caminhada.,0.0648
PA000852,2023-01-26 08:50:56,Tarde produtiva organizando e limpando a casa.,0.0348
PA000853,2023-01-26 09:17:56,"Pausa pro cafe com os colegas, bate-papo otimo.",0.0475
PA000854,2023-01-26 09:34:17,"Estrada livre, cheguei no trabalho rapido hoje.",0.1183
PA000855,2023-01-26 09:47:27,"Metro bem tranquilo essa manha, cheguei bem.",0.0021
PA000856,2023-01-26 11:06:33,"Dia nublado mas tranquilo, bom para estudar sem distracao.",0.1476
PA000857,2023-01-26 11:50:38,"Testei IA para ajudar com codigo, funcionou bem.",0.0517
PA000858,2023-01-26 12:40:54,"Reencontrei um amigo antigo por acaso, que alegria.",0.1105
PA000859,2023-01-26 12:44:56,"Estudando para a prova de amanha, bem concentrado.",0.207
PA000860,2023-01-26 14:35:47,Show ao vivo incrivel no fim de semana.,0.1009
PA000861,2023-01-26 15:23:06,"Volei com os amigos, muita risada e diversao.",0.0358
PA000862,2023-01-26 16:03:29,App de produtividade novo que encontrei e otimo.,0.0729
PA000863,2023-01-26 16:09:50,"Reencontrei um amigo antigo por acaso, que alegria.",0.1148
PA000864,2023-01-26 16:16:19,Podcast sobre tecnologia muito interessante.,0.0762
PA000865,2023-01-26 16:45:52,"Dia nublado mas tranquilo, bom para estudar sem distracao.",0.1518
PA000866,2023-01-26 16:55:15,Aplicativo de carona funcionou perfeitamente.,0.0678
PA000867,2023-01-26 17:10:08,Aula incrivel sobre estatistica aplicada hoje.,0.1208
PA000868,2023-01-26 18:01:02,"Fui num restaurante novo, a pizza estava espetacular.",0.1178
PA000869,2023-01-26 19:04:03,"Fui num restaurante novo, a pizza estava espetacular.",0.0479
PA000870,2023-01-26 21:50:52,"Tarefa dificil concluida com sucesso, que satisfacao.",0.0405
PA000871,2023-01-26 23:21:15,"Padaria da esquina lancou sabor novo, recomendo.",0.1806
PA000872,2023-01-26 23:32:04,"Estrada livre, cheguei no trabalho rapido hoje.",0.0648
PA000873,2023-01-27 00:37:38,"Dia nublado mas tranquilo, bom para estudar sem distracao.",0.0536
PA000874,2023-01-27 02:13:50,"Acai gelado essa tarde, refrescante demais.",0.0593
PA000875,2023-01-27 03:12:04,"Vizinho fazendo barulho ate tarde da noite, falta de respeito.",0.7819
PA000876,2023-01-27 03:24:40,"Passeio no interior no fim de semana, natureza linda.",0.0781
PA000877,2023-01-27 05:15:56,"Vizinho fazendo barulho ate tarde da noite, falta de respeito.",0.8241
PA000878,2023-01-27 05:51:11,"Fui num restaurante novo, a pizza estava espetacular.",0.1455
PA000879,2023-01-27 05:54:01,"Livro excelente sobre ciencia de dados, recomendo muito.",0.1113
PA000880,2023-01-27 06:05:55,"Academia hoje, treino puxado mas valeu muito.",0.0973
PA000881,2023-01-27 09:19:58,Jantar simples mas gostoso com a familia.,0.0
PA000882,2023-01-27 09:50:47,"Churrasco com a familia no final de semana, delicioso.",0.1174
PA000883,2023-01-27 09:52:36,Aplicativo de carona funcionou perfeitamente.,0.2187
PA000884,2023-01-27 12:07:54,Jantar simples mas gostoso com a familia.,0.0946
PA000885,2023-01-27 13:29:01,"Consegui estacionamento logo de cara, dia de sorte mesmo.",0.0607
PA000886,2023-01-27 13:40:29,Que tarde relaxante lendo na rede.,0.044
PA000887,2023-01-27 14:07:28,"Novo celular chegou, a camera e impressionante.",0.0793
PA000888,2023-01-27 16:37:07,Que tarde relaxante lendo na rede.,0.0618
PA000889,2023-01-27 17:12:39,"Meditacao de manha, comecando o dia muito bem.",0.1345
PA000890,2023-01-27 18:55:09,Feira de artesanato gostosa de passear.,0.033
PA000891,2023-01-27 21:08:21,Brigadeiro de panela saiu incrivel hoje.,0.0935
PA000892,2023-01-27 21:34:08,"Natacao de manha, melhor inicio de dia possivel.",0.0887
PA000893,2023-01-27 23:37:40,"Notebook novo chegou, que desempenho incrivel.",0.1169
PA000894,2023-01-28 00:44:24,"Novo celular chegou, a camera e impressionante.",0.0968
PA000895,2023-01-28 01:20:15,App de produtividade novo que encontrei e otimo.,0.0
PA000896,2023-01-28 02:06:40,"Filme otimo ontem, fui ao cinema com a familia.",0.0585
PA000897,2023-01-28 05:06:53,App de produtividade novo que encontrei e otimo.,0.0513
PA000898,2023-01-28 06:10:55,"Filme otimo ontem, fui ao cinema com a familia.",0.0
PA000899,2023-01-28 06:23:34,"Sopa de legumes no frio, reconfortante e gostosa.",0.0316
PA000900,2023-01-28 06:50:23,"Viagem de fim de semana para cidade historica, valeu.",0.1507
PA000901,2023-01-28 07:26:45,Que manha fresca e agradavel para uma caminhada.,0.004
PA000902,2023-01-28 07:58:14,Semana intensa mas muito satisfatoria no trabalho.,0.0
PA000903,2023-01-28 08:07:53,"Musica nova do meu artista favorito, de outro nivel.",0.0385
PA000904,2023-01-28 08:50:13,"Biblioteca da universidade, ambiente otimo para estudar.",0.1822
PA000905,2023-01-28 09:15:53,App de produtividade novo que encontrei e otimo.,0.109
PA000906,2023-01-28 09:39:30,"Testei IA para ajudar com codigo, funcionou bem.",0.1408
PA000907,2023-01-28 10:30:55,Atualizacao deixou o sistema muito mais rapido.,0.0332
PA000908,2023-01-28 10:55:22,"Consegui estacionamento logo de cara, dia de sorte mesmo.",0.0866
PA000909,2023-01-28 13:08:41,"Novo celular chegou, a camera e impressionante.",0.0701
PA000910,2023-01-28 13:34:16,Finalmente entendi aquele conceito que me travava.,0.0014
PA000911,2023-01-28 17:02:11,Terminei o trabalho da faculdade com antecedencia.,0.1063
PA000912,2023-01-28 18:00:52,"Musica nova do meu artista favorito, de outro nivel.",0.072
PA000913,2023-01-28 18:15:36,"Vento agradavel hoje, aproveitei para caminhar no parque.",0.0442
PA000914,2023-01-28 18:30:34,"Meditacao de manha, comecando o dia muito bem.",0.0423
PA000915,2023-01-28 19:49:56,"Reencontrei um amigo antigo por acaso, que alegria.",0.0923
PA000916,2023-01-28 21:17:08,"Choveu a tarde toda, dia perfeito pra ficar em casa lendo.",0.0888
PA000917,2023-01-28 21:28:30,"Academia hoje, treino puxado mas valeu muito.",0.0726
PA000918,2023-01-28 21:34:05,"Estudando para a prova de amanha, bem concentrado.",0.1014
PA000919,2023-01-28 22:07:19,"Tentei receita nova de bolo de cenoura, ficou fofinho.",0.0859
PA000920,2023-01-28 23:40:06,"Onibus chegou no horario hoje, que surpresa agradavel.",0.0827
PA000921,2023-01-29 00:27:51,Tarde produtiva organizando e limpando a casa.,0.0387
PA000922,2023-01-29 01:06:34,"Corri 5km de manha, semana otima de treino.",0.0653
PA000923,2023-01-29 01:10:20,"Sopa de legumes no frio, reconfortante e gostosa.",0.1353
PA000924,2023-01-29 01:52:42,"Pipoca e serie boa na sexta, programa perfeito.",0.0301
PA000925,2023-01-29 02:07:11,Podcast sobre tecnologia muito interessante.,0.1127
PA000926,2023-01-29 02:31:18,"Pipoca e serie boa na sexta, programa perfeito.",0.0992
PA000927,2023-01-29 03:55:18,"Sopa de legumes no frio, reconfortante e gostosa.",0.1925
PA000928,2023-01-29 05:41:05,Jantar simples mas gostoso com a familia.,0.1564
PA000929,2023-01-29 06:26:15,"Passeio no interior no fim de semana, natureza linda.",0.0717
PA000930,2023-01-29 07:29:28,"Praia tranquila, sol perfeito, descanso total.",0.1134
PA000931,2023-01-29 09:35:50,"Aprendi receita nova no youtube, ficou otimo.",0.1744
PA000932,2023-01-29 10:12:27,Semana intensa mas muito satisfatoria no trabalho.,0.0541
PA000933,2023-01-29 10:43:41,"Maratonei a temporada completa, valeu cada minuto.",0.0343
PA000934,2023-01-29 10:53:49,"Minha mae fez feijao com arroz e linguica, classico perfeito.",0.135
PA000935,2023-01-29 11:28:23,"Viagem de fim de semana para cidade historica, valeu.",0.0695
PA000936,2023-01-29 11:45:07,Pedalada de tarde com vista incrivel do parque.,0.1236
PA000937,2023-01-29 13:05:02,"Biblioteca da universidade, ambiente otimo para estudar.",0.179
PA000938,2023-01-29 13:40:05,"Fechei projeto importante essa semana, que alegria.",0.2022
PA000939,2023-01-29 16:48:17,Aula incrivel sobre estatistica aplicada hoje.,0.0478
PA000940,2023-01-29 18:41:03,"Biblioteca da universidade, ambiente otimo para estudar.",0.1155
PA000941,2023-01-29 19:21:03,"Passeio no interior no fim de semana, natureza linda.",0.0836
PA000942,2023-01-29 19:31:16,"Meditacao de manha, comecando o dia muito bem.",0.1185
PA000943,2023-01-29 20:21:28,"Livro excelente sobre ciencia de dados, recomendo muito.",0.0671
PA000944,2023-01-29 21:12:49,"Que calor hoje, tive que ligar o ar condicionado logo cedo.",0.1395
PA000945,2023-01-29 22:56:45,"Home office com cafe fresquinho do lado, otimo.",0.1315
PA000946,2023-01-30 01:42:58,Jogo novo me viciou de um jeito bom.,0.0986
PA000947,2023-01-30 03:04:09,"Pipoca e serie boa na sexta, programa perfeito.",0.0
PA000948,2023-01-30 03:51:49,"Cuidando das plantas em casa, muito terapeutico.",0.2054
PA000949,2023-01-30 03:58:37,"Serie nova incrivel, amei o primeiro episodio.",0.1146
PA000950,2023-01-30 07:26:44,"Biblioteca da universidade, ambiente otimo para estudar.",0.1849
PA000951,2023-01-30 10:21:13,"Cuidando das plantas em casa, muito terapeutico.",0.1094
PA000952,2023-01-30 10:59:46,"Domingo em familia, melhor dia da semana.",0.1167
PA000953,2023-01-30 12:15:24,"Almoco incrivel hoje, fiz lasanha caseira do zero.",0.0417
PA000954,2023-01-30 12:16:09,"Onibus chegou no horario hoje, que surpresa agradavel.",0.036
PA000955,2023-01-30 12:35:01,"Testei IA para ajudar com codigo, funcionou bem.",0.1285
PA000956,2023-01-30 12:56:45,"Novo celular chegou, a camera e impressionante.",0.0852
PA000957,2023-01-30 14:09:04,"Vento agradavel hoje, aproveitei para caminhar no parque.",0.0861
PA000958,2023-01-30 14:20:32,Caminhada ate a estacao foi otima hoje.,0.0477
PA000959,2023-01-30 14:37:23,"Tarefa dificil concluida com sucesso, que satisfacao.",0.068
PA000960,2023-01-30 14:56:44,"Churrasco com a familia no final de semana, delicioso.",0.1232
PA000961,2023-01-30 16:15:09,"Chuva passageira a tarde, depois o tempo abriu lindo.",0.1137
PA000962,2023-01-30 16:19:55,"Passeio no interior no fim de semana, natureza linda.",0.0595
PA000963,2023-01-30 16:37:58,"Notebook novo chegou, que desempenho incrivel.",0.098
PA000964,2023-01-30 17:07:22,"Apresentacao correu muito bem, todos gostaram.",0.1611
PA000965,2023-01-30 18:26:39,"Churrasco com a familia no final de semana, delicioso.",0.0415
PA000966,2023-01-30 19:03:03,"Vizinho fazendo barulho ate tarde da noite, falta de respeito.",0.1385
PA000967,2023-01-30 20:32:59,"Multa de transito injusta, vou recorrer.",0.9697
PA000968,2023-01-30 20:57:37,Pedalada de tarde com vista incrivel do parque.,0.1242
PA000969,2023-01-30 21:42:58,"Onibus chegou no horario hoje, que surpresa agradavel.",0.0201
PA000970,2023-01-31 00:15:29,Jantar simples mas gostoso com a familia.,0.1229
PA000971,2023-01-31 00:28:48,"Minha mae fez feijao com arroz e linguica, classico perfeito.",0.0191
PA000972,2023-01-31 00:35:25,"Passei na certificacao, muito feliz com o resultado.",0.1182
PA000973,2023-01-31 00:55:14,"Reuniao produtiva hoje, saimos com otimas ideias.",0.1532
PA000974,2023-01-31 01:53:55,"Estudando para a prova de amanha, bem concentrado.",0.1148
PA000975,2023-01-31 03:33:46,"Testei IA para ajudar com codigo, funcionou bem.",0.0937
PA000976,2023-01-31 04:10:15,"Dia nublado mas tranquilo, bom para estudar sem distracao.",0.1132
PA000977,2023-01-31 04:30:14,"Musica nova do meu artista favorito, de outro nivel.",0.0706
PA000978,2023-01-31 05:52:13,"Notebook novo chegou, que desempenho incrivel.",0.02
PA000979,2023-01-31 07:46:11,"Reencontrei um amigo antigo por acaso, que alegria.",0.042
PA000980,2023-01-31 07:58:32,"Metro bem tranquilo essa manha, cheguei bem.",0.0232
PA000981,2023-01-31 08:09:57,"Estudando para a prova de amanha, bem concentrado.",0.0051
PA000982,2023-01-31 08:38:43,"Onibus chegou no horario hoje, que surpresa agradavel.",0.0906
PA000983,2023-01-31 12:15:14,"Vento agradavel hoje, aproveitei para caminhar no parque.",0.0872
PA000984,2023-01-31 15:27:04,Show ao vivo incrivel no fim de semana.,0.154
PA000985,2023-01-31 16:18:12,"Pausa pro cafe com os colegas, bate-papo otimo.",0.1027
PA000986,2023-01-31 17:35:14,"Serie nova incrivel, amei o primeiro episodio.",0.0892
PA000987,2023-01-31 18:32:25,"Meditacao de manha, comecando o dia muito bem.",0.1122
PA000988,2023-01-31 20:32:55,Semana intensa mas muito satisfatoria no trabalho.,0.1385
PA000989,2023-01-31 20:37:34,"Volei com os amigos, muita risada e diversao.",0.0445
PA000990,2023-01-31 21:36:23,"Metro bem tranquilo essa manha, cheguei bem.",0.1159
PA000991,2023-01-31 23:13:52,Leitura no jardim com tempo agradavel.,0.064
PA000992,2023-02-01 00:25:12,"Passei na certificacao, muito feliz com o resultado.",0.111
PA000993,2023-02-01 00:30:51,"Academia hoje, treino puxado mas valeu muito.",0.0675
PA000994,2023-02-01 00:56:16,"Passeio com o cachorro no parque, ele adorou.",0.0813
PA000995,2023-02-01 01:03:03,Grupo de estudos foi muito produtivo hoje.,0.1987
PA000996,2023-02-01 02:12:11,"Vento agradavel hoje, aproveitei para caminhar no parque.",0.0818
PA000997,2023-02-01 03:35:09,"Vento agradavel hoje, aproveitei para caminhar no parque.",0.1737
PA000998,2023-02-01 03:46:46,"Notebook novo chegou, que desempenho incrivel.",0.2006
PA000999,2023-02-01 04:14:55,Podcast sobre tecnologia muito interessante.,0.065
PA001000,2023-02-01 05:10:00,"Choveu a tarde toda, dia perfeito pra ficar em casa lendo.",0.0243
PA001001,2023-02-01 05:52:45,"Novo celular chegou, a camera e impressionante.",0.0622
PA001002,2023-02-01 06:41:13,"Onibus chegou no horario hoje, que surpresa agradavel.",0.0144
PA001003,2023-02-01 06:44:37,"Aprendi receita nova no youtube, ficou otimo.",0.1411
PA001004,2023-02-01 06:45:11,Pacote atrasado pelos correios pela terceira vez.,0.2117
PA001005,2023-02-01 08:43:18,Atualizacao deixou o sistema muito mais rapido.,0.0457
PA001006,2023-02-01 09:31:34,"Padaria da esquina lancou sabor novo, recomendo.",0.1515
PA001007,2023-02-01 10:01:20,"Sopa de legumes no frio, reconfortante e gostosa.",0.015
PA001008,2023-02-01 10:04:41,"Reuniao produtiva hoje, saimos com otimas ideias.",0.0199
PA001009,2023-02-01 10:33:09,Terminei o trabalho da faculdade com antecedencia.,0.1739
PA001010,2023-02-01 11:42:27,"Estrada livre, cheguei no trabalho rapido hoje.",0.0421
PA001011,2023-02-01 13:58:05,Que manha fresca e agradavel para uma caminhada.,0.0584
PA001012,2023-02-01 17:42:12,"Vento agradavel hoje, aproveitei para caminhar no parque.",0.0809
PA001013,2023-02-01 18:38:31,"Reencontrei um amigo antigo por acaso, que alegria.",0.0604
PA001014,2023-02-01 19:43:54,"Praia tranquila, sol perfeito, descanso total.",0.1244
PA001015,2023-02-01 21:57:36,"Meditacao de manha, comecando o dia muito bem.",0.0
PA001016,2023-02-01 22:00:35,"Academia hoje, treino puxado mas valeu muito.",0.0184
PA001017,2023-02-01 22:31:18,Finalmente entendi aquele conceito que me travava.,0.0
PA001018,2023-02-01 22:34:43,Aula incrivel sobre estatistica aplicada hoje.,0.0227
PA001019,2023-02-01 23:15:37,"Sopa de legumes no frio, reconfortante e gostosa.",0.084
PA001020,2023-02-01 23:52:04,"Serie nova incrivel, amei o primeiro episodio.",0.0777
PA001021,2023-02-02 00:55:02,"Biblioteca da universidade, ambiente otimo para estudar.",0.0746
PA001022,2023-02-02 01:37:37,Que manha fresca e agradavel para uma caminhada.,0.1186
PA001023,2023-02-02 01:41:22,"Fui de bike hoje, que exercicio agradavel de manha.",0.0369
PA001024,2023-02-02 01:56:06,Grupo de estudos foi muito produtivo hoje.,0.038
PA001025,2023-02-02 02:22:51,Pedalada de tarde com vista incrivel do parque.,0.098
PA001026,2023-02-02 03:28:02,"Calor absurdo com falta de agua, descaso total.",0.8674
PA001027,2023-02-02 05:11:41,Terminei o trabalho da faculdade com antecedencia.,0.0183
PA001028,2023-02-02 05:11:52,"Volei com os amigos, muita risada e diversao.",0.0889
PA001029,2023-02-02 05:30:44,"Passei na certificacao, muito feliz com o resultado.",0.1252
PA001030,2023-02-02 05:34:36,Leitura no jardim com tempo agradavel.,0.0
PA001031,2023-02-02 05:36:34,"Museu da cidade muito interessante, aprendi bastante.",0.081
PA001032,2023-02-02 05:42:44,Aplicativo de carona funcionou perfeitamente.,0.0994
PA001033,2023-02-02 06:10:13,"Que frustracao, meu time perdeu mais uma vez.",0.9113
PA001034,2023-02-02 08:30:55,"Padaria da esquina lancou sabor novo, recomendo.",0.0286
PA001035,2023-02-02 08:45:32,"Museu da cidade muito interessante, aprendi bastante.",0.0
PA001036,2023-02-02 10:56:04,"Padaria da esquina lancou sabor novo, recomendo.",0.1504
PA001037,2023-02-02 11:10:01,Atualizacao deixou o sistema muito mais rapido.,0.1768
PA001038,2023-02-02 11:38:11,App de produtividade novo que encontrei e otimo.,0.1034
PA001039,2023-02-02 14:03:10,"Passei na certificacao, muito feliz com o resultado.",0.1294
PA001040,2023-02-02 14:37:28,Podcast sobre tecnologia muito interessante.,0.1473
PA001041,2023-02-02 14:59:59,"Acai gelado essa tarde, refrescante demais.",0.1409
PA001042,2023-02-02 16:59:15,"Aprendi receita nova no youtube, ficou otimo.",0.0313
PA001043,2023-02-02 17:08:53,"Musica nova do meu artista favorito, de outro nivel.",0.1327
PA001044,2023-02-02 17:53:40,"Chuva passageira a tarde, depois o tempo abriu lindo.",0.0319
PA001045,2023-02-02 18:52:04,Terminei o trabalho da faculdade com antecedencia.,0.0603
PA001046,2023-02-02 19:38:55,"Padaria da esquina lancou sabor novo, recomendo.",0.0277
PA001047,2023-02-02 20:21:44,"Home office com cafe fresquinho do lado, otimo.",0.0
PA001048,2023-02-02 20:49:06,"Livro excelente sobre ciencia de dados, recomendo muito.",0.1075
PA001049,2023-02-02 22:31:56,"Viagem de fim de semana para cidade historica, valeu.",0.096
PA001050,2023-02-02 22:32:18,"Sopa de legumes no frio, reconfortante e gostosa.",0.0
PA001051,2023-02-02 22:56:01,Jantar simples mas gostoso com a familia.,0.032
PA001052,2023-02-02 23:22:49,"Aprendi receita nova no youtube, ficou otimo.",0.0071
PA001053,2023-02-02 23:26:00,"Biblioteca da universidade, ambiente otimo para estudar.",0.0759
PA001054,2023-02-02 23:32:02,"Churrasco com a familia no final de semana, delicioso.",0.0577
PA001055,2023-02-03 00:30:49,"Meu time ganhou hoje, que jogo bonito foi.",0.1093
PA001056,2023-02-03 01:31:27,"Choveu a tarde toda, dia perfeito pra ficar em casa lendo.",0.0821
PA001057,2023-02-03 04:35:26,"Choveu a tarde toda, dia perfeito pra ficar em casa lendo.",0.1132
PA001058,2023-02-03 04:52:27,"Viagem de fim de semana para cidade historica, valeu.",0.0284
PA001059,2023-02-03 06:15:09,Aula incrivel sobre estatistica aplicada hoje.,0.082
PA001060,2023-02-03 06:27:57,"Volei com os amigos, muita risada e diversao.",0.063
PA001061,2023-02-03 10:17:06,"Meditacao de manha, comecando o dia muito bem.",0.1192
PA001062,2023-02-03 10:20:52,Pedalada de tarde com vista incrivel do parque.,0.0746
PA001063,2023-02-03 10:42:24,"Configurei o home office com setup novo, otimo.",0.0247
PA001064,2023-02-03 11:40:51,Atualizacao deixou o sistema muito mais rapido.,0.1116
PA001065,2023-02-03 12:04:15,Cafe da manha caprichado: tapioca com ovo e suco de laranja.,0.0886
PA001066,2023-02-03 14:32:32,"Natacao de manha, melhor inicio de dia possivel.",0.053
PA001067,2023-02-03 15:34:47,"Yoga pela manha, comecei o dia muito bem.",0.0609
PA001068,2023-02-03 15:35:59,"Almoco incrivel hoje, fiz lasanha caseira do zero.",0.0301
PA001069,2023-02-03 16:42:30,Brigadeiro de panela saiu incrivel hoje.,0.1324
PA001070,2023-02-03 17:37:33,Show ao vivo incrivel no fim de semana.,0.099
PA001071,2023-02-03 18:24:32,"Configurei o home office com setup novo, otimo.",0.0922
PA001072,2023-02-03 18:51:02,"Almoco incrivel hoje, fiz lasanha caseira do zero.",0.0834
PA001073,2023-02-03 18:59:49,"Passei na certificacao, muito feliz com o resultado.",0.072
PA001074,2023-02-03 19:10:15,Feira de artesanato gostosa de passear.,0.0554
PA001075,2023-02-03 23:01:38,Cafe da manha caprichado: tapioca com ovo e suco de laranja.,0.1463
PA001076,2023-02-04 00:34:00,"Maratonei a temporada completa, valeu cada minuto.",0.1038
PA001077,2023-02-04 00:57:13,"Fui de bike hoje, que exercicio agradavel de manha.",0.0529
PA001078,2023-02-04 01:11:42,"Atendimento pessimo no banco, perdi a tarde toda.",0.4361
PA001079,2023-02-04 01:16:15,"Consegui estacionamento logo de cara, dia de sorte mesmo.",0.041
PA001080,2023-02-04 01:24:31,"Tarefa dificil concluida com sucesso, que satisfacao.",0.1041
PA001081,2023-02-04 03:03:00,"Livro excelente sobre ciencia de dados, recomendo muito.",0.0742
PA001082,2023-02-04 03:42:46,"Fechei projeto importante essa semana, que alegria.",0.0427
PA001083,2023-02-04 05:28:28,"Home office com cafe fresquinho do lado, otimo.",0.0375
PA001084,2023-02-04 06:05:35,"Filme otimo ontem, fui ao cinema com a familia.",0.0919
PA001085,2023-02-04 07:23:59,Terminei o trabalho da faculdade com antecedencia.,0.0223
PA001086,2023-02-04 08:39:08,Terminei o trabalho da faculdade com antecedencia.,0.0298
PA001087,2023-02-04 11:44:55,Grupo de estudos foi muito produtivo hoje.,0.0213
PA001088,2023-02-04 12:14:24,App de produtividade novo que encontrei e otimo.,0.1033
PA001089,2023-02-04 12:54:00,"Apresentacao correu muito bem, todos gostaram.",0.0
PA001090,2023-02-04 13:56:51,"Fui de bike hoje, que exercicio agradavel de manha.",0.1405
PA001091,2023-02-04 14:20:00,"Pausa pro cafe com os colegas, bate-papo otimo.",0.0376
PA001092,2023-02-04 14:32:32,"Consegui estacionamento logo de cara, dia de sorte mesmo.",0.0722
PA001093,2023-02-04 15:16:02,Semana intensa mas muito satisfatoria no trabalho.,0.0919
PA001094,2023-02-04 15:24:36,"Livro excelente sobre ciencia de dados, recomendo muito.",0.0402
PA001095,2023-02-04 15:51:42,"Pausa pro cafe com os colegas, bate-papo otimo.",0.123
PA001096,2023-02-04 15:55:37,"Meditacao de manha, comecando o dia muito bem.",0.1123
PA001097,2023-02-04 16:14:41,"Almoco incrivel hoje, fiz lasanha caseira do zero.",0.1027
PA001098,2023-02-04 16:25:59,"Passei na certificacao, muito feliz com o resultado.",0.0985
PA001099,2023-02-04 17:12:46,"Choveu a tarde toda, dia perfeito pra ficar em casa lendo.",0.065
PA001100,2023-02-04 17:19:33,Atualizacao deixou o sistema muito mais rapido.,0.0606
PA001101,2023-02-04 18:46:50,Tudo caro e qualidade cada vez pior.,0.2315
PA001102,2023-02-04 19:47:19,"Sol lindo hoje, cafe na varanda foi otimo.",0.1342
PA001103,2023-02-04 19:49:11,Semana intensa mas muito satisfatoria no trabalho.,0.1964
PA001104,2023-02-04 19:50:37,Que manha fresca e agradavel para uma caminhada.,0.0265
PA001105,2023-02-04 21:14:11,"Academia hoje, treino puxado mas valeu muito.",0.0986
PA001106,2023-02-04 21:20:39,"Chuva passageira a tarde, depois o tempo abriu lindo.",0.0356
PA001107,2023-02-04 21:28:27,"Sol lindo hoje, cafe na varanda foi otimo.",0.0318
PA001108,2023-02-04 21:34:05,"Consegui estacionamento logo de cara, dia de sorte mesmo.",0.0553
PA001109,2023-02-04 22:47:57,"Aprendi receita nova no youtube, ficou otimo.",0.0663
PA001110,2023-02-05 00:32:51,"Fui num restaurante novo, a pizza estava espetacular.",0.1397
PA001111,2023-02-05 01:02:38,"Fui de bike hoje, que exercicio agradavel de manha.",0.0999
PA001112,2023-02-05 01:49:36,"Notebook novo chegou, que desempenho incrivel.",0.025
PA001113,2023-02-05 02:10:52,Mais um acidente por causa de imprudencia no transito.,0.6401
PA001114,2023-02-05 02:17:54,"Metro bem tranquilo essa manha, cheguei bem.",0.0725
PA001115,2023-02-05 02:20:19,"Meu time ganhou hoje, que jogo bonito foi.",0.0583
PA001116,2023-02-05 03:51:44,Aplicativo de carona funcionou perfeitamente.,0.113
PA001117,2023-02-05 04:22:27,"Corri 5km de manha, semana otima de treino.",0.1059
PA001118,2023-02-05 04:44:40,"Serie nova incrivel, amei o primeiro episodio.",0.0834
PA001119,2023-02-05 04:47:50,"Academia hoje, treino puxado mas valeu muito.",0.0786
PA001120,2023-02-05 06:14:24,Aula incrivel sobre estatistica aplicada hoje.,0.066
PA001121,2023-02-05 06:22:06,Semana intensa mas muito satisfatoria no trabalho.,0.0
PA001122,2023-02-05 07:01:21,Aula incrivel sobre estatistica aplicada hoje.,0.0617
PA001123,2023-02-05 07:15:24,"Dia nublado mas tranquilo, bom para estudar sem distracao.",0.0784
PA001124,2023-02-05 08:55:14,"Passei na certificacao, muito feliz com o resultado.",0.1082
PA001125,2023-02-05 10:00:25,"Aprendi receita nova no youtube, ficou otimo.",0.1204
PA001126,2023-02-05 10:17:33,"Aprendi receita nova no youtube, ficou otimo.",0.0299
PA001127,2023-02-05 10:37:13,"Tarefa dificil concluida com sucesso, que satisfacao.",0.0648
PA001128,2023-02-05 10:53:57,"Volei com os amigos, muita risada e diversao.",0.0704
PA001129,2023-02-05 12:13:06,Aplicativo de carona funcionou perfeitamente.,0.085
PA001130,2023-02-05 15:49:19,Aula incrivel sobre estatistica aplicada hoje.,0.0655
PA001131,2023-02-05 15:53:35,"Biblioteca da universidade, ambiente otimo para estudar.",0.0535
PA001132,2023-02-05 17:37:58,"Chuva passageira a tarde, depois o tempo abriu lindo.",0.1164
PA001133,2023-02-05 19:51:51,Leitura no jardim com tempo agradavel.,0.0111
PA001134,2023-02-05 20:21:13,"Trilha ecologica incrivel, natureza pura.",0.0654
PA001135,2023-02-06 00:29:58,"Musica nova do meu artista favorito, de outro nivel.",0.1568
PA001136,2023-02-06 00:43:23,"Passei na certificacao, muito feliz com o resultado.",0.1357
PA001137,2023-02-06 01:36:01,Atualizacao deixou o sistema muito mais rapido.,0.0881
PA001138,2023-02-06 01:50:30,"Teatro incrivel ontem, peca muito bem dirigida.",0.0551
PA001139,2023-02-06 04:56:42,"Livro excelente sobre ciencia de dados, recomendo muito.",0.1132
PA001140,2023-02-06 05:53:39,Finalmente entendi aquele conceito que me travava.,0.0424
PA001141,2023-02-06 06:01:25,"Fui num restaurante novo, a pizza estava espetacular.",0.1619
PA001142,2023-02-06 06:33:17,"Sopa de legumes no frio, reconfortante e gostosa.",0.0546
PA001143,2023-02-06 09:47:17,"Domingo em familia, melhor dia da semana.",0.067
PA001144,2023-02-06 10:30:23,"Configurei o home office com setup novo, otimo.",0.0807
PA001145,2023-02-06 10:52:44,"Academia hoje, treino puxado mas valeu muito.",0.0953
PA001146,2023-02-06 11:44:31,"Tarefa dificil concluida com sucesso, que satisfacao.",0.1092
PA001147,2023-02-06 12:42:52,"Corri 5km de manha, semana otima de treino.",0.1381
PA001148,2023-02-06 13:17:22,"Serie nova incrivel, amei o primeiro episodio.",0.0723
PA001149,2023-02-06 15:06:15,Cansado desse sistema publico que nao funciona.,0.1312
PA001150,2023-02-06 15:27:04,"Fui num restaurante novo, a pizza estava espetacular.",0.084
PA001151,2023-02-06 16:45:54,"Musica nova do meu artista favorito, de outro nivel.",0.1309
PA001152,2023-02-06 18:22:30,"O outono chegou cedo esse ano, que frio gostoso de manha.",0.1383
PA001153,2023-02-06 18:27:19,Que manha fresca e agradavel para uma caminhada.,0.0451
PA001154,2023-02-06 19:17:00,"Museu da cidade muito interessante, aprendi bastante.",0.0444
PA001155,2023-02-06 19:34:32,Barulho da rua me deixou irritado o dia todo.,0.8983
PA001156,2023-02-06 19:58:20,"Estrada livre, cheguei no trabalho rapido hoje.",0.0592
PA001157,2023-02-06 20:26:37,"Museu da cidade muito interessante, aprendi bastante.",0.1661
PA001158,2023-02-06 20:46:26,Que manha fresca e agradavel para uma caminhada.,0.0702
PA001159,2023-02-06 22:57:01,Jantar simples mas gostoso com a familia.,0.1306
PA001160,2023-02-06 23:37:54,"Sol lindo hoje, cafe na varanda foi otimo.",0.0499
PA001161,2023-02-07 00:00:53,"Home office com cafe fresquinho do lado, otimo.",0.0945
PA001162,2023-02-07 00:10:53,"Tarefa dificil concluida com sucesso, que satisfacao.",0.1195
PA001163,2023-02-07 01:22:04,"Novo celular chegou, a camera e impressionante.",0.1189
PA001164,2023-02-07 01:41:42,"Viagem de fim de semana para cidade historica, valeu.",0.1067
PA001165,2023-02-07 02:27:49,Pacote atrasado pelos correios pela terceira vez.,0.7362
PA001166,2023-02-07 03:47:44,"Fui num restaurante novo, a pizza estava espetacular.",0.0618
PA001167,2023-02-07 03:58:14,"Que calor hoje, tive que ligar o ar condicionado logo cedo.",0.0105
PA001168,2023-02-07 05:36:53,"Domingo em familia, melhor dia da semana.",0.0192
PA001169,2023-02-07 07:22:50,Show ao vivo incrivel no fim de semana.,0.03
PA001170,2023-02-07 08:23:47,"Sopa de legumes no frio, reconfortante e gostosa.",0.1122
PA001171,2023-02-07 08:59:48,"Dia completamente perdido, muita raiva acumulada.",0.6386
PA001172,2023-02-07 10:44:50,"Aprendi receita nova no youtube, ficou otimo.",0.1381
PA001173,2023-02-07 14:14:05,"Viagem de fim de semana para cidade historica, valeu.",0.0753
PA001174,2023-02-07 14:34:44,"Choveu a tarde toda, dia perfeito pra ficar em casa lendo.",0.2142
PA001175,2023-02-07 15:01:28,"Apresentacao correu muito bem, todos gostaram.",0.114
PA001176,2023-02-07 15:10:50,"Fui num restaurante novo, a pizza estava espetacular.",0.1478
PA001177,2023-02-07 15:36:07,"Vento agradavel hoje, aproveitei para caminhar no parque.",0.1174
PA001178,2023-02-07 16:10:53,"Volei com os amigos, muita risada e diversao.",0.1562
PA001179,2023-02-07 17:26:12,Show ao vivo incrivel no fim de semana.,0.22
PA001180,2023-02-07 17:53:56,Caminhada ate a estacao foi otima hoje.,0.1525
PA001181,2023-02-07 19:02:44,"Cuidando das plantas em casa, muito terapeutico.",0.1245
PA001182,2023-02-07 19:02:58,Jantar simples mas gostoso com a familia.,0.1404
PA001183,2023-02-07 20:13:40,"Dia nublado mas tranquilo, bom para estudar sem distracao.",0.07
PA001184,2023-02-07 21:05:57,"Reuniao produtiva hoje, saimos com otimas ideias.",0.1091
PA001185,2023-02-07 22:44:43,"Configurei o home office com setup novo, otimo.",0.1089
PA001186,2023-02-07 23:56:40,"Filme otimo ontem, fui ao cinema com a familia.",0.1555
PA001187,2023-02-08 00:06:47,"Acai gelado essa tarde, refrescante demais.",0.0645
PA001188,2023-02-08 00:54:05,Pedalada de tarde com vista incrivel do parque.,0.177
PA001189,2023-02-08 01:22:59,"Sol lindo hoje, cafe na varanda foi otimo.",0.1207
PA001190,2023-02-08 01:38:29,"Teatro incrivel ontem, peca muito bem dirigida.",0.0776
PA001191,2023-02-08 02:02:27,Nao consigo entender como essa situacao ainda nao mudou.,0.799
PA001192,2023-02-08 02:09:19,"Trilha ecologica incrivel, natureza pura.",0.0783
PA001193,2023-02-08 02:47:20,"Musica nova do meu artista favorito, de outro nivel.",0.2019
PA001194,2023-02-08 03:17:42,"Biblioteca da universidade, ambiente otimo para estudar.",0.1401
PA001195,2023-02-08 04:59:27,"Natacao de manha, melhor inicio de dia possivel.",0.0
PA001196,2023-02-08 05:45:55,"Viagem de fim de semana para cidade historica, valeu.",0.1074
PA001197,2023-02-08 06:20:50,"Testei IA para ajudar com codigo, funcionou bem.",0.1346
PA001198,2023-02-08 06:37:55,Cansado desse sistema publico que nao funciona.,0.7137
PA001199,2023-02-08 07:02:46,"Cuidando das plantas em casa, muito terapeutico.",0.1758
PA001200,2023-02-08 07:19:51,"O outono chegou cedo esse ano, que frio gostoso de manha.",0.1136
PA001201,2023-02-08 07:31:53,"Fila do hospital andando devagar, sistema falido.",0.4461
PA001202,2023-02-08 08:14:22,"Onibus chegou no horario hoje, que surpresa agradavel.",0.1378
PA001203,2023-02-08 09:13:30,"Museu da cidade muito interessante, aprendi bastante.",0.1406
PA001204,2023-02-08 09:54:35,Jantar simples mas gostoso com a familia.,0.0997
PA001205,2023-02-08 10:54:34,"Apresentacao correu muito bem, todos gostaram.",0.0194
PA001206,2023-02-08 12:03:22,Feira de artesanato gostosa de passear.,0.0275
PA001207,2023-02-08 12:56:43,"Almoco incrivel hoje, fiz lasanha caseira do zero.",0.2151
PA001208,2023-02-08 13:22:11,"Sopa de legumes no frio, reconfortante e gostosa.",0.0867
PA001209,2023-02-08 13:54:27,"Meu time ganhou hoje, que jogo bonito foi.",0.0
PA001210,2023-02-08 15:02:48,"Meu time ganhou hoje, que jogo bonito foi.",0.109
PA001211,2023-02-08 15:23:48,Cafe da manha caprichado: tapioca com ovo e suco de laranja.,0.1175
PA001212,2023-02-08 17:22:23,"Maratonei a temporada completa, valeu cada minuto.",0.0128
PA001213,2023-02-08 17:43:23,"Academia hoje, treino puxado mas valeu muito.",0.0625
PA001214,2023-02-08 19:04:18,"Apresentacao correu muito bem, todos gostaram.",0.127
PA001215,2023-02-08 19:51:48,"Vento agradavel hoje, aproveitei para caminhar no parque.",0.0851
PA001216,2023-02-08 20:11:33,Pedalada de tarde com vista incrivel do parque.,0.0381
PA001217,2023-02-08 21:07:47,"Aprendi receita nova no youtube, ficou otimo.",0.0616
PA001218,2023-02-08 22:59:33,"Domingo em familia, melhor dia da semana.",0.0923
PA001219,2023-02-08 22:59:34,"Tarefa dificil concluida com sucesso, que satisfacao.",0.0494
PA001220,2023-02-09 02:19:46,"Volei com os amigos, muita risada e diversao.",0.1296
PA001221,2023-02-09 05:44:52,"Minha mae fez feijao com arroz e linguica, classico perfeito.",0.1207
PA001222,2023-02-09 05:52:19,"Apresentacao correu muito bem, todos gostaram.",0.0227
PA001223,2023-02-09 08:03:24,"Dia nublado mas tranquilo, bom para estudar sem distracao.",0.0159
PA001224,2023-02-09 08:22:26,"Estrada livre, cheguei no trabalho rapido hoje.",0.0476
PA001225,2023-02-09 08:35:19,"Volei com os amigos, muita risada e diversao.",0.0841
PA001226,2023-02-09 10:43:14,Atualizacao deixou o sistema muito mais rapido.,0.0868
PA001227,2023-02-09 11:32:50,"Onibus chegou no horario hoje, que surpresa agradavel.",0.1795
PA001228,2023-02-09 12:11:22,"Sol lindo hoje, cafe na varanda foi otimo.",0.0996
PA001229,2023-02-09 12:55:51,"Configurei o home office com setup novo, otimo.",0.1656
PA001230,2023-02-09 13:55:59,"Cuidando das plantas em casa, muito terapeutico.",0.1539
PA001231,2023-02-09 14:10:22,Caminhada ate a estacao foi otima hoje.,0.0409
PA001232,2023-02-09 14:30:54,"Serie nova incrivel, amei o primeiro episodio.",0.1461
PA001233,2023-02-09 14:31:33,Que manha fresca e agradavel para uma caminhada.,0.038
PA001234,2023-02-09 15:34:25,"Testei IA para ajudar com codigo, funcionou bem.",0.0
PA001235,2023-02-09 16:01:55,Jogo novo me viciou de um jeito bom.,0.0746
PA001236,2023-02-09 16:15:37,"Praia tranquila, sol perfeito, descanso total.",0.1398
PA001237,2023-02-09 16:20:31,"Aprendi receita nova no youtube, ficou otimo.",0.0442
PA001238,2023-02-09 16:43:55,"Metro bem tranquilo essa manha, cheguei bem.",0.0364
PA001239,2023-02-09 21:03:09,"Passeio no interior no fim de semana, natureza linda.",0.1054
PA001240,2023-02-09 21:08:35,Leitura no jardim com tempo agradavel.,0.0959
PA001241,2023-02-09 22:01:56,"Meu time ganhou hoje, que jogo bonito foi.",0.1137
PA001242,2023-02-09 23:11:44,"Chuva passageira a tarde, depois o tempo abriu lindo.",0.0213
PA001243,2023-02-09 23:33:37,"Notebook novo chegou, que desempenho incrivel.",0.0993
PA001244,2023-02-10 00:13:58,Semana intensa mas muito satisfatoria no trabalho.,0.0177
PA001245,2023-02-10 02:36:29,"Trilha ecologica incrivel, natureza pura.",0.0156
PA001246,2023-02-10 03:35:36,Jantar simples mas gostoso com a familia.,0.1617
PA001247,2023-02-10 04:16:23,"Sol lindo hoje, cafe na varanda foi otimo.",0.0437
PA001248,2023-02-10 05:21:23,"Passei na certificacao, muito feliz com o resultado.",0.1415
PA001249,2023-02-10 06:15:08,Podcast sobre tecnologia muito interessante.,0.0718
PA001250,2023-02-10 06:32:16,"Sol lindo hoje, cafe na varanda foi otimo.",0.0239
PA001251,2023-02-10 06:49:20,"Churrasco com a familia no final de semana, delicioso.",0.0724
PA001252,2023-02-10 07:06:10,"Viagem de fim de semana para cidade historica, valeu.",0.052
PA001253,2023-02-10 07:07:12,Nao acredito mais nessa politica que nao resolve.,0.4044
PA001254,2023-02-10 07:34:05,"Pipoca e serie boa na sexta, programa perfeito.",0.1639
PA001255,2023-02-10 08:04:33,"Onibus chegou no horario hoje, que surpresa agradavel.",0.0424
PA001256,2023-02-10 09:42:29,Pedalada de tarde com vista incrivel do parque.,0.1298
PA001257,2023-02-10 10:26:13,"Praia tranquila, sol perfeito, descanso total.",0.107
PA001258,2023-02-10 12:48:42,"Praia tranquila, sol perfeito, descanso total.",0.1083
PA001259,2023-02-10 15:25:49,"Churrasco com a familia no final de semana, delicioso.",0.151
PA001260,2023-02-10 15:54:22,Aula incrivel sobre estatistica aplicada hoje.,0.0527
PA001261,2023-02-10 17:15:09,Cafe da manha caprichado: tapioca com ovo e suco de laranja.,0.0
PA001262,2023-02-10 18:00:46,Semana intensa mas muito satisfatoria no trabalho.,0.0889
PA001263,2023-02-10 19:41:38,"Viagem de fim de semana para cidade historica, valeu.",0.133
PA001264,2023-02-10 20:24:50,Jogo novo me viciou de um jeito bom.,0.1149
PA001265,2023-02-10 20:59:32,"Estudando para a prova de amanha, bem concentrado.",0.0819
PA001266,2023-02-10 21:19:55,"Minha mae fez feijao com arroz e linguica, classico perfeito.",0.0345
PA001267,2023-02-10 21:39:38,"Metro bem tranquilo essa manha, cheguei bem.",0.0892
PA001268,2023-02-10 23:11:41,Show ao vivo incrivel no fim de semana.,0.098
PA001269,2023-02-11 00:25:22,"Tentei receita nova de bolo de cenoura, ficou fofinho.",0.0836
PA001270,2023-02-11 00:48:47,"Home office com cafe fresquinho do lado, otimo.",0.0429
PA001271,2023-02-11 06:39:36,"Dia nublado mas tranquilo, bom para estudar sem distracao.",0.0476
PA001272,2023-02-11 06:53:01,"Reuniao produtiva hoje, saimos com otimas ideias.",0.0614
PA001273,2023-02-11 07:49:04,"Fechei projeto importante essa semana, que alegria.",0.0
PA001274,2023-02-11 08:04:23,"Minha mae fez feijao com arroz e linguica, classico perfeito.",0.0412
PA001275,2023-02-11 08:58:31,"Fui num restaurante novo, a pizza estava espetacular.",0.0943
PA001276,2023-02-11 09:23:28,"Configurei o home office com setup novo, otimo.",0.038
PA001277,2023-02-11 10:16:53,Aula incrivel sobre estatistica aplicada hoje.,0.1305
PA001278,2023-02-11 11:31:44,"Passeio no interior no fim de semana, natureza linda.",0.1677
PA001279,2023-02-11 12:09:00,"Passei na certificacao, muito feliz com o resultado.",0.0586
PA001280,2023-02-11 13:14:14,"Estudando para a prova de amanha, bem concentrado.",0.1523
PA001281,2023-02-11 14:02:31,App de produtividade novo que encontrei e otimo.,0.1098
PA001282,2023-02-11 15:51:52,Pedalada de tarde com vista incrivel do parque.,0.0294
PA001283,2023-02-11 16:18:11,"Tentei receita nova de bolo de cenoura, ficou fofinho.",0.0057
PA001284,2023-02-11 17:00:13,"Corri 5km de manha, semana otima de treino.",0.057
PA001285,2023-02-11 18:10:54,"Passei na certificacao, muito feliz com o resultado.",0.1102
PA001286,2023-02-11 19:10:41,"Sopa de legumes no frio, reconfortante e gostosa.",0.1612
PA001287,2023-02-11 20:15:13,Show ao vivo incrivel no fim de semana.,0.059
PA001288,2023-02-11 20:26:11,"Notebook novo chegou, que desempenho incrivel.",0.053
PA001289,2023-02-11 20:33:02,Leitura no jardim com tempo agradavel.,0.1434
PA001290,2023-02-11 20:50:42,"Multa de transito injusta, vou recorrer.",0.2547
PA001291,2023-02-11 21:54:30,"Corri 5km de manha, semana otima de treino.",0.0707
PA001292,2023-02-11 23:32:27,Jantar simples mas gostoso com a familia.,0.05
PA001293,2023-02-11 23:38:09,Show ao vivo incrivel no fim de semana.,0.1037
PA001294,2023-02-12 00:57:59,"Passeio no interior no fim de semana, natureza linda.",0.0574
PA001295,2023-02-12 03:06:14,"Tentei receita nova de bolo de cenoura, ficou fofinho.",0.0895
PA001296,2023-02-12 04:33:36,"Pausa pro cafe com os colegas, bate-papo otimo.",0.0953
PA001297,2023-02-12 05:31:06,"Sopa de legumes no frio, reconfortante e gostosa.",0.1471
PA001298,2023-02-12 05:32:56,"Novo celular chegou, a camera e impressionante.",0.0
PA001299,2023-02-12 05:46:10,"Cuidando das plantas em casa, muito terapeutico.",0.1005
PA001300,2023-02-12 06:59:07,Podcast sobre tecnologia muito interessante.,0.1159
PA001301,2023-02-12 07:09:07,"Fechei projeto importante essa semana, que alegria.",0.1747
PA001302,2023-02-12 07:34:46,Show ao vivo incrivel no fim de semana.,0.0285
PA001303,2023-02-12 08:06:35,"Minha mae fez feijao com arroz e linguica, classico perfeito.",0.0845
PA001304,2023-02-12 09:53:17,Semana intensa mas muito satisfatoria no trabalho.,0.027
PA001305,2023-02-12 10:00:23,"Cuidando das plantas em casa, muito terapeutico.",0.0888
PA001306,2023-02-12 10:14:12,"Tentei receita nova de bolo de cenoura, ficou fofinho.",0.1047
PA001307,2023-02-12 11:06:02,"Volei com os amigos, muita risada e diversao.",0.1243
PA001308,2023-02-12 11:43:16,"Museu da cidade muito interessante, aprendi bastante.",0.0553
PA001309,2023-02-12 12:11:18,"Maratonei a temporada completa, valeu cada minuto.",0.1279
PA001310,2023-02-12 13:15:47,"Trilha ecologica incrivel, natureza pura.",0.0718
PA001311,2023-02-12 13:53:39,"Vento agradavel hoje, aproveitei para caminhar no parque.",0.0509
PA001312,2023-02-12 15:14:56,Aplicativo travou bem na hora da reuniao importante.,0.2177
PA001313,2023-02-12 16:41:09,Terminei o trabalho da faculdade com antecedencia.,0.0258
PA001314,2023-02-12 17:33:24,"Pipoca e serie boa na sexta, programa perfeito.",0.0524
PA001315,2023-02-12 17:59:25,"Domingo em familia, melhor dia da semana.",0.0405
PA001316,2023-02-12 18:21:05,Jantar simples mas gostoso com a familia.,0.0924
PA001317,2023-02-12 18:29:49,"Que calor hoje, tive que ligar o ar condicionado logo cedo.",0.0739
PA001318,2023-02-12 19:45:26,"Que dia difícil, nada saiu como eu havia planejado.",0.8939
PA001319,2023-02-12 20:37:20,"Biblioteca da universidade, ambiente otimo para estudar.",0.1528
PA001320,2023-02-12 21:14:26,"Churrasco com a familia no final de semana, delicioso.",0.1262
PA001321,2023-02-12 21:43:34,"Passeio com o cachorro no parque, ele adorou.",0.1731
PA001322,2023-02-12 21:58:43,"Plantei temperos na sacada, que satisfacao.",0.0994
PA001323,2023-02-12 22:48:01,Feira de artesanato gostosa de passear.,0.0219
PA001324,2023-02-13 04:09:28,"Notebook novo chegou, que desempenho incrivel.",0.1468
PA001325,2023-02-13 04:36:46,"Cuidando das plantas em casa, muito terapeutico.",0.0252
PA001326,2023-02-13 06:13:52,"Sopa de legumes no frio, reconfortante e gostosa.",0.0374
PA001327,2023-02-13 06:44:11,"Reencontrei um amigo antigo por acaso, que alegria.",0.1493
PA001328,2023-02-13 06:55:48,"Sol lindo hoje, cafe na varanda foi otimo.",0.0507
PA001329,2023-02-13 07:40:02,Brigadeiro de panela saiu incrivel hoje.,0.0263
PA001330,2023-02-13 08:54:55,"Yoga pela manha, comecei o dia muito bem.",0.0842
PA001331,2023-02-13 09:29:33,"Churrasco com a familia no final de semana, delicioso.",0.0328
PA001332,2023-02-13 10:11:08,Jantar simples mas gostoso com a familia.,0.0
PA001333,2023-02-13 10:49:42,"Notebook novo chegou, que desempenho incrivel.",0.0
PA001334,2023-02-13 11:04:33,"Reencontrei um amigo antigo por acaso, que alegria.",0.1048
PA001335,2023-02-13 11:59:09,Que tarde relaxante lendo na rede.,0.0665
PA001336,2023-02-13 12:06:22,"Churrasco com a familia no final de semana, delicioso.",0.0303
PA001337,2023-02-13 14:16:01,"Musica nova do meu artista favorito, de outro nivel.",0.0115
PA001338,2023-02-13 14:40:11,"Passeio com o cachorro no parque, ele adorou.",0.1541
PA001339,2023-02-13 15:14:05,"Volei com os amigos, muita risada e diversao.",0.0238
PA001340,2023-02-13 17:19:38,"Choveu a tarde toda, dia perfeito pra ficar em casa lendo.",0.0538
PA001341,2023-02-13 17:20:32,"Vento agradavel hoje, aproveitei para caminhar no parque.",0.104
PA001342,2023-02-13 20:39:26,"Multa de transito injusta, vou recorrer.",0.5866
PA001343,2023-02-13 22:08:07,Politico corrupto aparecendo na midia de novo.,0.2323
PA001344,2023-02-13 22:27:20,"Aprendi receita nova no youtube, ficou otimo.",0.037
PA001345,2023-02-13 22:57:07,Jantar simples mas gostoso com a familia.,0.0292
PA001346,2023-02-14 00:25:03,App de produtividade novo que encontrei e otimo.,0.1059
PA001347,2023-02-14 01:22:22,Cafe da manha caprichado: tapioca com ovo e suco de laranja.,0.0354
PA001348,2023-02-14 03:04:25,"Acai gelado essa tarde, refrescante demais.",0.0757
PA001349,2023-02-14 04:24:37,"Padaria da esquina lancou sabor novo, recomendo.",0.0041
PA001350,2023-02-14 05:03:54,Terminei o trabalho da faculdade com antecedencia.,0.0635
PA001351,2023-02-14 06:43:06,"Fechei projeto importante essa semana, que alegria.",0.0288
PA001352,2023-02-14 09:08:03,Jogo novo me viciou de um jeito bom.,0.1369
PA001353,2023-02-14 09:36:34,"Home office com cafe fresquinho do lado, otimo.",0.0395
PA001354,2023-02-14 09:44:36,"Onibus chegou no horario hoje, que surpresa agradavel.",0.0925
PA001355,2023-02-14 11:22:00,"Tentei receita nova de bolo de cenoura, ficou fofinho.",0.0153
PA001356,2023-02-14 11:41:37,Grupo de estudos foi muito produtivo hoje.,0.0749
PA001357,2023-02-14 11:49:36,"Museu da cidade muito interessante, aprendi bastante.",0.1186
PA001358,2023-02-14 12:11:04,Feira de artesanato gostosa de passear.,0.1781
PA001359,2023-02-14 12:24:27,Aplicativo de carona funcionou perfeitamente.,0.0531
PA001360,2023-02-14 12:52:24,Jogo novo me viciou de um jeito bom.,0.1259
PA001361,2023-02-14 13:11:19,"Natacao de manha, melhor inicio de dia possivel.",0.0554
PA001362,2023-02-14 13:50:05,"Sol lindo hoje, cafe na varanda foi otimo.",0.1136
PA001363,2023-02-14 13:52:01,Grupo de estudos foi muito produtivo hoje.,0.1178
PA001364,2023-02-14 15:12:04,"Serie nova incrivel, amei o primeiro episodio.",0.1205
PA001365,2023-02-14 15:16:47,"Sol lindo hoje, cafe na varanda foi otimo.",0.0894
PA001366,2023-02-14 18:04:51,"Plantei temperos na sacada, que satisfacao.",0.0767
PA001367,2023-02-14 19:14:06,"Teatro incrivel ontem, peca muito bem dirigida.",0.0709
PA001368,2023-02-14 19:57:30,"Cuidando das plantas em casa, muito terapeutico.",0.1235
PA001369,2023-02-14 20:03:34,"Pausa pro cafe com os colegas, bate-papo otimo.",0.1376
PA001370,2023-02-14 20:14:43,"Cuidando das plantas em casa, muito terapeutico.",0.1042
PA001371,2023-02-14 21:48:54,Caminhada ate a estacao foi otima hoje.,0.0621
PA001372,2023-02-14 22:37:32,"Dia nublado mas tranquilo, bom para estudar sem distracao.",0.0991
PA001373,2023-02-14 23:28:37,"Passeio no interior no fim de semana, natureza linda.",0.0275
PA001374,2023-02-15 00:01:39,Jogo novo me viciou de um jeito bom.,0.056
PA001375,2023-02-15 00:08:50,Atualizacao deixou o sistema muito mais rapido.,0.0038
PA001376,2023-02-15 02:39:24,"Filme otimo ontem, fui ao cinema com a familia.",0.094
PA001377,2023-02-15 04:33:52,Feira de artesanato gostosa de passear.,0.0996
PA001378,2023-02-15 04:40:11,Nao consigo entender como essa situacao ainda nao mudou.,0.1518
PA001379,2023-02-15 06:29:10,Jantar simples mas gostoso com a familia.,0.1245
PA001380,2023-02-15 06:59:10,Que manha fresca e agradavel para uma caminhada.,0.0843
PA001381,2023-02-15 07:09:24,"Chuva passageira a tarde, depois o tempo abriu lindo.",0.0744
PA001382,2023-02-15 08:20:14,"Onibus chegou no horario hoje, que surpresa agradavel.",0.0
PA001383,2023-02-15 09:17:51,"Chega de promessa vazia, quero resultado de verdade.",0.0129
PA001384,2023-02-15 09:48:40,"Apresentacao correu muito bem, todos gostaram.",0.1304
PA001385,2023-02-15 11:12:28,"Configurei o home office com setup novo, otimo.",0.1716
PA001386,2023-02-15 11:50:32,Terminei o trabalho da faculdade com antecedencia.,0.0997
PA001387,2023-02-15 12:07:00,"Churrasco com a familia no final de semana, delicioso.",0.0865
PA001388,2023-02-15 13:13:55,"Biblioteca da universidade, ambiente otimo para estudar.",0.0599
PA001389,2023-02-15 14:29:50,"Academia hoje, treino puxado mas valeu muito.",0.0436
PA001390,2023-02-15 14:30:24,Aplicativo travou bem na hora da reuniao importante.,0.2302
PA001391,2023-02-15 17:30:57,"Padaria da esquina lancou sabor novo, recomendo.",0.098
PA001392,2023-02-15 18:45:13,"Trilha ecologica incrivel, natureza pura.",0.0109
PA001393,2023-02-15 19:09:56,"Acai gelado essa tarde, refrescante demais.",0.0735
PA001394,2023-02-15 20:09:17,"Viagem de fim de semana para cidade historica, valeu.",0.1252
PA001395,2023-02-15 21:50:19,"Churrasco com a familia no final de semana, delicioso.",0.0712
PA001396,2023-02-15 22:06:52,Semana intensa mas muito satisfatoria no trabalho.,0.0061
PA001397,2023-02-16 00:23:34,"Acai gelado essa tarde, refrescante demais.",0.0644
PA001398,2023-02-16 02:27:03,"Reencontrei um amigo antigo por acaso, que alegria.",0.0672
PA001399,2023-02-16 02:51:02,"Novo celular chegou, a camera e impressionante.",0.0604
PA001400,2023-02-16 02:55:52,"Museu da cidade muito interessante, aprendi bastante.",0.058
PA001401,2023-02-16 04:24:33,"Reencontrei um amigo antigo por acaso, que alegria.",0.0419
PA001402,2023-02-16 04:54:19,"Praia tranquila, sol perfeito, descanso total.",0.0108
PA001403,2023-02-16 05:37:31,"Notebook novo chegou, que desempenho incrivel.",0.0435
PA001404,2023-02-16 06:26:18,"Musica nova do meu artista favorito, de outro nivel.",0.0494
PA001405,2023-02-16 09:02:20,Podcast sobre tecnologia muito interessante.,0.1013
PA001406,2023-02-16 09:03:57,Caminhada ate a estacao foi otima hoje.,0.0629
PA001407,2023-02-16 10:29:27,"Notebook novo chegou, que desempenho incrivel.",0.0523
PA001408,2023-02-16 10:50:55,Show ao vivo incrivel no fim de semana.,0.0441
PA001409,2023-02-16 11:52:13,"Reuniao produtiva hoje, saimos com otimas ideias.",0.076
PA001410,2023-02-16 11:57:35,Brigadeiro de panela saiu incrivel hoje.,0.1855
PA001411,2023-02-16 11:57:58,Nao acredito mais nessa politica que nao resolve.,0.2139
PA001412,2023-02-16 12:41:33,"Acai gelado essa tarde, refrescante demais.",0.035
PA001413,2023-02-16 13:58:27,"Musica nova do meu artista favorito, de outro nivel.",0.0532
PA001414,2023-02-16 14:24:11,"Yoga pela manha, comecei o dia muito bem.",0.151
PA001415,2023-02-16 14:31:12,"Sol lindo hoje, cafe na varanda foi otimo.",0.0413
PA001416,2023-02-16 15:08:49,"Musica nova do meu artista favorito, de outro nivel.",0.1348
PA001417,2023-02-16 17:05:27,"Que dia difícil, nada saiu como eu havia planejado.",0.4703
PA001418,2023-02-16 17:30:49,"Consegui estacionamento logo de cara, dia de sorte mesmo.",0.0835
PA001419,2023-02-16 20:27:43,"Sol lindo hoje, cafe na varanda foi otimo.",0.0111
PA001420,2023-02-16 20:47:21,Terminei o trabalho da faculdade com antecedencia.,0.1078
PA001421,2023-02-16 20:56:32,"Passeio com o cachorro no parque, ele adorou.",0.0982
PA001422,2023-02-16 22:13:24,"Mais um dia de transito horrivel, situacao absurda.",0.2177
PA001423,2023-02-16 22:57:47,"Filme otimo ontem, fui ao cinema com a familia.",0.1537
PA001424,2023-02-16 23:01:21,"Chuva passageira a tarde, depois o tempo abriu lindo.",0.1017
PA001425,2023-02-17 01:06:19,"Estrada livre, cheguei no trabalho rapido hoje.",0.0883
PA001426,2023-02-17 02:14:04,Jogo novo me viciou de um jeito bom.,0.0981
PA001427,2023-02-17 04:35:50,"Praia tranquila, sol perfeito, descanso total.",0.0352
PA001428,2023-02-17 05:40:18,"Chuva passageira a tarde, depois o tempo abriu lindo.",0.0536
PA001429,2023-02-17 05:49:31,"Academia hoje, treino puxado mas valeu muito.",0.0494
PA001430,2023-02-17 05:58:39,"Filme otimo ontem, fui ao cinema com a familia.",0.0676
PA001431,2023-02-17 09:36:15,"Vizinho fazendo barulho ate tarde da noite, falta de respeito.",0.3906
PA001432,2023-02-17 11:43:59,"Estudando para a prova de amanha, bem concentrado.",0.1115
PA001433,2023-02-17 12:51:45,"Fechei projeto importante essa semana, que alegria.",0.191
PA001434,2023-02-17 14:30:43,"Tarefa dificil concluida com sucesso, que satisfacao.",0.1379
PA001435,2023-02-17 15:12:36,Leitura no jardim com tempo agradavel.,0.0996
PA001436,2023-02-17 15:41:21,"Chuva passageira a tarde, depois o tempo abriu lindo.",0.0474
PA001437,2023-02-17 16:48:53,"Estudando para a prova de amanha, bem concentrado.",0.1108
PA001438,2023-02-17 17:31:50,"Maratonei a temporada completa, valeu cada minuto.",0.0897
PA001439,2023-02-17 18:21:48,"Volei com os amigos, muita risada e diversao.",0.1067
PA001440,2023-02-17 18:30:35,"Configurei o home office com setup novo, otimo.",0.0
PA001441,2023-02-17 18:57:33,"Que calor hoje, tive que ligar o ar condicionado logo cedo.",0.1526
PA001442,2023-02-17 19:09:54,"Natacao de manha, melhor inicio de dia possivel.",0.0
PA001443,2023-02-17 19:57:31,"O outono chegou cedo esse ano, que frio gostoso de manha.",0.0506
PA001444,2023-02-17 20:33:14,"Padaria da esquina lancou sabor novo, recomendo.",0.0
PA001445,2023-02-17 21:22:06,"Testei IA para ajudar com codigo, funcionou bem.",0.0599
PA001446,2023-02-17 21:31:31,"Vento agradavel hoje, aproveitei para caminhar no parque.",0.0
PA001447,2023-02-17 21:56:58,Pedalada de tarde com vista incrivel do parque.,0.0574
PA001448,2023-02-17 22:24:41,"Passeio no interior no fim de semana, natureza linda.",0.1192
PA001449,2023-02-17 23:14:59,"Plantei temperos na sacada, que satisfacao.",0.0859
PA001450,2023-02-17 23:50:48,"Notebook novo chegou, que desempenho incrivel.",0.0641
PA001451,2023-02-18 00:33:38,Nao aguento mais essas politicas que nao funcionam.,0.4804
PA001452,2023-02-18 01:23:46,"Maratonei a temporada completa, valeu cada minuto.",0.0665
PA001453,2023-02-18 01:34:05,"Almoco incrivel hoje, fiz lasanha caseira do zero.",0.1388
PA001454,2023-02-18 04:44:00,"Domingo em familia, melhor dia da semana.",0.0787
PA001455,2023-02-18 04:50:32,"Livro excelente sobre ciencia de dados, recomendo muito.",0.0602
PA001456,2023-02-18 05:06:49,"Corri 5km de manha, semana otima de treino.",0.0791
PA001457,2023-02-18 05:31:28,"Vento agradavel hoje, aproveitei para caminhar no parque.",0.0334
PA001458,2023-02-18 05:38:26,"Home office com cafe fresquinho do lado, otimo.",0.03
PA001459,2023-02-18 05:38:34,"Home office com cafe fresquinho do lado, otimo.",0.137
PA001460,2023-02-18 05:58:32,"Que frustracao, meu time perdeu mais uma vez.",0.5464
PA001461,2023-02-18 07:02:35,Terminei o trabalho da faculdade com antecedencia.,0.104
PA001462,2023-02-18 08:33:00,"Museu da cidade muito interessante, aprendi bastante.",0.0822
PA001463,2023-02-18 08:47:16,"Choveu a tarde toda, dia perfeito pra ficar em casa lendo.",0.0445
PA001464,2023-02-18 08:48:59,Brigadeiro de panela saiu incrivel hoje.,0.0
PA001465,2023-02-18 09:51:45,"Trilha ecologica incrivel, natureza pura.",0.121
PA001466,2023-02-18 11:05:25,"Home office com cafe fresquinho do lado, otimo.",0.0814
PA001467,2023-02-18 11:45:49,Semana intensa mas muito satisfatoria no trabalho.,0.0875
PA001468,2023-02-18 12:39:24,Cafe da manha caprichado: tapioca com ovo e suco de laranja.,0.0831
PA001469,2023-02-18 12:54:20,"Novo celular chegou, a camera e impressionante.",0.0364
PA001470,2023-02-18 13:53:16,Finalmente entendi aquele conceito que me travava.,0.1147
PA001471,2023-02-18 14:38:12,"O outono chegou cedo esse ano, que frio gostoso de manha.",0.0114
PA001472,2023-02-18 14:43:14,"Academia hoje, treino puxado mas valeu muito.",0.0671
PA001473,2023-02-18 14:53:59,Grupo de estudos foi muito produtivo hoje.,0.1217
PA001474,2023-02-18 16:48:34,"Livro excelente sobre ciencia de dados, recomendo muito.",0.1315
PA001475,2023-02-18 18:38:05,"Acai gelado essa tarde, refrescante demais.",0.0342
PA001476,2023-02-18 20:04:36,"Domingo em familia, melhor dia da semana.",0.0692
PA001477,2023-02-18 20:59:04,"Pausa pro cafe com os colegas, bate-papo otimo.",0.0714
PA001478,2023-02-18 21:34:26,"Passeio no interior no fim de semana, natureza linda.",0.0786
PA001479,2023-02-19 00:56:18,"Passeio com o cachorro no parque, ele adorou.",0.0712
PA001480,2023-02-19 02:02:06,"Filme otimo ontem, fui ao cinema com a familia.",0.0404
PA001481,2023-02-19 02:21:58,"Passei na certificacao, muito feliz com o resultado.",0.0
PA001482,2023-02-19 05:36:49,"Fechei projeto importante essa semana, que alegria.",0.1296
PA001483,2023-02-19 05:59:56,"Sol lindo hoje, cafe na varanda foi otimo.",0.0367
PA001484,2023-02-19 06:43:47,"Apresentacao correu muito bem, todos gostaram.",0.0582
PA001485,2023-02-19 07:14:37,"Yoga pela manha, comecei o dia muito bem.",0.0
PA001486,2023-02-19 08:24:01,"Reencontrei um amigo antigo por acaso, que alegria.",0.0346
PA001487,2023-02-19 08:48:15,Pedalada de tarde com vista incrivel do parque.,0.0948
PA001488,2023-02-19 08:51:01,"Que dia difícil, nada saiu como eu havia planejado.",0.2227
PA001489,2023-02-19 09:11:08,Aplicativo de carona funcionou perfeitamente.,0.075
PA001490,2023-02-19 09:38:08,"Academia hoje, treino puxado mas valeu muito.",0.1685
PA001491,2023-02-19 09:47:47,Terminei o trabalho da faculdade com antecedencia.,0.1436
PA001492,2023-02-19 10:37:03,"Livro excelente sobre ciencia de dados, recomendo muito.",0.1255
PA001493,2023-02-19 10:40:16,"Trilha ecologica incrivel, natureza pura.",0.0812
PA001494,2023-02-19 10:44:56,Caminhada ate a estacao foi otima hoje.,0.0625
PA001495,2023-02-19 11:02:17,"Meu time ganhou hoje, que jogo bonito foi.",0.0
PA001496,2023-02-19 11:06:41,"Meu time ganhou hoje, que jogo bonito foi.",0.0985
PA001497,2023-02-19 13:20:02,"Teatro incrivel ontem, peca muito bem dirigida.",0.07
PA001498,2023-02-19 17:44:29,"Maratonei a temporada completa, valeu cada minuto.",0.1666
PA001499,2023-02-19 18:40:36,"Onibus chegou no horario hoje, que surpresa agradavel.",0.1173
PA001500,2023-02-19 18:41:57,"Passeio com o cachorro no parque, ele adorou.",0.0912
PA001501,2023-02-19 19:05:30,"Tarefa dificil concluida com sucesso, que satisfacao.",0.0121
PA001502,2023-02-19 19:17:12,Caminhada ate a estacao foi otima hoje.,0.0918
PA001503,2023-02-19 20:00:37,"Reencontrei um amigo antigo por acaso, que alegria.",0.1612
PA001504,2023-02-19 20:52:31,Feira de artesanato gostosa de passear.,0.1295
PA001505,2023-02-19 21:30:01,Que tarde relaxante lendo na rede.,0.0962
PA001506,2023-02-19 21:51:42,Que manha fresca e agradavel para uma caminhada.,0.0362
PA001507,2023-02-19 22:37:21,"Cuidando das plantas em casa, muito terapeutico.",0.0194
PA001508,2023-02-19 22:50:54,"Notebook novo chegou, que desempenho incrivel.",0.0756
PA001509,2023-02-19 22:55:47,Terminei o trabalho da faculdade com antecedencia.,0.109
PA001510,2023-02-19 23:06:57,"Vizinho fazendo barulho ate tarde da noite, falta de respeito.",0.3506
PA001511,2023-02-19 23:33:22,"Plantei temperos na sacada, que satisfacao.",0.0
PA001512,2023-02-19 23:41:45,Show ao vivo incrivel no fim de semana.,0.2001
PA001513,2023-02-20 00:09:39,"Biblioteca da universidade, ambiente otimo para estudar.",0.1525
PA001514,2023-02-20 03:50:42,Podcast sobre tecnologia muito interessante.,0.0136
PA001515,2023-02-20 04:44:05,Atualizacao deixou o sistema muito mais rapido.,0.1016
PA001516,2023-02-20 05:52:53,"Passeio com o cachorro no parque, ele adorou.",0.0676
PA001517,2023-02-20 06:24:43,"Plantei temperos na sacada, que satisfacao.",0.0664
PA001518,2023-02-20 06:36:09,Grupo de estudos foi muito produtivo hoje.,0.1071
PA001519,2023-02-20 07:23:11,"Sol lindo hoje, cafe na varanda foi otimo.",0.0902
PA001520,2023-02-20 07:51:54,"Praia tranquila, sol perfeito, descanso total.",0.1286
PA001521,2023-02-20 09:41:01,"Minha mae fez feijao com arroz e linguica, classico perfeito.",0.0876
PA001522,2023-02-20 11:27:11,"Minha mae fez feijao com arroz e linguica, classico perfeito.",0.0226
PA001523,2023-02-20 11:31:03,"Biblioteca da universidade, ambiente otimo para estudar.",0.0
PA001524,2023-02-20 14:41:31,"Meu time ganhou hoje, que jogo bonito foi.",0.0165
PA001525,2023-02-20 18:40:06,"Meditacao de manha, comecando o dia muito bem.",0.1044
PA001526,2023-02-20 19:03:01,"Acai gelado essa tarde, refrescante demais.",0.0918
PA001527,2023-02-20 19:41:16,"Onibus chegou no horario hoje, que surpresa agradavel.",0.1096
PA001528,2023-02-20 20:54:57,"Trilha ecologica incrivel, natureza pura.",0.0695
PA001529,2023-02-20 22:43:02,"Filme otimo ontem, fui ao cinema com a familia.",0.0218
PA001530,2023-02-20 23:39:26,"Fechei projeto importante essa semana, que alegria.",0.0817
PA001531,2023-02-21 02:01:48,"Fui de bike hoje, que exercicio agradavel de manha.",0.0686
PA001532,2023-02-21 03:08:24,Politico corrupto aparecendo na midia de novo.,0.9711
PA001533,2023-02-21 03:19:14,Semana intensa mas muito satisfatoria no trabalho.,0.0313
PA001534,2023-02-21 06:36:43,"Almoco incrivel hoje, fiz lasanha caseira do zero.",0.1179
PA001535,2023-02-21 09:40:21,"Minha mae fez feijao com arroz e linguica, classico perfeito.",0.1578
PA001536,2023-02-21 10:35:26,"Aprendi receita nova no youtube, ficou otimo.",0.1512
PA001537,2023-02-21 10:39:11,"Cuidando das plantas em casa, muito terapeutico.",0.1614
PA001538,2023-02-21 12:14:35,"Acai gelado essa tarde, refrescante demais.",0.1522
PA001539,2023-02-21 12:42:00,Aula incrivel sobre estatistica aplicada hoje.,0.0494
PA001540,2023-02-21 13:18:46,Terminei o trabalho da faculdade com antecedencia.,0.0647
PA001541,2023-02-21 14:06:19,"Saturado desse emprego, preciso mudar de vida.",0.6342
PA001542,2023-02-21 16:10:49,"Churrasco com a familia no final de semana, delicioso.",0.017
PA001543,2023-02-21 16:26:28,"Tentei receita nova de bolo de cenoura, ficou fofinho.",0.0718
PA001544,2023-02-21 17:06:56,Atualizacao deixou o sistema muito mais rapido.,0.0521
PA001545,2023-02-21 17:10:35,"Padaria da esquina lancou sabor novo, recomendo.",0.0019
PA001546,2023-02-21 18:46:41,"Teatro incrivel ontem, peca muito bem dirigida.",0.1579
PA001547,2023-02-21 20:45:01,App de produtividade novo que encontrei e otimo.,0.0926
PA001548,2023-02-21 21:49:57,"Domingo em familia, melhor dia da semana.",0.0909
PA001549,2023-02-21 22:33:46,"Multa de transito injusta, vou recorrer.",0.7252
PA001550,2023-02-21 22:43:37,"Pausa pro cafe com os colegas, bate-papo otimo.",0.0604
PA001551,2023-02-21 22:55:46,Jantar simples mas gostoso com a familia.,0.1283
PA001552,2023-02-22 00:30:38,App de produtividade novo que encontrei e otimo.,0.1047
PA001553,2023-02-22 01:15:05,"Fui num restaurante novo, a pizza estava espetacular.",0.13
PA001554,2023-02-22 01:22:51,"Meditacao de manha, comecando o dia muito bem.",0.0578
PA001555,2023-02-22 02:03:18,"Estrada livre, cheguei no trabalho rapido hoje.",0.0277
PA001556,2023-02-22 02:14:18,Leitura no jardim com tempo agradavel.,0.0893
PA001557,2023-02-22 03:44:22,"Fui num restaurante novo, a pizza estava espetacular.",0.0892
PA001558,2023-02-22 04:05:05,Feira de artesanato gostosa de passear.,0.0361
PA001559,2023-02-22 04:11:57,"Volei com os amigos, muita risada e diversao.",0.0911
PA001560,2023-02-22 04:45:08,"Acai gelado essa tarde, refrescante demais.",0.1196
PA001561,2023-02-22 05:59:59,Grupo de estudos foi muito produtivo hoje.,0.1466
PA001562,2023-02-22 06:19:37,"Sopa de legumes no frio, reconfortante e gostosa.",0.084
PA001563,2023-02-22 08:29:57,Semana intensa mas muito satisfatoria no trabalho.,0.0883
PA001564,2023-02-22 10:46:46,"Corri 5km de manha, semana otima de treino.",0.0831
PA001565,2023-02-22 12:23:21,"Maratonei a temporada completa, valeu cada minuto.",0.1786
PA001566,2023-02-22 13:05:56,Jogo novo me viciou de um jeito bom.,0.1001
PA001567,2023-02-22 13:59:53,Terminei o trabalho da faculdade com antecedencia.,0.0137
PA001568,2023-02-22 15:31:54,"Consegui estacionamento logo de cara, dia de sorte mesmo.",0.0097
PA001569,2023-02-22 15:35:48,"Estudando para a prova de amanha, bem concentrado.",0.012
PA001570,2023-02-22 15:37:26,"Domingo em familia, melhor dia da semana.",0.0773
PA001571,2023-02-22 15:39:14,"Pipoca e serie boa na sexta, programa perfeito.",0.0
PA001572,2023-02-22 16:07:11,"Viagem de fim de semana para cidade historica, valeu.",0.093
PA001573,2023-02-22 17:02:49,"Choveu a tarde toda, dia perfeito pra ficar em casa lendo.",0.1072
PA001574,2023-02-22 17:10:11,Cafe da manha caprichado: tapioca com ovo e suco de laranja.,0.0
PA001575,2023-02-22 17:18:48,Cafe da manha caprichado: tapioca com ovo e suco de laranja.,0.1248
PA001576,2023-02-22 19:05:12,"O outono chegou cedo esse ano, que frio gostoso de manha.",0.0761
PA001577,2023-02-22 19:33:58,"Acai gelado essa tarde, refrescante demais.",0.1153
PA001578,2023-02-22 20:58:23,"Que calor hoje, tive que ligar o ar condicionado logo cedo.",0.1218
PA001579,2023-02-22 21:05:28,"Estudando para a prova de amanha, bem concentrado.",0.0469
PA001580,2023-02-22 22:28:31,Grupo de estudos foi muito produtivo hoje.,0.0252
PA001581,2023-02-22 22:36:28,"Passei na certificacao, muito feliz com o resultado.",0.1324
PA001582,2023-02-22 22:46:31,"Pausa pro cafe com os colegas, bate-papo otimo.",0.0
PA001583,2023-02-22 22:59:02,"Sol lindo hoje, cafe na varanda foi otimo.",0.1149
PA001584,2023-02-22 23:18:01,"Atendimento pessimo no banco, perdi a tarde toda.",0.9127
PA001585,2023-02-23 01:04:29,"Reuniao produtiva hoje, saimos com otimas ideias.",0.0477
PA001586,2023-02-23 02:41:08,"Passei na certificacao, muito feliz com o resultado.",0.0744
PA001587,2023-02-23 04:16:46,"Dia nublado mas tranquilo, bom para estudar sem distracao.",0.1001
PA001588,2023-02-23 05:19:55,Jogo novo me viciou de um jeito bom.,0.1656
PA001589,2023-02-23 06:39:05,Jantar simples mas gostoso com a familia.,0.1318
PA001590,2023-02-23 08:55:42,"Apresentacao correu muito bem, todos gostaram.",0.0489
PA001591,2023-02-23 09:18:35,Cafe da manha caprichado: tapioca com ovo e suco de laranja.,0.0691
PA001592,2023-02-23 09:50:39,"Pausa pro cafe com os colegas, bate-papo otimo.",0.0653
PA001593,2023-02-23 10:24:09,Show ao vivo incrivel no fim de semana.,0.0281
PA001594,2023-02-23 10:24:40,"Praia tranquila, sol perfeito, descanso total.",0.0448
PA001595,2023-02-23 10:40:45,Grupo de estudos foi muito produtivo hoje.,0.1554
PA001596,2023-02-23 10:53:16,Aplicativo de carona funcionou perfeitamente.,0.1197
PA001597,2023-02-23 11:07:06,Que manha fresca e agradavel para uma caminhada.,0.069
PA001598,2023-02-23 11:27:14,Atualizacao deixou o sistema muito mais rapido.,0.0868
PA001599,2023-02-23 11:29:11,"Dia nublado mas tranquilo, bom para estudar sem distracao.",0.0431
PA001600,2023-02-23 12:17:27,"Aprendi receita nova no youtube, ficou otimo.",0.0992
PA001601,2023-02-23 13:25:51,"Novo celular chegou, a camera e impressionante.",0.0801
PA001602,2023-02-23 13:34:12,Atualizacao deixou o sistema muito mais rapido.,0.1335
PA001603,2023-02-23 14:08:55,"Reencontrei um amigo antigo por acaso, que alegria.",0.1182
PA001604,2023-02-23 14:29:40,Grupo de estudos foi muito produtivo hoje.,0.0429
PA001605,2023-02-23 16:23:46,"Plantei temperos na sacada, que satisfacao.",0.0
PA001606,2023-02-23 16:24:25,"Configurei o home office com setup novo, otimo.",0.055
PA001607,2023-02-23 17:14:49,Que tarde relaxante lendo na rede.,0.1247
PA001608,2023-02-23 17:51:32,"Testei IA para ajudar com codigo, funcionou bem.",0.0644
PA001609,2023-02-23 20:01:25,Podcast sobre tecnologia muito interessante.,0.0799
PA001610,2023-02-23 20:24:42,Feira de artesanato gostosa de passear.,0.0
PA001611,2023-02-23 20:39:59,Nao aguento mais reclamacao sem solucao pratica.,0.889
PA001612,2023-02-23 20:42:55,"Choveu a tarde toda, dia perfeito pra ficar em casa lendo.",0.0631
PA001613,2023-02-23 21:25:04,"Almoco incrivel hoje, fiz lasanha caseira do zero.",0.0452
PA001614,2023-02-23 22:13:18,"Tarefa dificil concluida com sucesso, que satisfacao.",0.0325
PA001615,2023-02-23 22:49:25,"Fechei projeto importante essa semana, que alegria.",0.1106
PA001616,2023-02-23 23:17:31,"Teatro incrivel ontem, peca muito bem dirigida.",0.1234
PA001617,2023-02-23 23:32:50,"Pipoca e serie boa na sexta, programa perfeito.",0.0064
PA001618,2023-02-24 00:40:05,"Padaria da esquina lancou sabor novo, recomendo.",0.125
PA001619,2023-02-24 01:20:45,"Configurei o home office com setup novo, otimo.",0.1084
PA001620,2023-02-24 02:01:27,Cafe da manha caprichado: tapioca com ovo e suco de laranja.,0.0
PA001621,2023-02-24 02:11:08,"Livro excelente sobre ciencia de dados, recomendo muito.",0.0375
PA001622,2023-02-24 03:33:23,"Biblioteca da universidade, ambiente otimo para estudar.",0.1426
PA001623,2023-02-24 03:40:56,Brigadeiro de panela saiu incrivel hoje.,0.0511
PA001624,2023-02-24 04:06:50,Pacote atrasado pelos correios pela terceira vez.,0.871
PA001625,2023-02-24 04:31:06,"Que calor hoje, tive que ligar o ar condicionado logo cedo.",0.0486
PA001626,2023-02-24 07:25:34,"Apresentacao correu muito bem, todos gostaram.",0.0054
PA001627,2023-02-24 09:58:36,"Fui num restaurante novo, a pizza estava espetacular.",0.0535
PA001628,2023-02-24 10:11:44,Tarde produtiva organizando e limpando a casa.,0.016
PA001629,2023-02-24 11:44:19,"Acai gelado essa tarde, refrescante demais.",0.1568
PA001630,2023-02-24 11:55:11,"Reuniao produtiva hoje, saimos com otimas ideias.",0.0175
PA001631,2023-02-24 13:14:03,"Estrada livre, cheguei no trabalho rapido hoje.",0.0249
PA001632,2023-02-24 13:32:51,Jogo novo me viciou de um jeito bom.,0.0007
PA001633,2023-02-24 14:15:47,"Plantei temperos na sacada, que satisfacao.",0.0465
PA001634,2023-02-24 14:43:49,"Tentei receita nova de bolo de cenoura, ficou fofinho.",0.1093
PA001635,2023-02-24 14:57:58,Aplicativo de carona funcionou perfeitamente.,0.0203
PA001636,2023-02-24 15:34:22,Que manha fresca e agradavel para uma caminhada.,0.1153
PA001637,2023-02-24 16:44:53,"Maratonei a temporada completa, valeu cada minuto.",0.1048
PA001638,2023-02-24 16:58:01,Atualizacao deixou o sistema muito mais rapido.,0.0
PA001639,2023-02-24 17:40:49,Que tarde relaxante lendo na rede.,0.0607
PA001640,2023-02-24 17:56:04,"Volei com os amigos, muita risada e diversao.",0.0858
PA001641,2023-02-24 19:40:37,"Novo celular chegou, a camera e impressionante.",0.1103
PA001642,2023-02-24 20:55:57,App de produtividade novo que encontrei e otimo.,0.121
PA001643,2023-02-24 21:35:53,Grupo de estudos foi muito produtivo hoje.,0.1089
PA001644,2023-02-24 22:47:40,"Pipoca e serie boa na sexta, programa perfeito.",0.106
PA001645,2023-02-24 23:16:31,"Minha mae fez feijao com arroz e linguica, classico perfeito.",0.1434
PA001646,2023-02-25 00:48:21,"Almoco incrivel hoje, fiz lasanha caseira do zero.",0.0932
PA001647,2023-02-25 01:21:46,"Testei IA para ajudar com codigo, funcionou bem.",0.1265
PA001648,2023-02-25 04:43:36,"Choveu a tarde toda, dia perfeito pra ficar em casa lendo.",0.078
PA001649,2023-02-25 07:52:09,"Configurei o home office com setup novo, otimo.",0.114
PA001650,2023-02-25 07:57:09,"Sol lindo hoje, cafe na varanda foi otimo.",0.0881
PA001651,2023-02-25 10:43:10,"Yoga pela manha, comecei o dia muito bem.",0.0738
PA001652,2023-02-25 10:43:38,Semana intensa mas muito satisfatoria no trabalho.,0.0918
PA001653,2023-02-25 10:54:37,"Tarefa dificil concluida com sucesso, que satisfacao.",0.0533
PA001654,2023-02-25 12:28:04,Burocracia excessiva impossibilitando qualquer coisa.,0.2016
PA001655,2023-02-25 12:59:17,"Novo celular chegou, a camera e impressionante.",0.0258
PA001656,2023-02-25 13:53:34,"Home office com cafe fresquinho do lado, otimo.",0.0409
PA001657,2023-02-25 13:55:06,Que tarde relaxante lendo na rede.,0.1123
PA001658,2023-02-25 17:10:41,"Cuidando das plantas em casa, muito terapeutico.",0.0207
PA001659,2023-02-25 17:16:31,"Dia nublado mas tranquilo, bom para estudar sem distracao.",0.0418
PA001660,2023-02-25 17:33:49,"Tarefa dificil concluida com sucesso, que satisfacao.",0.1138
PA001661,2023-02-25 18:41:57,"Onibus chegou no horario hoje, que surpresa agradavel.",0.0732
PA001662,2023-02-25 18:55:18,"Vento agradavel hoje, aproveitei para caminhar no parque.",0.1119
PA001663,2023-02-25 19:00:28,"Reuniao produtiva hoje, saimos com otimas ideias.",0.1161
PA001664,2023-02-25 20:07:38,"Fui de bike hoje, que exercicio agradavel de manha.",0.0412
PA001665,2023-02-25 21:57:43,"Apresentacao correu muito bem, todos gostaram.",0.0732
PA001666,2023-02-25 22:52:11,"Corri 5km de manha, semana otima de treino.",0.0537
PA001667,2023-02-25 23:08:32,Jogo novo me viciou de um jeito bom.,0.0724
PA001668,2023-02-25 23:14:08,"Sopa de legumes no frio, reconfortante e gostosa.",0.022
PA001669,2023-02-25 23:45:56,"Que calor hoje, tive que ligar o ar condicionado logo cedo.",0.1093
PA001670,2023-02-26 00:34:22,"Reencontrei um amigo antigo por acaso, que alegria.",0.0
PA001671,2023-02-26 01:49:00,Grupo de estudos foi muito produtivo hoje.,0.0393
PA001672,2023-02-26 01:58:37,Jogo novo me viciou de um jeito bom.,0.1005
PA001673,2023-02-26 02:48:36,"Meu time ganhou hoje, que jogo bonito foi.",0.0682
PA001674,2023-02-26 04:13:22,"Testei IA para ajudar com codigo, funcionou bem.",0.1343
PA001675,2023-02-26 04:49:11,"Praia tranquila, sol perfeito, descanso total.",0.0732
PA001676,2023-02-26 04:53:48,"Estudando para a prova de amanha, bem concentrado.",0.0892
PA001677,2023-02-26 05:04:06,"O outono chegou cedo esse ano, que frio gostoso de manha.",0.0
PA001678,2023-02-26 05:51:23,Nao acredito mais nessa politica que nao resolve.,0.8035
PA001679,2023-02-26 06:17:56,"Fechei projeto importante essa semana, que alegria.",0.0715
PA001680,2023-02-26 06:55:19,"Dia nublado mas tranquilo, bom para estudar sem distracao.",0.046
PA001681,2023-02-26 08:16:55,Terminei o trabalho da faculdade com antecedencia.,0.0073
PA001682,2023-02-26 10:06:42,Cafe da manha caprichado: tapioca com ovo e suco de laranja.,0.0535
PA001683,2023-02-26 10:54:31,"Trilha ecologica incrivel, natureza pura.",0.0963
PA001684,2023-02-26 12:07:41,"Viagem de fim de semana para cidade historica, valeu.",0.1131
PA001685,2023-02-26 12:29:46,Pedalada de tarde com vista incrivel do parque.,0.1219
PA001686,2023-02-26 12:52:26,"Meu time ganhou hoje, que jogo bonito foi.",0.1207
PA001687,2023-02-26 13:03:38,"Domingo em familia, melhor dia da semana.",0.0339
PA001688,2023-02-26 13:33:28,Leitura no jardim com tempo agradavel.,0.0
PA001689,2023-02-26 13:47:28,"Academia hoje, treino puxado mas valeu muito.",0.046
PA001690,2023-02-26 13:51:30,"Sopa de legumes no frio, reconfortante e gostosa.",0.0
PA001691,2023-02-26 14:42:46,"Almoco incrivel hoje, fiz lasanha caseira do zero.",0.0589
PA001692,2023-02-26 15:46:48,"Acai gelado essa tarde, refrescante demais.",0.0976
PA001693,2023-02-26 17:45:36,"Praia tranquila, sol perfeito, descanso total.",0.0167
PA001694,2023-02-26 17:51:36,Jantar simples mas gostoso com a familia.,0.0942
PA001695,2023-02-26 18:06:21,Finalmente entendi aquele conceito que me travava.,0.0999
PA001696,2023-02-26 18:39:05,"Estudando para a prova de amanha, bem concentrado.",0.0815
PA001697,2023-02-26 19:13:54,"Filme otimo ontem, fui ao cinema com a familia.",0.1273
PA001698,2023-02-26 19:34:12,Leitura no jardim com tempo agradavel.,0.0952
PA001699,2023-02-26 20:14:43,Tarde produtiva organizando e limpando a casa.,0.0409
PA001700,2023-02-26 20:40:19,Feira de artesanato gostosa de passear.,0.077
PA001701,2023-02-26 23:37:54,Jantar simples mas gostoso com a familia.,0.0535
PA001702,2023-02-27 00:34:33,Semana intensa mas muito satisfatoria no trabalho.,0.1177
PA001703,2023-02-27 00:56:14,"Estudando para a prova de amanha, bem concentrado.",0.0528
PA001704,2023-02-27 02:08:37,"Biblioteca da universidade, ambiente otimo para estudar.",0.0857
PA001705,2023-02-27 02:30:58,Show ao vivo incrivel no fim de semana.,0.0432
PA001706,2023-02-27 05:18:28,"Novo celular chegou, a camera e impressionante.",0.1279
PA001707,2023-02-27 07:07:43,"Dia completamente perdido, muita raiva acumulada.",0.5766
PA001708,2023-02-27 08:22:03,Que tarde relaxante lendo na rede.,0.1388
PA001709,2023-02-27 08:42:23,"Teatro incrivel ontem, peca muito bem dirigida.",0.1706
PA001710,2023-02-27 08:46:56,"Fui num restaurante novo, a pizza estava espetacular.",0.025
PA001711,2023-02-27 11:46:03,"Sol lindo hoje, cafe na varanda foi otimo.",0.1062
PA001712,2023-02-27 13:50:12,"Configurei o home office com setup novo, otimo.",0.0907
PA001713,2023-02-27 16:42:28,"Teatro incrivel ontem, peca muito bem dirigida.",0.025
PA001714,2023-02-27 17:49:40,Aula incrivel sobre estatistica aplicada hoje.,0.0287
PA001715,2023-02-27 18:23:21,"Tentei receita nova de bolo de cenoura, ficou fofinho.",0.0606
PA001716,2023-02-27 19:01:16,"Reencontrei um amigo antigo por acaso, que alegria.",0.1038
PA001717,2023-02-27 19:58:12,"Passeio com o cachorro no parque, ele adorou.",0.0984
PA001718,2023-02-27 21:36:58,"Pausa pro cafe com os colegas, bate-papo otimo.",0.1118
PA001719,2023-02-27 23:15:33,"O outono chegou cedo esse ano, que frio gostoso de manha.",0.1312
PA001720,2023-02-27 23:31:34,"Pausa pro cafe com os colegas, bate-papo otimo.",0.1195
PA001721,2023-02-28 00:42:48,"Biblioteca da universidade, ambiente otimo para estudar.",0.0
PA001722,2023-02-28 03:40:03,"Livro excelente sobre ciencia de dados, recomendo muito.",0.132
PA001723,2023-02-28 04:59:41,"Yoga pela manha, comecei o dia muito bem.",0.1022
PA001724,2023-02-28 05:20:13,"Teatro incrivel ontem, peca muito bem dirigida.",0.0661
PA001725,2023-02-28 07:57:30,"Home office com cafe fresquinho do lado, otimo.",0.0733
PA001726,2023-02-28 08:10:23,"Musica nova do meu artista favorito, de outro nivel.",0.0847
PA001727,2023-02-28 09:52:09,Aplicativo de carona funcionou perfeitamente.,0.0013
PA001728,2023-02-28 10:38:10,"Almoco incrivel hoje, fiz lasanha caseira do zero.",0.0298
PA001729,2023-02-28 10:40:54,Jantar simples mas gostoso com a familia.,0.1034
PA001730,2023-02-28 10:43:43,Que tarde relaxante lendo na rede.,0.0204
PA001731,2023-02-28 11:46:12,"Academia hoje, treino puxado mas valeu muito.",0.0802
PA001732,2023-02-28 11:46:35,"Sol lindo hoje, cafe na varanda foi otimo.",0.1706
PA001733,2023-02-28 12:41:24,"Que calor hoje, tive que ligar o ar condicionado logo cedo.",0.1215
PA001734,2023-02-28 12:45:59,Terminei o trabalho da faculdade com antecedencia.,0.0901
PA001735,2023-02-28 13:33:45,"Meditacao de manha, comecando o dia muito bem.",0.1455
PA001736,2023-02-28 14:09:09,"Vizinho fazendo barulho ate tarde da noite, falta de respeito.",0.2202
PA001737,2023-02-28 14:38:07,"Acai gelado essa tarde, refrescante demais.",0.0611
PA001738,2023-02-28 16:14:11,"Almoco incrivel hoje, fiz lasanha caseira do zero.",0.1264
PA001739,2023-02-28 19:52:44,"Que bagunca, nada funcionando direito.",0.4069
PA001740,2023-02-28 19:53:15,"Minha mae fez feijao com arroz e linguica, classico perfeito.",0.0618
PA001741,2023-02-28 20:09:02,Terminei o trabalho da faculdade com antecedencia.,0.1579
PA001742,2023-02-28 22:23:07,"Reuniao produtiva hoje, saimos com otimas ideias.",0.0587
PA001743,2023-02-28 22:44:02,"Academia hoje, treino puxado mas valeu muito.",0.0265
PA001744,2023-03-01 00:50:30,"Natacao de manha, melhor inicio de dia possivel.",0.0619
PA001745,2023-03-01 01:48:33,Aula incrivel sobre estatistica aplicada hoje.,0.0339
PA001746,2023-03-01 01:51:03,"Churrasco com a familia no final de semana, delicioso.",0.0332
PA001747,2023-03-01 02:11:40,"Musica nova do meu artista favorito, de outro nivel.",0.0959
PA001748,2023-03-01 03:21:39,"Viagem de fim de semana para cidade historica, valeu.",0.1981
PA001749,2023-03-01 05:58:15,"Acai gelado essa tarde, refrescante demais.",0.0237
PA001750,2023-03-01 06:58:52,"Passei na certificacao, muito feliz com o resultado.",0.0861
PA001751,2023-03-01 09:29:24,"Estudando para a prova de amanha, bem concentrado.",0.103
PA001752,2023-03-01 09:29:52,"Dia completamente perdido, muita raiva acumulada.",0.3385
PA001753,2023-03-01 10:54:55,"Onibus chegou no horario hoje, que surpresa agradavel.",0.0913
PA001754,2023-03-01 10:58:06,"Passei na certificacao, muito feliz com o resultado.",0.121
PA001755,2023-03-01 11:30:34,"Chuva passageira a tarde, depois o tempo abriu lindo.",0.1461
PA001756,2023-03-01 12:02:27,"Passei na certificacao, muito feliz com o resultado.",0.2005
PA001757,2023-03-01 12:13:54,Grupo de estudos foi muito produtivo hoje.,0.1958
PA001758,2023-03-01 13:35:22,"Filme otimo ontem, fui ao cinema com a familia.",0.0502
PA001759,2023-03-01 15:17:55,"Notebook novo chegou, que desempenho incrivel.",0.0007
PA001760,2023-03-01 15:31:48,Leitura no jardim com tempo agradavel.,0.1006
PA001761,2023-03-01 17:04:35,"Museu da cidade muito interessante, aprendi bastante.",0.1076
PA001762,2023-03-01 17:46:10,"Domingo em familia, melhor dia da semana.",0.0503
PA001763,2023-03-01 17:49:58,"Corri 5km de manha, semana otima de treino.",0.1199
PA001764,2023-03-01 18:17:10,Leitura no jardim com tempo agradavel.,0.0338
PA001765,2023-03-01 19:17:31,"Domingo em familia, melhor dia da semana.",0.1041
PA001766,2023-03-01 20:07:01,Jantar simples mas gostoso com a familia.,0.0145
PA001767,2023-03-01 20:50:04,"Home office com cafe fresquinho do lado, otimo.",0.1567
PA001768,2023-03-01 21:42:20,"Sol lindo hoje, cafe na varanda foi otimo.",0.0759
PA001769,2023-03-01 22:14:46,Atualizacao deixou o sistema muito mais rapido.,0.1174
PA001770,2023-03-01 22:39:53,"Aprendi receita nova no youtube, ficou otimo.",0.0988
PA001771,2023-03-01 22:51:13,"Estudando para a prova de amanha, bem concentrado.",0.122
PA001772,2023-03-01 23:02:28,"Chuva passageira a tarde, depois o tempo abriu lindo.",0.0463
PA001773,2023-03-01 23:28:47,"Fila do hospital andando devagar, sistema falido.",0.029
PA001774,2023-03-02 00:34:48,"Notebook novo chegou, que desempenho incrivel.",0.0003
PA001775,2023-03-02 00:56:47,"Passeio no interior no fim de semana, natureza linda.",0.1036
PA001776,2023-03-02 01:00:01,"Fui num restaurante novo, a pizza estava espetacular.",0.1247
PA001777,2023-03-02 01:02:19,"Acai gelado essa tarde, refrescante demais.",0.0953
PA001778,2023-03-02 01:16:43,Feira de artesanato gostosa de passear.,0.1317
PA001779,2023-03-02 02:15:02,Aula incrivel sobre estatistica aplicada hoje.,0.1247
PA001780,2023-03-02 02:49:58,"Sol lindo hoje, cafe na varanda foi otimo.",0.0979
PA001781,2023-03-02 03:25:45,"Tentei receita nova de bolo de cenoura, ficou fofinho.",0.0883
PA001782,2023-03-02 03:54:53,"Teatro incrivel ontem, peca muito bem dirigida.",0.0732
PA001783,2023-03-02 04:25:58,"Trilha ecologica incrivel, natureza pura.",0.0
PA001784,2023-03-02 05:05:00,Nao acredito mais nessa politica que nao resolve.,0.5266
PA001785,2023-03-02 05:08:28,Aula incrivel sobre estatistica aplicada hoje.,0.0443
PA001786,2023-03-02 06:13:53,"Que frustracao, meu time perdeu mais uma vez.",0.8611
PA001787,2023-03-02 08:05:02,"Reuniao produtiva hoje, saimos com otimas ideias.",0.0
PA001788,2023-03-02 09:41:14,"Fui num restaurante novo, a pizza estava espetacular.",0.0018
PA001789,2023-03-02 10:23:53,"Corri 5km de manha, semana otima de treino.",0.1335
PA001790,2023-03-02 10:56:18,"Fechei projeto importante essa semana, que alegria.",0.0802
PA001791,2023-03-02 11:27:53,"Serie nova incrivel, amei o primeiro episodio.",0.0617
PA001792,2023-03-02 11:44:23,"Acai gelado essa tarde, refrescante demais.",0.0705
PA001793,2023-03-02 11:48:32,"Que calor hoje, tive que ligar o ar condicionado logo cedo.",0.0831
PA001794,2023-03-02 12:32:07,Aplicativo de carona funcionou perfeitamente.,0.097
PA001795,2023-03-02 12:56:09,Cafe da manha caprichado: tapioca com ovo e suco de laranja.,0.1399
PA001796,2023-03-02 13:05:17,"Meu time ganhou hoje, que jogo bonito foi.",0.0671
PA001797,2023-03-02 13:07:56,"Tarefa dificil concluida com sucesso, que satisfacao.",0.033
PA001798,2023-03-02 14:05:56,Atualizacao deixou o sistema muito mais rapido.,0.0661
PA001799,2023-03-02 14:42:18,"Acai gelado essa tarde, refrescante demais.",0.0976
PA001800,2023-03-02 15:48:15,"Natacao de manha, melhor inicio de dia possivel.",0.1737
PA001801,2023-03-02 15:51:44,Jogo novo me viciou de um jeito bom.,0.0523
PA001802,2023-03-02 16:57:22,"Multa de transito injusta, vou recorrer.",0.4812
PA001803,2023-03-02 17:29:46,Aula incrivel sobre estatistica aplicada hoje.,0.0986
PA001804,2023-03-02 18:49:07,Semana intensa mas muito satisfatoria no trabalho.,0.1577
PA001805,2023-03-02 19:42:31,"Trilha ecologica incrivel, natureza pura.",0.0811
PA001806,2023-03-02 19:59:26,Que manha fresca e agradavel para uma caminhada.,0.0929
PA001807,2023-03-02 21:48:14,"Academia hoje, treino puxado mas valeu muito.",0.1095
PA001808,2023-03-02 21:59:21,"Serie nova incrivel, amei o primeiro episodio.",0.1222
PA001809,2023-03-02 22:10:54,Podcast sobre tecnologia muito interessante.,0.109
PA001810,2023-03-02 23:07:52,"Musica nova do meu artista favorito, de outro nivel.",0.0879
PA001811,2023-03-02 23:23:24,Cafe da manha caprichado: tapioca com ovo e suco de laranja.,0.1803
PA001812,2023-03-03 00:46:26,"Fui de bike hoje, que exercicio agradavel de manha.",0.1179
PA001813,2023-03-03 00:50:18,"Maratonei a temporada completa, valeu cada minuto.",0.1206
PA001814,2023-03-03 01:28:01,"Biblioteca da universidade, ambiente otimo para estudar.",0.0874
PA001815,2023-03-03 01:50:10,Atualizacao deixou o sistema muito mais rapido.,0.0091
PA001816,2023-03-03 02:13:25,"Praia tranquila, sol perfeito, descanso total.",0.085
PA001817,2023-03-03 02:19:02,"Acai gelado essa tarde, refrescante demais.",0.1183
PA001818,2023-03-03 02:30:46,"Domingo em familia, melhor dia da semana.",0.0
PA001819,2023-03-03 03:25:37,App de produtividade novo que encontrei e otimo.,0.0739
PA001820,2023-03-03 03:43:40,"Plantei temperos na sacada, que satisfacao.",0.2071
PA001821,2023-03-03 05:24:50,"Yoga pela manha, comecei o dia muito bem.",0.1234
PA001822,2023-03-03 05:25:37,"Fechei projeto importante essa semana, que alegria.",0.0365
PA001823,2023-03-03 06:38:39,Terminei o trabalho da faculdade com antecedencia.,0.1288
PA001824,2023-03-03 07:51:12,"Cuidando das plantas em casa, muito terapeutico.",0.059
PA001825,2023-03-03 08:27:08,"Home office com cafe fresquinho do lado, otimo.",0.0942
PA001826,2023-03-03 08:56:49,"Reuniao produtiva hoje, saimos com otimas ideias.",0.0619
PA001827,2023-03-03 09:40:20,"Configurei o home office com setup novo, otimo.",0.0547
PA001828,2023-03-03 10:12:07,"Cuidando das plantas em casa, muito terapeutico.",0.1877
PA001829,2023-03-03 12:03:24,"Pausa pro cafe com os colegas, bate-papo otimo.",0.1142
PA001830,2023-03-03 12:35:19,"Serie nova incrivel, amei o primeiro episodio.",0.0713
PA001831,2023-03-03 12:43:06,"Yoga pela manha, comecei o dia muito bem.",0.0878
PA001832,2023-03-03 12:49:18,"Teatro incrivel ontem, peca muito bem dirigida.",0.0
PA001833,2023-03-03 13:01:47,"Tentei receita nova de bolo de cenoura, ficou fofinho.",0.096
PA001834,2023-03-03 13:11:17,Que tarde relaxante lendo na rede.,0.0837
PA001835,2023-03-03 16:16:35,"Consegui estacionamento logo de cara, dia de sorte mesmo.",0.0519
PA001836,2023-03-03 17:46:34,"Passeio com o cachorro no parque, ele adorou.",0.0403
PA001837,2023-03-03 19:26:02,"O outono chegou cedo esse ano, que frio gostoso de manha.",0.0444
PA001838,2023-03-03 19:55:49,"Tentei receita nova de bolo de cenoura, ficou fofinho.",0.1536
PA001839,2023-03-03 20:33:00,Grupo de estudos foi muito produtivo hoje.,0.0703
PA001840,2023-03-03 20:53:26,"Notebook novo chegou, que desempenho incrivel.",0.0685
PA001841,2023-03-03 22:33:45,"Minha mae fez feijao com arroz e linguica, classico perfeito.",0.0732
PA001842,2023-03-03 23:17:57,"Apresentacao correu muito bem, todos gostaram.",0.013
PA001843,2023-03-04 00:38:33,"Notebook novo chegou, que desempenho incrivel.",0.0
PA001844,2023-03-04 01:12:52,"Consegui estacionamento logo de cara, dia de sorte mesmo.",0.0848
PA001845,2023-03-04 01:32:37,"Pausa pro cafe com os colegas, bate-papo otimo.",0.0461
PA001846,2023-03-04 01:34:17,"Yoga pela manha, comecei o dia muito bem.",0.0
PA001847,2023-03-04 02:10:29,"Novo celular chegou, a camera e impressionante.",0.1015
PA001848,2023-03-04 04:21:22,Leitura no jardim com tempo agradavel.,0.0716
PA001849,2023-03-04 06:32:21,Jogo novo me viciou de um jeito bom.,0.0
PA001850,2023-03-04 07:29:00,"Meu time ganhou hoje, que jogo bonito foi.",0.0802
PA001851,2023-03-04 07:33:51,"Passei na certificacao, muito feliz com o resultado.",0.096
PA001852,2023-03-04 12:34:38,"Reencontrei um amigo antigo por acaso, que alegria.",0.1797
PA001853,2023-03-04 12:42:11,"Reencontrei um amigo antigo por acaso, que alegria.",0.0758
PA001854,2023-03-04 13:52:59,"Trilha ecologica incrivel, natureza pura.",0.2039
PA001855,2023-03-04 13:53:37,"Fui de bike hoje, que exercicio agradavel de manha.",0.1826
PA001856,2023-03-04 14:24:29,"Tentei receita nova de bolo de cenoura, ficou fofinho.",0.0636
PA001857,2023-03-04 14:44:00,"Aprendi receita nova no youtube, ficou otimo.",0.1454
PA001858,2023-03-04 14:49:32,Que manha fresca e agradavel para uma caminhada.,0.0407
PA001859,2023-03-04 15:29:12,Feira de artesanato gostosa de passear.,0.0
PA001860,2023-03-04 16:01:59,"Vizinho fazendo barulho ate tarde da noite, falta de respeito.",0.9022
PA001861,2023-03-04 18:53:48,"Vento agradavel hoje, aproveitei para caminhar no parque.",0.0562
PA001862,2023-03-04 18:54:50,"Musica nova do meu artista favorito, de outro nivel.",0.1077
PA001863,2023-03-04 20:03:12,"Meditacao de manha, comecando o dia muito bem.",0.0123
PA001864,2023-03-04 20:20:13,"Choveu a tarde toda, dia perfeito pra ficar em casa lendo.",0.1085
PA001865,2023-03-04 20:40:15,Leitura no jardim com tempo agradavel.,0.0484
PA001866,2023-03-04 20:50:09,Que tarde relaxante lendo na rede.,0.1501
PA001867,2023-03-05 02:21:38,App de produtividade novo que encontrei e otimo.,0.0526
PA001868,2023-03-05 03:21:14,"Que dia difícil, nada saiu como eu havia planejado.",0.8662
PA001869,2023-03-05 04:17:24,"Dia nublado mas tranquilo, bom para estudar sem distracao.",0.0096
PA001870,2023-03-05 04:47:44,Feira de artesanato gostosa de passear.,0.0985
PA001871,2023-03-05 06:40:01,"Corri 5km de manha, semana otima de treino.",0.0053
PA001872,2023-03-05 07:14:23,Feira de artesanato gostosa de passear.,0.0716
PA001873,2023-03-05 07:22:15,"Passeio com o cachorro no parque, ele adorou.",0.118
PA001874,2023-03-05 08:23:10,Jantar simples mas gostoso com a familia.,0.0238
PA001875,2023-03-05 08:58:41,"Academia hoje, treino puxado mas valeu muito.",0.0
PA001876,2023-03-05 11:04:11,Aplicativo de carona funcionou perfeitamente.,0.1457
PA001877,2023-03-05 11:13:23,Atualizacao deixou o sistema muito mais rapido.,0.0947
PA001878,2023-03-05 12:28:05,"Fechei projeto importante essa semana, que alegria.",0.0405
PA001879,2023-03-05 12:34:17,"Academia hoje, treino puxado mas valeu muito.",0.1119
PA001880,2023-03-05 15:34:58,"Que calor hoje, tive que ligar o ar condicionado logo cedo.",0.0492
PA001881,2023-03-05 16:14:29,"Natacao de manha, melhor inicio de dia possivel.",0.1146
PA001882,2023-03-05 17:26:24,App de produtividade novo que encontrei e otimo.,0.0572
PA001883,2023-03-05 19:21:13,"Que calor hoje, tive que ligar o ar condicionado logo cedo.",0.1051
PA001884,2023-03-05 20:10:26,"Que dia difícil, nada saiu como eu havia planejado.",0.4325
PA001885,2023-03-05 20:18:05,Finalmente entendi aquele conceito que me travava.,0.0787
PA001886,2023-03-05 21:20:48,Aula incrivel sobre estatistica aplicada hoje.,0.0
PA001887,2023-03-05 22:01:10,"Consegui estacionamento logo de cara, dia de sorte mesmo.",0.0705
PA001888,2023-03-05 22:36:47,"Livro excelente sobre ciencia de dados, recomendo muito.",0.0
PA001889,2023-03-05 23:25:47,"O outono chegou cedo esse ano, que frio gostoso de manha.",0.0813
PA001890,2023-03-05 23:42:24,Aula incrivel sobre estatistica aplicada hoje.,0.0508
PA001891,2023-03-06 01:46:23,"Almoco incrivel hoje, fiz lasanha caseira do zero.",0.1028
PA001892,2023-03-06 01:50:38,"Meu time ganhou hoje, que jogo bonito foi.",0.0912
PA001893,2023-03-06 03:20:54,Atualizacao deixou o sistema muito mais rapido.,0.0782
PA001894,2023-03-06 03:24:14,"Teatro incrivel ontem, peca muito bem dirigida.",0.0511
PA001895,2023-03-06 04:25:49,"Almoco incrivel hoje, fiz lasanha caseira do zero.",0.144
PA001896,2023-03-06 04:35:54,Jogo novo me viciou de um jeito bom.,0.0209
PA001897,2023-03-06 05:19:21,"Academia hoje, treino puxado mas valeu muito.",0.1087
PA001898,2023-03-06 05:54:34,App de produtividade novo que encontrei e otimo.,0.0654
PA001899,2023-03-06 06:52:21,"Mais um dia de transito horrivel, situacao absurda.",0.1043
PA001900,2023-03-06 06:58:19,"Tarefa dificil concluida com sucesso, que satisfacao.",0.1391
PA001901,2023-03-06 07:29:51,"Estrada livre, cheguei no trabalho rapido hoje.",0.0734
PA001902,2023-03-06 07:52:11,"Acai gelado essa tarde, refrescante demais.",0.0867
PA001903,2023-03-06 08:13:11,Finalmente entendi aquele conceito que me travava.,0.1071
PA001904,2023-03-06 08:14:49,"Testei IA para ajudar com codigo, funcionou bem.",0.1099
PA001905,2023-03-06 08:38:38,Que tarde relaxante lendo na rede.,0.0378
PA001906,2023-03-06 12:58:43,"Notebook novo chegou, que desempenho incrivel.",0.0717
PA001907,2023-03-06 13:39:11,Jogo novo me viciou de um jeito bom.,0.0178
PA001908,2023-03-06 13:53:58,"Reuniao produtiva hoje, saimos com otimas ideias.",0.0178
PA001909,2023-03-06 13:56:18,"Apresentacao correu muito bem, todos gostaram.",0.0893
PA001910,2023-03-06 13:57:44,"Passeio com o cachorro no parque, ele adorou.",0.033
PA001911,2023-03-06 14:22:41,"Vento agradavel hoje, aproveitei para caminhar no parque.",0.0859
PA001912,2023-03-06 16:04:00,Que manha fresca e agradavel para uma caminhada.,0.0463
PA001913,2023-03-06 16:22:40,"Passeio com o cachorro no parque, ele adorou.",0.0037
PA001914,2023-03-06 16:23:42,"Sol lindo hoje, cafe na varanda foi otimo.",0.0367
PA001915,2023-03-06 19:18:59,Podcast sobre tecnologia muito interessante.,0.1113
PA001916,2023-03-06 19:22:12,"Cuidando das plantas em casa, muito terapeutico.",0.0488
PA001917,2023-03-06 19:28:02,"Acai gelado essa tarde, refrescante demais.",0.0717
PA001918,2023-03-06 19:36:22,"Fui num restaurante novo, a pizza estava espetacular.",0.0802
PA001919,2023-03-06 20:20:45,Cafe da manha caprichado: tapioca com ovo e suco de laranja.,0.155
PA001920,2023-03-06 20:22:04,"Volei com os amigos, muita risada e diversao.",0.0237
PA001921,2023-03-06 20:59:51,"Aprendi receita nova no youtube, ficou otimo.",0.1776
PA001922,2023-03-06 21:14:11,"Almoco incrivel hoje, fiz lasanha caseira do zero.",0.1374
PA001923,2023-03-06 22:05:26,"Fechei projeto importante essa semana, que alegria.",0.0696
PA001924,2023-03-06 22:16:22,"Domingo em familia, melhor dia da semana.",0.113
PA001925,2023-03-06 22:23:58,Aula incrivel sobre estatistica aplicada hoje.,0.1233
PA001926,2023-03-07 00:22:53,"Domingo em familia, melhor dia da semana.",0.1451
PA001927,2023-03-07 00:44:11,"Filme otimo ontem, fui ao cinema com a familia.",0.0664
PA001928,2023-03-07 00:48:39,"Internet caindo toda hora, impossivel trabalhar assim.",0.1957
PA001929,2023-03-07 01:22:17,Cafe da manha caprichado: tapioca com ovo e suco de laranja.,0.0781
PA001930,2023-03-07 01:43:27,"Passeio com o cachorro no parque, ele adorou.",0.0735
PA001931,2023-03-07 01:49:48,"Estrada livre, cheguei no trabalho rapido hoje.",0.0222
PA001932,2023-03-07 02:16:30,Tarde produtiva organizando e limpando a casa.,0.0172
PA001933,2023-03-07 02:46:05,Que manha fresca e agradavel para uma caminhada.,0.2066
PA001934,2023-03-07 04:31:17,"O outono chegou cedo esse ano, que frio gostoso de manha.",0.1457
PA001935,2023-03-07 07:20:54,"Livro excelente sobre ciencia de dados, recomendo muito.",0.0293
PA001936,2023-03-07 07:34:40,Brigadeiro de panela saiu incrivel hoje.,0.0377
PA001937,2023-03-07 09:23:10,"Notebook novo chegou, que desempenho incrivel.",0.1185
PA001938,2023-03-07 09:33:09,"Natacao de manha, melhor inicio de dia possivel.",0.0622
PA001939,2023-03-07 10:42:09,App de produtividade novo que encontrei e otimo.,0.1122
PA001940,2023-03-07 11:31:14,"Sopa de legumes no frio, reconfortante e gostosa.",0.0309
PA001941,2023-03-07 12:37:26,"Volei com os amigos, muita risada e diversao.",0.22
PA001942,2023-03-07 13:39:36,"Trilha ecologica incrivel, natureza pura.",0.0
PA001943,2023-03-07 13:42:51,"Pipoca e serie boa na sexta, programa perfeito.",0.0329
PA001944,2023-03-07 14:41:18,Nao consigo entender como essa situacao ainda nao mudou.,0.1724
PA001945,2023-03-07 15:41:57,Pedalada de tarde com vista incrivel do parque.,0.0375
PA001946,2023-03-07 15:47:03,Que manha fresca e agradavel para uma caminhada.,0.0541
PA001947,2023-03-07 15:54:36,"Yoga pela manha, comecei o dia muito bem.",0.037
PA001948,2023-03-07 18:30:56,"Corri 5km de manha, semana otima de treino.",0.064
PA001949,2023-03-07 18:52:17,"Teatro incrivel ontem, peca muito bem dirigida.",0.1036
PA001950,2023-03-07 19:10:33,"Natacao de manha, melhor inicio de dia possivel.",0.0931
PA001951,2023-03-07 19:40:59,"Maratonei a temporada completa, valeu cada minuto.",0.0437
PA001952,2023-03-07 22:03:05,Cafe da manha caprichado: tapioca com ovo e suco de laranja.,0.0941
PA001953,2023-03-07 22:12:09,"Estrada livre, cheguei no trabalho rapido hoje.",0.077
PA001954,2023-03-07 23:11:18,"Metro bem tranquilo essa manha, cheguei bem.",0.0105
PA001955,2023-03-07 23:28:46,Jantar simples mas gostoso com a familia.,0.092
PA001956,2023-03-07 23:35:25,Brigadeiro de panela saiu incrivel hoje.,0.1021
PA001957,2023-03-07 23:36:23,"Pausa pro cafe com os colegas, bate-papo otimo.",0.1483
PA001958,2023-03-08 00:02:22,"Corri 5km de manha, semana otima de treino.",0.1265
PA001959,2023-03-08 00:27:06,Podcast sobre tecnologia muito interessante.,0.0285
PA001960,2023-03-08 03:28:01,"Plantei temperos na sacada, que satisfacao.",0.0934
PA001961,2023-03-08 03:29:45,"Que calor hoje, tive que ligar o ar condicionado logo cedo.",0.0988
PA001962,2023-03-08 03:49:56,"Pipoca e serie boa na sexta, programa perfeito.",0.0877
PA001963,2023-03-08 06:17:02,"Reuniao produtiva hoje, saimos com otimas ideias.",0.0
PA001964,2023-03-08 07:23:47,"Academia hoje, treino puxado mas valeu muito.",0.0935
PA001965,2023-03-08 10:04:44,Pedalada de tarde com vista incrivel do parque.,0.0959
PA001966,2023-03-08 10:23:38,"Passeio com o cachorro no parque, ele adorou.",0.1314
PA001967,2023-03-08 11:33:52,Brigadeiro de panela saiu incrivel hoje.,0.0407
PA001968,2023-03-08 11:45:24,"Teatro incrivel ontem, peca muito bem dirigida.",0.1023
PA001969,2023-03-08 15:29:22,Barulho da rua me deixou irritado o dia todo.,0.4318
PA001970,2023-03-08 17:15:10,"O outono chegou cedo esse ano, que frio gostoso de manha.",0.0532
PA001971,2023-03-08 17:21:03,"Trilha ecologica incrivel, natureza pura.",0.0197
PA001972,2023-03-08 17:42:18,"Meditacao de manha, comecando o dia muito bem.",0.1277
PA001973,2023-03-08 17:50:33,"Passeio com o cachorro no parque, ele adorou.",0.1155
PA001974,2023-03-08 17:56:04,"Calor absurdo com falta de agua, descaso total.",0.6344
PA001975,2023-03-08 18:42:43,"Livro excelente sobre ciencia de dados, recomendo muito.",0.019
PA001976,2023-03-08 19:05:03,"Domingo em familia, melhor dia da semana.",0.1053
PA001977,2023-03-08 20:01:07,Grupo de estudos foi muito produtivo hoje.,0.0726
PA001978,2023-03-08 21:03:40,"Serie nova incrivel, amei o primeiro episodio.",0.0081
PA001979,2023-03-08 22:28:19,"Fui num restaurante novo, a pizza estava espetacular.",0.0
PA001980,2023-03-09 01:13:28,Podcast sobre tecnologia muito interessante.,0.0524
PA001981,2023-03-09 01:25:35,Finalmente entendi aquele conceito que me travava.,0.0821
PA001982,2023-03-09 01:30:51,"Museu da cidade muito interessante, aprendi bastante.",0.1873
PA001983,2023-03-09 02:24:07,"Tentei receita nova de bolo de cenoura, ficou fofinho.",0.0
PA001984,2023-03-09 03:59:25,"Sopa de legumes no frio, reconfortante e gostosa.",0.12
PA001985,2023-03-09 04:04:58,"Choveu a tarde toda, dia perfeito pra ficar em casa lendo.",0.0539
PA001986,2023-03-09 05:06:26,"Domingo em familia, melhor dia da semana.",0.1067
PA001987,2023-03-09 06:40:33,"Apresentacao correu muito bem, todos gostaram.",0.1141
PA001988,2023-03-09 09:13:26,Podcast sobre tecnologia muito interessante.,0.059
PA001989,2023-03-09 14:41:00,"Metro bem tranquilo essa manha, cheguei bem.",0.0
PA001990,2023-03-09 15:19:14,"Home office com cafe fresquinho do lado, otimo.",0.0237
PA001991,2023-03-09 16:04:57,Que manha fresca e agradavel para uma caminhada.,0.0832
PA001992,2023-03-09 19:17:27,"Passei na certificacao, muito feliz com o resultado.",0.0719
PA001993,2023-03-09 19:43:01,"Chuva passageira a tarde, depois o tempo abriu lindo.",0.2
PA001994,2023-03-09 21:10:39,"Configurei o home office com setup novo, otimo.",0.027
PA001995,2023-03-09 21:34:56,App de produtividade novo que encontrei e otimo.,0.0686
PA001996,2023-03-09 22:41:13,"Minha mae fez feijao com arroz e linguica, classico perfeito.",0.0731
PA001997,2023-03-09 23:13:40,Terminei o trabalho da faculdade com antecedencia.,0.1293
PA001998,2023-03-09 23:58:02,"Servico publico uma vergonha, esperei horas na fila.",0.4453
PA001999,2023-03-10 00:35:06,Mais um acidente por causa de imprudencia no transito.,0.8655
PA002000,2023-03-10 00:48:12,"Estudando para a prova de amanha, bem concentrado.",0.0043
PA002001,2023-03-10 02:06:53,"Chuva passageira a tarde, depois o tempo abriu lindo.",0.062
PA002002,2023-03-10 02:16:37,"Sopa de legumes no frio, reconfortante e gostosa.",0.0995
PA002003,2023-03-10 02:45:00,"Notebook novo chegou, que desempenho incrivel.",0.1086
PA002004,2023-03-10 08:11:49,"Sopa de legumes no frio, reconfortante e gostosa.",0.0196
PA002005,2023-03-10 08:17:22,"Fui num restaurante novo, a pizza estava espetacular.",0.0366
PA002006,2023-03-10 09:52:10,Aula incrivel sobre estatistica aplicada hoje.,0.1498
PA002007,2023-03-10 09:55:44,"Praia tranquila, sol perfeito, descanso total.",0.1487
PA002008,2023-03-10 10:31:56,"Teatro incrivel ontem, peca muito bem dirigida.",0.0535
PA002009,2023-03-10 10:59:56,"Churrasco com a familia no final de semana, delicioso.",0.0
PA002010,2023-03-10 11:21:08,"Almoco incrivel hoje, fiz lasanha caseira do zero.",0.0555
PA002011,2023-03-10 11:23:04,"Domingo em familia, melhor dia da semana.",0.0733
PA002012,2023-03-10 11:43:10,"Que calor hoje, tive que ligar o ar condicionado logo cedo.",0.0
PA002013,2023-03-10 11:43:27,"Passei na certificacao, muito feliz com o resultado.",0.0827
PA002014,2023-03-10 12:36:00,"Corri 5km de manha, semana otima de treino.",0.0512
PA002015,2023-03-10 13:33:02,Que tarde relaxante lendo na rede.,0.1201
PA002016,2023-03-10 14:22:13,"Corri 5km de manha, semana otima de treino.",0.0635
PA002017,2023-03-10 14:52:12,"Metro bem tranquilo essa manha, cheguei bem.",0.0923
PA002018,2023-03-10 16:22:49,"Viagem de fim de semana para cidade historica, valeu.",0.1625
PA002019,2023-03-10 18:46:33,"Churrasco com a familia no final de semana, delicioso.",0.1069
PA002020,2023-03-10 18:58:30,"Meu time ganhou hoje, que jogo bonito foi.",0.0325
PA002021,2023-03-10 19:48:03,"Passeio com o cachorro no parque, ele adorou.",0.0726
PA002022,2023-03-10 20:50:26,Brigadeiro de panela saiu incrivel hoje.,0.0066
PA002023,2023-03-10 21:30:14,"Pipoca e serie boa na sexta, programa perfeito.",0.0211
PA002024,2023-03-10 21:56:41,"Estrada livre, cheguei no trabalho rapido hoje.",0.0756
PA002025,2023-03-11 00:04:51,Jantar simples mas gostoso com a familia.,0.0024
PA002026,2023-03-11 01:29:27,Atualizacao deixou o sistema muito mais rapido.,0.0955
PA002027,2023-03-11 01:35:20,"Novo celular chegou, a camera e impressionante.",0.0716
PA002028,2023-03-11 02:48:50,Jantar simples mas gostoso com a familia.,0.0593
PA002029,2023-03-11 03:32:33,"Choveu a tarde toda, dia perfeito pra ficar em casa lendo.",0.056
PA002030,2023-03-11 03:36:48,"Que calor hoje, tive que ligar o ar condicionado logo cedo.",0.0258
PA002031,2023-03-11 04:25:18,Aula incrivel sobre estatistica aplicada hoje.,0.1197
PA002032,2023-03-11 06:19:48,Aplicativo de carona funcionou perfeitamente.,0.0649
PA002033,2023-03-11 07:04:45,"Governo aumentando imposto de novo, inacreditavel.",0.5649
PA002034,2023-03-11 08:05:50,"Museu da cidade muito interessante, aprendi bastante.",0.0747
PA002035,2023-03-11 08:19:51,App de produtividade novo que encontrei e otimo.,0.1637
PA002036,2023-03-11 08:23:25,"Meditacao de manha, comecando o dia muito bem.",0.0523
PA002037,2023-03-11 08:49:59,"Padaria da esquina lancou sabor novo, recomendo.",0.0552
PA002038,2023-03-11 09:40:01,Grupo de estudos foi muito produtivo hoje.,0.0301
PA002039,2023-03-11 12:18:51,"Meditacao de manha, comecando o dia muito bem.",0.0581
PA002040,2023-03-11 13:33:03,Grupo de estudos foi muito produtivo hoje.,0.0089
PA002041,2023-03-11 13:43:15,Leitura no jardim com tempo agradavel.,0.0925
PA002042,2023-03-11 13:44:39,"Tarefa dificil concluida com sucesso, que satisfacao.",0.038
PA002043,2023-03-11 15:36:27,"Passeio no interior no fim de semana, natureza linda.",0.1172
PA002044,2023-03-11 15:37:03,"Meu time ganhou hoje, que jogo bonito foi.",0.1206
PA002045,2023-03-11 16:30:16,"Livro excelente sobre ciencia de dados, recomendo muito.",0.0462
PA002046,2023-03-11 19:29:11,"O outono chegou cedo esse ano, que frio gostoso de manha.",0.0
PA002047,2023-03-11 22:14:41,"Pipoca e serie boa na sexta, programa perfeito.",0.0394
PA002048,2023-03-11 22:52:22,"Chuva passageira a tarde, depois o tempo abriu lindo.",0.0318
PA002049,2023-03-11 23:11:06,"Pausa pro cafe com os colegas, bate-papo otimo.",0.0602
PA002050,2023-03-11 23:40:35,"Viagem de fim de semana para cidade historica, valeu.",0.1087
PA002051,2023-03-12 00:45:57,"Minha mae fez feijao com arroz e linguica, classico perfeito.",0.0572
PA002052,2023-03-12 01:04:02,"Que calor hoje, tive que ligar o ar condicionado logo cedo.",0.1889
PA002053,2023-03-12 01:20:02,Terminei o trabalho da faculdade com antecedencia.,0.0
PA002054,2023-03-12 02:40:25,"Que bagunca, nada funcionando direito.",0.9272
PA002055,2023-03-12 03:20:05,Brigadeiro de panela saiu incrivel hoje.,0.0752
PA002056,2023-03-12 05:42:49,"Academia hoje, treino puxado mas valeu muito.",0.1452
PA002057,2023-03-12 07:32:32,"Meditacao de manha, comecando o dia muito bem.",0.1011
PA002058,2023-03-12 08:19:56,"Corri 5km de manha, semana otima de treino.",0.1422
PA002059,2023-03-12 08:26:37,Que tarde relaxante lendo na rede.,0.0895
PA002060,2023-03-12 08:43:42,Podcast sobre tecnologia muito interessante.,0.0
PA002061,2023-03-12 08:49:02,Grupo de estudos foi muito produtivo hoje.,0.1527
PA002062,2023-03-12 09:21:06,Brigadeiro de panela saiu incrivel hoje.,0.0415
PA002063,2023-03-12 10:04:29,"Apresentacao correu muito bem, todos gostaram.",0.1473
PA002064,2023-03-12 10:13:58,Pedalada de tarde com vista incrivel do parque.,0.1147
PA002065,2023-03-12 11:02:12,Brigadeiro de panela saiu incrivel hoje.,0.1451
PA002066,2023-03-12 11:54:13,Grupo de estudos foi muito produtivo hoje.,0.1604
PA002067,2023-03-12 13:25:36,"Notebook novo chegou, que desempenho incrivel.",0.0368
PA002068,2023-03-12 14:14:29,Aplicativo de carona funcionou perfeitamente.,0.1114
PA002069,2023-03-12 16:53:32,"Passeio com o cachorro no parque, ele adorou.",0.0443
PA002070,2023-03-12 17:39:52,"Meu time ganhou hoje, que jogo bonito foi.",0.1026
PA002071,2023-03-12 19:30:26,Cafe da manha caprichado: tapioca com ovo e suco de laranja.,0.1142
PA002072,2023-03-12 19:58:15,"Cuidando das plantas em casa, muito terapeutico.",0.0917
PA002073,2023-03-12 20:21:38,Aula incrivel sobre estatistica aplicada hoje.,0.0944
PA002074,2023-03-12 21:21:41,"Aprendi receita nova no youtube, ficou otimo.",0.1388
PA002075,2023-03-12 21:47:22,"Servico publico uma vergonha, esperei horas na fila.",0.789
PA002076,2023-03-12 22:18:06,Leitura no jardim com tempo agradavel.,0.1258
PA002077,2023-03-12 22:29:07,Caminhada ate a estacao foi otima hoje.,0.1257
PA002078,2023-03-12 22:35:51,"Tarefa dificil concluida com sucesso, que satisfacao.",0.1167
PA002079,2023-03-12 22:46:26,"Trilha ecologica incrivel, natureza pura.",0.1021
PA002080,2023-03-13 00:31:38,"Fechei projeto importante essa semana, que alegria.",0.1166
PA002081,2023-03-13 00:44:47,"Padaria da esquina lancou sabor novo, recomendo.",0.1517
PA002082,2023-03-13 01:26:23,"Yoga pela manha, comecei o dia muito bem.",0.1142
PA002083,2023-03-13 01:37:01,Caminhada ate a estacao foi otima hoje.,0.1563
PA002084,2023-03-13 03:56:22,"Pausa pro cafe com os colegas, bate-papo otimo.",0.1074
PA002085,2023-03-13 04:44:26,Brigadeiro de panela saiu incrivel hoje.,0.1474
PA002086,2023-03-13 06:39:24,"Padaria da esquina lancou sabor novo, recomendo.",0.168
PA002087,2023-03-13 06:40:59,"Corri 5km de manha, semana otima de treino.",0.0763
PA002088,2023-03-13 12:14:01,"Vento agradavel hoje, aproveitei para caminhar no parque.",0.1044
PA002089,2023-03-13 13:09:29,"O outono chegou cedo esse ano, que frio gostoso de manha.",0.0206
PA002090,2023-03-13 13:47:54,Caminhada ate a estacao foi otima hoje.,0.0643
PA002091,2023-03-13 15:06:23,"Museu da cidade muito interessante, aprendi bastante.",0.1453
PA002092,2023-03-13 15:46:42,"Meditacao de manha, comecando o dia muito bem.",0.0959
PA002093,2023-03-13 16:28:59,Que tarde relaxante lendo na rede.,0.0944
PA002094,2023-03-13 20:12:34,"Corri 5km de manha, semana otima de treino.",0.049
PA002095,2023-03-13 21:10:12,"Governo aumentando imposto de novo, inacreditavel.",0.219
PA002096,2023-03-13 21:13:10,"Aprendi receita nova no youtube, ficou otimo.",0.1473
PA002097,2023-03-13 22:43:02,Cafe da manha caprichado: tapioca com ovo e suco de laranja.,0.1431
PA002098,2023-03-13 23:55:37,Brigadeiro de panela saiu incrivel hoje.,0.1796
PA002099,2023-03-13 23:56:39,"Sol lindo hoje, cafe na varanda foi otimo.",0.0826
PA002100,2023-03-13 23:59:33,Cafe da manha caprichado: tapioca com ovo e suco de laranja.,0.0144
PA002101,2023-03-14 00:38:42,"Domingo em familia, melhor dia da semana.",0.1306
PA002102,2023-03-14 00:39:56,Grupo de estudos foi muito produtivo hoje.,0.1059
PA002103,2023-03-14 01:02:40,Jantar simples mas gostoso com a familia.,0.0809
PA002104,2023-03-14 01:37:51,"Plantei temperos na sacada, que satisfacao.",0.0283
PA002105,2023-03-14 02:27:14,"Corri 5km de manha, semana otima de treino.",0.0468
PA002106,2023-03-14 02:39:15,Terminei o trabalho da faculdade com antecedencia.,0.0789
PA002107,2023-03-14 03:36:34,Feira de artesanato gostosa de passear.,0.0271
PA002108,2023-03-14 04:07:12,"Notebook novo chegou, que desempenho incrivel.",0.0244
PA002109,2023-03-14 04:47:26,"Musica nova do meu artista favorito, de outro nivel.",0.0
PA002110,2023-03-14 04:57:09,"Consegui estacionamento logo de cara, dia de sorte mesmo.",0.0
PA002111,2023-03-14 05:17:28,"Vento agradavel hoje, aproveitei para caminhar no parque.",0.0262
PA002112,2023-03-14 06:05:12,"Trilha ecologica incrivel, natureza pura.",0.0379
PA002113,2023-03-14 07:25:51,Cafe da manha caprichado: tapioca com ovo e suco de laranja.,0.1416
PA002114,2023-03-14 07:47:31,"Trilha ecologica incrivel, natureza pura.",0.0776
PA002115,2023-03-14 09:47:35,"Testei IA para ajudar com codigo, funcionou bem.",0.0344
PA002116,2023-03-14 09:53:37,"Churrasco com a familia no final de semana, delicioso.",0.0297
PA002117,2023-03-14 10:25:49,Leitura no jardim com tempo agradavel.,0.115
PA002118,2023-03-14 11:19:06,"Biblioteca da universidade, ambiente otimo para estudar.",0.0709
PA002119,2023-03-14 11:28:40,"Dia nublado mas tranquilo, bom para estudar sem distracao.",0.0486
PA002120,2023-03-14 11:28:40,"Fui de bike hoje, que exercicio agradavel de manha.",0.0272
PA002121,2023-03-14 12:44:30,"Almoco incrivel hoje, fiz lasanha caseira do zero.",0.0
PA002122,2023-03-14 13:18:15,"Tarefa dificil concluida com sucesso, que satisfacao.",0.1326
PA002123,2023-03-14 14:44:05,Tarde produtiva organizando e limpando a casa.,0.0649
PA002124,2023-03-14 14:50:06,"Musica nova do meu artista favorito, de outro nivel.",0.1168
PA002125,2023-03-14 15:33:35,"Apresentacao correu muito bem, todos gostaram.",0.0023
PA002126,2023-03-14 16:06:11,App de produtividade novo que encontrei e otimo.,0.1495
PA002127,2023-03-14 16:35:34,"Cuidando das plantas em casa, muito terapeutico.",0.198
PA002128,2023-03-14 16:37:08,Show ao vivo incrivel no fim de semana.,0.0854
PA002129,2023-03-14 17:23:30,"Novo celular chegou, a camera e impressionante.",0.1022
PA002130,2023-03-14 18:26:14,Caminhada ate a estacao foi otima hoje.,0.062
PA002131,2023-03-14 19:12:32,"Dia completamente perdido, muita raiva acumulada.",0.6193
PA002132,2023-03-14 19:13:09,"Que calor hoje, tive que ligar o ar condicionado logo cedo.",0.0437
PA002133,2023-03-14 19:24:46,"Notebook novo chegou, que desempenho incrivel.",0.0954
PA002134,2023-03-14 20:53:06,Podcast sobre tecnologia muito interessante.,0.0279
PA002135,2023-03-14 21:10:04,"Domingo em familia, melhor dia da semana.",0.0065
PA002136,2023-03-14 23:16:13,Finalmente entendi aquele conceito que me travava.,0.0127
PA002137,2023-03-15 02:48:38,"Musica nova do meu artista favorito, de outro nivel.",0.0906
PA002138,2023-03-15 04:53:30,"Testei IA para ajudar com codigo, funcionou bem.",0.0961
PA002139,2023-03-15 06:17:00,"Reencontrei um amigo antigo por acaso, que alegria.",0.0961
PA002140,2023-03-15 07:24:02,"Almoco incrivel hoje, fiz lasanha caseira do zero.",0.22
PA002141,2023-03-15 07:52:03,"Configurei o home office com setup novo, otimo.",0.0861
PA002142,2023-03-15 09:18:41,"Que calor hoje, tive que ligar o ar condicionado logo cedo.",0.0532
PA002143,2023-03-15 11:52:53,"Fechei projeto importante essa semana, que alegria.",0.2186
PA002144,2023-03-15 14:20:45,Tarde produtiva organizando e limpando a casa.,0.1101
PA002145,2023-03-15 14:48:05,"Serie nova incrivel, amei o primeiro episodio.",0.0437
PA002146,2023-03-15 15:02:40,"Minha mae fez feijao com arroz e linguica, classico perfeito.",0.0842
PA002147,2023-03-15 15:07:51,"Fechei projeto importante essa semana, que alegria.",0.0979
PA002148,2023-03-15 15:07:57,"Natacao de manha, melhor inicio de dia possivel.",0.0792
PA002149,2023-03-15 15:43:23,"Acai gelado essa tarde, refrescante demais.",0.0163
PA002150,2023-03-15 17:40:36,Show ao vivo incrivel no fim de semana.,0.1087
PA002151,2023-03-15 18:16:10,Aula incrivel sobre estatistica aplicada hoje.,0.0505
PA002152,2023-03-15 18:19:13,"Meditacao de manha, comecando o dia muito bem.",0.0909
PA002153,2023-03-15 18:47:11,"Musica nova do meu artista favorito, de outro nivel.",0.0556
PA002154,2023-03-15 18:50:25,"Estudando para a prova de amanha, bem concentrado.",0.0434
PA002155,2023-03-15 19:10:43,Pedalada de tarde com vista incrivel do parque.,0.1049
PA002156,2023-03-15 22:21:52,"Passei na certificacao, muito feliz com o resultado.",0.1546
PA002157,2023-03-16 00:38:15,Finalmente entendi aquele conceito que me travava.,0.0345
PA002158,2023-03-16 01:18:24,"Museu da cidade muito interessante, aprendi bastante.",0.0795
PA002159,2023-03-16 02:05:10,Tarde produtiva organizando e limpando a casa.,0.0533
PA002160,2023-03-16 03:00:15,"Minha mae fez feijao com arroz e linguica, classico perfeito.",0.0736
PA002161,2023-03-16 05:04:44,"Tarefa dificil concluida com sucesso, que satisfacao.",0.1633
PA002162,2023-03-16 05:24:34,"Configurei o home office com setup novo, otimo.",0.0506
PA002163,2023-03-16 06:20:29,Atualizacao deixou o sistema muito mais rapido.,0.0604
PA002164,2023-03-16 07:50:28,Leitura no jardim com tempo agradavel.,0.1604
PA002165,2023-03-16 10:37:27,"Museu da cidade muito interessante, aprendi bastante.",0.1167
PA002166,2023-03-16 12:44:04,Pedalada de tarde com vista incrivel do parque.,0.0696
PA002167,2023-03-16 13:25:50,"Fui num restaurante novo, a pizza estava espetacular.",0.1379
PA002168,2023-03-16 15:54:46,Terminei o trabalho da faculdade com antecedencia.,0.1017
PA002169,2023-03-16 16:51:31,App de produtividade novo que encontrei e otimo.,0.0152
PA002170,2023-03-16 17:29:46,Atualizacao deixou o sistema muito mais rapido.,0.0931
PA002171,2023-03-16 17:52:33,"Que calor hoje, tive que ligar o ar condicionado logo cedo.",0.0
PA002172,2023-03-16 20:57:56,Que manha fresca e agradavel para uma caminhada.,0.097
PA002173,2023-03-16 22:12:06,"Biblioteca da universidade, ambiente otimo para estudar.",0.0556
PA002174,2023-03-16 23:15:40,"Internet caindo toda hora, impossivel trabalhar assim.",0.9712
PA002175,2023-03-16 23:49:59,"Apresentacao correu muito bem, todos gostaram.",0.0177
PA002176,2023-03-17 00:29:18,"Consegui estacionamento logo de cara, dia de sorte mesmo.",0.0
PA002177,2023-03-17 02:36:30,"Livro excelente sobre ciencia de dados, recomendo muito.",0.0393
PA002178,2023-03-17 02:58:35,Feira de artesanato gostosa de passear.,0.03
PA002179,2023-03-17 03:34:47,"Corri 5km de manha, semana otima de treino.",0.0985
PA002180,2023-03-17 04:05:26,"Minha mae fez feijao com arroz e linguica, classico perfeito.",0.0378
PA002181,2023-03-17 05:20:44,"Dia nublado mas tranquilo, bom para estudar sem distracao.",0.0617
PA002182,2023-03-17 05:46:46,"Reencontrei um amigo antigo por acaso, que alegria.",0.1312
PA002183,2023-03-17 06:09:42,"Consegui estacionamento logo de cara, dia de sorte mesmo.",0.0542
PA002184,2023-03-17 06:32:34,"Almoco incrivel hoje, fiz lasanha caseira do zero.",0.1164
PA002185,2023-03-17 07:37:44,"Consegui estacionamento logo de cara, dia de sorte mesmo.",0.0
PA002186,2023-03-17 09:30:43,Brigadeiro de panela saiu incrivel hoje.,0.094
PA002187,2023-03-17 09:36:51,"Natacao de manha, melhor inicio de dia possivel.",0.1298
PA002188,2023-03-17 11:37:51,"Dia completamente perdido, muita raiva acumulada.",0.0855
PA002189,2023-03-17 13:03:46,"Tarefa dificil concluida com sucesso, que satisfacao.",0.2155
PA002190,2023-03-17 13:17:29,"Domingo em familia, melhor dia da semana.",0.0268
PA002191,2023-03-17 13:22:02,Pedalada de tarde com vista incrivel do parque.,0.1609
PA002192,2023-03-17 13:43:24,App de produtividade novo que encontrei e otimo.,0.1207
PA002193,2023-03-17 13:48:33,"Padaria da esquina lancou sabor novo, recomendo.",0.0594
PA002194,2023-03-17 13:55:23,"Tentei receita nova de bolo de cenoura, ficou fofinho.",0.1376
PA002195,2023-03-17 14:26:04,"Natacao de manha, melhor inicio de dia possivel.",0.0164
PA002196,2023-03-17 14:35:44,"Almoco incrivel hoje, fiz lasanha caseira do zero.",0.0765
PA002197,2023-03-17 15:25:28,"Estrada livre, cheguei no trabalho rapido hoje.",0.128
PA002198,2023-03-17 16:08:03,Semana intensa mas muito satisfatoria no trabalho.,0.0556
PA002199,2023-03-17 17:55:12,"Notebook novo chegou, que desempenho incrivel.",0.1322
PA002200,2023-03-17 18:28:27,Jantar simples mas gostoso com a familia.,0.1303
PA002201,2023-03-17 18:38:30,"Onibus chegou no horario hoje, que surpresa agradavel.",0.0
PA002202,2023-03-17 19:27:01,"Chuva passageira a tarde, depois o tempo abriu lindo.",0.065
PA002203,2023-03-17 19:30:06,"Novo celular chegou, a camera e impressionante.",0.0801
PA002204,2023-03-17 19:52:03,"Vento agradavel hoje, aproveitei para caminhar no parque.",0.1435
PA002205,2023-03-17 20:44:34,"Pausa pro cafe com os colegas, bate-papo otimo.",0.0
PA002206,2023-03-17 21:04:20,"O outono chegou cedo esse ano, que frio gostoso de manha.",0.0657
PA002207,2023-03-17 21:16:20,"Tarefa dificil concluida com sucesso, que satisfacao.",0.0793
PA002208,2023-03-17 21:52:53,"Apresentacao correu muito bem, todos gostaram.",0.1022
PA002209,2023-03-17 21:57:30,Finalmente entendi aquele conceito que me travava.,0.0554
PA002210,2023-03-17 22:11:15,"Fui de bike hoje, que exercicio agradavel de manha.",0.0
PA002211,2023-03-17 22:53:39,"Passei na certificacao, muito feliz com o resultado.",0.1554
PA002212,2023-03-17 22:59:38,"Estudando para a prova de amanha, bem concentrado.",0.051
PA002213,2023-03-17 23:06:07,"Estudando para a prova de amanha, bem concentrado.",0.1175
PA002214,2023-03-17 23:24:10,"Volei com os amigos, muita risada e diversao.",0.1195
PA002215,2023-03-18 00:01:59,"Meu time ganhou hoje, que jogo bonito foi.",0.1171
PA002216,2023-03-18 02:09:06,Feira de artesanato gostosa de passear.,0.1143
PA002217,2023-03-18 02:41:56,"Passeio com o cachorro no parque, ele adorou.",0.0641
PA002218,2023-03-18 02:52:38,"Trilha ecologica incrivel, natureza pura.",0.1157
PA002219,2023-03-18 02:53:08,Finalmente entendi aquele conceito que me travava.,0.1041
PA002220,2023-03-18 02:58:04,"Serie nova incrivel, amei o primeiro episodio.",0.094
PA002221,2023-03-18 08:08:38,Aplicativo de carona funcionou perfeitamente.,0.0607
PA002222,2023-03-18 08:20:10,"Almoco incrivel hoje, fiz lasanha caseira do zero.",0.0
PA002223,2023-03-18 08:55:04,Finalmente entendi aquele conceito que me travava.,0.1121
PA002224,2023-03-18 09:32:10,"Dia nublado mas tranquilo, bom para estudar sem distracao.",0.1599
PA002225,2023-03-18 09:51:17,Leitura no jardim com tempo agradavel.,0.1466
PA002226,2023-03-18 10:23:18,"O outono chegou cedo esse ano, que frio gostoso de manha.",0.0893
PA002227,2023-03-18 12:37:28,"Choveu a tarde toda, dia perfeito pra ficar em casa lendo.",0.0303
PA002228,2023-03-18 12:53:25,"Onibus chegou no horario hoje, que surpresa agradavel.",0.1152
PA002229,2023-03-18 13:38:21,"Configurei o home office com setup novo, otimo.",0.1169
PA002230,2023-03-18 15:00:12,"Padaria da esquina lancou sabor novo, recomendo.",0.118
PA002231,2023-03-18 18:03:27,Show ao vivo incrivel no fim de semana.,0.0662
PA002232,2023-03-18 18:08:23,"Tarefa dificil concluida com sucesso, que satisfacao.",0.0888
PA002233,2023-03-18 18:14:05,"Consegui estacionamento logo de cara, dia de sorte mesmo.",0.0564
PA002234,2023-03-18 19:37:09,Podcast sobre tecnologia muito interessante.,0.0446
PA002235,2023-03-18 20:03:27,"Corri 5km de manha, semana otima de treino.",0.0877
PA002236,2023-03-18 20:41:26,Leitura no jardim com tempo agradavel.,0.0995
PA002237,2023-03-18 21:49:13,"Natacao de manha, melhor inicio de dia possivel.",0.0699
PA002238,2023-03-18 22:03:44,Show ao vivo incrivel no fim de semana.,0.1267
PA002239,2023-03-18 22:26:43,"Passeio no interior no fim de semana, natureza linda.",0.0207
PA002240,2023-03-18 23:29:41,"Fui num restaurante novo, a pizza estava espetacular.",0.0925
PA002241,2023-03-18 23:34:27,"Acai gelado essa tarde, refrescante demais.",0.089
PA002242,2023-03-19 01:00:57,Aula incrivel sobre estatistica aplicada hoje.,0.1086
PA002243,2023-03-19 01:24:31,"Notebook novo chegou, que desempenho incrivel.",0.1125
PA002244,2023-03-19 01:34:14,"Choveu a tarde toda, dia perfeito pra ficar em casa lendo.",0.1102
PA002245,2023-03-19 02:18:17,"Passeio com o cachorro no parque, ele adorou.",0.1503
PA002246,2023-03-19 03:00:01,"Consegui estacionamento logo de cara, dia de sorte mesmo.",0.0977
PA002247,2023-03-19 03:57:44,"Praia tranquila, sol perfeito, descanso total.",0.1369
PA002248,2023-03-19 06:31:04,"Onibus chegou no horario hoje, que surpresa agradavel.",0.0741
PA002249,2023-03-19 07:21:14,"Fui de bike hoje, que exercicio agradavel de manha.",0.0499
PA002250,2023-03-19 08:28:28,"Teatro incrivel ontem, peca muito bem dirigida.",0.0122
PA002251,2023-03-19 08:44:05,App de produtividade novo que encontrei e otimo.,0.2091
PA002252,2023-03-19 08:50:34,"Fui num restaurante novo, a pizza estava espetacular.",0.1064
PA002253,2023-03-19 09:24:13,Terminei o trabalho da faculdade com antecedencia.,0.0105
PA002254,2023-03-19 09:26:59,Pedalada de tarde com vista incrivel do parque.,0.0449
PA002255,2023-03-19 10:16:52,"Metro bem tranquilo essa manha, cheguei bem.",0.0214
PA002256,2023-03-19 11:08:19,"Meditacao de manha, comecando o dia muito bem.",0.0516
PA002257,2023-03-19 12:27:35,"Testei IA para ajudar com codigo, funcionou bem.",0.04
PA002258,2023-03-19 12:45:22,Tarde produtiva organizando e limpando a casa.,0.134
PA002259,2023-03-19 13:01:59,Show ao vivo incrivel no fim de semana.,0.0704
PA002260,2023-03-19 15:28:10,"Corri 5km de manha, semana otima de treino.",0.0731
PA002261,2023-03-19 16:33:09,Aplicativo de carona funcionou perfeitamente.,0.0823
PA002262,2023-03-19 16:38:40,Mais um acidente por causa de imprudencia no transito.,0.4531
PA002263,2023-03-19 16:40:21,"Teatro incrivel ontem, peca muito bem dirigida.",0.0618
PA002264,2023-03-19 17:39:54,"Onibus chegou no horario hoje, que surpresa agradavel.",0.0667
PA002265,2023-03-19 19:49:58,"Metro bem tranquilo essa manha, cheguei bem.",0.1002
PA002266,2023-03-19 21:51:21,"Reencontrei um amigo antigo por acaso, que alegria.",0.1345
PA002267,2023-03-19 21:52:11,"Viagem de fim de semana para cidade historica, valeu.",0.1229
PA002268,2023-03-19 23:09:19,"Consegui estacionamento logo de cara, dia de sorte mesmo.",0.0762
PA002269,2023-03-20 01:55:26,Nao consigo entender como essa situacao ainda nao mudou.,0.6015
PA002270,2023-03-20 02:09:16,Barulho da rua me deixou irritado o dia todo.,0.5681
PA002271,2023-03-20 04:13:33,Pacote atrasado pelos correios pela terceira vez.,0.5322
PA002272,2023-03-20 04:21:29,Cansado desse sistema publico que nao funciona.,0.5583
PA002273,2023-03-20 04:59:57,Mais um acidente por causa de imprudencia no transito.,0.4238
PA002274,2023-03-20 05:26:06,"Multa de transito injusta, vou recorrer.",0.6389
PA002275,2023-03-20 05:53:00,Mais um acidente por causa de imprudencia no transito.,0.4
PA002276,2023-03-20 06:05:01,Tudo caro e qualidade cada vez pior.,0.4708
PA002277,2023-03-20 07:03:28,"Saturado desse emprego, preciso mudar de vida.",0.463
PA002278,2023-03-20 07:24:18,"Governo aumentando imposto de novo, inacreditavel.",0.6943
PA002279,2023-03-20 08:47:33,Mais um acidente por causa de imprudencia no transito.,0.4921
PA002280,2023-03-20 09:09:49,Cansado desse sistema publico que nao funciona.,0.492
PA002281,2023-03-20 09:13:06,"Multa de transito injusta, vou recorrer.",0.7
PA002282,2023-03-20 12:09:19,"Governo aumentando imposto de novo, inacreditavel.",0.4
PA002283,2023-03-20 12:51:54,"Internet caindo toda hora, impossivel trabalhar assim.",0.6403
PA002284,2023-03-20 15:01:00,Nao acredito mais nessa politica que nao resolve.,0.5871
PA002285,2023-03-20 16:48:50,"Calor absurdo com falta de agua, descaso total.",0.4
PA002286,2023-03-20 19:01:32,Nao aguento mais reclamacao sem solucao pratica.,0.5381
PA002287,2023-03-20 19:23:47,Nao acredito mais nessa politica que nao resolve.,0.5309
PA002288,2023-03-20 19:31:53,Burocracia excessiva impossibilitando qualquer coisa.,0.4
PA002289,2023-03-20 23:21:20,"Fila do hospital andando devagar, sistema falido.",0.7
PA002290,2023-03-21 00:26:41,Burocracia excessiva impossibilitando qualquer coisa.,0.6649
PA002291,2023-03-21 00:35:45,Nao aguento mais reclamacao sem solucao pratica.,0.9812
PA002292,2023-03-21 00:50:26,"Internet caindo toda hora, impossivel trabalhar assim.",0.4382
PA002293,2023-03-21 01:47:14,"Governo aumentando imposto de novo, inacreditavel.",0.4286
PA002294,2023-03-21 02:16:00,Aplicativo travou bem na hora da reuniao importante.,0.5824
PA002295,2023-03-21 02:21:56,"Que bagunca, nada funcionando direito.",0.5551
PA002296,2023-03-21 03:20:40,Nao consigo entender como essa situacao ainda nao mudou.,0.4722
PA002297,2023-03-21 03:43:23,"Que semana frustrante, precisava que as coisas dessem certo.",0.4574
PA002298,2023-03-21 03:57:12,"Servico publico uma vergonha, esperei horas na fila.",0.5937
PA002299,2023-03-21 03:59:07,"Chega de promessa vazia, quero resultado de verdade.",0.4
PA002300,2023-03-21 05:12:59,"Que dia difícil, nada saiu como eu havia planejado.",0.6196
PA002301,2023-03-21 07:30:04,"Que frustracao, meu time perdeu mais uma vez.",0.5862
PA002302,2023-03-21 07:45:45,"Atendimento pessimo no banco, perdi a tarde toda.",0.5578
PA002303,2023-03-21 07:58:11,"Multa de transito injusta, vou recorrer.",0.7
PA002304,2023-03-21 08:05:08,"Atendimento pessimo no banco, perdi a tarde toda.",0.5617
PA002305,2023-03-21 09:11:12,"Chega de promessa vazia, quero resultado de verdade.",0.6046
PA002306,2023-03-21 09:54:44,Nao aguento mais essas politicas que nao funcionam.,0.5762
PA002307,2023-03-21 10:18:53,Nao aguento mais essas politicas que nao funcionam.,0.7
PA002308,2023-03-21 10:29:40,"Chega de promessa vazia, quero resultado de verdade.",0.4
PA002309,2023-03-21 10:32:07,"Fila do hospital andando devagar, sistema falido.",0.576
PA002310,2023-03-21 10:32:09,Nao aguento mais reclamacao sem solucao pratica.,0.5032
PA002311,2023-03-21 10:55:20,"Vizinho fazendo barulho ate tarde da noite, falta de respeito.",0.6021
PA002312,2023-03-21 11:32:09,Pacote atrasado pelos correios pela terceira vez.,0.6136
PA002313,2023-03-21 11:45:48,"Internet caindo toda hora, impossivel trabalhar assim.",0.4206
PA002314,2023-03-21 12:55:01,Barulho da rua me deixou irritado o dia todo.,0.4591
PA002315,2023-03-21 14:17:41,"Fila do hospital andando devagar, sistema falido.",0.5311
PA002316,2023-03-21 15:47:30,"Preco de tudo subindo e salario parado, e muita coisa.",0.6044
PA002317,2023-03-21 15:49:59,"Calor absurdo com falta de agua, descaso total.",0.7
PA002318,2023-03-21 17:28:14,"Calor absurdo com falta de agua, descaso total.",0.4725
PA002319,2023-03-21 17:30:14,"Multa de transito injusta, vou recorrer.",0.6477
PA002320,2023-03-21 17:53:00,Barulho da rua me deixou irritado o dia todo.,0.4
PA002321,2023-03-21 18:30:39,Politico corrupto aparecendo na midia de novo.,0.5302
PA002322,2023-03-21 18:35:07,Aplicativo travou bem na hora da reuniao importante.,0.5544
PA002323,2023-03-21 20:18:08,"Vizinho fazendo barulho ate tarde da noite, falta de respeito.",0.4018
PA002324,2023-03-21 20:25:29,Nao consigo entender como essa situacao ainda nao mudou.,0.5092
PA002325,2023-03-21 20:28:51,Nao aguento mais essas politicas que nao funcionam.,0.6138
PA002326,2023-03-21 20:29:35,"Governo aumentando imposto de novo, inacreditavel.",0.4
PA002327,2023-03-21 21:41:48,"Servico publico uma vergonha, esperei horas na fila.",0.5917
PA002328,2023-03-21 22:30:23,Politico corrupto aparecendo na midia de novo.,0.4155
PA002329,2023-03-21 23:00:16,Burocracia excessiva impossibilitando qualquer coisa.,0.5481
PA002330,2023-03-22 02:43:06,"Preco de tudo subindo e salario parado, e muita coisa.",0.5461
PA002331,2023-03-22 03:10:38,"Que bagunca, nada funcionando direito.",0.483
PA002332,2023-03-22 03:38:26,Nao acredito mais nessa politica que nao resolve.,0.4682
PA002333,2023-03-22 03:53:48,Nao aguento mais reclamacao sem solucao pratica.,0.5553
PA002334,2023-03-22 04:34:59,Nao consigo entender como essa situacao ainda nao mudou.,0.4
PA002335,2023-03-22 07:36:27,"Mais um dia de transito horrivel, situacao absurda.",0.6666
PA002336,2023-03-22 08:19:24,"Que dia difícil, nada saiu como eu havia planejado.",0.6314
PA002337,2023-03-22 10:07:19,"Servico publico uma vergonha, esperei horas na fila.",0.5833
PA002338,2023-03-22 10:58:56,"Multa de transito injusta, vou recorrer.",0.4
PA002339,2023-03-22 11:42:16,Nao consigo entender como essa situacao ainda nao mudou.,0.9841
PA002340,2023-03-22 11:50:43,"Servico contratado nao foi entregue no prazo, absurdo.",0.5471
PA002341,2023-03-22 12:57:40,"Que dia difícil, nada saiu como eu havia planejado.",0.5465
PA002342,2023-03-22 13:34:44,Politico corrupto aparecendo na midia de novo.,0.5532
PA002343,2023-03-22 13:56:04,Nao consigo entender como essa situacao ainda nao mudou.,0.5953
PA002344,2023-03-22 14:41:51,Nao acredito mais nessa politica que nao resolve.,0.5498
PA002345,2023-03-22 14:58:39,"Que frustracao, meu time perdeu mais uma vez.",0.5971
PA002346,2023-03-22 16:52:17,"Servico publico uma vergonha, esperei horas na fila.",0.4833
PA002347,2023-03-23 00:54:39,"Mais um dia de transito horrivel, situacao absurda.",0.5064
PA002348,2023-03-23 00:56:39,"Vizinho fazendo barulho ate tarde da noite, falta de respeito.",0.5887
PA002349,2023-03-23 01:52:07,"Servico publico uma vergonha, esperei horas na fila.",0.7
PA002350,2023-03-23 02:36:33,"Chega de promessa vazia, quero resultado de verdade.",0.4781
PA002351,2023-03-23 04:01:31,"Servico contratado nao foi entregue no prazo, absurdo.",0.6069
PA002352,2023-03-23 04:40:43,"Vizinho fazendo barulho ate tarde da noite, falta de respeito.",0.6683
PA002353,2023-03-23 06:53:13,"Governo aumentando imposto de novo, inacreditavel.",0.542
PA002354,2023-03-23 07:11:46,"Multa de transito injusta, vou recorrer.",0.4012
PA002355,2023-03-23 09:05:46,Politico corrupto aparecendo na midia de novo.,0.4776
PA002356,2023-03-23 10:04:12,"Que frustracao, meu time perdeu mais uma vez.",0.4712
PA002357,2023-03-23 11:10:18,Nao aguento mais essas politicas que nao funcionam.,0.466
PA002358,2023-03-23 11:13:36,"Internet caindo toda hora, impossivel trabalhar assim.",0.6295
PA002359,2023-03-23 12:21:14,"Que frustracao, meu time perdeu mais uma vez.",0.7
PA002360,2023-03-23 12:55:39,"Que dia difícil, nada saiu como eu havia planejado.",0.5683
PA002361,2023-03-23 14:31:53,"Multa de transito injusta, vou recorrer.",0.1652
PA002362,2023-03-23 15:16:49,Barulho da rua me deixou irritado o dia todo.,0.5664
PA002363,2023-03-23 15:30:02,"Internet caindo toda hora, impossivel trabalhar assim.",0.1091
PA002364,2023-03-23 15:48:29,"Atendimento pessimo no banco, perdi a tarde toda.",0.6459
PA002365,2023-03-23 15:52:22,"Multa de transito injusta, vou recorrer.",0.5851
PA002366,2023-03-23 16:34:21,"Internet caindo toda hora, impossivel trabalhar assim.",0.4058
PA002367,2023-03-23 17:04:42,"Que dia difícil, nada saiu como eu havia planejado.",0.2285
PA002368,2023-03-23 18:30:40,"Que bagunca, nada funcionando direito.",0.5136
PA002369,2023-03-23 19:03:38,"Que bagunca, nada funcionando direito.",0.6644
PA002370,2023-03-23 20:04:16,"Que dia difícil, nada saiu como eu havia planejado.",0.5811
PA002371,2023-03-23 20:39:53,Nao consigo entender como essa situacao ainda nao mudou.,0.7
PA002372,2023-03-23 20:55:02,"Calor absurdo com falta de agua, descaso total.",0.4698
PA002373,2023-03-23 22:54:10,"Vizinho fazendo barulho ate tarde da noite, falta de respeito.",0.5506
PA002374,2023-03-23 23:06:54,"Que semana frustrante, precisava que as coisas dessem certo.",0.7
PA002375,2023-03-24 01:35:35,"Que dia difícil, nada saiu como eu havia planejado.",0.5317
PA002376,2023-03-24 02:39:49,Pacote atrasado pelos correios pela terceira vez.,0.5899
PA002377,2023-03-24 03:14:17,Mais um acidente por causa de imprudencia no transito.,0.4301
PA002378,2023-03-24 04:05:27,"Preco de tudo subindo e salario parado, e muita coisa.",0.4356
PA002379,2023-03-24 05:27:51,Pacote atrasado pelos correios pela terceira vez.,0.6991
PA002380,2023-03-24 06:10:24,"Calor absurdo com falta de agua, descaso total.",0.4927
PA002381,2023-03-24 06:24:07,Mais um acidente por causa de imprudencia no transito.,0.597
PA002382,2023-03-24 06:31:30,"Internet caindo toda hora, impossivel trabalhar assim.",0.6318
PA002383,2023-03-24 08:35:41,Mais um acidente por causa de imprudencia no transito.,0.4447
PA002384,2023-03-24 08:49:23,Tudo caro e qualidade cada vez pior.,0.4513
PA002385,2023-03-24 08:51:36,"Dia completamente perdido, muita raiva acumulada.",0.5535
PA002386,2023-03-24 09:24:06,Cansado desse sistema publico que nao funciona.,0.4196
PA002387,2023-03-24 09:25:04,"Que dia difícil, nada saiu como eu havia planejado.",0.6553
PA002388,2023-03-24 09:49:41,Nao consigo entender como essa situacao ainda nao mudou.,0.4463
PA002389,2023-03-24 10:28:58,Aplicativo travou bem na hora da reuniao importante.,0.4407
PA002390,2023-03-24 11:11:30,"Internet caindo toda hora, impossivel trabalhar assim.",0.4502
PA002391,2023-03-24 11:21:02,"Servico contratado nao foi entregue no prazo, absurdo.",0.5381
PA002392,2023-03-24 13:43:07,Nao aguento mais essas politicas que nao funcionam.,0.4218
PA002393,2023-03-24 15:14:31,Nao aguento mais essas politicas que nao funcionam.,0.5565
PA002394,2023-03-24 15:40:42,Burocracia excessiva impossibilitando qualquer coisa.,0.5559
PA002395,2023-03-24 17:15:44,"Que semana frustrante, precisava que as coisas dessem certo.",0.5408
PA002396,2023-03-24 17:35:03,"Governo aumentando imposto de novo, inacreditavel.",0.5434
PA002397,2023-03-24 17:58:32,"Que frustracao, meu time perdeu mais uma vez.",0.5533
PA002398,2023-03-24 18:57:34,"Saturado desse emprego, preciso mudar de vida.",0.5947
PA002399,2023-03-24 20:15:47,"Que frustracao, meu time perdeu mais uma vez.",0.5137
PA002400,2023-03-24 20:49:37,"Atendimento pessimo no banco, perdi a tarde toda.",0.4197
PA002401,2023-03-24 21:01:03,"Preco de tudo subindo e salario parado, e muita coisa.",0.598
PA002402,2023-03-24 21:28:16,"Multa de transito injusta, vou recorrer.",0.6681
PA002403,2023-03-24 22:56:59,"Governo aumentando imposto de novo, inacreditavel.",0.4005
PA002404,2023-03-24 23:45:30,"Servico contratado nao foi entregue no prazo, absurdo.",0.7
PA002405,2023-03-24 23:49:14,Mais um acidente por causa de imprudencia no transito.,0.5341
PA002406,2023-03-25 01:10:39,"Preco de tudo subindo e salario parado, e muita coisa.",0.5085
PA002407,2023-03-25 01:12:28,"Saturado desse emprego, preciso mudar de vida.",0.8949
PA002408,2023-03-25 03:06:00,"Que frustracao, meu time perdeu mais uma vez.",0.5893
PA002409,2023-03-25 03:23:33,"Que frustracao, meu time perdeu mais uma vez.",0.5102
PA002410,2023-03-25 04:27:03,"Governo aumentando imposto de novo, inacreditavel.",0.6106
PA002411,2023-03-25 04:37:32,"Que dia difícil, nada saiu como eu havia planejado.",0.4
PA002412,2023-03-25 04:51:33,"Atendimento pessimo no banco, perdi a tarde toda.",0.7
PA002413,2023-03-25 05:33:24,Nao aguento mais reclamacao sem solucao pratica.,0.4501
PA002414,2023-03-25 06:13:47,"Que bagunca, nada funcionando direito.",0.4629
PA002415,2023-03-25 07:10:33,"Que frustracao, meu time perdeu mais uma vez.",0.4
PA002416,2023-03-25 07:52:47,"Que frustracao, meu time perdeu mais uma vez.",0.595
PA002417,2023-03-25 08:19:00,Nao consigo entender como essa situacao ainda nao mudou.,0.5851
PA002418,2023-03-25 09:27:06,"Governo aumentando imposto de novo, inacreditavel.",0.5989
PA002419,2023-03-25 10:48:15,Mais um acidente por causa de imprudencia no transito.,0.4
PA002420,2023-03-25 10:49:58,"Que dia difícil, nada saiu como eu havia planejado.",0.615
PA002421,2023-03-25 11:57:39,"Dia completamente perdido, muita raiva acumulada.",0.6915
PA002422,2023-03-25 12:15:34,"Fila do hospital andando devagar, sistema falido.",0.5675
PA002423,2023-03-25 12:56:37,Nao aguento mais essas politicas que nao funcionam.,0.4668
PA002424,2023-03-25 13:47:04,"Dia completamente perdido, muita raiva acumulada.",0.491
PA002425,2023-03-25 14:47:42,"Atendimento pessimo no banco, perdi a tarde toda.",0.0164
PA002426,2023-03-25 15:13:03,Cansado desse sistema publico que nao funciona.,0.5184
PA002427,2023-03-25 16:52:34,"Chega de promessa vazia, quero resultado de verdade.",0.4729
PA002428,2023-03-25 17:50:55,Aplicativo travou bem na hora da reuniao importante.,0.4007
PA002429,2023-03-25 18:11:38,Burocracia excessiva impossibilitando qualquer coisa.,0.6039
PA002430,2023-03-25 18:32:21,Nao aguento mais reclamacao sem solucao pratica.,0.6621
PA002431,2023-03-25 18:51:04,"Calor absurdo com falta de agua, descaso total.",0.5382
PA002432,2023-03-25 19:16:00,"Que dia difícil, nada saiu como eu havia planejado.",0.6237
PA002433,2023-03-26 01:24:21,Pacote atrasado pelos correios pela terceira vez.,0.4613
PA002434,2023-03-26 01:43:17,Aplicativo travou bem na hora da reuniao importante.,0.6347
PA002435,2023-03-26 01:49:25,"Multa de transito injusta, vou recorrer.",0.0266
PA002436,2023-03-26 02:35:49,"Que frustracao, meu time perdeu mais uma vez.",0.7
PA002437,2023-03-26 02:39:07,"Que dia difícil, nada saiu como eu havia planejado.",0.5792
PA002438,2023-03-26 05:09:47,Nao acredito mais nessa politica que nao resolve.,0.4308
PA002439,2023-03-26 05:27:12,"Fila do hospital andando devagar, sistema falido.",0.5477
PA002440,2023-03-26 05:44:16,"Servico publico uma vergonha, esperei horas na fila.",0.4275
PA002441,2023-03-26 06:01:46,"Chega de promessa vazia, quero resultado de verdade.",0.4098
PA002442,2023-03-26 07:45:04,"Multa de transito injusta, vou recorrer.",0.5689
PA002443,2023-03-26 08:43:18,"Que dia difícil, nada saiu como eu havia planejado.",0.4552
PA002444,2023-03-26 08:46:46,Nao consigo entender como essa situacao ainda nao mudou.,0.6427
PA002445,2023-03-26 10:00:12,"Servico publico uma vergonha, esperei horas na fila.",0.5865
PA002446,2023-03-26 10:42:14,"Que dia difícil, nada saiu como eu havia planejado.",0.4976
PA002447,2023-03-26 11:29:18,Politico corrupto aparecendo na midia de novo.,0.4739
PA002448,2023-03-26 12:53:53,Pacote atrasado pelos correios pela terceira vez.,0.5559
PA002449,2023-03-26 13:20:19,"Atendimento pessimo no banco, perdi a tarde toda.",0.964
PA002450,2023-03-26 16:24:51,"Vizinho fazendo barulho ate tarde da noite, falta de respeito.",0.6074
PA002451,2023-03-26 17:11:05,"Que dia difícil, nada saiu como eu havia planejado.",0.4458
PA002452,2023-03-26 17:58:01,"Saturado desse emprego, preciso mudar de vida.",0.6619
PA002453,2023-03-26 18:34:58,"Servico publico uma vergonha, esperei horas na fila.",0.6164
PA002454,2023-03-26 20:34:09,"Governo aumentando imposto de novo, inacreditavel.",0.5873
PA002455,2023-03-26 20:57:57,Nao acredito mais nessa politica que nao resolve.,0.4
PA002456,2023-03-26 21:03:00,Nao aguento mais reclamacao sem solucao pratica.,0.5051
PA002457,2023-03-26 23:56:26,"Governo aumentando imposto de novo, inacreditavel.",0.4358
PA002458,2023-03-27 00:23:18,App de produtividade novo que encontrei e otimo.,0.0699
PA002459,2023-03-27 00:25:00,"Livro excelente sobre ciencia de dados, recomendo muito.",0.1562
PA002460,2023-03-27 00:28:26,"Acai gelado essa tarde, refrescante demais.",0.1561
PA002461,2023-03-27 01:14:19,"Governo aumentando imposto de novo, inacreditavel.",0.5578
PA002462,2023-03-27 01:25:16,"Plantei temperos na sacada, que satisfacao.",0.0229
PA002463,2023-03-27 01:25:41,"Cuidando das plantas em casa, muito terapeutico.",0.1042
PA002464,2023-03-27 01:32:04,"Testei IA para ajudar com codigo, funcionou bem.",0.0717
PA002465,2023-03-27 04:19:37,"Acai gelado essa tarde, refrescante demais.",0.1746
PA002466,2023-03-27 04:41:54,"Passeio no interior no fim de semana, natureza linda.",0.0903
PA002467,2023-03-27 05:23:52,"Museu da cidade muito interessante, aprendi bastante.",0.126
PA002468,2023-03-27 05:35:13,"Padaria da esquina lancou sabor novo, recomendo.",0.0551
PA002469,2023-03-27 05:59:00,Semana intensa mas muito satisfatoria no trabalho.,0.1024
PA002470,2023-03-27 06:04:10,"Metro bem tranquilo essa manha, cheguei bem.",0.063
PA002471,2023-03-27 07:07:06,"Vento agradavel hoje, aproveitei para caminhar no parque.",0.0763
PA002472,2023-03-27 07:08:35,"Yoga pela manha, comecei o dia muito bem.",0.0
PA002473,2023-03-27 08:24:09,Feira de artesanato gostosa de passear.,0.0776
PA002474,2023-03-27 10:02:45,"Academia hoje, treino puxado mas valeu muito.",0.1608
PA002475,2023-03-27 10:23:00,"Configurei o home office com setup novo, otimo.",0.087
PA002476,2023-03-27 10:32:09,Grupo de estudos foi muito produtivo hoje.,0.0407
PA002477,2023-03-27 10:58:52,Leitura no jardim com tempo agradavel.,0.0401
PA002478,2023-03-27 11:17:40,"Acai gelado essa tarde, refrescante demais.",0.0198
PA002479,2023-03-27 11:25:39,"Plantei temperos na sacada, que satisfacao.",0.1374
PA002480,2023-03-27 11:32:50,"Serie nova incrivel, amei o primeiro episodio.",0.0506
PA002481,2023-03-27 11:43:11,"Passei na certificacao, muito feliz com o resultado.",0.1342
PA002482,2023-03-27 13:13:28,Leitura no jardim com tempo agradavel.,0.0715
PA002483,2023-03-27 13:55:21,"Acai gelado essa tarde, refrescante demais.",0.0321
PA002484,2023-03-27 14:14:52,"Aprendi receita nova no youtube, ficou otimo.",0.1061
PA002485,2023-03-27 15:05:53,Caminhada ate a estacao foi otima hoje.,0.1103
PA002486,2023-03-27 15:15:08,"Livro excelente sobre ciencia de dados, recomendo muito.",0.0922
PA002487,2023-03-27 15:33:11,"Maratonei a temporada completa, valeu cada minuto.",0.0792
PA002488,2023-03-27 17:24:14,"Praia tranquila, sol perfeito, descanso total.",0.0653
PA002489,2023-03-27 18:07:44,"Minha mae fez feijao com arroz e linguica, classico perfeito.",0.1143
PA002490,2023-03-27 18:12:25,Show ao vivo incrivel no fim de semana.,0.1728
PA002491,2023-03-27 20:45:11,"Minha mae fez feijao com arroz e linguica, classico perfeito.",0.0747
PA002492,2023-03-27 22:48:23,Terminei o trabalho da faculdade com antecedencia.,0.0978
PA002493,2023-03-27 22:55:00,"Fila do hospital andando devagar, sistema falido.",0.541
PA002494,2023-03-28 00:13:25,Pedalada de tarde com vista incrivel do parque.,0.0168
PA002495,2023-03-28 01:02:04,Feira de artesanato gostosa de passear.,0.1934
PA002496,2023-03-28 01:30:22,App de produtividade novo que encontrei e otimo.,0.1016
PA002497,2023-03-28 01:52:46,"Tentei receita nova de bolo de cenoura, ficou fofinho.",0.1227
PA002498,2023-03-28 02:36:59,"Fui de bike hoje, que exercicio agradavel de manha.",0.1224
PA002499,2023-03-28 04:06:41,"Fechei projeto importante essa semana, que alegria.",0.0125
PA002500,2023-03-28 04:13:18,Podcast sobre tecnologia muito interessante.,0.07
PA002501,2023-03-28 04:57:51,"Reuniao produtiva hoje, saimos com otimas ideias.",0.0195
PA002502,2023-03-28 06:59:59,"Tarefa dificil concluida com sucesso, que satisfacao.",0.0204
PA002503,2023-03-28 07:12:32,"Passeio no interior no fim de semana, natureza linda.",0.0583
PA002504,2023-03-28 08:20:29,Jogo novo me viciou de um jeito bom.,0.1486
PA002505,2023-03-28 09:44:16,Terminei o trabalho da faculdade com antecedencia.,0.1413
PA002506,2023-03-28 11:39:53,Que manha fresca e agradavel para uma caminhada.,0.0912
PA002507,2023-03-28 14:06:45,"Reuniao produtiva hoje, saimos com otimas ideias.",0.0095
PA002508,2023-03-28 14:44:35,"Pipoca e serie boa na sexta, programa perfeito.",0.1131
PA002509,2023-03-28 14:47:14,Semana intensa mas muito satisfatoria no trabalho.,0.0834
PA002510,2023-03-28 15:39:41,"Reencontrei um amigo antigo por acaso, que alegria.",0.1157
PA002511,2023-03-28 17:01:55,Feira de artesanato gostosa de passear.,0.1278
PA002512,2023-03-28 17:18:03,"Acai gelado essa tarde, refrescante demais.",0.0473
PA002513,2023-03-28 17:34:08,"Viagem de fim de semana para cidade historica, valeu.",0.0786
PA002514,2023-03-28 18:13:15,Tarde produtiva organizando e limpando a casa.,0.085
PA002515,2023-03-28 18:23:02,"Cuidando das plantas em casa, muito terapeutico.",0.0441
PA002516,2023-03-28 18:39:34,"Viagem de fim de semana para cidade historica, valeu.",0.075
PA002517,2023-03-28 22:47:18,Feira de artesanato gostosa de passear.,0.0761
PA002518,2023-03-28 23:35:57,"Passeio com o cachorro no parque, ele adorou.",0.1246
PA002519,2023-03-28 23:54:32,"Cuidando das plantas em casa, muito terapeutico.",0.1094
PA002520,2023-03-29 00:09:53,Show ao vivo incrivel no fim de semana.,0.1045
PA002521,2023-03-29 00:46:10,"Que calor hoje, tive que ligar o ar condicionado logo cedo.",0.1166
PA002522,2023-03-29 01:18:21,"Almoco incrivel hoje, fiz lasanha caseira do zero.",0.0726
PA002523,2023-03-29 02:15:43,"Passeio no interior no fim de semana, natureza linda.",0.0075
PA002524,2023-03-29 02:46:35,Semana intensa mas muito satisfatoria no trabalho.,0.1431
PA002525,2023-03-29 04:41:32,"Que calor hoje, tive que ligar o ar condicionado logo cedo.",0.0326
PA002526,2023-03-29 05:31:56,Tarde produtiva organizando e limpando a casa.,0.0491
PA002527,2023-03-29 05:32:46,"Vento agradavel hoje, aproveitei para caminhar no parque.",0.1425
PA002528,2023-03-29 07:18:46,"Tarefa dificil concluida com sucesso, que satisfacao.",0.2066
PA002529,2023-03-29 08:04:08,"Que calor hoje, tive que ligar o ar condicionado logo cedo.",0.0682
PA002530,2023-03-29 08:23:09,"Apresentacao correu muito bem, todos gostaram.",0.1112
PA002531,2023-03-29 08:50:35,"Fui de bike hoje, que exercicio agradavel de manha.",0.0545
PA002532,2023-03-29 10:27:52,"Fui num restaurante novo, a pizza estava espetacular.",0.0449
PA002533,2023-03-29 12:15:38,"Novo celular chegou, a camera e impressionante.",0.1237
PA002534,2023-03-29 14:22:55,"Dia nublado mas tranquilo, bom para estudar sem distracao.",0.1105
PA002535,2023-03-29 14:55:23,Aplicativo travou bem na hora da reuniao importante.,0.7894
PA002536,2023-03-29 17:53:51,Tarde produtiva organizando e limpando a casa.,0.0762
PA002537,2023-03-29 19:35:44,"Metro bem tranquilo essa manha, cheguei bem.",0.0253
PA002538,2023-03-29 22:41:09,Pedalada de tarde com vista incrivel do parque.,0.0464
PA002539,2023-03-29 23:20:09,"Plantei temperos na sacada, que satisfacao.",0.1506
PA002540,2023-03-30 00:00:52,"Meditacao de manha, comecando o dia muito bem.",0.1334
PA002541,2023-03-30 01:47:13,"Reuniao produtiva hoje, saimos com otimas ideias.",0.1547
PA002542,2023-03-30 02:38:26,"Tarefa dificil concluida com sucesso, que satisfacao.",0.0991
PA002543,2023-03-30 02:40:28,"Trilha ecologica incrivel, natureza pura.",0.1089
PA002544,2023-03-30 02:54:26,"Minha mae fez feijao com arroz e linguica, classico perfeito.",0.116
PA002545,2023-03-30 03:17:48,"Teatro incrivel ontem, peca muito bem dirigida.",0.0986
PA002546,2023-03-30 04:20:41,"Corri 5km de manha, semana otima de treino.",0.1116
PA002547,2023-03-30 05:19:56,"Dia nublado mas tranquilo, bom para estudar sem distracao.",0.0885
PA002548,2023-03-30 05:40:09,"Apresentacao correu muito bem, todos gostaram.",0.05
PA002549,2023-03-30 07:16:56,"Praia tranquila, sol perfeito, descanso total.",0.1249
PA002550,2023-03-30 07:46:21,"Cuidando das plantas em casa, muito terapeutico.",0.1198
PA002551,2023-03-30 08:33:28,"Passeio com o cachorro no parque, ele adorou.",0.0678
PA002552,2023-03-30 09:49:41,"Serie nova incrivel, amei o primeiro episodio.",0.0775
PA002553,2023-03-30 12:17:09,"Fui de bike hoje, que exercicio agradavel de manha.",0.0954
PA002554,2023-03-30 14:43:09,"Museu da cidade muito interessante, aprendi bastante.",0.0087
PA002555,2023-03-30 16:05:15,Aplicativo de carona funcionou perfeitamente.,0.0689
PA002556,2023-03-30 17:20:39,"Viagem de fim de semana para cidade historica, valeu.",0.0613
PA002557,2023-03-30 17:44:04,Finalmente entendi aquele conceito que me travava.,0.1137
PA002558,2023-03-30 18:44:33,Aplicativo de carona funcionou perfeitamente.,0.1128
PA002559,2023-03-30 19:52:40,"Meditacao de manha, comecando o dia muito bem.",0.1042
PA002560,2023-03-30 19:59:52,"Reencontrei um amigo antigo por acaso, que alegria.",0.0286
PA002561,2023-03-30 20:00:20,"Que calor hoje, tive que ligar o ar condicionado logo cedo.",0.0
PA002562,2023-03-30 20:18:24,Aplicativo de carona funcionou perfeitamente.,0.1115
PA002563,2023-03-30 20:34:30,"Praia tranquila, sol perfeito, descanso total.",0.0726
PA002564,2023-03-30 21:37:04,"Acai gelado essa tarde, refrescante demais.",0.1771
PA002565,2023-03-30 23:25:01,"Musica nova do meu artista favorito, de outro nivel.",0.1368
PA002566,2023-03-30 23:42:53,"Yoga pela manha, comecei o dia muito bem.",0.0535
PA002567,2023-03-30 23:55:25,Podcast sobre tecnologia muito interessante.,0.0561
PA002568,2023-03-31 03:04:01,"Home office com cafe fresquinho do lado, otimo.",0.1701
PA002569,2023-03-31 04:53:51,"Meu time ganhou hoje, que jogo bonito foi.",0.0924
PA002570,2023-03-31 04:54:59,"Onibus chegou no horario hoje, que surpresa agradavel.",0.0658
PA002571,2023-03-31 05:46:22,"Tentei receita nova de bolo de cenoura, ficou fofinho.",0.0477
PA002572,2023-03-31 06:39:32,App de produtividade novo que encontrei e otimo.,0.0612
PA002573,2023-03-31 06:49:28,"Vento agradavel hoje, aproveitei para caminhar no parque.",0.0618
PA002574,2023-03-31 07:03:25,"Dia nublado mas tranquilo, bom para estudar sem distracao.",0.0841
PA002575,2023-03-31 07:13:41,Cafe da manha caprichado: tapioca com ovo e suco de laranja.,0.1004
PA002576,2023-03-31 10:54:09,"Sopa de legumes no frio, reconfortante e gostosa.",0.1391
PA002577,2023-03-31 11:52:49,"Passeio no interior no fim de semana, natureza linda.",0.0648
PA002578,2023-03-31 13:03:24,"Testei IA para ajudar com codigo, funcionou bem.",0.0715
PA002579,2023-03-31 14:10:33,"Museu da cidade muito interessante, aprendi bastante.",0.0856
PA002580,2023-03-31 14:42:25,"Servico contratado nao foi entregue no prazo, absurdo.",0.1461
PA002581,2023-03-31 14:59:24,Atualizacao deixou o sistema muito mais rapido.,0.0408
PA002582,2023-03-31 15:38:19,"Filme otimo ontem, fui ao cinema com a familia.",0.1515
PA002583,2023-03-31 16:15:38,"Tentei receita nova de bolo de cenoura, ficou fofinho.",0.1436
PA002584,2023-03-31 16:40:12,"Aprendi receita nova no youtube, ficou otimo.",0.052
PA002585,2023-03-31 17:15:38,"Pausa pro cafe com os colegas, bate-papo otimo.",0.2038
PA002586,2023-03-31 17:50:56,"Notebook novo chegou, que desempenho incrivel.",0.1031
PA002587,2023-03-31 17:57:45,"Novo celular chegou, a camera e impressionante.",0.0659
PA002588,2023-03-31 18:48:09,"Sopa de legumes no frio, reconfortante e gostosa.",0.0847
PA002589,2023-03-31 19:16:40,"Meu time ganhou hoje, que jogo bonito foi.",0.125
PA002590,2023-03-31 20:21:39,Semana intensa mas muito satisfatoria no trabalho.,0.1261
PA002591,2023-03-31 20:54:09,"Reencontrei um amigo antigo por acaso, que alegria.",0.0529
PA002592,2023-03-31 21:07:57,"Consegui estacionamento logo de cara, dia de sorte mesmo.",0.1231
PA002593,2023-03-31 21:20:57,"Aprendi receita nova no youtube, ficou otimo.",0.1482
PA002594,2023-03-31 21:59:51,"Metro bem tranquilo essa manha, cheguei bem.",0.0723
PA002595,2023-03-31 23:25:57,Aula incrivel sobre estatistica aplicada hoje.,0.1102
PA002596,2023-04-01 01:20:00,"Calor absurdo com falta de agua, descaso total.",0.2899
PA002597,2023-04-01 05:30:35,"Chuva passageira a tarde, depois o tempo abriu lindo.",0.151
PA002598,2023-04-01 06:09:22,"Sopa de legumes no frio, reconfortante e gostosa.",0.1225
PA002599,2023-04-01 06:16:23,App de produtividade novo que encontrei e otimo.,0.1113
PA002600,2023-04-01 06:56:53,"Que calor hoje, tive que ligar o ar condicionado logo cedo.",0.0307
PA002601,2023-04-01 07:18:48,Terminei o trabalho da faculdade com antecedencia.,0.1283
PA002602,2023-04-01 09:48:43,"Biblioteca da universidade, ambiente otimo para estudar.",0.0597
PA002603,2023-04-01 09:51:42,"Passei na certificacao, muito feliz com o resultado.",0.0159
PA002604,2023-04-01 10:55:04,"Chuva passageira a tarde, depois o tempo abriu lindo.",0.1464
PA002605,2023-04-01 11:13:34,"Teatro incrivel ontem, peca muito bem dirigida.",0.0325
PA002606,2023-04-01 12:20:15,Que tarde relaxante lendo na rede.,0.0
PA002607,2023-04-01 12:57:35,"Meditacao de manha, comecando o dia muito bem.",0.1206
PA002608,2023-04-01 13:15:28,Tarde produtiva organizando e limpando a casa.,0.1
PA002609,2023-04-01 15:03:45,"Corri 5km de manha, semana otima de treino.",0.1991
PA002610,2023-04-01 15:12:44,Jogo novo me viciou de um jeito bom.,0.1108
PA002611,2023-04-01 16:48:34,Burocracia excessiva impossibilitando qualquer coisa.,0.2214
PA002612,2023-04-01 17:01:57,"Acai gelado essa tarde, refrescante demais.",0.0921
PA002613,2023-04-01 17:26:58,"Corri 5km de manha, semana otima de treino.",0.0
PA002614,2023-04-01 19:23:43,"Dia nublado mas tranquilo, bom para estudar sem distracao.",0.0304
PA002615,2023-04-01 19:26:04,"Aprendi receita nova no youtube, ficou otimo.",0.0719
PA002616,2023-04-01 21:01:40,Finalmente entendi aquele conceito que me travava.,0.0732
PA002617,2023-04-01 21:34:14,"Estudando para a prova de amanha, bem concentrado.",0.0
PA002618,2023-04-01 21:36:18,"Choveu a tarde toda, dia perfeito pra ficar em casa lendo.",0.0066
PA002619,2023-04-01 22:14:07,"Estrada livre, cheguei no trabalho rapido hoje.",0.0669
PA002620,2023-04-01 23:47:12,"Novo celular chegou, a camera e impressionante.",0.0
PA002621,2023-04-02 01:18:17,"Passeio com o cachorro no parque, ele adorou.",0.0821
PA002622,2023-04-02 02:23:19,Show ao vivo incrivel no fim de semana.,0.134
PA002623,2023-04-02 02:30:13,Pacote atrasado pelos correios pela terceira vez.,0.675
PA002624,2023-04-02 02:47:29,"Serie nova incrivel, amei o primeiro episodio.",0.0316
PA002625,2023-04-02 02:49:27,"Livro excelente sobre ciencia de dados, recomendo muito.",0.1267
PA002626,2023-04-02 03:19:47,"Museu da cidade muito interessante, aprendi bastante.",0.0647
PA002627,2023-04-02 05:11:37,"Reuniao produtiva hoje, saimos com otimas ideias.",0.1697
PA002628,2023-04-02 06:59:40,"Domingo em familia, melhor dia da semana.",0.0766
PA002629,2023-04-02 07:05:53,Pedalada de tarde com vista incrivel do parque.,0.0519
PA002630,2023-04-02 07:27:18,"Serie nova incrivel, amei o primeiro episodio.",0.0273
PA002631,2023-04-02 08:50:20,"Academia hoje, treino puxado mas valeu muito.",0.0676
PA002632,2023-04-02 09:29:31,App de produtividade novo que encontrei e otimo.,0.1249
PA002633,2023-04-02 09:42:22,"Padaria da esquina lancou sabor novo, recomendo.",0.073
PA002634,2023-04-02 10:07:52,"Sol lindo hoje, cafe na varanda foi otimo.",0.0704
PA002635,2023-04-02 11:18:40,Show ao vivo incrivel no fim de semana.,0.0362
PA002636,2023-04-02 12:00:00,"Dia completamente perdido, muita raiva acumulada.",0.658
PA002637,2023-04-02 12:29:35,"Meditacao de manha, comecando o dia muito bem.",0.0779
PA002638,2023-04-02 13:19:59,"Meditacao de manha, comecando o dia muito bem.",0.0263
PA002639,2023-04-02 14:51:18,App de produtividade novo que encontrei e otimo.,0.0493
PA002640,2023-04-02 15:09:32,"Tarefa dificil concluida com sucesso, que satisfacao.",0.1401
PA002641,2023-04-02 17:14:55,Terminei o trabalho da faculdade com antecedencia.,0.0472
PA002642,2023-04-02 17:52:28,Leitura no jardim com tempo agradavel.,0.0118
PA002643,2023-04-02 20:29:53,Finalmente entendi aquele conceito que me travava.,0.0471
PA002644,2023-04-02 22:44:00,"Yoga pela manha, comecei o dia muito bem.",0.1085
PA002645,2023-04-02 22:44:18,Podcast sobre tecnologia muito interessante.,0.084
PA002646,2023-04-02 22:51:02,Que manha fresca e agradavel para uma caminhada.,0.0776
PA002647,2023-04-03 00:27:40,"Home office com cafe fresquinho do lado, otimo.",0.0708
PA002648,2023-04-03 02:20:03,"Fechei projeto importante essa semana, que alegria.",0.0711
PA002649,2023-04-03 02:38:02,"Passei na certificacao, muito feliz com o resultado.",0.0742
PA002650,2023-04-03 03:09:04,"Serie nova incrivel, amei o primeiro episodio.",0.0962
PA002651,2023-04-03 03:13:03,"Sol lindo hoje, cafe na varanda foi otimo.",0.0463
PA002652,2023-04-03 03:47:16,"Corri 5km de manha, semana otima de treino.",0.0678
PA002653,2023-04-03 04:08:58,Que tarde relaxante lendo na rede.,0.0425
PA002654,2023-04-03 04:41:04,Terminei o trabalho da faculdade com antecedencia.,0.0
PA002655,2023-04-03 04:45:13,"Cuidando das plantas em casa, muito terapeutico.",0.0972
PA002656,2023-04-03 05:30:04,Grupo de estudos foi muito produtivo hoje.,0.1183
PA002657,2023-04-03 05:44:47,"Plantei temperos na sacada, que satisfacao.",0.1423
PA002658,2023-04-03 07:14:45,Jogo novo me viciou de um jeito bom.,0.1557
PA002659,2023-04-03 07:52:18,"Academia hoje, treino puxado mas valeu muito.",0.0
PA002660,2023-04-03 09:09:47,"Serie nova incrivel, amei o primeiro episodio.",0.0662
PA002661,2023-04-03 09:28:25,"Passei na certificacao, muito feliz com o resultado.",0.0
PA002662,2023-04-03 10:45:02,"Home office com cafe fresquinho do lado, otimo.",0.0901
PA002663,2023-04-03 11:40:26,Grupo de estudos foi muito produtivo hoje.,0.0252
PA002664,2023-04-03 13:49:23,"Teatro incrivel ontem, peca muito bem dirigida.",0.1046
PA002665,2023-04-03 13:56:23,App de produtividade novo que encontrei e otimo.,0.0659
PA002666,2023-04-03 14:26:51,"Reencontrei um amigo antigo por acaso, que alegria.",0.0963
PA002667,2023-04-03 15:12:46,"Serie nova incrivel, amei o primeiro episodio.",0.0333
PA002668,2023-04-03 15:49:25,"Museu da cidade muito interessante, aprendi bastante.",0.0271
PA002669,2023-04-03 17:10:56,"Yoga pela manha, comecei o dia muito bem.",0.0484
PA002670,2023-04-03 17:18:54,Podcast sobre tecnologia muito interessante.,0.1175
PA002671,2023-04-03 18:09:57,"Consegui estacionamento logo de cara, dia de sorte mesmo.",0.0552
PA002672,2023-04-03 18:37:19,"Que frustracao, meu time perdeu mais uma vez.",0.5235
PA002673,2023-04-03 18:44:16,"Onibus chegou no horario hoje, que surpresa agradavel.",0.1314
PA002674,2023-04-03 20:17:27,"Testei IA para ajudar com codigo, funcionou bem.",0.0755
PA002675,2023-04-03 20:50:34,Aplicativo de carona funcionou perfeitamente.,0.0741
PA002676,2023-04-03 21:13:17,"Configurei o home office com setup novo, otimo.",0.1359
PA002677,2023-04-03 21:14:36,"Pipoca e serie boa na sexta, programa perfeito.",0.0292
PA002678,2023-04-03 21:28:17,"Biblioteca da universidade, ambiente otimo para estudar.",0.0133
PA002679,2023-04-03 22:50:56,Podcast sobre tecnologia muito interessante.,0.0453
PA002680,2023-04-04 00:01:07,"Plantei temperos na sacada, que satisfacao.",0.0855
PA002681,2023-04-04 01:57:33,"Estrada livre, cheguei no trabalho rapido hoje.",0.0664
PA002682,2023-04-04 02:03:21,Que tarde relaxante lendo na rede.,0.065
PA002683,2023-04-04 02:25:28,"Reencontrei um amigo antigo por acaso, que alegria.",0.1232
PA002684,2023-04-04 02:52:12,Brigadeiro de panela saiu incrivel hoje.,0.1093
PA002685,2023-04-04 03:09:31,"Novo celular chegou, a camera e impressionante.",0.0307
PA002686,2023-04-04 04:06:19,Aplicativo de carona funcionou perfeitamente.,0.0601
PA002687,2023-04-04 04:55:37,"Aprendi receita nova no youtube, ficou otimo.",0.1207
PA002688,2023-04-04 05:43:21,"Natacao de manha, melhor inicio de dia possivel.",0.1133
PA002689,2023-04-04 05:51:52,"Fechei projeto importante essa semana, que alegria.",0.0244
PA002690,2023-04-04 05:53:55,"Teatro incrivel ontem, peca muito bem dirigida.",0.091
PA002691,2023-04-04 06:31:45,"Fui num restaurante novo, a pizza estava espetacular.",0.1469
PA002692,2023-04-04 07:24:19,"Estrada livre, cheguei no trabalho rapido hoje.",0.1069
PA002693,2023-04-04 07:26:11,"Trilha ecologica incrivel, natureza pura.",0.0525
PA002694,2023-04-04 08:03:32,"Praia tranquila, sol perfeito, descanso total.",0.0309
PA002695,2023-04-04 08:46:12,"Acai gelado essa tarde, refrescante demais.",0.0245
PA002696,2023-04-04 08:56:23,"Acai gelado essa tarde, refrescante demais.",0.0887
PA002697,2023-04-04 08:57:27,"Churrasco com a familia no final de semana, delicioso.",0.1185
PA002698,2023-04-04 09:15:08,"Livro excelente sobre ciencia de dados, recomendo muito.",0.0167
PA002699,2023-04-04 09:55:13,"Serie nova incrivel, amei o primeiro episodio.",0.0487
PA002700,2023-04-04 09:59:32,"Sol lindo hoje, cafe na varanda foi otimo.",0.2055
PA002701,2023-04-04 10:41:20,"Museu da cidade muito interessante, aprendi bastante.",0.0132
PA002702,2023-04-04 12:56:13,"Notebook novo chegou, que desempenho incrivel.",0.0466
PA002703,2023-04-04 13:17:31,Show ao vivo incrivel no fim de semana.,0.09
PA002704,2023-04-04 14:51:02,"Volei com os amigos, muita risada e diversao.",0.07
PA002705,2023-04-04 16:15:29,"Livro excelente sobre ciencia de dados, recomendo muito.",0.0691
PA002706,2023-04-04 17:08:46,"Meditacao de manha, comecando o dia muito bem.",0.0658
PA002707,2023-04-04 17:23:43,"Apresentacao correu muito bem, todos gostaram.",0.1271
PA002708,2023-04-04 17:40:34,"Aprendi receita nova no youtube, ficou otimo.",0.1555
PA002709,2023-04-04 18:03:28,"Estrada livre, cheguei no trabalho rapido hoje.",0.0861
PA002710,2023-04-04 19:52:38,Caminhada ate a estacao foi otima hoje.,0.0967
PA002711,2023-04-04 19:59:51,"Sopa de legumes no frio, reconfortante e gostosa.",0.0784
PA002712,2023-04-04 20:49:29,Podcast sobre tecnologia muito interessante.,0.1776
PA002713,2023-04-04 21:12:25,Jantar simples mas gostoso com a familia.,0.0818
PA002714,2023-04-04 21:51:12,"Meu time ganhou hoje, que jogo bonito foi.",0.0855
PA002715,2023-04-04 22:00:52,Que tarde relaxante lendo na rede.,0.103
PA002716,2023-04-05 01:39:24,Show ao vivo incrivel no fim de semana.,0.0307
PA002717,2023-04-05 02:19:03,"Multa de transito injusta, vou recorrer.",0.3811
PA002718,2023-04-05 02:22:53,"Maratonei a temporada completa, valeu cada minuto.",0.1148
PA002719,2023-04-05 02:50:04,"O outono chegou cedo esse ano, que frio gostoso de manha.",0.1495
PA002720,2023-04-05 03:55:07,"Apresentacao correu muito bem, todos gostaram.",0.065
PA002721,2023-04-05 04:23:11,"Dia nublado mas tranquilo, bom para estudar sem distracao.",0.0423
PA002722,2023-04-05 07:09:09,"Volei com os amigos, muita risada e diversao.",0.0972
PA002723,2023-04-05 09:18:53,"Que calor hoje, tive que ligar o ar condicionado logo cedo.",0.0854
PA002724,2023-04-05 10:33:39,Brigadeiro de panela saiu incrivel hoje.,0.0409
PA002725,2023-04-05 10:50:10,"Fui num restaurante novo, a pizza estava espetacular.",0.0747
PA002726,2023-04-05 11:12:40,"Configurei o home office com setup novo, otimo.",0.0596
PA002727,2023-04-05 13:28:43,"Novo celular chegou, a camera e impressionante.",0.1251
PA002728,2023-04-05 14:01:31,"Tentei receita nova de bolo de cenoura, ficou fofinho.",0.0529
PA002729,2023-04-05 14:07:36,"Fui num restaurante novo, a pizza estava espetacular.",0.0825
PA002730,2023-04-05 17:27:46,"Domingo em familia, melhor dia da semana.",0.0459
PA002731,2023-04-05 17:42:36,"Passei na certificacao, muito feliz com o resultado.",0.0217
PA002732,2023-04-05 19:19:09,"Apresentacao correu muito bem, todos gostaram.",0.1424
PA002733,2023-04-05 19:41:18,App de produtividade novo que encontrei e otimo.,0.1133
PA002734,2023-04-05 20:26:58,"Natacao de manha, melhor inicio de dia possivel.",0.1194
PA002735,2023-04-05 21:21:09,"O outono chegou cedo esse ano, que frio gostoso de manha.",0.0511
PA002736,2023-04-05 21:57:58,"Serie nova incrivel, amei o primeiro episodio.",0.1234
PA002737,2023-04-05 22:13:10,"Novo celular chegou, a camera e impressionante.",0.125
PA002738,2023-04-05 22:29:19,"Fui de bike hoje, que exercicio agradavel de manha.",0.0705
PA002739,2023-04-06 00:05:51,"Que calor hoje, tive que ligar o ar condicionado logo cedo.",0.0656
PA002740,2023-04-06 01:28:10,App de produtividade novo que encontrei e otimo.,0.0451
PA002741,2023-04-06 02:03:42,"Passeio no interior no fim de semana, natureza linda.",0.0845
PA002742,2023-04-06 03:04:02,"Churrasco com a familia no final de semana, delicioso.",0.0822
PA002743,2023-04-06 03:28:56,"Livro excelente sobre ciencia de dados, recomendo muito.",0.0645
PA002744,2023-04-06 04:45:22,Finalmente entendi aquele conceito que me travava.,0.1556
PA002745,2023-04-06 04:51:57,"Viagem de fim de semana para cidade historica, valeu.",0.0615
PA002746,2023-04-06 05:47:17,"Servico publico uma vergonha, esperei horas na fila.",0.7446
PA002747,2023-04-06 06:08:05,"Maratonei a temporada completa, valeu cada minuto.",0.0959
PA002748,2023-04-06 06:17:47,"Meu time ganhou hoje, que jogo bonito foi.",0.067
PA002749,2023-04-06 07:13:21,Semana intensa mas muito satisfatoria no trabalho.,0.0708
PA002750,2023-04-06 08:41:19,"Apresentacao correu muito bem, todos gostaram.",0.1331
PA002751,2023-04-06 08:52:28,"Novo celular chegou, a camera e impressionante.",0.1307
PA002752,2023-04-06 09:51:02,"Reencontrei um amigo antigo por acaso, que alegria.",0.062
PA002753,2023-04-06 11:25:32,"Corri 5km de manha, semana otima de treino.",0.0824
PA002754,2023-04-06 11:35:46,"Testei IA para ajudar com codigo, funcionou bem.",0.0532
PA002755,2023-04-06 14:02:01,"Minha mae fez feijao com arroz e linguica, classico perfeito.",0.0624
PA002756,2023-04-06 14:05:46,"Serie nova incrivel, amei o primeiro episodio.",0.0762
PA002757,2023-04-06 15:57:26,Aula incrivel sobre estatistica aplicada hoje.,0.1441
PA002758,2023-04-06 16:50:27,"Sol lindo hoje, cafe na varanda foi otimo.",0.1142
PA002759,2023-04-06 19:42:51,"Teatro incrivel ontem, peca muito bem dirigida.",0.1218
PA002760,2023-04-06 21:44:41,"Passei na certificacao, muito feliz com o resultado.",0.2142
PA002761,2023-04-06 23:38:35,"Choveu a tarde toda, dia perfeito pra ficar em casa lendo.",0.118
PA002762,2023-04-07 01:19:08,"Onibus chegou no horario hoje, que surpresa agradavel.",0.0997
PA002763,2023-04-07 02:05:01,"Dia nublado mas tranquilo, bom para estudar sem distracao.",0.1972
PA002764,2023-04-07 04:32:34,Grupo de estudos foi muito produtivo hoje.,0.0
PA002765,2023-04-07 04:36:54,"Notebook novo chegou, que desempenho incrivel.",0.1188
PA002766,2023-04-07 06:26:46,"Passeio com o cachorro no parque, ele adorou.",0.0631
PA002767,2023-04-07 06:27:56,"Notebook novo chegou, que desempenho incrivel.",0.0386
PA002768,2023-04-07 06:37:06,"Filme otimo ontem, fui ao cinema com a familia.",0.0044
PA002769,2023-04-07 07:35:20,"Acai gelado essa tarde, refrescante demais.",0.0892
PA002770,2023-04-07 07:51:30,Que tarde relaxante lendo na rede.,0.0855
PA002771,2023-04-07 09:30:34,"Sopa de legumes no frio, reconfortante e gostosa.",0.1019
PA002772,2023-04-07 09:46:55,Atualizacao deixou o sistema muito mais rapido.,0.1056
PA002773,2023-04-07 11:37:43,Nao consigo entender como essa situacao ainda nao mudou.,0.753
PA002774,2023-04-07 11:47:07,"Tentei receita nova de bolo de cenoura, ficou fofinho.",0.0029
PA002775,2023-04-07 12:21:44,"Maratonei a temporada completa, valeu cada minuto.",0.1
PA002776,2023-04-07 12:27:38,"Apresentacao correu muito bem, todos gostaram.",0.0344
PA002777,2023-04-07 12:44:11,"Estudando para a prova de amanha, bem concentrado.",0.0742
PA002778,2023-04-07 12:48:04,"Tarefa dificil concluida com sucesso, que satisfacao.",0.1017
PA002779,2023-04-07 13:55:46,"Home office com cafe fresquinho do lado, otimo.",0.1695
PA002780,2023-04-07 14:04:08,Que tarde relaxante lendo na rede.,0.1712
PA002781,2023-04-07 14:07:21,"Dia nublado mas tranquilo, bom para estudar sem distracao.",0.1331
PA002782,2023-04-07 17:51:20,"Teatro incrivel ontem, peca muito bem dirigida.",0.0
PA002783,2023-04-07 18:10:16,Jantar simples mas gostoso com a familia.,0.0475
PA002784,2023-04-07 18:19:46,"Estrada livre, cheguei no trabalho rapido hoje.",0.0089
PA002785,2023-04-07 18:32:38,"Home office com cafe fresquinho do lado, otimo.",0.0675
PA002786,2023-04-07 19:08:17,Que manha fresca e agradavel para uma caminhada.,0.1109
PA002787,2023-04-07 20:34:12,"Praia tranquila, sol perfeito, descanso total.",0.0653
PA002788,2023-04-07 21:19:47,"O outono chegou cedo esse ano, que frio gostoso de manha.",0.0971
PA002789,2023-04-07 23:27:57,"Chuva passageira a tarde, depois o tempo abriu lindo.",0.0605
PA002790,2023-04-08 00:45:43,"Pausa pro cafe com os colegas, bate-papo otimo.",0.0
PA002791,2023-04-08 01:32:42,"Filme otimo ontem, fui ao cinema com a familia.",0.0943
PA002792,2023-04-08 01:44:45,"Praia tranquila, sol perfeito, descanso total.",0.0057
PA002793,2023-04-08 01:57:42,"Yoga pela manha, comecei o dia muito bem.",0.0578
PA002794,2023-04-08 02:11:26,Semana intensa mas muito satisfatoria no trabalho.,0.0061
PA002795,2023-04-08 02:12:09,Show ao vivo incrivel no fim de semana.,0.1523
PA002796,2023-04-08 02:53:51,Jantar simples mas gostoso com a familia.,0.1642
PA002797,2023-04-08 03:17:19,"Passeio com o cachorro no parque, ele adorou.",0.0661
PA002798,2023-04-08 03:29:04,Leitura no jardim com tempo agradavel.,0.091
PA002799,2023-04-08 04:31:10,Semana intensa mas muito satisfatoria no trabalho.,0.181
PA002800,2023-04-08 07:53:58,"Estudando para a prova de amanha, bem concentrado.",0.1591
PA002801,2023-04-08 09:12:47,Jantar simples mas gostoso com a familia.,0.0526
PA002802,2023-04-08 10:04:43,"Configurei o home office com setup novo, otimo.",0.0781
PA002803,2023-04-08 10:31:32,"Meu time ganhou hoje, que jogo bonito foi.",0.136
PA002804,2023-04-08 17:50:35,"Minha mae fez feijao com arroz e linguica, classico perfeito.",0.0835
PA002805,2023-04-08 20:31:50,"Consegui estacionamento logo de cara, dia de sorte mesmo.",0.0298
PA002806,2023-04-08 21:00:16,Terminei o trabalho da faculdade com antecedencia.,0.0214
PA002807,2023-04-08 21:13:01,"Tarefa dificil concluida com sucesso, que satisfacao.",0.1684
PA002808,2023-04-08 21:36:31,"Serie nova incrivel, amei o primeiro episodio.",0.1078
PA002809,2023-04-08 21:54:56,"Choveu a tarde toda, dia perfeito pra ficar em casa lendo.",0.0836
PA002810,2023-04-09 01:13:45,"Plantei temperos na sacada, que satisfacao.",0.1637
PA002811,2023-04-09 01:25:34,Tarde produtiva organizando e limpando a casa.,0.1685
PA002812,2023-04-09 02:32:20,"Natacao de manha, melhor inicio de dia possivel.",0.0781
PA002813,2023-04-09 02:36:30,"Passei na certificacao, muito feliz com o resultado.",0.1618
PA002814,2023-04-09 02:43:13,"Reencontrei um amigo antigo por acaso, que alegria.",0.0735
PA002815,2023-04-09 02:57:57,Que manha fresca e agradavel para uma caminhada.,0.0691
PA002816,2023-04-09 05:21:59,Que manha fresca e agradavel para uma caminhada.,0.0827
PA002817,2023-04-09 05:22:48,"Academia hoje, treino puxado mas valeu muito.",0.0474
PA002818,2023-04-09 05:35:13,Mais um acidente por causa de imprudencia no transito.,0.4166
PA002819,2023-04-09 07:31:38,Que tarde relaxante lendo na rede.,0.0926
PA002820,2023-04-09 07:49:19,"Musica nova do meu artista favorito, de outro nivel.",0.0172
PA002821,2023-04-09 07:55:44,"Padaria da esquina lancou sabor novo, recomendo.",0.165
PA002822,2023-04-09 09:06:35,"Onibus chegou no horario hoje, que surpresa agradavel.",0.0133
PA002823,2023-04-09 09:23:44,"Estrada livre, cheguei no trabalho rapido hoje.",0.0
PA002824,2023-04-09 12:34:58,"O outono chegou cedo esse ano, que frio gostoso de manha.",0.1089
PA002825,2023-04-09 14:44:34,"Corri 5km de manha, semana otima de treino.",0.0771
PA002826,2023-04-09 16:05:12,Finalmente entendi aquele conceito que me travava.,0.0082
PA002827,2023-04-09 16:23:10,Leitura no jardim com tempo agradavel.,0.1727
PA002828,2023-04-09 16:38:07,"Volei com os amigos, muita risada e diversao.",0.0205
PA002829,2023-04-09 17:28:17,Brigadeiro de panela saiu incrivel hoje.,0.1007
PA002830,2023-04-09 17:41:39,"Tarefa dificil concluida com sucesso, que satisfacao.",0.049
PA002831,2023-04-09 19:24:36,"Filme otimo ontem, fui ao cinema com a familia.",0.1989
PA002832,2023-04-09 21:41:53,Feira de artesanato gostosa de passear.,0.0736
PA002833,2023-04-09 22:09:04,"Reuniao produtiva hoje, saimos com otimas ideias.",0.0568
PA002834,2023-04-09 22:20:21,"Sopa de legumes no frio, reconfortante e gostosa.",0.1252
PA002835,2023-04-09 22:42:22,Caminhada ate a estacao foi otima hoje.,0.079
PA002836,2023-04-10 01:46:23,"Onibus chegou no horario hoje, que surpresa agradavel.",0.1128
PA002837,2023-04-10 03:36:22,Aula incrivel sobre estatistica aplicada hoje.,0.1517
PA002838,2023-04-10 03:37:46,"Chuva passageira a tarde, depois o tempo abriu lindo.",0.0824
PA002839,2023-04-10 04:22:13,Cafe da manha caprichado: tapioca com ovo e suco de laranja.,0.1089
PA002840,2023-04-10 04:37:36,"Natacao de manha, melhor inicio de dia possivel.",0.1414
PA002841,2023-04-10 07:04:56,"Viagem de fim de semana para cidade historica, valeu.",0.0795
PA002842,2023-04-10 07:31:15,"Metro bem tranquilo essa manha, cheguei bem.",0.0859
PA002843,2023-04-10 09:01:54,"Minha mae fez feijao com arroz e linguica, classico perfeito.",0.1117
PA002844,2023-04-10 09:19:46,"Sol lindo hoje, cafe na varanda foi otimo.",0.0426
PA002845,2023-04-10 11:22:24,Aula incrivel sobre estatistica aplicada hoje.,0.1281
PA002846,2023-04-10 12:20:14,"Academia hoje, treino puxado mas valeu muito.",0.0556
PA002847,2023-04-10 12:29:36,"Metro bem tranquilo essa manha, cheguei bem.",0.1689
PA002848,2023-04-10 17:11:53,"Maratonei a temporada completa, valeu cada minuto.",0.092
PA002849,2023-04-10 18:21:39,"Padaria da esquina lancou sabor novo, recomendo.",0.0915
PA002850,2023-04-10 19:20:57,"Servico publico uma vergonha, esperei horas na fila.",0.9384
PA002851,2023-04-10 21:04:33,Feira de artesanato gostosa de passear.,0.1009
PA002852,2023-04-10 23:16:48,"O outono chegou cedo esse ano, que frio gostoso de manha.",0.039
PA002853,2023-04-11 02:58:29,"Passeio com o cachorro no parque, ele adorou.",0.0078
PA002854,2023-04-11 03:04:19,"Plantei temperos na sacada, que satisfacao.",0.014
PA002855,2023-04-11 03:49:03,"Configurei o home office com setup novo, otimo.",0.028
PA002856,2023-04-11 04:51:32,"Vento agradavel hoje, aproveitei para caminhar no parque.",0.0254
PA002857,2023-04-11 06:31:25,"Onibus chegou no horario hoje, que surpresa agradavel.",0.0738
PA002858,2023-04-11 06:44:08,"Chega de promessa vazia, quero resultado de verdade.",0.8781
PA002859,2023-04-11 07:15:19,Jogo novo me viciou de um jeito bom.,0.0427
PA002860,2023-04-11 07:19:32,"Tentei receita nova de bolo de cenoura, ficou fofinho.",0.0773
PA002861,2023-04-11 08:22:05,"Reencontrei um amigo antigo por acaso, que alegria.",0.1535
PA002862,2023-04-11 09:28:53,"Yoga pela manha, comecei o dia muito bem.",0.1663
PA002863,2023-04-11 10:33:44,"Notebook novo chegou, que desempenho incrivel.",0.0108
PA002864,2023-04-11 15:01:22,"Almoco incrivel hoje, fiz lasanha caseira do zero.",0.1456
PA002865,2023-04-11 16:15:40,Feira de artesanato gostosa de passear.,0.059
PA002866,2023-04-11 17:44:59,"Biblioteca da universidade, ambiente otimo para estudar.",0.0699
PA002867,2023-04-11 18:09:43,Jantar simples mas gostoso com a familia.,0.0
PA002868,2023-04-11 18:26:43,"Apresentacao correu muito bem, todos gostaram.",0.1445
PA002869,2023-04-11 18:32:46,"Natacao de manha, melhor inicio de dia possivel.",0.1834
PA002870,2023-04-11 18:55:31,"Metro bem tranquilo essa manha, cheguei bem.",0.0712
PA002871,2023-04-11 19:31:02,"Meu time ganhou hoje, que jogo bonito foi.",0.0574
PA002872,2023-04-11 19:55:22,"Consegui estacionamento logo de cara, dia de sorte mesmo.",0.0887
PA002873,2023-04-11 20:57:27,Finalmente entendi aquele conceito que me travava.,0.074
PA002874,2023-04-11 21:15:42,App de produtividade novo que encontrei e otimo.,0.0265
PA002875,2023-04-11 22:23:21,Que manha fresca e agradavel para uma caminhada.,0.1907
PA002876,2023-04-11 23:15:44,"Meditacao de manha, comecando o dia muito bem.",0.0912
PA002877,2023-04-11 23:45:51,"Que calor hoje, tive que ligar o ar condicionado logo cedo.",0.0
PA002878,2023-04-11 23:57:52,"Filme otimo ontem, fui ao cinema com a familia.",0.0564
PA002879,2023-04-12 00:57:20,"Meditacao de manha, comecando o dia muito bem.",0.0552
PA002880,2023-04-12 01:15:17,"Tarefa dificil concluida com sucesso, que satisfacao.",0.0846
PA002881,2023-04-12 02:42:19,Tarde produtiva organizando e limpando a casa.,0.0101
PA002882,2023-04-12 02:55:50,"Configurei o home office com setup novo, otimo.",0.043
PA002883,2023-04-12 03:17:37,Tudo caro e qualidade cada vez pior.,0.044
PA002884,2023-04-12 03:49:55,Brigadeiro de panela saiu incrivel hoje.,0.1202
PA002885,2023-04-12 04:14:11,Burocracia excessiva impossibilitando qualquer coisa.,0.4534
PA002886,2023-04-12 04:26:26,Grupo de estudos foi muito produtivo hoje.,0.0809
PA002887,2023-04-12 05:36:17,"Reencontrei um amigo antigo por acaso, que alegria.",0.0483
PA002888,2023-04-12 06:42:22,"Reencontrei um amigo antigo por acaso, que alegria.",0.0928
PA002889,2023-04-12 07:18:23,"Passeio no interior no fim de semana, natureza linda.",0.1114
PA002890,2023-04-12 07:28:10,"Chuva passageira a tarde, depois o tempo abriu lindo.",0.0
PA002891,2023-04-12 08:13:24,Pedalada de tarde com vista incrivel do parque.,0.0895
PA002892,2023-04-12 08:26:55,"Tarefa dificil concluida com sucesso, que satisfacao.",0.1008
PA002893,2023-04-12 09:04:14,"Padaria da esquina lancou sabor novo, recomendo.",0.0577
PA002894,2023-04-12 09:59:42,Podcast sobre tecnologia muito interessante.,0.0955
PA002895,2023-04-12 10:37:15,Pedalada de tarde com vista incrivel do parque.,0.0587
PA002896,2023-04-12 10:43:50,"Reuniao produtiva hoje, saimos com otimas ideias.",0.1587
PA002897,2023-04-12 12:32:57,"Volei com os amigos, muita risada e diversao.",0.0654
PA002898,2023-04-12 12:48:01,"Natacao de manha, melhor inicio de dia possivel.",0.1162
PA002899,2023-04-12 14:29:08,Atualizacao deixou o sistema muito mais rapido.,0.123
PA002900,2023-04-12 14:32:05,Jantar simples mas gostoso com a familia.,0.1508
PA002901,2023-04-12 15:46:24,"Plantei temperos na sacada, que satisfacao.",0.1031
PA002902,2023-04-12 15:48:59,Terminei o trabalho da faculdade com antecedencia.,0.1932
PA002903,2023-04-12 17:16:25,Leitura no jardim com tempo agradavel.,0.0783
PA002904,2023-04-12 19:10:31,"Aprendi receita nova no youtube, ficou otimo.",0.0141
PA002905,2023-04-12 19:49:17,"Que calor hoje, tive que ligar o ar condicionado logo cedo.",0.0989
PA002906,2023-04-12 20:00:15,"Apresentacao correu muito bem, todos gostaram.",0.1125
PA002907,2023-04-12 21:21:12,Grupo de estudos foi muito produtivo hoje.,0.0122
PA002908,2023-04-12 21:21:53,Atualizacao deixou o sistema muito mais rapido.,0.0658
PA002909,2023-04-12 21:36:35,"Volei com os amigos, muita risada e diversao.",0.0467
PA002910,2023-04-12 21:37:45,"Meditacao de manha, comecando o dia muito bem.",0.0673
PA002911,2023-04-12 21:44:17,Leitura no jardim com tempo agradavel.,0.0666
PA002912,2023-04-12 21:47:03,"Academia hoje, treino puxado mas valeu muito.",0.14
PA002913,2023-04-12 21:56:00,"Filme otimo ontem, fui ao cinema com a familia.",0.073
PA002914,2023-04-13 00:03:08,Semana intensa mas muito satisfatoria no trabalho.,0.0989
PA002915,2023-04-13 00:16:29,"Estrada livre, cheguei no trabalho rapido hoje.",0.0932
PA002916,2023-04-13 01:14:12,"Chuva passageira a tarde, depois o tempo abriu lindo.",0.0842
PA002917,2023-04-13 01:19:58,"Estrada livre, cheguei no trabalho rapido hoje.",0.0868
PA002918,2023-04-13 01:25:58,"Onibus chegou no horario hoje, que surpresa agradavel.",0.1388
PA002919,2023-04-13 02:23:35,Podcast sobre tecnologia muito interessante.,0.0408
PA002920,2023-04-13 04:11:16,"Que calor hoje, tive que ligar o ar condicionado logo cedo.",0.1193
PA002921,2023-04-13 04:33:13,Finalmente entendi aquele conceito que me travava.,0.1401
PA002922,2023-04-13 04:42:07,"Viagem de fim de semana para cidade historica, valeu.",0.0578
PA002923,2023-04-13 05:12:28,"Sol lindo hoje, cafe na varanda foi otimo.",0.22
PA002924,2023-04-13 05:52:46,"O outono chegou cedo esse ano, que frio gostoso de manha.",0.0975
PA002925,2023-04-13 05:56:39,Leitura no jardim com tempo agradavel.,0.1231
PA002926,2023-04-13 06:15:10,"Choveu a tarde toda, dia perfeito pra ficar em casa lendo.",0.0561
PA002927,2023-04-13 07:22:15,Que manha fresca e agradavel para uma caminhada.,0.0087
PA002928,2023-04-13 08:03:56,Finalmente entendi aquele conceito que me travava.,0.0707
PA002929,2023-04-13 08:47:11,"Domingo em familia, melhor dia da semana.",0.1595
PA002930,2023-04-13 09:43:43,"Biblioteca da universidade, ambiente otimo para estudar.",0.1039
PA002931,2023-04-13 09:55:17,"Yoga pela manha, comecei o dia muito bem.",0.0667
PA002932,2023-04-13 10:14:18,"Museu da cidade muito interessante, aprendi bastante.",0.0894
PA002933,2023-04-13 11:12:18,Brigadeiro de panela saiu incrivel hoje.,0.0856
PA002934,2023-04-13 12:20:33,Grupo de estudos foi muito produtivo hoje.,0.099
PA002935,2023-04-13 13:22:47,"Vento agradavel hoje, aproveitei para caminhar no parque.",0.0256
PA002936,2023-04-13 13:29:15,"Plantei temperos na sacada, que satisfacao.",0.1368
PA002937,2023-04-13 14:56:46,"Meu time ganhou hoje, que jogo bonito foi.",0.0049
PA002938,2023-04-13 15:31:38,"Acai gelado essa tarde, refrescante demais.",0.1324
PA002939,2023-04-13 15:41:51,"Fui num restaurante novo, a pizza estava espetacular.",0.0019
PA002940,2023-04-13 15:48:00,"Configurei o home office com setup novo, otimo.",0.0626
PA002941,2023-04-13 16:42:44,"Fui num restaurante novo, a pizza estava espetacular.",0.0503
PA002942,2023-04-13 17:03:00,Jogo novo me viciou de um jeito bom.,0.0933
PA002943,2023-04-13 17:03:32,"Passeio com o cachorro no parque, ele adorou.",0.0
PA002944,2023-04-13 18:43:58,"Testei IA para ajudar com codigo, funcionou bem.",0.0899
PA002945,2023-04-13 19:14:20,"Domingo em familia, melhor dia da semana.",0.22
PA002946,2023-04-13 19:17:28,"Estrada livre, cheguei no trabalho rapido hoje.",0.1307
PA002947,2023-04-13 20:30:00,"Passeio no interior no fim de semana, natureza linda.",0.1388
PA002948,2023-04-13 23:00:26,"Plantei temperos na sacada, que satisfacao.",0.066
PA002949,2023-04-13 23:15:34,Jogo novo me viciou de um jeito bom.,0.076
PA002950,2023-04-13 23:51:16,"Sol lindo hoje, cafe na varanda foi otimo.",0.1428
PA002951,2023-04-14 00:44:13,Burocracia excessiva impossibilitando qualquer coisa.,0.3428
PA002952,2023-04-14 01:36:14,"Chuva passageira a tarde, depois o tempo abriu lindo.",0.027
PA002953,2023-04-14 02:07:12,Caminhada ate a estacao foi otima hoje.,0.1162
PA002954,2023-04-14 02:53:25,Que manha fresca e agradavel para uma caminhada.,0.0856
PA002955,2023-04-14 04:07:15,"Viagem de fim de semana para cidade historica, valeu.",0.0159
PA002956,2023-04-14 05:23:48,"Museu da cidade muito interessante, aprendi bastante.",0.0773
PA002957,2023-04-14 05:52:42,"Que semana frustrante, precisava que as coisas dessem certo.",0.6833
PA002958,2023-04-14 07:08:48,Atualizacao deixou o sistema muito mais rapido.,0.0756
PA002959,2023-04-14 07:21:39,Tarde produtiva organizando e limpando a casa.,0.0051
PA002960,2023-04-14 08:22:58,"Volei com os amigos, muita risada e diversao.",0.1345
PA002961,2023-04-14 08:57:11,Jantar simples mas gostoso com a familia.,0.093
PA002962,2023-04-14 09:28:33,"Filme otimo ontem, fui ao cinema com a familia.",0.1428
PA002963,2023-04-14 09:53:36,"Sopa de legumes no frio, reconfortante e gostosa.",0.0748
PA002964,2023-04-14 10:41:43,"Fechei projeto importante essa semana, que alegria.",0.0142
PA002965,2023-04-14 10:52:20,App de produtividade novo que encontrei e otimo.,0.0326
PA002966,2023-04-14 14:05:47,"Volei com os amigos, muita risada e diversao.",0.0832
PA002967,2023-04-14 14:06:19,"Praia tranquila, sol perfeito, descanso total.",0.0
PA002968,2023-04-14 14:27:29,"Livro excelente sobre ciencia de dados, recomendo muito.",0.091
PA002969,2023-04-14 16:21:06,"Padaria da esquina lancou sabor novo, recomendo.",0.1104
PA002970,2023-04-14 18:04:03,Jantar simples mas gostoso com a familia.,0.1268
PA002971,2023-04-14 18:47:36,"Cuidando das plantas em casa, muito terapeutico.",0.0941
PA002972,2023-04-14 18:55:41,"Fila do hospital andando devagar, sistema falido.",0.1175
PA002973,2023-04-14 19:48:37,Atualizacao deixou o sistema muito mais rapido.,0.0946
PA002974,2023-04-14 22:09:14,"Aprendi receita nova no youtube, ficou otimo.",0.0798
PA002975,2023-04-14 22:26:41,"O outono chegou cedo esse ano, que frio gostoso de manha.",0.0712
PA002976,2023-04-14 23:22:07,"Praia tranquila, sol perfeito, descanso total.",0.0841
PA002977,2023-04-14 23:25:19,Pedalada de tarde com vista incrivel do parque.,0.0573
PA002978,2023-04-15 00:12:56,Cafe da manha caprichado: tapioca com ovo e suco de laranja.,0.0856
PA002979,2023-04-15 01:46:48,"Aprendi receita nova no youtube, ficou otimo.",0.078
PA002980,2023-04-15 02:28:04,"Volei com os amigos, muita risada e diversao.",0.1492
PA002981,2023-04-15 03:05:23,"Chuva passageira a tarde, depois o tempo abriu lindo.",0.0892
PA002982,2023-04-15 03:18:08,"Acai gelado essa tarde, refrescante demais.",0.0663
PA002983,2023-04-15 03:22:19,"Academia hoje, treino puxado mas valeu muito.",0.0773
PA002984,2023-04-15 03:54:44,"Vento agradavel hoje, aproveitei para caminhar no parque.",0.0656
PA002985,2023-04-15 04:08:36,"Passeio com o cachorro no parque, ele adorou.",0.0379
PA002986,2023-04-15 04:34:02,App de produtividade novo que encontrei e otimo.,0.1133
PA002987,2023-04-15 05:44:10,"Testei IA para ajudar com codigo, funcionou bem.",0.0281
PA002988,2023-04-15 07:07:06,"Fui de bike hoje, que exercicio agradavel de manha.",0.1266
PA002989,2023-04-15 07:33:50,"Passei na certificacao, muito feliz com o resultado.",0.1226
PA002990,2023-04-15 08:30:40,Caminhada ate a estacao foi otima hoje.,0.13
PA002991,2023-04-15 08:43:01,"Fui de bike hoje, que exercicio agradavel de manha.",0.1013
PA002992,2023-04-15 09:48:39,Que tarde relaxante lendo na rede.,0.0635
PA002993,2023-04-15 10:33:39,Semana intensa mas muito satisfatoria no trabalho.,0.1348
PA002994,2023-04-15 10:45:00,"Fui de bike hoje, que exercicio agradavel de manha.",0.1194
PA002995,2023-04-15 11:16:46,"Reencontrei um amigo antigo por acaso, que alegria.",0.0273
PA002996,2023-04-15 12:32:07,"Passeio com o cachorro no parque, ele adorou.",0.1038
PA002997,2023-04-15 16:25:56,"Choveu a tarde toda, dia perfeito pra ficar em casa lendo.",0.0847
PA002998,2023-04-15 18:45:18,Atualizacao deixou o sistema muito mais rapido.,0.0
PA002999,2023-04-15 20:22:35,"Metro bem tranquilo essa manha, cheguei bem.",0.0733
PA003000,2023-04-15 21:40:32,"Dia nublado mas tranquilo, bom para estudar sem distracao.",0.0451
PA003001,2023-04-15 23:14:25,App de produtividade novo que encontrei e otimo.,0.0466
PA003002,2023-04-15 23:43:21,"Passeio no interior no fim de semana, natureza linda.",0.058
PA003003,2023-04-16 00:18:22,"Estudando para a prova de amanha, bem concentrado.",0.1156
PA003004,2023-04-16 00:36:49,Grupo de estudos foi muito produtivo hoje.,0.023
PA003005,2023-04-16 00:38:15,"Plantei temperos na sacada, que satisfacao.",0.0301
PA003006,2023-04-16 02:29:28,"Padaria da esquina lancou sabor novo, recomendo.",0.0
PA003007,2023-04-16 03:15:19,"Home office com cafe fresquinho do lado, otimo.",0.121
PA003008,2023-04-16 06:40:25,Aula incrivel sobre estatistica aplicada hoje.,0.0656
PA003009,2023-04-16 07:42:41,"Fui de bike hoje, que exercicio agradavel de manha.",0.0364
PA003010,2023-04-16 08:04:21,"Volei com os amigos, muita risada e diversao.",0.0731
PA003011,2023-04-16 08:15:02,"Minha mae fez feijao com arroz e linguica, classico perfeito.",0.0077
PA003012,2023-04-16 09:41:24,"Onibus chegou no horario hoje, que surpresa agradavel.",0.1745
PA003013,2023-04-16 12:30:17,Que tarde relaxante lendo na rede.,0.1886
PA003014,2023-04-16 13:47:13,"O outono chegou cedo esse ano, que frio gostoso de manha.",0.0381
PA003015,2023-04-16 14:21:27,"Sol lindo hoje, cafe na varanda foi otimo.",0.1601
PA003016,2023-04-16 15:04:43,"Yoga pela manha, comecei o dia muito bem.",0.1317
PA003017,2023-04-16 18:21:19,"Consegui estacionamento logo de cara, dia de sorte mesmo.",0.1418
PA003018,2023-04-16 18:57:04,"Yoga pela manha, comecei o dia muito bem.",0.1529
PA003019,2023-04-16 19:55:36,"Yoga pela manha, comecei o dia muito bem.",0.1206
PA003020,2023-04-16 20:50:09,"Meu time ganhou hoje, que jogo bonito foi.",0.0525
PA003021,2023-04-16 21:08:38,"Novo celular chegou, a camera e impressionante.",0.1167
PA003022,2023-04-16 22:43:37,"Filme otimo ontem, fui ao cinema com a familia.",0.0538
PA003023,2023-04-16 23:01:30,"Padaria da esquina lancou sabor novo, recomendo.",0.0747
PA003024,2023-04-16 23:24:41,"Configurei o home office com setup novo, otimo.",0.1542
PA003025,2023-04-17 00:17:39,"Dia nublado mas tranquilo, bom para estudar sem distracao.",0.1209
PA003026,2023-04-17 01:19:21,Aula incrivel sobre estatistica aplicada hoje.,0.1167
PA003027,2023-04-17 01:21:38,"Academia hoje, treino puxado mas valeu muito.",0.1329
PA003028,2023-04-17 02:06:02,"Estrada livre, cheguei no trabalho rapido hoje.",0.1385
PA003029,2023-04-17 03:30:38,Semana intensa mas muito satisfatoria no trabalho.,0.0665
PA003030,2023-04-17 03:36:44,"Acai gelado essa tarde, refrescante demais.",0.0214
PA003031,2023-04-17 03:41:09,"Yoga pela manha, comecei o dia muito bem.",0.0614
PA003032,2023-04-17 03:41:32,"Que calor hoje, tive que ligar o ar condicionado logo cedo.",0.0
PA003033,2023-04-17 03:56:58,"Minha mae fez feijao com arroz e linguica, classico perfeito.",0.0789
PA003034,2023-04-17 05:39:05,"O outono chegou cedo esse ano, que frio gostoso de manha.",0.0702
PA003035,2023-04-17 06:24:23,"Fechei projeto importante essa semana, que alegria.",0.135
PA003036,2023-04-17 06:40:07,"Natacao de manha, melhor inicio de dia possivel.",0.1046
PA003037,2023-04-17 06:54:21,"Meditacao de manha, comecando o dia muito bem.",0.1093
PA003038,2023-04-17 07:00:51,"Meditacao de manha, comecando o dia muito bem.",0.0948
PA003039,2023-04-17 07:34:35,"Chuva passageira a tarde, depois o tempo abriu lindo.",0.0661
PA003040,2023-04-17 07:45:02,"Que calor hoje, tive que ligar o ar condicionado logo cedo.",0.1449
PA003041,2023-04-17 08:21:59,Cafe da manha caprichado: tapioca com ovo e suco de laranja.,0.0895
PA003042,2023-04-17 09:52:47,Jogo novo me viciou de um jeito bom.,0.0
PA003043,2023-04-17 10:20:13,Politico corrupto aparecendo na midia de novo.,0.7378
PA003044,2023-04-17 10:40:49,"Serie nova incrivel, amei o primeiro episodio.",0.0629
PA003045,2023-04-17 10:45:33,"Museu da cidade muito interessante, aprendi bastante.",0.0616
PA003046,2023-04-17 10:48:06,Tudo caro e qualidade cada vez pior.,0.9384
PA003047,2023-04-17 11:24:42,"Consegui estacionamento logo de cara, dia de sorte mesmo.",0.0685
PA003048,2023-04-17 11:24:53,Que manha fresca e agradavel para uma caminhada.,0.1106
PA003049,2023-04-17 11:39:29,Feira de artesanato gostosa de passear.,0.1257
PA003050,2023-04-17 12:12:36,"Metro bem tranquilo essa manha, cheguei bem.",0.0287
PA003051,2023-04-17 13:12:27,"Corri 5km de manha, semana otima de treino.",0.1154
PA003052,2023-04-17 13:31:45,"Passeio no interior no fim de semana, natureza linda.",0.0877
PA003053,2023-04-17 15:11:20,"Home office com cafe fresquinho do lado, otimo.",0.0689
PA003054,2023-04-17 15:36:32,"Trilha ecologica incrivel, natureza pura.",0.0984
PA003055,2023-04-17 17:58:05,"Vento agradavel hoje, aproveitei para caminhar no parque.",0.0848
PA003056,2023-04-17 19:14:40,"Maratonei a temporada completa, valeu cada minuto.",0.0
PA003057,2023-04-17 20:29:22,Podcast sobre tecnologia muito interessante.,0.0961
PA003058,2023-04-17 21:08:18,"Maratonei a temporada completa, valeu cada minuto.",0.0
PA003059,2023-04-17 21:35:34,"Aprendi receita nova no youtube, ficou otimo.",0.1167
PA003060,2023-04-17 22:39:11,"Academia hoje, treino puxado mas valeu muito.",0.1465
PA003061,2023-04-17 23:26:45,Jantar simples mas gostoso com a familia.,0.0
PA003062,2023-04-18 01:30:07,"Natacao de manha, melhor inicio de dia possivel.",0.1408
PA003063,2023-04-18 01:42:19,Podcast sobre tecnologia muito interessante.,0.0848
PA003064,2023-04-18 01:54:49,"Filme otimo ontem, fui ao cinema com a familia.",0.0634
PA003065,2023-04-18 02:57:15,"Home office com cafe fresquinho do lado, otimo.",0.0523
PA003066,2023-04-18 07:26:57,Feira de artesanato gostosa de passear.,0.058
PA003067,2023-04-18 10:41:16,Que manha fresca e agradavel para uma caminhada.,0.032
PA003068,2023-04-18 12:07:47,"Yoga pela manha, comecei o dia muito bem.",0.1299
PA003069,2023-04-18 12:14:28,Leitura no jardim com tempo agradavel.,0.0818
PA003070,2023-04-18 12:21:12,Terminei o trabalho da faculdade com antecedencia.,0.1046
PA003071,2023-04-18 13:18:57,"Pipoca e serie boa na sexta, programa perfeito.",0.1221
PA003072,2023-04-18 13:28:33,Podcast sobre tecnologia muito interessante.,0.0898
PA003073,2023-04-18 13:46:41,"Testei IA para ajudar com codigo, funcionou bem.",0.1041
PA003074,2023-04-18 13:50:30,"Plantei temperos na sacada, que satisfacao.",0.1115
PA003075,2023-04-18 14:13:33,"Meditacao de manha, comecando o dia muito bem.",0.0728
PA003076,2023-04-18 14:40:13,"O outono chegou cedo esse ano, que frio gostoso de manha.",0.0284
PA003077,2023-04-18 15:08:38,"Testei IA para ajudar com codigo, funcionou bem.",0.0604
PA003078,2023-04-18 16:42:37,"Aprendi receita nova no youtube, ficou otimo.",0.0022
PA003079,2023-04-18 17:01:37,Atualizacao deixou o sistema muito mais rapido.,0.1274
PA003080,2023-04-18 18:19:32,"Metro bem tranquilo essa manha, cheguei bem.",0.109
PA003081,2023-04-18 21:37:19,"Academia hoje, treino puxado mas valeu muito.",0.0
PA003082,2023-04-18 22:24:45,"Almoco incrivel hoje, fiz lasanha caseira do zero.",0.1161
PA003083,2023-04-18 22:43:14,Terminei o trabalho da faculdade com antecedencia.,0.0181
PA003084,2023-04-18 22:49:13,App de produtividade novo que encontrei e otimo.,0.0787
PA003085,2023-04-19 00:34:27,Cafe da manha caprichado: tapioca com ovo e suco de laranja.,0.0254
PA003086,2023-04-19 01:09:56,"Dia nublado mas tranquilo, bom para estudar sem distracao.",0.0933
PA003087,2023-04-19 01:46:02,Cafe da manha caprichado: tapioca com ovo e suco de laranja.,0.0835
PA003088,2023-04-19 02:12:10,"Que calor hoje, tive que ligar o ar condicionado logo cedo.",0.0195
PA003089,2023-04-19 03:41:28,"Musica nova do meu artista favorito, de outro nivel.",0.1277
PA003090,2023-04-19 04:59:20,Jogo novo me viciou de um jeito bom.,0.1003
PA003091,2023-04-19 07:31:09,"Yoga pela manha, comecei o dia muito bem.",0.0413
PA003092,2023-04-19 08:12:01,Cafe da manha caprichado: tapioca com ovo e suco de laranja.,0.0713
PA003093,2023-04-19 10:27:13,"Choveu a tarde toda, dia perfeito pra ficar em casa lendo.",0.027
PA003094,2023-04-19 10:51:22,Aplicativo de carona funcionou perfeitamente.,0.0
PA003095,2023-04-19 11:10:40,"Meditacao de manha, comecando o dia muito bem.",0.0544
PA003096,2023-04-19 11:36:59,"Testei IA para ajudar com codigo, funcionou bem.",0.1319
PA003097,2023-04-19 11:54:07,Semana intensa mas muito satisfatoria no trabalho.,0.0547
PA003098,2023-04-19 12:31:32,Brigadeiro de panela saiu incrivel hoje.,0.002
PA003099,2023-04-19 12:57:09,Finalmente entendi aquele conceito que me travava.,0.093
PA003100,2023-04-19 13:05:15,"Home office com cafe fresquinho do lado, otimo.",0.0459
PA003101,2023-04-19 14:10:36,"Testei IA para ajudar com codigo, funcionou bem.",0.1064
PA003102,2023-04-19 14:13:28,"Notebook novo chegou, que desempenho incrivel.",0.1746
PA003103,2023-04-19 14:39:02,"Museu da cidade muito interessante, aprendi bastante.",0.0511
PA003104,2023-04-19 14:46:18,"Consegui estacionamento logo de cara, dia de sorte mesmo.",0.11
PA003105,2023-04-19 15:38:23,"Novo celular chegou, a camera e impressionante.",0.0996
PA003106,2023-04-19 16:54:31,"Acai gelado essa tarde, refrescante demais.",0.0657
PA003107,2023-04-19 18:43:59,Grupo de estudos foi muito produtivo hoje.,0.1158
PA003108,2023-04-19 19:23:10,Semana intensa mas muito satisfatoria no trabalho.,0.0287
PA003109,2023-04-19 20:58:05,"Domingo em familia, melhor dia da semana.",0.0469
PA003110,2023-04-20 01:17:24,"Biblioteca da universidade, ambiente otimo para estudar.",0.1033
PA003111,2023-04-20 04:52:33,"Tentei receita nova de bolo de cenoura, ficou fofinho.",0.1701
PA003112,2023-04-20 07:27:36,"Livro excelente sobre ciencia de dados, recomendo muito.",0.0582
PA003113,2023-04-20 08:23:22,"Minha mae fez feijao com arroz e linguica, classico perfeito.",0.1135
PA003114,2023-04-20 08:46:29,"Maratonei a temporada completa, valeu cada minuto.",0.0736
PA003115,2023-04-20 09:18:15,Cafe da manha caprichado: tapioca com ovo e suco de laranja.,0.0527
PA003116,2023-04-20 09:41:11,Atualizacao deixou o sistema muito mais rapido.,0.0575
PA003117,2023-04-20 14:16:01,"Acai gelado essa tarde, refrescante demais.",0.0732
PA003118,2023-04-20 14:44:36,"Serie nova incrivel, amei o primeiro episodio.",0.0514
PA003119,2023-04-20 15:16:13,"Pipoca e serie boa na sexta, programa perfeito.",0.0668
PA003120,2023-04-20 15:43:34,Grupo de estudos foi muito produtivo hoje.,0.0304
PA003121,2023-04-20 17:21:06,"Metro bem tranquilo essa manha, cheguei bem.",0.1779
PA003122,2023-04-20 18:06:16,"Teatro incrivel ontem, peca muito bem dirigida.",0.0
PA003123,2023-04-20 19:33:31,"Home office com cafe fresquinho do lado, otimo.",0.1722
PA003124,2023-04-20 20:02:08,"Sol lindo hoje, cafe na varanda foi otimo.",0.0499
PA003125,2023-04-20 20:10:52,"Biblioteca da universidade, ambiente otimo para estudar.",0.0934
PA003126,2023-04-20 22:10:20,Feira de artesanato gostosa de passear.,0.0
PA003127,2023-04-20 23:12:58,Jantar simples mas gostoso com a familia.,0.0679
PA003128,2023-04-20 23:15:37,Grupo de estudos foi muito produtivo hoje.,0.0054
PA003129,2023-04-21 00:47:23,"Estrada livre, cheguei no trabalho rapido hoje.",0.0129
PA003130,2023-04-21 02:08:37,"Sol lindo hoje, cafe na varanda foi otimo.",0.0708
PA003131,2023-04-21 02:29:40,Brigadeiro de panela saiu incrivel hoje.,0.1324
PA003132,2023-04-21 02:41:33,"Sol lindo hoje, cafe na varanda foi otimo.",0.0762
PA003133,2023-04-21 02:41:41,"Choveu a tarde toda, dia perfeito pra ficar em casa lendo.",0.1349
PA003134,2023-04-21 04:26:12,"Vento agradavel hoje, aproveitei para caminhar no parque.",0.22
PA003135,2023-04-21 04:27:06,"Livro excelente sobre ciencia de dados, recomendo muito.",0.0
PA003136,2023-04-21 06:20:27,"Que bagunca, nada funcionando direito.",0.5031
PA003137,2023-04-21 06:28:02,"Pipoca e serie boa na sexta, programa perfeito.",0.0976
PA003138,2023-04-21 06:47:48,"Aprendi receita nova no youtube, ficou otimo.",0.0184
PA003139,2023-04-21 07:53:02,Leitura no jardim com tempo agradavel.,0.1062
PA003140,2023-04-21 09:13:31,Jantar simples mas gostoso com a familia.,0.1621
PA003141,2023-04-21 09:15:21,"Academia hoje, treino puxado mas valeu muito.",0.0
PA003142,2023-04-21 09:40:41,"Trilha ecologica incrivel, natureza pura.",0.1554
PA003143,2023-04-21 10:15:46,"Onibus chegou no horario hoje, que surpresa agradavel.",0.1087
PA003144,2023-04-21 10:38:59,"Academia hoje, treino puxado mas valeu muito.",0.1548
PA003145,2023-04-21 11:29:48,"Filme otimo ontem, fui ao cinema com a familia.",0.1353
PA003146,2023-04-21 12:33:50,"Domingo em familia, melhor dia da semana.",0.0638
PA003147,2023-04-21 14:17:49,"Museu da cidade muito interessante, aprendi bastante.",0.06
PA003148,2023-04-21 14:47:19,"Chuva passageira a tarde, depois o tempo abriu lindo.",0.0289
PA003149,2023-04-21 15:10:30,"Maratonei a temporada completa, valeu cada minuto.",0.1063
PA003150,2023-04-21 15:20:42,"Corri 5km de manha, semana otima de treino.",0.0257
PA003151,2023-04-21 15:47:50,"Padaria da esquina lancou sabor novo, recomendo.",0.0346
PA003152,2023-04-21 16:55:12,Que tarde relaxante lendo na rede.,0.067
PA003153,2023-04-21 17:22:42,Jogo novo me viciou de um jeito bom.,0.0828
PA003154,2023-04-21 18:13:47,"Testei IA para ajudar com codigo, funcionou bem.",0.0305
PA003155,2023-04-21 19:08:49,"Choveu a tarde toda, dia perfeito pra ficar em casa lendo.",0.0955
PA003156,2023-04-21 19:12:44,"Meu time ganhou hoje, que jogo bonito foi.",0.0953
PA003157,2023-04-21 19:24:02,"Musica nova do meu artista favorito, de outro nivel.",0.1466
PA003158,2023-04-21 19:25:28,"Domingo em familia, melhor dia da semana.",0.0412
PA003159,2023-04-21 19:29:37,"Configurei o home office com setup novo, otimo.",0.1034
PA003160,2023-04-21 19:38:15,"Que calor hoje, tive que ligar o ar condicionado logo cedo.",0.0942
PA003161,2023-04-21 20:06:35,Aula incrivel sobre estatistica aplicada hoje.,0.0479
PA003162,2023-04-21 21:56:31,Leitura no jardim com tempo agradavel.,0.0092
PA003163,2023-04-21 22:55:27,"Home office com cafe fresquinho do lado, otimo.",0.22
PA003164,2023-04-21 23:50:37,"Apresentacao correu muito bem, todos gostaram.",0.0701
PA003165,2023-04-22 00:02:01,Jogo novo me viciou de um jeito bom.,0.0905
PA003166,2023-04-22 01:22:47,"Que calor hoje, tive que ligar o ar condicionado logo cedo.",0.0568
PA003167,2023-04-22 01:56:43,Que manha fresca e agradavel para uma caminhada.,0.0098
PA003168,2023-04-22 02:51:19,"Domingo em familia, melhor dia da semana.",0.0582
PA003169,2023-04-22 02:53:09,"Estudando para a prova de amanha, bem concentrado.",0.0687
PA003170,2023-04-22 03:02:37,Atualizacao deixou o sistema muito mais rapido.,0.1347
PA003171,2023-04-22 06:19:26,Aplicativo de carona funcionou perfeitamente.,0.1997
PA003172,2023-04-22 08:38:43,"Tentei receita nova de bolo de cenoura, ficou fofinho.",0.0365
PA003173,2023-04-22 09:12:42,Finalmente entendi aquele conceito que me travava.,0.0417
PA003174,2023-04-22 09:55:01,"Yoga pela manha, comecei o dia muito bem.",0.0361
PA003175,2023-04-22 10:04:11,Que manha fresca e agradavel para uma caminhada.,0.0713
PA003176,2023-04-22 10:29:35,"Testei IA para ajudar com codigo, funcionou bem.",0.0905
PA003177,2023-04-22 10:51:21,Aula incrivel sobre estatistica aplicada hoje.,0.0673
PA003178,2023-04-22 11:30:03,"Passeio com o cachorro no parque, ele adorou.",0.0987
PA003179,2023-04-22 12:43:26,"Chuva passageira a tarde, depois o tempo abriu lindo.",0.0791
PA003180,2023-04-22 15:23:37,"Passeio no interior no fim de semana, natureza linda.",0.0
PA003181,2023-04-22 15:25:10,Podcast sobre tecnologia muito interessante.,0.0
PA003182,2023-04-22 16:21:13,"Fui num restaurante novo, a pizza estava espetacular.",0.0715
PA003183,2023-04-22 17:40:13,"Fechei projeto importante essa semana, que alegria.",0.0833
PA003184,2023-04-22 17:50:44,"Tarefa dificil concluida com sucesso, que satisfacao.",0.0272
PA003185,2023-04-22 18:11:44,Jantar simples mas gostoso com a familia.,0.0726
PA003186,2023-04-22 18:23:22,"Metro bem tranquilo essa manha, cheguei bem.",0.0823
PA003187,2023-04-22 21:04:35,Cafe da manha caprichado: tapioca com ovo e suco de laranja.,0.0964
PA003188,2023-04-22 22:24:22,"Natacao de manha, melhor inicio de dia possivel.",0.0668
PA003189,2023-04-22 22:50:12,"Consegui estacionamento logo de cara, dia de sorte mesmo.",0.0612
PA003190,2023-04-22 23:51:01,"Fui num restaurante novo, a pizza estava espetacular.",0.0
PA003191,2023-04-23 00:23:51,Jogo novo me viciou de um jeito bom.,0.0572
PA003192,2023-04-23 01:09:42,"Chuva passageira a tarde, depois o tempo abriu lindo.",0.0479
PA003193,2023-04-23 02:21:31,Podcast sobre tecnologia muito interessante.,0.0459
PA003194,2023-04-23 02:29:27,"Almoco incrivel hoje, fiz lasanha caseira do zero.",0.0
PA003195,2023-04-23 02:58:44,"Novo celular chegou, a camera e impressionante.",0.1192
PA003196,2023-04-23 07:34:39,Que tarde relaxante lendo na rede.,0.0424
PA003197,2023-04-23 08:48:54,"Reencontrei um amigo antigo por acaso, que alegria.",0.1199
PA003198,2023-04-23 09:11:26,"Viagem de fim de semana para cidade historica, valeu.",0.1028
PA003199,2023-04-23 09:31:48,"Aprendi receita nova no youtube, ficou otimo.",0.0
PA003200,2023-04-23 10:33:09,"Novo celular chegou, a camera e impressionante.",0.0391
PA003201,2023-04-23 11:40:44,"Natacao de manha, melhor inicio de dia possivel.",0.0735
PA003202,2023-04-23 13:43:03,Tarde produtiva organizando e limpando a casa.,0.0905
PA003203,2023-04-23 13:45:30,"Yoga pela manha, comecei o dia muito bem.",0.149
PA003204,2023-04-23 13:53:03,"Fui num restaurante novo, a pizza estava espetacular.",0.0905
PA003205,2023-04-23 16:40:55,App de produtividade novo que encontrei e otimo.,0.0529
PA003206,2023-04-23 17:19:39,"Padaria da esquina lancou sabor novo, recomendo.",0.0511
PA003207,2023-04-23 18:11:12,"Tarefa dificil concluida com sucesso, que satisfacao.",0.0985
PA003208,2023-04-23 18:42:08,"Passeio com o cachorro no parque, ele adorou.",0.0404
PA003209,2023-04-23 20:50:18,"Passeio com o cachorro no parque, ele adorou.",0.0718
PA003210,2023-04-23 22:24:16,"Teatro incrivel ontem, peca muito bem dirigida.",0.0811
PA003211,2023-04-23 22:36:52,"Academia hoje, treino puxado mas valeu muito.",0.0424
PA003212,2023-04-23 22:40:48,"Tentei receita nova de bolo de cenoura, ficou fofinho.",0.1477
PA003213,2023-04-23 23:42:53,"Testei IA para ajudar com codigo, funcionou bem.",0.0793
PA003214,2023-04-24 00:05:04,"Serie nova incrivel, amei o primeiro episodio.",0.0556
PA003215,2023-04-24 00:14:31,Leitura no jardim com tempo agradavel.,0.0052
PA003216,2023-04-24 00:37:54,Brigadeiro de panela saiu incrivel hoje.,0.0507
PA003217,2023-04-24 00:54:05,Atualizacao deixou o sistema muito mais rapido.,0.142
PA003218,2023-04-24 02:14:31,"Natacao de manha, melhor inicio de dia possivel.",0.0867
PA003219,2023-04-24 03:32:50,"Maratonei a temporada completa, valeu cada minuto.",0.0
PA003220,2023-04-24 04:42:11,"Serie nova incrivel, amei o primeiro episodio.",0.0925
PA003221,2023-04-24 05:00:06,"Passei na certificacao, muito feliz com o resultado.",0.1352
PA003222,2023-04-24 05:31:55,"Minha mae fez feijao com arroz e linguica, classico perfeito.",0.0596
PA003223,2023-04-24 07:58:23,"Que semana frustrante, precisava que as coisas dessem certo.",0.6145
PA003224,2023-04-24 07:59:59,"Plantei temperos na sacada, que satisfacao.",0.0699
PA003225,2023-04-24 08:55:38,Atualizacao deixou o sistema muito mais rapido.,0.0604
PA003226,2023-04-24 09:25:27,"Fechei projeto importante essa semana, que alegria.",0.0596
PA003227,2023-04-24 09:35:38,"Cuidando das plantas em casa, muito terapeutico.",0.0468
PA003228,2023-04-24 10:52:47,Pedalada de tarde com vista incrivel do parque.,0.0662
PA003229,2023-04-24 11:11:56,"Passei na certificacao, muito feliz com o resultado.",0.0449
PA003230,2023-04-24 12:21:26,"Academia hoje, treino puxado mas valeu muito.",0.0684
PA003231,2023-04-24 13:26:20,"Fui de bike hoje, que exercicio agradavel de manha.",0.1519
PA003232,2023-04-24 13:41:40,"Museu da cidade muito interessante, aprendi bastante.",0.0132
PA003233,2023-04-24 14:01:28,"Serie nova incrivel, amei o primeiro episodio.",0.1215
PA003234,2023-04-24 15:02:11,Grupo de estudos foi muito produtivo hoje.,0.0298
PA003235,2023-04-24 17:47:03,"Trilha ecologica incrivel, natureza pura.",0.0435
PA003236,2023-04-24 18:10:21,Aplicativo de carona funcionou perfeitamente.,0.0678
PA003237,2023-04-24 18:55:19,"Notebook novo chegou, que desempenho incrivel.",0.0166
PA003238,2023-04-24 19:38:01,"Padaria da esquina lancou sabor novo, recomendo.",0.0346
PA003239,2023-04-24 22:20:54,Nao aguento mais essas politicas que nao funcionam.,0.5932
PA003240,2023-04-24 22:27:01,"Minha mae fez feijao com arroz e linguica, classico perfeito.",0.0115
PA003241,2023-04-24 22:35:10,"Passeio com o cachorro no parque, ele adorou.",0.0611
PA003242,2023-04-25 00:16:08,"Onibus chegou no horario hoje, que surpresa agradavel.",0.0255
PA003243,2023-04-25 02:46:21,"Chuva passageira a tarde, depois o tempo abriu lindo.",0.0842
PA003244,2023-04-25 02:54:07,"Almoco incrivel hoje, fiz lasanha caseira do zero.",0.0747
PA003245,2023-04-25 03:44:27,"Dia nublado mas tranquilo, bom para estudar sem distracao.",0.163
PA003246,2023-04-25 04:31:06,Cansado desse sistema publico que nao funciona.,0.1241
PA003247,2023-04-25 05:22:08,"O outono chegou cedo esse ano, que frio gostoso de manha.",0.0
PA003248,2023-04-25 07:56:02,"Acai gelado essa tarde, refrescante demais.",0.042
PA003249,2023-04-25 09:56:12,"Que calor hoje, tive que ligar o ar condicionado logo cedo.",0.0199
PA003250,2023-04-25 10:35:40,"Serie nova incrivel, amei o primeiro episodio.",0.0473
PA003251,2023-04-25 11:09:14,"Maratonei a temporada completa, valeu cada minuto.",0.0545
PA003252,2023-04-25 13:05:24,"Padaria da esquina lancou sabor novo, recomendo.",0.0
PA003253,2023-04-25 15:14:00,"Testei IA para ajudar com codigo, funcionou bem.",0.0
PA003254,2023-04-25 16:07:09,"Fui num restaurante novo, a pizza estava espetacular.",0.0745
PA003255,2023-04-25 16:09:49,"Acai gelado essa tarde, refrescante demais.",0.0336
PA003256,2023-04-25 17:22:20,Que tarde relaxante lendo na rede.,0.1368
PA003257,2023-04-25 18:54:48,Brigadeiro de panela saiu incrivel hoje.,0.034
PA003258,2023-04-25 19:14:17,"Musica nova do meu artista favorito, de outro nivel.",0.1326
PA003259,2023-04-25 19:59:42,Cafe da manha caprichado: tapioca com ovo e suco de laranja.,0.0837
PA003260,2023-04-25 20:25:54,"Natacao de manha, melhor inicio de dia possivel.",0.0995
PA003261,2023-04-25 20:32:55,Que tarde relaxante lendo na rede.,0.096
PA003262,2023-04-25 21:24:05,"Reuniao produtiva hoje, saimos com otimas ideias.",0.0172
PA003263,2023-04-25 22:20:32,Aplicativo travou bem na hora da reuniao importante.,0.0803
PA003264,2023-04-25 22:37:16,"Consegui estacionamento logo de cara, dia de sorte mesmo.",0.0178
PA003265,2023-04-25 22:39:22,"Plantei temperos na sacada, que satisfacao.",0.0412
PA003266,2023-04-25 22:54:01,Tarde produtiva organizando e limpando a casa.,0.091
PA003267,2023-04-26 00:28:06,"Praia tranquila, sol perfeito, descanso total.",0.1698
PA003268,2023-04-26 00:30:05,"Novo celular chegou, a camera e impressionante.",0.03
PA003269,2023-04-26 00:43:01,"Serie nova incrivel, amei o primeiro episodio.",0.0365
PA003270,2023-04-26 01:12:31,"Domingo em familia, melhor dia da semana.",0.0597
PA003271,2023-04-26 01:56:35,"Pausa pro cafe com os colegas, bate-papo otimo.",0.0124
PA003272,2023-04-26 02:24:15,"Dia nublado mas tranquilo, bom para estudar sem distracao.",0.104
PA003273,2023-04-26 03:24:32,Pedalada de tarde com vista incrivel do parque.,0.0822
PA003274,2023-04-26 03:32:28,Que tarde relaxante lendo na rede.,0.0677
PA003275,2023-04-26 04:01:58,"Padaria da esquina lancou sabor novo, recomendo.",0.0961
PA003276,2023-04-26 06:28:19,Jantar simples mas gostoso com a familia.,0.0
PA003277,2023-04-26 06:51:17,"Passeio com o cachorro no parque, ele adorou.",0.1188
PA003278,2023-04-26 08:41:27,Finalmente entendi aquele conceito que me travava.,0.0903
PA003279,2023-04-26 08:46:37,"Praia tranquila, sol perfeito, descanso total.",0.0561
PA003280,2023-04-26 08:56:02,"Museu da cidade muito interessante, aprendi bastante.",0.0817
PA003281,2023-04-26 09:05:41,"Testei IA para ajudar com codigo, funcionou bem.",0.1135
PA003282,2023-04-26 09:35:50,"Viagem de fim de semana para cidade historica, valeu.",0.1233
PA003283,2023-04-26 10:52:28,Feira de artesanato gostosa de passear.,0.0532
PA003284,2023-04-26 11:16:03,"Reencontrei um amigo antigo por acaso, que alegria.",0.0584
PA003285,2023-04-26 12:50:47,"Passeio no interior no fim de semana, natureza linda.",0.0342
PA003286,2023-04-26 14:55:08,"Fechei projeto importante essa semana, que alegria.",0.1304
PA003287,2023-04-26 15:42:13,"Passeio no interior no fim de semana, natureza linda.",0.0552
PA003288,2023-04-26 16:21:25,"Almoco incrivel hoje, fiz lasanha caseira do zero.",0.1671
PA003289,2023-04-26 16:33:45,"Pipoca e serie boa na sexta, programa perfeito.",0.0067
PA003290,2023-04-26 18:25:09,"Livro excelente sobre ciencia de dados, recomendo muito.",0.0703
PA003291,2023-04-26 18:45:17,"Passei na certificacao, muito feliz com o resultado.",0.0668
PA003292,2023-04-26 20:16:43,"Tarefa dificil concluida com sucesso, que satisfacao.",0.1385
PA003293,2023-04-26 21:57:12,"Que calor hoje, tive que ligar o ar condicionado logo cedo.",0.0133
PA003294,2023-04-26 22:30:46,Leitura no jardim com tempo agradavel.,0.03
PA003295,2023-04-26 22:42:56,"Fui num restaurante novo, a pizza estava espetacular.",0.0402
PA003296,2023-04-27 00:25:27,"Cuidando das plantas em casa, muito terapeutico.",0.0377
PA003297,2023-04-27 00:36:23,Feira de artesanato gostosa de passear.,0.0793
PA003298,2023-04-27 01:10:25,Tarde produtiva organizando e limpando a casa.,0.0465
PA003299,2023-04-27 01:36:39,"Home office com cafe fresquinho do lado, otimo.",0.0238
PA003300,2023-04-27 01:45:55,"Volei com os amigos, muita risada e diversao.",0.0796
PA003301,2023-04-27 02:23:24,"Reuniao produtiva hoje, saimos com otimas ideias.",0.0238
PA003302,2023-04-27 02:46:39,"Metro bem tranquilo essa manha, cheguei bem.",0.1829
PA003303,2023-04-27 06:04:33,"Estudando para a prova de amanha, bem concentrado.",0.0821
PA003304,2023-04-27 06:14:23,"Apresentacao correu muito bem, todos gostaram.",0.0743
PA003305,2023-04-27 06:15:41,"Yoga pela manha, comecei o dia muito bem.",0.0626
PA003306,2023-04-27 06:33:56,Grupo de estudos foi muito produtivo hoje.,0.1365
PA003307,2023-04-27 06:52:58,Show ao vivo incrivel no fim de semana.,0.0556
PA003308,2023-04-27 08:14:21,"Meu time ganhou hoje, que jogo bonito foi.",0.1278
PA003309,2023-04-27 09:53:34,"Churrasco com a familia no final de semana, delicioso.",0.1279
PA003310,2023-04-27 12:04:39,"Viagem de fim de semana para cidade historica, valeu.",0.0364
PA003311,2023-04-27 12:13:26,"Museu da cidade muito interessante, aprendi bastante.",0.0749
PA003312,2023-04-27 14:13:19,"Home office com cafe fresquinho do lado, otimo.",0.0048
PA003313,2023-04-27 16:14:53,"Chuva passageira a tarde, depois o tempo abriu lindo.",0.0927
PA003314,2023-04-27 18:24:54,Tarde produtiva organizando e limpando a casa.,0.0819
PA003315,2023-04-27 18:41:47,"Almoco incrivel hoje, fiz lasanha caseira do zero.",0.0573
PA003316,2023-04-27 19:17:01,Nao aguento mais essas politicas que nao funcionam.,0.4581
PA003317,2023-04-27 19:45:29,"Reuniao produtiva hoje, saimos com otimas ideias.",0.0226
PA003318,2023-04-27 19:57:00,"Biblioteca da universidade, ambiente otimo para estudar.",0.0412
PA003319,2023-04-27 20:25:56,"Reuniao produtiva hoje, saimos com otimas ideias.",0.1271
PA003320,2023-04-27 20:40:17,"Novo celular chegou, a camera e impressionante.",0.0727
PA003321,2023-04-27 21:29:31,"Estudando para a prova de amanha, bem concentrado.",0.1782
PA003322,2023-04-27 21:49:43,"Meditacao de manha, comecando o dia muito bem.",0.085
PA003323,2023-04-27 21:53:24,"Aprendi receita nova no youtube, ficou otimo.",0.1186
PA003324,2023-04-27 22:06:08,"Viagem de fim de semana para cidade historica, valeu.",0.0386
PA003325,2023-04-27 22:06:43,App de produtividade novo que encontrei e otimo.,0.1284
PA003326,2023-04-27 22:13:41,"Dia nublado mas tranquilo, bom para estudar sem distracao.",0.0851
PA003327,2023-04-27 22:20:11,Feira de artesanato gostosa de passear.,0.0375
PA003328,2023-04-27 23:44:32,"Fui de bike hoje, que exercicio agradavel de manha.",0.1402
PA003329,2023-04-28 00:00:40,Jantar simples mas gostoso com a familia.,0.0
PA003330,2023-04-28 01:59:17,Finalmente entendi aquele conceito que me travava.,0.0645
PA003331,2023-04-28 02:44:50,"Musica nova do meu artista favorito, de outro nivel.",0.0345
PA003332,2023-04-28 06:18:19,"Meditacao de manha, comecando o dia muito bem.",0.0315
PA003333,2023-04-28 06:19:28,"Praia tranquila, sol perfeito, descanso total.",0.1323
PA003334,2023-04-28 07:52:16,"Fui de bike hoje, que exercicio agradavel de manha.",0.1085
PA003335,2023-04-28 08:33:53,"Museu da cidade muito interessante, aprendi bastante.",0.0723
PA003336,2023-04-28 08:54:39,"Teatro incrivel ontem, peca muito bem dirigida.",0.0
PA003337,2023-04-28 09:52:18,"Padaria da esquina lancou sabor novo, recomendo.",0.1382
PA003338,2023-04-28 10:38:04,Jantar simples mas gostoso com a familia.,0.0709
PA003339,2023-04-28 10:55:13,Leitura no jardim com tempo agradavel.,0.0049
PA003340,2023-04-28 12:27:05,"Reuniao produtiva hoje, saimos com otimas ideias.",0.0913
PA003341,2023-04-28 12:57:45,Atualizacao deixou o sistema muito mais rapido.,0.042
PA003342,2023-04-28 14:00:50,Finalmente entendi aquele conceito que me travava.,0.074
PA003343,2023-04-28 14:04:03,"Tentei receita nova de bolo de cenoura, ficou fofinho.",0.019
PA003344,2023-04-28 14:52:58,"Cuidando das plantas em casa, muito terapeutico.",0.0982
PA003345,2023-04-28 16:09:19,Cafe da manha caprichado: tapioca com ovo e suco de laranja.,0.0551
PA003346,2023-04-28 17:10:06,"Reuniao produtiva hoje, saimos com otimas ideias.",0.1167
PA003347,2023-04-28 17:14:51,"Minha mae fez feijao com arroz e linguica, classico perfeito.",0.0755
PA003348,2023-04-28 18:23:51,"Acai gelado essa tarde, refrescante demais.",0.026
PA003349,2023-04-28 21:11:05,"Choveu a tarde toda, dia perfeito pra ficar em casa lendo.",0.0611
PA003350,2023-04-28 21:58:16,"Serie nova incrivel, amei o primeiro episodio.",0.061
PA003351,2023-04-28 22:39:29,"Consegui estacionamento logo de cara, dia de sorte mesmo.",0.072
PA003352,2023-04-28 22:52:04,Caminhada ate a estacao foi otima hoje.,0.1024
PA003353,2023-04-28 23:12:54,Grupo de estudos foi muito produtivo hoje.,0.1027
PA003354,2023-04-29 00:35:53,Terminei o trabalho da faculdade com antecedencia.,0.0789
PA003355,2023-04-29 02:47:16,"Passei na certificacao, muito feliz com o resultado.",0.0964
PA003356,2023-04-29 03:20:07,Leitura no jardim com tempo agradavel.,0.0412
PA003357,2023-04-29 04:24:27,"Home office com cafe fresquinho do lado, otimo.",0.0598
PA003358,2023-04-29 04:56:16,"Meu time ganhou hoje, que jogo bonito foi.",0.1273
PA003359,2023-04-29 06:11:00,"Que dia difícil, nada saiu como eu havia planejado.",0.7187
PA003360,2023-04-29 06:20:02,"Fechei projeto importante essa semana, que alegria.",0.0154
PA003361,2023-04-29 07:06:02,Finalmente entendi aquele conceito que me travava.,0.1443
PA003362,2023-04-29 07:22:50,"Biblioteca da universidade, ambiente otimo para estudar.",0.046
PA003363,2023-04-29 07:55:58,Caminhada ate a estacao foi otima hoje.,0.0665
PA003364,2023-04-29 08:17:19,"Filme otimo ontem, fui ao cinema com a familia.",0.0052
PA003365,2023-04-29 10:28:10,"Yoga pela manha, comecei o dia muito bem.",0.062
PA003366,2023-04-29 11:15:15,Atualizacao deixou o sistema muito mais rapido.,0.0415
PA003367,2023-04-29 15:34:19,"Notebook novo chegou, que desempenho incrivel.",0.0494
PA003368,2023-04-29 16:26:36,"Fechei projeto importante essa semana, que alegria.",0.1386
PA003369,2023-04-29 19:47:33,"Testei IA para ajudar com codigo, funcionou bem.",0.0199
PA003370,2023-04-29 20:01:52,Cafe da manha caprichado: tapioca com ovo e suco de laranja.,0.0297
PA003371,2023-04-29 20:03:30,Feira de artesanato gostosa de passear.,0.1018
PA003372,2023-04-29 20:13:23,"Aprendi receita nova no youtube, ficou otimo.",0.1352
PA003373,2023-04-29 20:46:15,"O outono chegou cedo esse ano, que frio gostoso de manha.",0.0716
PA003374,2023-04-29 21:14:34,"Filme otimo ontem, fui ao cinema com a familia.",0.0739
PA003375,2023-04-29 22:21:47,Leitura no jardim com tempo agradavel.,0.0258
PA003376,2023-04-29 22:31:51,"Volei com os amigos, muita risada e diversao.",0.0272
PA003377,2023-04-29 22:50:16,"Natacao de manha, melhor inicio de dia possivel.",0.1652
PA003378,2023-04-29 23:02:37,"Trilha ecologica incrivel, natureza pura.",0.0653
PA003379,2023-04-29 23:03:32,Podcast sobre tecnologia muito interessante.,0.0
PA003380,2023-04-29 23:46:19,Show ao vivo incrivel no fim de semana.,0.0864
PA003381,2023-04-29 23:55:29,"Serie nova incrivel, amei o primeiro episodio.",0.1512
PA003382,2023-04-30 00:22:38,Caminhada ate a estacao foi otima hoje.,0.0682
PA003383,2023-04-30 03:15:47,Feira de artesanato gostosa de passear.,0.1023
PA003384,2023-04-30 04:23:12,Finalmente entendi aquele conceito que me travava.,0.0509
PA003385,2023-04-30 05:40:00,Feira de artesanato gostosa de passear.,0.1741
PA003386,2023-04-30 07:54:08,"Choveu a tarde toda, dia perfeito pra ficar em casa lendo.",0.0731
PA003387,2023-04-30 09:50:48,Jogo novo me viciou de um jeito bom.,0.1367
PA003388,2023-04-30 09:57:34,Semana intensa mas muito satisfatoria no trabalho.,0.054
PA003389,2023-04-30 09:57:42,Que manha fresca e agradavel para uma caminhada.,0.1259
PA003390,2023-04-30 13:44:58,Grupo de estudos foi muito produtivo hoje.,0.0924
PA003391,2023-04-30 13:55:31,"Novo celular chegou, a camera e impressionante.",0.0863
PA003392,2023-04-30 15:47:50,"Corri 5km de manha, semana otima de treino.",0.0408
PA003393,2023-04-30 16:36:56,"Passeio com o cachorro no parque, ele adorou.",0.1272
PA003394,2023-04-30 17:23:34,Grupo de estudos foi muito produtivo hoje.,0.0394
PA003395,2023-04-30 18:02:28,"Sol lindo hoje, cafe na varanda foi otimo.",0.0
PA003396,2023-04-30 18:04:40,"Fui de bike hoje, que exercicio agradavel de manha.",0.0522
PA003397,2023-04-30 18:08:13,"Pausa pro cafe com os colegas, bate-papo otimo.",0.1063
PA003398,2023-04-30 18:36:26,Nao aguento mais reclamacao sem solucao pratica.,0.6707
PA003399,2023-04-30 21:04:28,Pedalada de tarde com vista incrivel do parque.,0.1679
PA003400,2023-04-30 21:51:13,"Meditacao de manha, comecando o dia muito bem.",0.1557
PA003401,2023-04-30 22:29:32,Atualizacao deixou o sistema muito mais rapido.,0.0703
PA003402,2023-04-30 23:53:16,"Fui de bike hoje, que exercicio agradavel de manha.",0.033
PA003403,2023-05-01 01:13:24,Show ao vivo incrivel no fim de semana.,0.016
PA003404,2023-05-01 03:34:11,Finalmente entendi aquele conceito que me travava.,0.1281
PA003405,2023-05-01 03:42:57,"Apresentacao correu muito bem, todos gostaram.",0.0608
PA003406,2023-05-01 04:01:39,Que manha fresca e agradavel para uma caminhada.,0.0
PA003407,2023-05-01 05:10:28,"Passei na certificacao, muito feliz com o resultado.",0.082
PA003408,2023-05-01 06:44:16,Semana intensa mas muito satisfatoria no trabalho.,0.0691
PA003409,2023-05-01 07:09:37,Caminhada ate a estacao foi otima hoje.,0.0405
PA003410,2023-05-01 07:35:27,"Onibus chegou no horario hoje, que surpresa agradavel.",0.0327
PA003411,2023-05-01 07:47:26,"Passei na certificacao, muito feliz com o resultado.",0.0967
PA003412,2023-05-01 09:18:46,"Fui num restaurante novo, a pizza estava espetacular.",0.0
PA003413,2023-05-01 10:56:28,Que tarde relaxante lendo na rede.,0.0
PA003414,2023-05-01 12:50:31,"Dia nublado mas tranquilo, bom para estudar sem distracao.",0.0691
PA003415,2023-05-01 13:08:13,"Metro bem tranquilo essa manha, cheguei bem.",0.0823
PA003416,2023-05-01 15:02:48,Tarde produtiva organizando e limpando a casa.,0.0498
PA003417,2023-05-01 16:18:11,"Que calor hoje, tive que ligar o ar condicionado logo cedo.",0.1077
PA003418,2023-05-01 16:19:53,"Almoco incrivel hoje, fiz lasanha caseira do zero.",0.106
PA003419,2023-05-01 16:31:08,"Home office com cafe fresquinho do lado, otimo.",0.1557
PA003420,2023-05-01 17:59:24,"Passeio com o cachorro no parque, ele adorou.",0.1197
PA003421,2023-05-01 18:21:58,Pedalada de tarde com vista incrivel do parque.,0.2073
PA003422,2023-05-01 21:35:56,"Domingo em familia, melhor dia da semana.",0.009
PA003423,2023-05-01 22:13:58,"Chuva passageira a tarde, depois o tempo abriu lindo.",0.0645
PA003424,2023-05-01 23:35:31,"Configurei o home office com setup novo, otimo.",0.0128
PA003425,2023-05-02 00:11:56,"Serie nova incrivel, amei o primeiro episodio.",0.15
PA003426,2023-05-02 02:41:39,"Teatro incrivel ontem, peca muito bem dirigida.",0.058
PA003427,2023-05-02 02:58:28,Que manha fresca e agradavel para uma caminhada.,0.1655
PA003428,2023-05-02 03:12:20,"Corri 5km de manha, semana otima de treino.",0.021
PA003429,2023-05-02 03:31:33,"Notebook novo chegou, que desempenho incrivel.",0.1468
PA003430,2023-05-02 03:46:40,"Maratonei a temporada completa, valeu cada minuto.",0.1321
PA003431,2023-05-02 04:05:22,"Padaria da esquina lancou sabor novo, recomendo.",0.1712
PA003432,2023-05-02 04:20:20,App de produtividade novo que encontrei e otimo.,0.1034
PA003433,2023-05-02 06:28:23,"Biblioteca da universidade, ambiente otimo para estudar.",0.0527
PA003434,2023-05-02 07:35:31,"Novo celular chegou, a camera e impressionante.",0.104
PA003435,2023-05-02 07:49:16,"Domingo em familia, melhor dia da semana.",0.0813
PA003436,2023-05-02 11:06:26,App de produtividade novo que encontrei e otimo.,0.0704
PA003437,2023-05-02 11:06:30,Aula incrivel sobre estatistica aplicada hoje.,0.0875
PA003438,2023-05-02 11:37:58,Nao aguento mais essas politicas que nao funcionam.,0.4755
PA003439,2023-05-02 14:00:28,Politico corrupto aparecendo na midia de novo.,0.3212
PA003440,2023-05-02 16:09:44,"Serie nova incrivel, amei o primeiro episodio.",0.0419
PA003441,2023-05-02 18:37:38,"Acai gelado essa tarde, refrescante demais.",0.1171
PA003442,2023-05-02 19:40:44,"Metro bem tranquilo essa manha, cheguei bem.",0.067
PA003443,2023-05-02 19:52:27,"Volei com os amigos, muita risada e diversao.",0.0
PA003444,2023-05-02 20:22:02,"Filme otimo ontem, fui ao cinema com a familia.",0.12
PA003445,2023-05-02 20:25:24,"Metro bem tranquilo essa manha, cheguei bem.",0.0407
PA003446,2023-05-02 21:29:16,"Servico publico uma vergonha, esperei horas na fila.",0.2459
PA003447,2023-05-02 21:39:39,"Dia nublado mas tranquilo, bom para estudar sem distracao.",0.0175
PA003448,2023-05-02 23:02:38,Tarde produtiva organizando e limpando a casa.,0.0603
PA003449,2023-05-03 00:22:22,"Sopa de legumes no frio, reconfortante e gostosa.",0.0369
PA003450,2023-05-03 02:03:46,Finalmente entendi aquele conceito que me travava.,0.1215
PA003451,2023-05-03 02:45:35,"Natacao de manha, melhor inicio de dia possivel.",0.0395
PA003452,2023-05-03 03:00:28,"Filme otimo ontem, fui ao cinema com a familia.",0.0562
PA003453,2023-05-03 04:28:01,"Consegui estacionamento logo de cara, dia de sorte mesmo.",0.0966
PA003454,2023-05-03 04:35:00,"Academia hoje, treino puxado mas valeu muito.",0.0204
PA003455,2023-05-03 04:40:37,"Musica nova do meu artista favorito, de outro nivel.",0.0745
PA003456,2023-05-03 05:29:09,"Trilha ecologica incrivel, natureza pura.",0.0678
PA003457,2023-05-03 05:58:27,"Volei com os amigos, muita risada e diversao.",0.0653
PA003458,2023-05-03 08:32:43,"Acai gelado essa tarde, refrescante demais.",0.0802
PA003459,2023-05-03 10:00:08,Terminei o trabalho da faculdade com antecedencia.,0.1317
PA003460,2023-05-03 11:20:11,Tarde produtiva organizando e limpando a casa.,0.0473
PA003461,2023-05-03 12:28:43,Cafe da manha caprichado: tapioca com ovo e suco de laranja.,0.0889
PA003462,2023-05-03 15:40:43,"Yoga pela manha, comecei o dia muito bem.",0.0958
PA003463,2023-05-03 15:51:19,"Meu time ganhou hoje, que jogo bonito foi.",0.1819
PA003464,2023-05-03 16:32:04,Feira de artesanato gostosa de passear.,0.0548
PA003465,2023-05-03 16:33:07,"Tarefa dificil concluida com sucesso, que satisfacao.",0.0
PA003466,2023-05-03 17:18:31,"Fechei projeto importante essa semana, que alegria.",0.0505
PA003467,2023-05-03 22:45:29,"Onibus chegou no horario hoje, que surpresa agradavel.",0.1018
PA003468,2023-05-04 00:18:32,Nao consigo entender como essa situacao ainda nao mudou.,0.7643
PA003469,2023-05-04 00:32:54,"Passeio com o cachorro no parque, ele adorou.",0.1513
PA003470,2023-05-04 01:03:13,"Viagem de fim de semana para cidade historica, valeu.",0.0168
PA003471,2023-05-04 02:04:28,"Natacao de manha, melhor inicio de dia possivel.",0.0972
PA003472,2023-05-04 02:59:27,"Sopa de legumes no frio, reconfortante e gostosa.",0.0573
PA003473,2023-05-04 03:30:03,"Meu time ganhou hoje, que jogo bonito foi.",0.1046
PA003474,2023-05-04 03:33:42,"Plantei temperos na sacada, que satisfacao.",0.1658
PA003475,2023-05-04 05:08:41,Pedalada de tarde com vista incrivel do parque.,0.167
PA003476,2023-05-04 07:06:09,"Museu da cidade muito interessante, aprendi bastante.",0.2092
PA003477,2023-05-04 08:52:01,"O outono chegou cedo esse ano, que frio gostoso de manha.",0.0
PA003478,2023-05-04 09:55:41,Leitura no jardim com tempo agradavel.,0.0647
PA003479,2023-05-04 10:40:41,"Cuidando das plantas em casa, muito terapeutico.",0.1142
PA003480,2023-05-04 10:44:33,"O outono chegou cedo esse ano, que frio gostoso de manha.",0.0827
PA003481,2023-05-04 11:05:52,"Yoga pela manha, comecei o dia muito bem.",0.1076
PA003482,2023-05-04 11:44:07,Jantar simples mas gostoso com a familia.,0.1316
PA003483,2023-05-04 12:36:38,"Fui de bike hoje, que exercicio agradavel de manha.",0.1511
PA003484,2023-05-04 13:22:02,"Serie nova incrivel, amei o primeiro episodio.",0.1247
PA003485,2023-05-04 13:44:01,"Configurei o home office com setup novo, otimo.",0.1194
PA003486,2023-05-04 14:11:17,"Musica nova do meu artista favorito, de outro nivel.",0.005
PA003487,2023-05-04 15:22:25,"Academia hoje, treino puxado mas valeu muito.",0.0701
PA003488,2023-05-04 16:16:31,"Fechei projeto importante essa semana, que alegria.",0.0648
PA003489,2023-05-04 16:42:23,Leitura no jardim com tempo agradavel.,0.0
PA003490,2023-05-04 16:59:12,Tarde produtiva organizando e limpando a casa.,0.02
PA003491,2023-05-04 17:25:30,"Pausa pro cafe com os colegas, bate-papo otimo.",0.0472
PA003492,2023-05-04 18:47:59,Jogo novo me viciou de um jeito bom.,0.1196
PA003493,2023-05-04 19:42:17,"Configurei o home office com setup novo, otimo.",0.0182
PA003494,2023-05-04 19:57:26,Barulho da rua me deixou irritado o dia todo.,0.2567
PA003495,2023-05-04 20:27:43,"Livro excelente sobre ciencia de dados, recomendo muito.",0.0691
PA003496,2023-05-04 20:47:53,Jogo novo me viciou de um jeito bom.,0.0264
PA003497,2023-05-04 21:16:06,"Novo celular chegou, a camera e impressionante.",0.096
PA003498,2023-05-04 21:56:58,"Novo celular chegou, a camera e impressionante.",0.1349
PA003499,2023-05-05 01:07:00,"Viagem de fim de semana para cidade historica, valeu.",0.1008
PA003500,2023-05-05 01:08:02,Cafe da manha caprichado: tapioca com ovo e suco de laranja.,0.0426
PA003501,2023-05-05 01:23:03,"Praia tranquila, sol perfeito, descanso total.",0.1039
PA003502,2023-05-05 02:37:35,"Almoco incrivel hoje, fiz lasanha caseira do zero.",0.0392
PA003503,2023-05-05 02:52:07,"Musica nova do meu artista favorito, de outro nivel.",0.0182
PA003504,2023-05-05 03:38:47,Feira de artesanato gostosa de passear.,0.0543
PA003505,2023-05-05 03:42:21,Feira de artesanato gostosa de passear.,0.0665
PA003506,2023-05-05 04:12:24,Caminhada ate a estacao foi otima hoje.,0.0896
PA003507,2023-05-05 04:28:22,Tarde produtiva organizando e limpando a casa.,0.0984
PA003508,2023-05-05 04:35:53,"Filme otimo ontem, fui ao cinema com a familia.",0.0292
PA003509,2023-05-05 04:56:15,"Apresentacao correu muito bem, todos gostaram.",0.096
PA003510,2023-05-05 06:12:12,Pedalada de tarde com vista incrivel do parque.,0.1082
PA003511,2023-05-05 06:12:49,"Sopa de legumes no frio, reconfortante e gostosa.",0.1281
PA003512,2023-05-05 06:24:09,"Pausa pro cafe com os colegas, bate-papo otimo.",0.0578
PA003513,2023-05-05 06:39:35,"Metro bem tranquilo essa manha, cheguei bem.",0.0588
PA003514,2023-05-05 06:42:52,"Chuva passageira a tarde, depois o tempo abriu lindo.",0.0754
PA003515,2023-05-05 07:28:23,"Sol lindo hoje, cafe na varanda foi otimo.",0.0
PA003516,2023-05-05 07:55:57,"Fui de bike hoje, que exercicio agradavel de manha.",0.0418
PA003517,2023-05-05 08:15:45,Atualizacao deixou o sistema muito mais rapido.,0.0
PA003518,2023-05-05 08:52:53,"Teatro incrivel ontem, peca muito bem dirigida.",0.1132
PA003519,2023-05-05 09:10:49,Tarde produtiva organizando e limpando a casa.,0.0406
PA003520,2023-05-05 09:18:08,Terminei o trabalho da faculdade com antecedencia.,0.1464
PA003521,2023-05-05 09:31:46,"Viagem de fim de semana para cidade historica, valeu.",0.0835
PA003522,2023-05-05 10:23:41,Tarde produtiva organizando e limpando a casa.,0.0806
PA003523,2023-05-05 10:51:08,"Pausa pro cafe com os colegas, bate-papo otimo.",0.0393
PA003524,2023-05-05 10:53:55,Brigadeiro de panela saiu incrivel hoje.,0.0583
PA003525,2023-05-05 11:52:16,"O outono chegou cedo esse ano, que frio gostoso de manha.",0.0452
PA003526,2023-05-05 12:10:19,"Yoga pela manha, comecei o dia muito bem.",0.0471
PA003527,2023-05-05 12:32:25,"Fechei projeto importante essa semana, que alegria.",0.0871
PA003528,2023-05-05 13:20:31,Terminei o trabalho da faculdade com antecedencia.,0.085
PA003529,2023-05-05 14:58:36,Leitura no jardim com tempo agradavel.,0.0748
PA003530,2023-05-05 16:44:55,"Sopa de legumes no frio, reconfortante e gostosa.",0.0992
PA003531,2023-05-05 17:05:44,Caminhada ate a estacao foi otima hoje.,0.1308
PA003532,2023-05-05 17:21:34,Feira de artesanato gostosa de passear.,0.1034
PA003533,2023-05-05 17:30:16,"Que frustracao, meu time perdeu mais uma vez.",0.7685
PA003534,2023-05-05 17:39:28,"Domingo em familia, melhor dia da semana.",0.0725
PA003535,2023-05-05 18:07:29,Atualizacao deixou o sistema muito mais rapido.,0.1132
PA003536,2023-05-05 18:50:20,"Consegui estacionamento logo de cara, dia de sorte mesmo.",0.0888
PA003537,2023-05-05 20:38:51,"Que frustracao, meu time perdeu mais uma vez.",0.9376
PA003538,2023-05-05 20:40:31,"Estrada livre, cheguei no trabalho rapido hoje.",0.0945
PA003539,2023-05-05 22:36:11,"Biblioteca da universidade, ambiente otimo para estudar.",0.1133
PA003540,2023-05-05 23:05:59,"O outono chegou cedo esse ano, que frio gostoso de manha.",0.0791
PA003541,2023-05-05 23:38:33,"Que semana frustrante, precisava que as coisas dessem certo.",0.0557
PA003542,2023-05-06 00:24:16,"Pipoca e serie boa na sexta, programa perfeito.",0.1014
PA003543,2023-05-06 00:55:18,"Passeio no interior no fim de semana, natureza linda.",0.1289
PA003544,2023-05-06 01:04:55,"Biblioteca da universidade, ambiente otimo para estudar.",0.1511
PA003545,2023-05-06 01:49:43,"Serie nova incrivel, amei o primeiro episodio.",0.1562
PA003546,2023-05-06 02:00:14,"Consegui estacionamento logo de cara, dia de sorte mesmo.",0.0523
PA003547,2023-05-06 02:20:04,"Apresentacao correu muito bem, todos gostaram.",0.0897
PA003548,2023-05-06 02:40:20,"Livro excelente sobre ciencia de dados, recomendo muito.",0.0603
PA003549,2023-05-06 03:07:12,Jogo novo me viciou de um jeito bom.,0.1344
PA003550,2023-05-06 03:55:57,"Tentei receita nova de bolo de cenoura, ficou fofinho.",0.0596
PA003551,2023-05-06 05:06:31,"Filme otimo ontem, fui ao cinema com a familia.",0.0038
PA003552,2023-05-06 06:50:06,"Passei na certificacao, muito feliz com o resultado.",0.1158
PA003553,2023-05-06 08:43:24,"Estrada livre, cheguei no trabalho rapido hoje.",0.0384
PA003554,2023-05-06 08:44:36,"Consegui estacionamento logo de cara, dia de sorte mesmo.",0.0
PA003555,2023-05-06 09:02:51,"Sol lindo hoje, cafe na varanda foi otimo.",0.1357
PA003556,2023-05-06 09:25:29,Nao consigo entender como essa situacao ainda nao mudou.,0.6568
PA003557,2023-05-06 09:51:45,"Fui num restaurante novo, a pizza estava espetacular.",0.0598
PA003558,2023-05-06 10:40:54,Jantar simples mas gostoso com a familia.,0.0061
PA003559,2023-05-06 13:24:38,Jogo novo me viciou de um jeito bom.,0.0501
PA003560,2023-05-06 14:29:41,"Mais um dia de transito horrivel, situacao absurda.",0.3608
PA003561,2023-05-06 15:47:53,"Notebook novo chegou, que desempenho incrivel.",0.1834
PA003562,2023-05-06 16:12:51,"Passei na certificacao, muito feliz com o resultado.",0.0771
PA003563,2023-05-06 16:46:32,"Plantei temperos na sacada, que satisfacao.",0.0
PA003564,2023-05-06 17:08:44,"Testei IA para ajudar com codigo, funcionou bem.",0.0822
PA003565,2023-05-06 17:14:10,"Notebook novo chegou, que desempenho incrivel.",0.0358
PA003566,2023-05-06 22:42:58,Aula incrivel sobre estatistica aplicada hoje.,0.1068
PA003567,2023-05-06 23:30:21,"Meu time ganhou hoje, que jogo bonito foi.",0.0
PA003568,2023-05-07 01:14:05,"Almoco incrivel hoje, fiz lasanha caseira do zero.",0.0551
PA003569,2023-05-07 01:43:52,"Estudando para a prova de amanha, bem concentrado.",0.1032
PA003570,2023-05-07 05:08:39,Aula incrivel sobre estatistica aplicada hoje.,0.1161
PA003571,2023-05-07 06:33:11,"Viagem de fim de semana para cidade historica, valeu.",0.0064
PA003572,2023-05-07 06:54:31,"Vento agradavel hoje, aproveitei para caminhar no parque.",0.1244
PA003573,2023-05-07 07:50:12,"Fui de bike hoje, que exercicio agradavel de manha.",0.1735
PA003574,2023-05-07 08:55:35,Feira de artesanato gostosa de passear.,0.0
PA003575,2023-05-07 08:59:32,"Onibus chegou no horario hoje, que surpresa agradavel.",0.1017
PA003576,2023-05-07 09:06:28,"Praia tranquila, sol perfeito, descanso total.",0.1493
PA003577,2023-05-07 09:50:56,"Sol lindo hoje, cafe na varanda foi otimo.",0.0543
PA003578,2023-05-07 10:14:04,Brigadeiro de panela saiu incrivel hoje.,0.0911
PA003579,2023-05-07 10:37:06,"Sopa de legumes no frio, reconfortante e gostosa.",0.1179
PA003580,2023-05-07 11:34:56,"Volei com os amigos, muita risada e diversao.",0.0895
PA003581,2023-05-07 12:18:31,"Que calor hoje, tive que ligar o ar condicionado logo cedo.",0.1171
PA003582,2023-05-07 12:21:45,"Novo celular chegou, a camera e impressionante.",0.1178
PA003583,2023-05-07 13:11:38,"Museu da cidade muito interessante, aprendi bastante.",0.127
PA003584,2023-05-07 15:27:27,"Notebook novo chegou, que desempenho incrivel.",0.0698
PA003585,2023-05-07 15:30:50,"Home office com cafe fresquinho do lado, otimo.",0.1085
PA003586,2023-05-07 17:45:40,Show ao vivo incrivel no fim de semana.,0.0476
PA003587,2023-05-07 18:26:49,Cafe da manha caprichado: tapioca com ovo e suco de laranja.,0.1042
PA003588,2023-05-07 18:56:28,"Saturado desse emprego, preciso mudar de vida.",0.2117
PA003589,2023-05-07 19:13:42,"Choveu a tarde toda, dia perfeito pra ficar em casa lendo.",0.1012
PA003590,2023-05-07 20:48:57,Pedalada de tarde com vista incrivel do parque.,0.1628
PA003591,2023-05-07 21:23:13,"Passei na certificacao, muito feliz com o resultado.",0.0384
PA003592,2023-05-08 00:01:34,"Novo celular chegou, a camera e impressionante.",0.1521
PA003593,2023-05-08 02:16:51,"Choveu a tarde toda, dia perfeito pra ficar em casa lendo.",0.0756
PA003594,2023-05-08 03:37:37,"Padaria da esquina lancou sabor novo, recomendo.",0.0666
PA003595,2023-05-08 04:00:33,"O outono chegou cedo esse ano, que frio gostoso de manha.",0.089
PA003596,2023-05-08 04:58:24,Atualizacao deixou o sistema muito mais rapido.,0.1147
PA003597,2023-05-08 06:26:18,"Configurei o home office com setup novo, otimo.",0.09
PA003598,2023-05-08 08:41:14,"Teatro incrivel ontem, peca muito bem dirigida.",0.2135
PA003599,2023-05-08 13:37:22,"Reuniao produtiva hoje, saimos com otimas ideias.",0.0882
PA003600,2023-05-08 14:41:39,Pedalada de tarde com vista incrivel do parque.,0.0842
PA003601,2023-05-08 16:34:15,"Volei com os amigos, muita risada e diversao.",0.0793
PA003602,2023-05-08 17:32:46,Leitura no jardim com tempo agradavel.,0.0372
PA003603,2023-05-08 17:45:58,Show ao vivo incrivel no fim de semana.,0.1797
PA003604,2023-05-08 19:54:34,"Trilha ecologica incrivel, natureza pura.",0.0929
PA003605,2023-05-08 20:17:10,Finalmente entendi aquele conceito que me travava.,0.0961
PA003606,2023-05-08 20:20:43,Que manha fresca e agradavel para uma caminhada.,0.0046
PA003607,2023-05-08 20:22:59,"Reuniao produtiva hoje, saimos com otimas ideias.",0.0774
PA003608,2023-05-08 20:38:12,"Reuniao produtiva hoje, saimos com otimas ideias.",0.1705
PA003609,2023-05-08 21:34:25,"Fechei projeto importante essa semana, que alegria.",0.0471
PA003610,2023-05-08 22:48:16,"Fui num restaurante novo, a pizza estava espetacular.",0.0844
PA003611,2023-05-09 01:05:23,Pedalada de tarde com vista incrivel do parque.,0.0657
PA003612,2023-05-09 01:17:35,"Sol lindo hoje, cafe na varanda foi otimo.",0.0517
PA003613,2023-05-09 01:49:41,"Passei na certificacao, muito feliz com o resultado.",0.0199
PA003614,2023-05-09 02:24:45,Tarde produtiva organizando e limpando a casa.,0.0732
PA003615,2023-05-09 02:41:45,Aula incrivel sobre estatistica aplicada hoje.,0.0698
PA003616,2023-05-09 03:22:22,"Livro excelente sobre ciencia de dados, recomendo muito.",0.1858
PA003617,2023-05-09 04:28:31,Jogo novo me viciou de um jeito bom.,0.0763
PA003618,2023-05-09 04:42:35,Terminei o trabalho da faculdade com antecedencia.,0.1018
PA003619,2023-05-09 05:40:29,"O outono chegou cedo esse ano, que frio gostoso de manha.",0.0783
PA003620,2023-05-09 06:15:11,"Reencontrei um amigo antigo por acaso, que alegria.",0.0144
PA003621,2023-05-09 06:35:48,"Pipoca e serie boa na sexta, programa perfeito.",0.1112
PA003622,2023-05-09 07:36:28,Nao acredito mais nessa politica que nao resolve.,0.5406
PA003623,2023-05-09 07:47:11,Atualizacao deixou o sistema muito mais rapido.,0.0917
PA003624,2023-05-09 08:20:07,"Cuidando das plantas em casa, muito terapeutico.",0.0764
PA003625,2023-05-09 08:59:30,"Acai gelado essa tarde, refrescante demais.",0.136
PA003626,2023-05-09 09:27:47,"Tarefa dificil concluida com sucesso, que satisfacao.",0.0
PA003627,2023-05-09 11:26:07,"Meu time ganhou hoje, que jogo bonito foi.",0.0673
PA003628,2023-05-09 12:03:29,Que tarde relaxante lendo na rede.,0.0
PA003629,2023-05-09 13:47:09,"Corri 5km de manha, semana otima de treino.",0.1092
PA003630,2023-05-09 14:10:57,Jantar simples mas gostoso com a familia.,0.0603
PA003631,2023-05-09 15:35:18,"Museu da cidade muito interessante, aprendi bastante.",0.0696
PA003632,2023-05-09 18:25:02,Cafe da manha caprichado: tapioca com ovo e suco de laranja.,0.0
PA003633,2023-05-09 18:40:14,Atualizacao deixou o sistema muito mais rapido.,0.0
PA003634,2023-05-09 19:32:36,Que tarde relaxante lendo na rede.,0.1132
PA003635,2023-05-09 19:45:04,"Aprendi receita nova no youtube, ficou otimo.",0.1006
PA003636,2023-05-09 20:39:34,Politico corrupto aparecendo na midia de novo.,0.6246
PA003637,2023-05-09 21:34:57,"Sol lindo hoje, cafe na varanda foi otimo.",0.1019
PA003638,2023-05-09 22:09:01,"Tarefa dificil concluida com sucesso, que satisfacao.",0.0696
PA003639,2023-05-09 22:57:57,Que tarde relaxante lendo na rede.,0.1669
PA003640,2023-05-10 01:12:55,"Novo celular chegou, a camera e impressionante.",0.0498
PA003641,2023-05-10 01:51:35,"Acai gelado essa tarde, refrescante demais.",0.0
PA003642,2023-05-10 03:37:49,"Internet caindo toda hora, impossivel trabalhar assim.",0.4973
PA003643,2023-05-10 03:54:36,"Apresentacao correu muito bem, todos gostaram.",0.0609
PA003644,2023-05-10 04:48:48,"Domingo em familia, melhor dia da semana.",0.1284
PA003645,2023-05-10 06:10:18,"Filme otimo ontem, fui ao cinema com a familia.",0.0912
PA003646,2023-05-10 07:47:16,"Passeio no interior no fim de semana, natureza linda.",0.1115
PA003647,2023-05-10 08:12:41,"Home office com cafe fresquinho do lado, otimo.",0.1416
PA003648,2023-05-10 09:46:12,"Filme otimo ontem, fui ao cinema com a familia.",0.1125
PA003649,2023-05-10 10:10:04,"Consegui estacionamento logo de cara, dia de sorte mesmo.",0.1241
PA003650,2023-05-10 11:33:34,Podcast sobre tecnologia muito interessante.,0.0639
PA003651,2023-05-10 11:53:05,"Fui num restaurante novo, a pizza estava espetacular.",0.0251
PA003652,2023-05-10 12:27:44,"Volei com os amigos, muita risada e diversao.",0.0632
PA003653,2023-05-10 13:07:52,"Sopa de legumes no frio, reconfortante e gostosa.",0.1521
PA003654,2023-05-10 13:24:16,"Vento agradavel hoje, aproveitei para caminhar no parque.",0.1143
PA003655,2023-05-10 13:53:56,"Minha mae fez feijao com arroz e linguica, classico perfeito.",0.1236
PA003656,2023-05-10 15:32:24,"Passeio no interior no fim de semana, natureza linda.",0.023
PA003657,2023-05-10 16:23:42,Podcast sobre tecnologia muito interessante.,0.0889
PA003658,2023-05-10 17:10:14,Atualizacao deixou o sistema muito mais rapido.,0.1427
PA003659,2023-05-10 17:14:20,"Fui de bike hoje, que exercicio agradavel de manha.",0.0933
PA003660,2023-05-10 18:09:09,"Dia nublado mas tranquilo, bom para estudar sem distracao.",0.0945
PA003661,2023-05-10 18:39:41,"Configurei o home office com setup novo, otimo.",0.0818
PA003662,2023-05-10 20:58:53,"Pausa pro cafe com os colegas, bate-papo otimo.",0.1307
PA003663,2023-05-10 21:03:25,"Natacao de manha, melhor inicio de dia possivel.",0.1075
PA003664,2023-05-10 21:37:15,"Domingo em familia, melhor dia da semana.",0.0823
PA003665,2023-05-10 21:40:00,Politico corrupto aparecendo na midia de novo.,0.315
PA003666,2023-05-10 23:03:03,Caminhada ate a estacao foi otima hoje.,0.0406
PA003667,2023-05-11 00:48:56,Show ao vivo incrivel no fim de semana.,0.1703
PA003668,2023-05-11 01:26:37,Podcast sobre tecnologia muito interessante.,0.0004
PA003669,2023-05-11 03:07:41,Jogo novo me viciou de um jeito bom.,0.1446
PA003670,2023-05-11 03:12:48,"Plantei temperos na sacada, que satisfacao.",0.1415
PA003671,2023-05-11 04:10:05,Podcast sobre tecnologia muito interessante.,0.0407
PA003672,2023-05-11 04:24:46,"Plantei temperos na sacada, que satisfacao.",0.0643
PA003673,2023-05-11 04:30:21,"Volei com os amigos, muita risada e diversao.",0.0
PA003674,2023-05-11 04:43:23,Barulho da rua me deixou irritado o dia todo.,0.8805
PA003675,2023-05-11 04:52:02,"Que dia difícil, nada saiu como eu havia planejado.",0.5393
PA003676,2023-05-11 05:17:15,"Maratonei a temporada completa, valeu cada minuto.",0.1247
PA003677,2023-05-11 08:37:50,"Yoga pela manha, comecei o dia muito bem.",0.0802
PA003678,2023-05-11 08:59:43,"Metro bem tranquilo essa manha, cheguei bem.",0.073
PA003679,2023-05-11 09:17:20,"Chuva passageira a tarde, depois o tempo abriu lindo.",0.02
PA003680,2023-05-11 09:24:53,Feira de artesanato gostosa de passear.,0.1013
PA003681,2023-05-11 09:33:02,"O outono chegou cedo esse ano, que frio gostoso de manha.",0.1461
PA003682,2023-05-11 11:20:38,"Sopa de legumes no frio, reconfortante e gostosa.",0.0563
PA003683,2023-05-11 12:52:04,"Chuva passageira a tarde, depois o tempo abriu lindo.",0.0995
PA003684,2023-05-11 13:12:15,Tarde produtiva organizando e limpando a casa.,0.1545
PA003685,2023-05-11 13:24:24,"Pausa pro cafe com os colegas, bate-papo otimo.",0.0224
PA003686,2023-05-11 18:29:48,Atualizacao deixou o sistema muito mais rapido.,0.1132
PA003687,2023-05-11 18:34:01,Show ao vivo incrivel no fim de semana.,0.0813
PA003688,2023-05-11 18:40:23,"Livro excelente sobre ciencia de dados, recomendo muito.",0.1204
PA003689,2023-05-11 18:41:33,Brigadeiro de panela saiu incrivel hoje.,0.1842
PA003690,2023-05-11 19:03:51,"Apresentacao correu muito bem, todos gostaram.",0.0
PA003691,2023-05-11 21:31:31,"Academia hoje, treino puxado mas valeu muito.",0.0691
PA003692,2023-05-11 22:06:11,"Filme otimo ontem, fui ao cinema com a familia.",0.1306
PA003693,2023-05-11 22:36:37,"Museu da cidade muito interessante, aprendi bastante.",0.1185
PA003694,2023-05-11 23:23:44,"Choveu a tarde toda, dia perfeito pra ficar em casa lendo.",0.1027
PA003695,2023-05-12 01:02:19,"Filme otimo ontem, fui ao cinema com a familia.",0.0986
PA003696,2023-05-12 01:15:22,"Praia tranquila, sol perfeito, descanso total.",0.1361
PA003697,2023-05-12 01:29:32,"Passeio no interior no fim de semana, natureza linda.",0.0996
PA003698,2023-05-12 02:26:21,"Passeio com o cachorro no parque, ele adorou.",0.1131
PA003699,2023-05-12 03:17:49,Terminei o trabalho da faculdade com antecedencia.,0.1452
PA003700,2023-05-12 03:23:57,"Vento agradavel hoje, aproveitei para caminhar no parque.",0.0243
PA003701,2023-05-12 06:49:59,"Estudando para a prova de amanha, bem concentrado.",0.1336
PA003702,2023-05-12 06:59:49,"Plantei temperos na sacada, que satisfacao.",0.077
PA003703,2023-05-12 07:54:18,"Minha mae fez feijao com arroz e linguica, classico perfeito.",0.066
PA003704,2023-05-12 07:58:42,"Musica nova do meu artista favorito, de outro nivel.",0.1032
PA003705,2023-05-12 08:20:24,"Meu time ganhou hoje, que jogo bonito foi.",0.0186
PA003706,2023-05-12 08:41:22,Aula incrivel sobre estatistica aplicada hoje.,0.0631
PA003707,2023-05-12 11:45:27,"Sopa de legumes no frio, reconfortante e gostosa.",0.1057
PA003708,2023-05-12 11:51:31,"Passei na certificacao, muito feliz com o resultado.",0.0356
PA003709,2023-05-12 13:58:33,"Apresentacao correu muito bem, todos gostaram.",0.1105
PA003710,2023-05-12 16:45:54,"Onibus chegou no horario hoje, que surpresa agradavel.",0.0468
PA003711,2023-05-12 21:02:44,"Passeio com o cachorro no parque, ele adorou.",0.0
PA003712,2023-05-12 21:20:41,"Reencontrei um amigo antigo por acaso, que alegria.",0.1248
PA003713,2023-05-12 22:48:27,"Consegui estacionamento logo de cara, dia de sorte mesmo.",0.0
PA003714,2023-05-13 00:28:16,"Livro excelente sobre ciencia de dados, recomendo muito.",0.1033
PA003715,2023-05-13 02:47:10,"Trilha ecologica incrivel, natureza pura.",0.0702
PA003716,2023-05-13 03:26:46,"Chuva passageira a tarde, depois o tempo abriu lindo.",0.0597
PA003717,2023-05-13 03:40:34,"Testei IA para ajudar com codigo, funcionou bem.",0.0
PA003718,2023-05-13 03:44:46,"Onibus chegou no horario hoje, que surpresa agradavel.",0.1432
PA003719,2023-05-13 04:06:51,"Praia tranquila, sol perfeito, descanso total.",0.145
PA003720,2023-05-13 04:08:20,"Tarefa dificil concluida com sucesso, que satisfacao.",0.0858
PA003721,2023-05-13 04:57:10,App de produtividade novo que encontrei e otimo.,0.1161
PA003722,2023-05-13 06:26:21,Terminei o trabalho da faculdade com antecedencia.,0.0825
PA003723,2023-05-13 06:55:39,"Onibus chegou no horario hoje, que surpresa agradavel.",0.0714
PA003724,2023-05-13 08:23:27,"Dia completamente perdido, muita raiva acumulada.",0.8788
PA003725,2023-05-13 08:43:56,"Fechei projeto importante essa semana, que alegria.",0.0515
PA003726,2023-05-13 08:44:20,Podcast sobre tecnologia muito interessante.,0.0861
PA003727,2023-05-13 08:57:23,Grupo de estudos foi muito produtivo hoje.,0.0649
PA003728,2023-05-13 09:05:58,"Yoga pela manha, comecei o dia muito bem.",0.0576
PA003729,2023-05-13 09:08:30,Caminhada ate a estacao foi otima hoje.,0.1316
PA003730,2023-05-13 09:17:00,"Fui num restaurante novo, a pizza estava espetacular.",0.0
PA003731,2023-05-13 09:19:50,"Almoco incrivel hoje, fiz lasanha caseira do zero.",0.0153
PA003732,2023-05-13 09:44:30,"Serie nova incrivel, amei o primeiro episodio.",0.1017
PA003733,2023-05-13 10:17:40,"Estudando para a prova de amanha, bem concentrado.",0.0962
PA003734,2023-05-13 11:52:11,"Natacao de manha, melhor inicio de dia possivel.",0.0631
PA003735,2023-05-13 11:57:37,"Padaria da esquina lancou sabor novo, recomendo.",0.1388
PA003736,2023-05-13 12:32:48,Nao aguento mais reclamacao sem solucao pratica.,0.6576
PA003737,2023-05-13 13:47:10,"Passeio com o cachorro no parque, ele adorou.",0.0
PA003738,2023-05-13 15:00:04,Aplicativo de carona funcionou perfeitamente.,0.1571
PA003739,2023-05-13 15:22:47,"Home office com cafe fresquinho do lado, otimo.",0.0888
PA003740,2023-05-13 15:38:58,"Domingo em familia, melhor dia da semana.",0.0688
PA003741,2023-05-13 16:51:34,"Fechei projeto importante essa semana, que alegria.",0.0318
PA003742,2023-05-13 17:08:43,Terminei o trabalho da faculdade com antecedencia.,0.0143
PA003743,2023-05-13 18:12:19,"Filme otimo ontem, fui ao cinema com a familia.",0.0179
PA003744,2023-05-13 18:21:22,"Calor absurdo com falta de agua, descaso total.",0.9209
PA003745,2023-05-13 18:55:19,"Maratonei a temporada completa, valeu cada minuto.",0.0649
PA003746,2023-05-13 19:42:22,"Passeio com o cachorro no parque, ele adorou.",0.0521
PA003747,2023-05-13 21:56:46,Que tarde relaxante lendo na rede.,0.0669
PA003748,2023-05-13 22:01:23,"Novo celular chegou, a camera e impressionante.",0.1323
PA003749,2023-05-13 22:48:35,"Vento agradavel hoje, aproveitei para caminhar no parque.",0.1165
PA003750,2023-05-13 23:34:10,Atualizacao deixou o sistema muito mais rapido.,0.0657
PA003751,2023-05-13 23:43:01,"Academia hoje, treino puxado mas valeu muito.",0.0051
PA003752,2023-05-14 00:02:51,"Sopa de legumes no frio, reconfortante e gostosa.",0.07
PA003753,2023-05-14 00:35:29,"Tarefa dificil concluida com sucesso, que satisfacao.",0.0825
PA003754,2023-05-14 01:11:56,Que tarde relaxante lendo na rede.,0.0039
PA003755,2023-05-14 01:49:08,"Viagem de fim de semana para cidade historica, valeu.",0.1297
PA003756,2023-05-14 01:52:30,"Home office com cafe fresquinho do lado, otimo.",0.0485
PA003757,2023-05-14 02:25:00,"Musica nova do meu artista favorito, de outro nivel.",0.1424
PA003758,2023-05-14 03:16:46,App de produtividade novo que encontrei e otimo.,0.1114
PA003759,2023-05-14 04:37:17,"Fui num restaurante novo, a pizza estava espetacular.",0.0665
PA003760,2023-05-14 05:02:07,App de produtividade novo que encontrei e otimo.,0.0847
PA003761,2023-05-14 05:02:23,"Filme otimo ontem, fui ao cinema com a familia.",0.1407
PA003762,2023-05-14 05:05:48,"Trilha ecologica incrivel, natureza pura.",0.1919
PA003763,2023-05-14 05:58:13,Terminei o trabalho da faculdade com antecedencia.,0.0617
PA003764,2023-05-14 07:23:54,Leitura no jardim com tempo agradavel.,0.1051
PA003765,2023-05-14 07:37:40,"Viagem de fim de semana para cidade historica, valeu.",0.0421
PA003766,2023-05-14 07:46:57,"Sopa de legumes no frio, reconfortante e gostosa.",0.1176
PA003767,2023-05-14 08:29:14,"Onibus chegou no horario hoje, que surpresa agradavel.",0.1301
PA003768,2023-05-14 09:14:20,Jogo novo me viciou de um jeito bom.,0.1511
PA003769,2023-05-14 11:58:06,Cafe da manha caprichado: tapioca com ovo e suco de laranja.,0.0945
PA003770,2023-05-14 14:05:12,Caminhada ate a estacao foi otima hoje.,0.0614
PA003771,2023-05-14 14:58:33,"Onibus chegou no horario hoje, que surpresa agradavel.",0.0
PA003772,2023-05-14 15:24:47,Que manha fresca e agradavel para uma caminhada.,0.0378
PA003773,2023-05-14 16:05:57,"Tentei receita nova de bolo de cenoura, ficou fofinho.",0.0626
PA003774,2023-05-14 18:32:55,"Museu da cidade muito interessante, aprendi bastante.",0.0359
PA003775,2023-05-14 19:09:52,"Reencontrei um amigo antigo por acaso, que alegria.",0.0729
PA003776,2023-05-14 19:48:56,Semana intensa mas muito satisfatoria no trabalho.,0.058
PA003777,2023-05-14 20:42:32,"Sol lindo hoje, cafe na varanda foi otimo.",0.136
PA003778,2023-05-14 21:32:22,"Reuniao produtiva hoje, saimos com otimas ideias.",0.1081
PA003779,2023-05-14 22:09:49,"Notebook novo chegou, que desempenho incrivel.",0.0692
PA003780,2023-05-14 23:15:45,"Serie nova incrivel, amei o primeiro episodio.",0.0665
PA003781,2023-05-15 01:01:07,Aplicativo travou bem na hora da reuniao importante.,0.6066
PA003782,2023-05-15 01:34:00,"Configurei o home office com setup novo, otimo.",0.049
PA003783,2023-05-15 01:39:47,Semana intensa mas muito satisfatoria no trabalho.,0.1423
PA003784,2023-05-15 02:23:11,"Sol lindo hoje, cafe na varanda foi otimo.",0.0
PA003785,2023-05-15 03:04:51,"Que bagunca, nada funcionando direito.",0.6987
PA003786,2023-05-15 03:40:43,"Meu time ganhou hoje, que jogo bonito foi.",0.1129
PA003787,2023-05-15 06:14:51,"Metro bem tranquilo essa manha, cheguei bem.",0.0892
PA003788,2023-05-15 06:32:03,"Home office com cafe fresquinho do lado, otimo.",0.099
PA003789,2023-05-15 06:36:14,Podcast sobre tecnologia muito interessante.,0.1119
PA003790,2023-05-15 07:30:51,"Notebook novo chegou, que desempenho incrivel.",0.0508
PA003791,2023-05-15 07:51:06,"Meu time ganhou hoje, que jogo bonito foi.",0.0117
PA003792,2023-05-15 10:58:38,"Meditacao de manha, comecando o dia muito bem.",0.0787
PA003793,2023-05-15 11:00:32,"Estrada livre, cheguei no trabalho rapido hoje.",0.096
PA003794,2023-05-15 12:57:49,"Que frustracao, meu time perdeu mais uma vez.",0.0988
PA003795,2023-05-15 15:00:25,"Tentei receita nova de bolo de cenoura, ficou fofinho.",0.1362
PA003796,2023-05-15 17:56:02,Terminei o trabalho da faculdade com antecedencia.,0.0876
PA003797,2023-05-15 19:20:50,"Plantei temperos na sacada, que satisfacao.",0.1768
PA003798,2023-05-15 20:02:56,"Trilha ecologica incrivel, natureza pura.",0.0387
PA003799,2023-05-15 20:51:27,"Meditacao de manha, comecando o dia muito bem.",0.0771
PA003800,2023-05-15 23:09:27,Jantar simples mas gostoso com a familia.,0.0603
PA003801,2023-05-16 00:27:37,"Biblioteca da universidade, ambiente otimo para estudar.",0.0726
PA003802,2023-05-16 00:30:47,"Fechei projeto importante essa semana, que alegria.",0.0135
PA003803,2023-05-16 01:02:40,"Padaria da esquina lancou sabor novo, recomendo.",0.0711
PA003804,2023-05-16 01:10:34,Que manha fresca e agradavel para uma caminhada.,0.0445
PA003805,2023-05-16 01:30:25,"Consegui estacionamento logo de cara, dia de sorte mesmo.",0.078
PA003806,2023-05-16 02:14:25,Podcast sobre tecnologia muito interessante.,0.0543
PA003807,2023-05-16 02:21:27,Tarde produtiva organizando e limpando a casa.,0.0233
PA003808,2023-05-16 02:46:42,"Livro excelente sobre ciencia de dados, recomendo muito.",0.0209
PA003809,2023-05-16 03:13:45,"Tarefa dificil concluida com sucesso, que satisfacao.",0.0213
PA003810,2023-05-16 03:23:21,Mais um acidente por causa de imprudencia no transito.,0.3747
PA003811,2023-05-16 03:28:39,"Choveu a tarde toda, dia perfeito pra ficar em casa lendo.",0.1221
PA003812,2023-05-16 03:54:53,"Churrasco com a familia no final de semana, delicioso.",0.0966
PA003813,2023-05-16 04:32:35,"Pausa pro cafe com os colegas, bate-papo otimo.",0.0536
PA003814,2023-05-16 04:38:11,"Fechei projeto importante essa semana, que alegria.",0.0003
PA003815,2023-05-16 05:55:48,"Livro excelente sobre ciencia de dados, recomendo muito.",0.0217
PA003816,2023-05-16 06:01:28,"Domingo em familia, melhor dia da semana.",0.0416
PA003817,2023-05-16 06:08:31,"Estudando para a prova de amanha, bem concentrado.",0.1316
PA003818,2023-05-16 06:22:03,"Consegui estacionamento logo de cara, dia de sorte mesmo.",0.0112
PA003819,2023-05-16 06:56:33,"Pausa pro cafe com os colegas, bate-papo otimo.",0.1124
PA003820,2023-05-16 07:56:36,"Notebook novo chegou, que desempenho incrivel.",0.1279
PA003821,2023-05-16 08:16:13,"Plantei temperos na sacada, que satisfacao.",0.073
PA003822,2023-05-16 08:49:24,Cafe da manha caprichado: tapioca com ovo e suco de laranja.,0.0757
PA003823,2023-05-16 08:52:52,Aplicativo de carona funcionou perfeitamente.,0.1091
PA003824,2023-05-16 10:31:05,"Fui de bike hoje, que exercicio agradavel de manha.",0.0357
PA003825,2023-05-16 11:12:28,"Onibus chegou no horario hoje, que surpresa agradavel.",0.06
PA003826,2023-05-16 12:21:58,"Sol lindo hoje, cafe na varanda foi otimo.",0.0116
PA003827,2023-05-16 13:18:47,"Internet caindo toda hora, impossivel trabalhar assim.",0.5606
PA003828,2023-05-16 13:31:13,Grupo de estudos foi muito produtivo hoje.,0.0
PA003829,2023-05-16 15:32:53,"Praia tranquila, sol perfeito, descanso total.",0.0378
PA003830,2023-05-16 15:55:39,"Passeio com o cachorro no parque, ele adorou.",0.0338
PA003831,2023-05-16 16:15:05,"O outono chegou cedo esse ano, que frio gostoso de manha.",0.0
PA003832,2023-05-16 16:54:06,"Pausa pro cafe com os colegas, bate-papo otimo.",0.0575
PA003833,2023-05-16 17:03:01,Que tarde relaxante lendo na rede.,0.0706
PA003834,2023-05-16 17:15:57,Aplicativo de carona funcionou perfeitamente.,0.0379
PA003835,2023-05-16 19:14:48,"Tentei receita nova de bolo de cenoura, ficou fofinho.",0.0
PA003836,2023-05-16 20:22:22,"O outono chegou cedo esse ano, que frio gostoso de manha.",0.0329
PA003837,2023-05-16 20:34:36,Que manha fresca e agradavel para uma caminhada.,0.0716
PA003838,2023-05-16 20:35:00,"Livro excelente sobre ciencia de dados, recomendo muito.",0.0928
PA003839,2023-05-16 20:46:43,Pedalada de tarde com vista incrivel do parque.,0.014
PA003840,2023-05-16 21:30:33,Jantar simples mas gostoso com a familia.,0.0648
PA003841,2023-05-16 21:37:02,Brigadeiro de panela saiu incrivel hoje.,0.0561
PA003842,2023-05-16 21:41:25,"Minha mae fez feijao com arroz e linguica, classico perfeito.",0.0
PA003843,2023-05-16 22:53:17,Aula incrivel sobre estatistica aplicada hoje.,0.1155
PA003844,2023-05-16 23:25:47,"Testei IA para ajudar com codigo, funcionou bem.",0.0991
PA003845,2023-05-17 01:30:57,"Academia hoje, treino puxado mas valeu muito.",0.1811
PA003846,2023-05-17 02:17:27,"Passeio no interior no fim de semana, natureza linda.",0.0528
PA003847,2023-05-17 02:19:04,"Minha mae fez feijao com arroz e linguica, classico perfeito.",0.0273
PA003848,2023-05-17 02:39:54,Jogo novo me viciou de um jeito bom.,0.1444
PA003849,2023-05-17 03:15:42,"Notebook novo chegou, que desempenho incrivel.",0.0778
PA003850,2023-05-17 03:20:35,"Praia tranquila, sol perfeito, descanso total.",0.1175
PA003851,2023-05-17 03:55:11,"Vento agradavel hoje, aproveitei para caminhar no parque.",0.0764
PA003852,2023-05-17 04:30:54,"Chuva passageira a tarde, depois o tempo abriu lindo.",0.1301
PA003853,2023-05-17 05:08:18,"Reencontrei um amigo antigo por acaso, que alegria.",0.1168
PA003854,2023-05-17 06:06:51,"Cuidando das plantas em casa, muito terapeutico.",0.0596
PA003855,2023-05-17 06:06:53,"Sol lindo hoje, cafe na varanda foi otimo.",0.0328
PA003856,2023-05-17 08:35:02,Caminhada ate a estacao foi otima hoje.,0.0468
PA003857,2023-05-17 09:10:51,"Chuva passageira a tarde, depois o tempo abriu lindo.",0.0786
PA003858,2023-05-17 11:29:54,"Plantei temperos na sacada, que satisfacao.",0.0944
PA003859,2023-05-17 11:52:54,Caminhada ate a estacao foi otima hoje.,0.0965
PA003860,2023-05-17 12:28:46,"Vento agradavel hoje, aproveitei para caminhar no parque.",0.0768
PA003861,2023-05-17 12:59:24,"Reencontrei um amigo antigo por acaso, que alegria.",0.0918
PA003862,2023-05-17 13:00:14,"Choveu a tarde toda, dia perfeito pra ficar em casa lendo.",0.0676
PA003863,2023-05-17 13:08:51,"Tentei receita nova de bolo de cenoura, ficou fofinho.",0.0473
PA003864,2023-05-17 13:21:20,"Configurei o home office com setup novo, otimo.",0.0936
PA003865,2023-05-17 13:22:46,Aula incrivel sobre estatistica aplicada hoje.,0.0967
PA003866,2023-05-17 14:08:00,"Metro bem tranquilo essa manha, cheguei bem.",0.0324
PA003867,2023-05-17 14:48:04,"Domingo em familia, melhor dia da semana.",0.0087
PA003868,2023-05-17 16:18:57,Aplicativo de carona funcionou perfeitamente.,0.1143
PA003869,2023-05-17 16:22:14,"Almoco incrivel hoje, fiz lasanha caseira do zero.",0.1041
PA003870,2023-05-17 16:37:47,"Cuidando das plantas em casa, muito terapeutico.",0.2011
PA003871,2023-05-17 16:39:38,"Minha mae fez feijao com arroz e linguica, classico perfeito.",0.0659
PA003872,2023-05-17 19:13:31,Nao acredito mais nessa politica que nao resolve.,0.4271
PA003873,2023-05-17 20:19:28,"Estudando para a prova de amanha, bem concentrado.",0.054
PA003874,2023-05-17 21:55:58,Finalmente entendi aquele conceito que me travava.,0.0526
PA003875,2023-05-17 23:56:32,"Fechei projeto importante essa semana, que alegria.",0.0499
PA003876,2023-05-18 00:29:48,Caminhada ate a estacao foi otima hoje.,0.0868
PA003877,2023-05-18 01:24:38,"Volei com os amigos, muita risada e diversao.",0.1832
PA003878,2023-05-18 02:34:57,"Sol lindo hoje, cafe na varanda foi otimo.",0.0386
PA003879,2023-05-18 03:26:07,Que tarde relaxante lendo na rede.,0.095
PA003880,2023-05-18 03:28:46,"Almoco incrivel hoje, fiz lasanha caseira do zero.",0.0997
PA003881,2023-05-18 03:34:57,"Estrada livre, cheguei no trabalho rapido hoje.",0.1129
PA003882,2023-05-18 03:51:37,"Tentei receita nova de bolo de cenoura, ficou fofinho.",0.0679
PA003883,2023-05-18 04:55:17,Finalmente entendi aquele conceito que me travava.,0.1329
PA003884,2023-05-18 05:43:55,Leitura no jardim com tempo agradavel.,0.0871
PA003885,2023-05-18 07:26:43,"Onibus chegou no horario hoje, que surpresa agradavel.",0.1416
PA003886,2023-05-18 07:53:41,"Fui de bike hoje, que exercicio agradavel de manha.",0.0329
PA003887,2023-05-18 08:01:06,"Metro bem tranquilo essa manha, cheguei bem.",0.1176
PA003888,2023-05-18 08:02:18,"O outono chegou cedo esse ano, que frio gostoso de manha.",0.1413
PA003889,2023-05-18 08:09:48,"Sopa de legumes no frio, reconfortante e gostosa.",0.0032
PA003890,2023-05-18 08:36:50,"Estudando para a prova de amanha, bem concentrado.",0.0
PA003891,2023-05-18 09:06:48,"Tentei receita nova de bolo de cenoura, ficou fofinho.",0.0587
PA003892,2023-05-18 09:43:39,"Praia tranquila, sol perfeito, descanso total.",0.0887
PA003893,2023-05-18 10:28:09,"Fui num restaurante novo, a pizza estava espetacular.",0.0345
PA003894,2023-05-18 13:21:23,"Chuva passageira a tarde, depois o tempo abriu lindo.",0.1431
PA003895,2023-05-18 13:35:36,"Aprendi receita nova no youtube, ficou otimo.",0.0187
PA003896,2023-05-18 15:22:19,Que tarde relaxante lendo na rede.,0.1397
PA003897,2023-05-18 15:26:32,"Onibus chegou no horario hoje, que surpresa agradavel.",0.0852
PA003898,2023-05-18 15:41:25,App de produtividade novo que encontrei e otimo.,0.134
PA003899,2023-05-18 16:35:36,Grupo de estudos foi muito produtivo hoje.,0.1342
PA003900,2023-05-18 16:37:14,Jantar simples mas gostoso com a familia.,0.013
PA003901,2023-05-18 17:26:50,"Minha mae fez feijao com arroz e linguica, classico perfeito.",0.1636
PA003902,2023-05-18 17:33:00,"Aprendi receita nova no youtube, ficou otimo.",0.0778
PA003903,2023-05-18 19:10:45,"Fechei projeto importante essa semana, que alegria.",0.0
PA003904,2023-05-18 21:21:22,"Pausa pro cafe com os colegas, bate-papo otimo.",0.1207
PA003905,2023-05-18 21:32:01,"Tentei receita nova de bolo de cenoura, ficou fofinho.",0.0931
PA003906,2023-05-18 23:03:21,"Almoco incrivel hoje, fiz lasanha caseira do zero.",0.1241
PA003907,2023-05-18 23:53:33,"Apresentacao correu muito bem, todos gostaram.",0.0519
PA003908,2023-05-19 04:23:23,Brigadeiro de panela saiu incrivel hoje.,0.042
PA003909,2023-05-19 05:42:27,Jantar simples mas gostoso com a familia.,0.0101
PA003910,2023-05-19 06:18:58,"Museu da cidade muito interessante, aprendi bastante.",0.0713
PA003911,2023-05-19 06:45:40,"Metro bem tranquilo essa manha, cheguei bem.",0.0
PA003912,2023-05-19 07:07:12,Pedalada de tarde com vista incrivel do parque.,0.1226
PA003913,2023-05-19 07:12:08,Show ao vivo incrivel no fim de semana.,0.1636
PA003914,2023-05-19 07:27:51,"Testei IA para ajudar com codigo, funcionou bem.",0.108
PA003915,2023-05-19 08:10:10,Caminhada ate a estacao foi otima hoje.,0.0
PA003916,2023-05-19 08:13:21,"Dia nublado mas tranquilo, bom para estudar sem distracao.",0.044
PA003917,2023-05-19 09:15:34,"Onibus chegou no horario hoje, que surpresa agradavel.",0.0
PA003918,2023-05-19 09:42:52,"Almoco incrivel hoje, fiz lasanha caseira do zero.",0.1043
PA003919,2023-05-19 09:54:21,"Tentei receita nova de bolo de cenoura, ficou fofinho.",0.0
PA003920,2023-05-19 09:55:27,"Minha mae fez feijao com arroz e linguica, classico perfeito.",0.1008
PA003921,2023-05-19 10:40:13,"Cuidando das plantas em casa, muito terapeutico.",0.0376
PA003922,2023-05-19 13:38:35,"Museu da cidade muito interessante, aprendi bastante.",0.1353
PA003923,2023-05-19 13:45:06,"Livro excelente sobre ciencia de dados, recomendo muito.",0.1731
PA003924,2023-05-19 13:45:37,"Apresentacao correu muito bem, todos gostaram.",0.1031
PA003925,2023-05-19 16:14:37,Pedalada de tarde com vista incrivel do parque.,0.09
PA003926,2023-05-19 16:56:22,"Domingo em familia, melhor dia da semana.",0.0751
PA003927,2023-05-19 17:47:06,Cafe da manha caprichado: tapioca com ovo e suco de laranja.,0.0
PA003928,2023-05-19 18:06:48,"Tentei receita nova de bolo de cenoura, ficou fofinho.",0.0
PA003929,2023-05-19 18:23:41,Podcast sobre tecnologia muito interessante.,0.1164
PA003930,2023-05-19 19:34:24,"Minha mae fez feijao com arroz e linguica, classico perfeito.",0.0646
PA003931,2023-05-19 20:54:30,"Fechei projeto importante essa semana, que alegria.",0.0789
PA003932,2023-05-19 23:15:12,"Almoco incrivel hoje, fiz lasanha caseira do zero.",0.0561
PA003933,2023-05-19 23:55:52,"Que bagunca, nada funcionando direito.",0.89
PA003934,2023-05-20 03:06:16,"Corri 5km de manha, semana otima de treino.",0.0763
PA003935,2023-05-20 03:33:16,Jantar simples mas gostoso com a familia.,0.1927
PA003936,2023-05-20 04:09:02,"Home office com cafe fresquinho do lado, otimo.",0.0863
PA003937,2023-05-20 05:08:54,"Passeio com o cachorro no parque, ele adorou.",0.152
PA003938,2023-05-20 07:43:04,"O outono chegou cedo esse ano, que frio gostoso de manha.",0.0
PA003939,2023-05-20 08:39:11,"Maratonei a temporada completa, valeu cada minuto.",0.0948
PA003940,2023-05-20 08:55:30,"Apresentacao correu muito bem, todos gostaram.",0.111
PA003941,2023-05-20 10:38:15,"Choveu a tarde toda, dia perfeito pra ficar em casa lendo.",0.0864
PA003942,2023-05-20 11:21:11,Podcast sobre tecnologia muito interessante.,0.0644
PA003943,2023-05-20 13:07:15,"Churrasco com a familia no final de semana, delicioso.",0.0732
PA003944,2023-05-20 13:39:18,"Consegui estacionamento logo de cara, dia de sorte mesmo.",0.1464
PA003945,2023-05-20 14:46:50,App de produtividade novo que encontrei e otimo.,0.066
PA003946,2023-05-20 15:25:30,"Acai gelado essa tarde, refrescante demais.",0.0374
PA003947,2023-05-20 15:26:05,"Yoga pela manha, comecei o dia muito bem.",0.1461
PA003948,2023-05-20 17:25:03,"Pausa pro cafe com os colegas, bate-papo otimo.",0.191
PA003949,2023-05-20 18:15:21,"Dia nublado mas tranquilo, bom para estudar sem distracao.",0.1776
PA003950,2023-05-20 19:45:32,"Servico contratado nao foi entregue no prazo, absurdo.",0.9173
PA003951,2023-05-20 20:15:41,"Meditacao de manha, comecando o dia muito bem.",0.1728
PA003952,2023-05-20 20:46:41,"Notebook novo chegou, que desempenho incrivel.",0.0178
PA003953,2023-05-20 21:21:26,"Tentei receita nova de bolo de cenoura, ficou fofinho.",0.0
PA003954,2023-05-20 21:35:22,"Pausa pro cafe com os colegas, bate-papo otimo.",0.0887
PA003955,2023-05-20 23:03:10,Caminhada ate a estacao foi otima hoje.,0.0879
PA003956,2023-05-21 03:09:04,"Meditacao de manha, comecando o dia muito bem.",0.1409
PA003957,2023-05-21 03:24:02,Tarde produtiva organizando e limpando a casa.,0.0612
PA003958,2023-05-21 04:59:44,"Tarefa dificil concluida com sucesso, que satisfacao.",0.1456
PA003959,2023-05-21 06:34:31,"Tentei receita nova de bolo de cenoura, ficou fofinho.",0.0
PA003960,2023-05-21 10:09:36,"Trilha ecologica incrivel, natureza pura.",0.0623
PA003961,2023-05-21 12:18:25,"Corri 5km de manha, semana otima de treino.",0.0059
PA003962,2023-05-21 17:02:12,"Teatro incrivel ontem, peca muito bem dirigida.",0.083
PA003963,2023-05-21 17:07:40,"Estrada livre, cheguei no trabalho rapido hoje.",0.0905
PA003964,2023-05-21 17:51:49,"Tentei receita nova de bolo de cenoura, ficou fofinho.",0.0947
PA003965,2023-05-21 18:25:47,"Passei na certificacao, muito feliz com o resultado.",0.0874
PA003966,2023-05-21 19:49:39,"Home office com cafe fresquinho do lado, otimo.",0.0285
PA003967,2023-05-21 20:36:52,Aula incrivel sobre estatistica aplicada hoje.,0.0688
PA003968,2023-05-21 23:40:32,"Plantei temperos na sacada, que satisfacao.",0.1118
PA003969,2023-05-21 23:47:03,"Fechei projeto importante essa semana, que alegria.",0.1137
PA003970,2023-05-22 00:09:22,"Chuva passageira a tarde, depois o tempo abriu lindo.",0.1229
PA003971,2023-05-22 00:12:47,"Plantei temperos na sacada, que satisfacao.",0.22
PA003972,2023-05-22 00:17:35,Pedalada de tarde com vista incrivel do parque.,0.0865
PA003973,2023-05-22 01:59:23,"Musica nova do meu artista favorito, de outro nivel.",0.1131
PA003974,2023-05-22 02:17:43,"Corri 5km de manha, semana otima de treino.",0.0865
PA003975,2023-05-22 06:10:53,"Natacao de manha, melhor inicio de dia possivel.",0.1035
PA003976,2023-05-22 06:18:46,Terminei o trabalho da faculdade com antecedencia.,0.0957
PA003977,2023-05-22 06:40:08,"Notebook novo chegou, que desempenho incrivel.",0.0011
PA003978,2023-05-22 07:20:25,"Volei com os amigos, muita risada e diversao.",0.0573
PA003979,2023-05-22 09:15:21,"Passeio com o cachorro no parque, ele adorou.",0.1534
PA003980,2023-05-22 10:41:55,"Governo aumentando imposto de novo, inacreditavel.",0.0572
PA003981,2023-05-22 10:49:21,App de produtividade novo que encontrei e otimo.,0.1087
PA003982,2023-05-22 11:15:01,Tarde produtiva organizando e limpando a casa.,0.0185
PA003983,2023-05-22 11:58:16,Tarde produtiva organizando e limpando a casa.,0.1434
PA003984,2023-05-22 12:48:58,"Meditacao de manha, comecando o dia muito bem.",0.1835
PA003985,2023-05-22 14:03:51,"Estudando para a prova de amanha, bem concentrado.",0.0298
PA003986,2023-05-22 15:57:47,Feira de artesanato gostosa de passear.,0.0784
PA003987,2023-05-22 16:11:24,"Fui num restaurante novo, a pizza estava espetacular.",0.1056
PA003988,2023-05-22 16:49:30,"Viagem de fim de semana para cidade historica, valeu.",0.0683
PA003989,2023-05-22 20:03:34,"Saturado desse emprego, preciso mudar de vida.",0.1594
PA003990,2023-05-22 22:15:11,"Volei com os amigos, muita risada e diversao.",0.0
PA003991,2023-05-22 22:37:29,"Configurei o home office com setup novo, otimo.",0.0282
PA003992,2023-05-22 22:47:15,"Academia hoje, treino puxado mas valeu muito.",0.1272
PA003993,2023-05-22 23:04:02,"Domingo em familia, melhor dia da semana.",0.0135
PA003994,2023-05-22 23:15:30,Finalmente entendi aquele conceito que me travava.,0.0484
PA003995,2023-05-22 23:23:52,"Yoga pela manha, comecei o dia muito bem.",0.0668
PA003996,2023-05-22 23:58:12,Aula incrivel sobre estatistica aplicada hoje.,0.1242
PA003997,2023-05-23 00:21:48,Caminhada ate a estacao foi otima hoje.,0.0601
PA003998,2023-05-23 01:12:54,"Yoga pela manha, comecei o dia muito bem.",0.1445
PA003999,2023-05-23 01:24:26,"Que calor hoje, tive que ligar o ar condicionado logo cedo.",0.0389
PA004000,2023-05-23 01:48:13,"Passei na certificacao, muito feliz com o resultado.",0.0499
PA004001,2023-05-23 02:06:18,Feira de artesanato gostosa de passear.,0.0795
PA004002,2023-05-23 03:07:42,Pacote atrasado pelos correios pela terceira vez.,0.4777
PA004003,2023-05-23 03:09:28,"Estudando para a prova de amanha, bem concentrado.",0.1079
PA004004,2023-05-23 05:37:21,"Corri 5km de manha, semana otima de treino.",0.0425
PA004005,2023-05-23 06:38:13,"Livro excelente sobre ciencia de dados, recomendo muito.",0.0996
PA004006,2023-05-23 07:04:47,Nao aguento mais reclamacao sem solucao pratica.,0.4567
PA004007,2023-05-23 07:43:51,"Passeio no interior no fim de semana, natureza linda.",0.0
PA004008,2023-05-23 09:19:04,"Volei com os amigos, muita risada e diversao.",0.0966
PA004009,2023-05-23 09:27:03,"Reuniao produtiva hoje, saimos com otimas ideias.",0.0209
PA004010,2023-05-23 10:07:51,"Passeio no interior no fim de semana, natureza linda.",0.0127
PA004011,2023-05-23 11:37:08,"Museu da cidade muito interessante, aprendi bastante.",0.0872
PA004012,2023-05-23 12:38:11,"O outono chegou cedo esse ano, que frio gostoso de manha.",0.0954
PA004013,2023-05-23 14:06:54,"Museu da cidade muito interessante, aprendi bastante.",0.0222
PA004014,2023-05-23 15:01:01,"Pausa pro cafe com os colegas, bate-papo otimo.",0.0
PA004015,2023-05-23 15:22:44,"Chuva passageira a tarde, depois o tempo abriu lindo.",0.1574
PA004016,2023-05-23 15:23:11,Grupo de estudos foi muito produtivo hoje.,0.0852
PA004017,2023-05-23 15:27:09,"Maratonei a temporada completa, valeu cada minuto.",0.0711
PA004018,2023-05-23 15:30:48,"Corri 5km de manha, semana otima de treino.",0.015
PA004019,2023-05-23 15:56:47,Grupo de estudos foi muito produtivo hoje.,0.0052
PA004020,2023-05-23 16:40:14,"Minha mae fez feijao com arroz e linguica, classico perfeito.",0.0494
PA004021,2023-05-23 16:49:53,"Plantei temperos na sacada, que satisfacao.",0.0955
PA004022,2023-05-23 16:50:52,"Acai gelado essa tarde, refrescante demais.",0.0321
PA004023,2023-05-23 16:55:59,App de produtividade novo que encontrei e otimo.,0.152
PA004024,2023-05-23 17:04:06,App de produtividade novo que encontrei e otimo.,0.1479
PA004025,2023-05-23 17:25:58,"Reuniao produtiva hoje, saimos com otimas ideias.",0.109
PA004026,2023-05-23 17:35:30,"Vento agradavel hoje, aproveitei para caminhar no parque.",0.1189
PA004027,2023-05-23 19:47:53,"Apresentacao correu muito bem, todos gostaram.",0.0939
PA004028,2023-05-23 20:33:23,"Estrada livre, cheguei no trabalho rapido hoje.",0.193
PA004029,2023-05-23 21:55:57,"Fui de bike hoje, que exercicio agradavel de manha.",0.0399
PA004030,2023-05-23 23:52:52,"Que calor hoje, tive que ligar o ar condicionado logo cedo.",0.0579
PA004031,2023-05-24 00:24:45,"O outono chegou cedo esse ano, que frio gostoso de manha.",0.1229
PA004032,2023-05-24 00:47:21,"Natacao de manha, melhor inicio de dia possivel.",0.0695
PA004033,2023-05-24 01:27:19,"Praia tranquila, sol perfeito, descanso total.",0.1248
PA004034,2023-05-24 01:34:51,Caminhada ate a estacao foi otima hoje.,0.0288
PA004035,2023-05-24 02:24:41,"Academia hoje, treino puxado mas valeu muito.",0.0822
PA004036,2023-05-24 03:15:17,"Home office com cafe fresquinho do lado, otimo.",0.0831
PA004037,2023-05-24 03:49:04,"Meditacao de manha, comecando o dia muito bem.",0.1549
PA004038,2023-05-24 05:59:36,"Serie nova incrivel, amei o primeiro episodio.",0.0453
PA004039,2023-05-24 06:21:57,"Passeio no interior no fim de semana, natureza linda.",0.0476
PA004040,2023-05-24 06:40:01,Politico corrupto aparecendo na midia de novo.,0.8073
PA004041,2023-05-24 10:09:18,"O outono chegou cedo esse ano, que frio gostoso de manha.",0.0687
PA004042,2023-05-24 10:12:29,"Filme otimo ontem, fui ao cinema com a familia.",0.2057
PA004043,2023-05-24 10:28:52,"Aprendi receita nova no youtube, ficou otimo.",0.0934
PA004044,2023-05-24 10:44:51,"Estudando para a prova de amanha, bem concentrado.",0.0972
PA004045,2023-05-24 12:20:17,"Trilha ecologica incrivel, natureza pura.",0.1218
PA004046,2023-05-24 14:02:11,"Estudando para a prova de amanha, bem concentrado.",0.0493
PA004047,2023-05-24 14:51:11,"Apresentacao correu muito bem, todos gostaram.",0.1402
PA004048,2023-05-24 17:45:47,"Livro excelente sobre ciencia de dados, recomendo muito.",0.02
PA004049,2023-05-24 18:38:32,"Viagem de fim de semana para cidade historica, valeu.",0.0691
PA004050,2023-05-24 20:28:28,"Estrada livre, cheguei no trabalho rapido hoje.",0.0228
PA004051,2023-05-24 20:50:18,"Testei IA para ajudar com codigo, funcionou bem.",0.0542
PA004052,2023-05-24 21:27:43,Jogo novo me viciou de um jeito bom.,0.0972
PA004053,2023-05-24 22:31:52,"Reuniao produtiva hoje, saimos com otimas ideias.",0.0667
PA004054,2023-05-24 22:43:06,"Choveu a tarde toda, dia perfeito pra ficar em casa lendo.",0.0835
PA004055,2023-05-24 23:08:48,"Meditacao de manha, comecando o dia muito bem.",0.1332
PA004056,2023-05-24 23:20:39,"Padaria da esquina lancou sabor novo, recomendo.",0.1097
PA004057,2023-05-24 23:21:18,Cafe da manha caprichado: tapioca com ovo e suco de laranja.,0.0
PA004058,2023-05-25 00:10:52,"Acai gelado essa tarde, refrescante demais.",0.0944
PA004059,2023-05-25 00:45:29,"Aprendi receita nova no youtube, ficou otimo.",0.0598
PA004060,2023-05-25 00:50:45,"Consegui estacionamento logo de cara, dia de sorte mesmo.",0.0421
PA004061,2023-05-25 01:08:19,"Choveu a tarde toda, dia perfeito pra ficar em casa lendo.",0.1422
PA004062,2023-05-25 07:40:52,Feira de artesanato gostosa de passear.,0.0469
PA004063,2023-05-25 08:44:12,"Pipoca e serie boa na sexta, programa perfeito.",0.1901
PA004064,2023-05-25 12:11:34,Jogo novo me viciou de um jeito bom.,0.0896
PA004065,2023-05-25 13:24:23,"Padaria da esquina lancou sabor novo, recomendo.",0.0967
PA004066,2023-05-25 13:26:19,"Acai gelado essa tarde, refrescante demais.",0.0989
PA004067,2023-05-25 15:09:18,"Minha mae fez feijao com arroz e linguica, classico perfeito.",0.0682
PA004068,2023-05-25 15:18:02,Aula incrivel sobre estatistica aplicada hoje.,0.0399
PA004069,2023-05-25 16:11:54,Feira de artesanato gostosa de passear.,0.1606
PA004070,2023-05-25 18:03:33,Aplicativo de carona funcionou perfeitamente.,0.0451
PA004071,2023-05-25 19:18:33,Brigadeiro de panela saiu incrivel hoje.,0.1096
PA004072,2023-05-25 20:11:37,"Fila do hospital andando devagar, sistema falido.",0.3016
PA004073,2023-05-25 20:11:54,"Chuva passageira a tarde, depois o tempo abriu lindo.",0.0563
PA004074,2023-05-25 21:06:59,"Notebook novo chegou, que desempenho incrivel.",0.1636
PA004075,2023-05-25 21:23:27,Pedalada de tarde com vista incrivel do parque.,0.0687
PA004076,2023-05-25 22:10:39,Semana intensa mas muito satisfatoria no trabalho.,0.0
PA004077,2023-05-25 22:59:55,"Filme otimo ontem, fui ao cinema com a familia.",0.0
PA004078,2023-05-25 23:13:59,Atualizacao deixou o sistema muito mais rapido.,0.0738
PA004079,2023-05-26 01:14:50,"Passeio no interior no fim de semana, natureza linda.",0.1371
PA004080,2023-05-26 03:02:40,"Academia hoje, treino puxado mas valeu muito.",0.1144
PA004081,2023-05-26 03:13:50,"Minha mae fez feijao com arroz e linguica, classico perfeito.",0.1043
PA004082,2023-05-26 03:15:27,"Estudando para a prova de amanha, bem concentrado.",0.0145
PA004083,2023-05-26 05:18:09,Tarde produtiva organizando e limpando a casa.,0.0243
PA004084,2023-05-26 06:04:14,Finalmente entendi aquele conceito que me travava.,0.0904
PA004085,2023-05-26 06:28:52,"Vento agradavel hoje, aproveitei para caminhar no parque.",0.1392
PA004086,2023-05-26 07:40:25,"Fui de bike hoje, que exercicio agradavel de manha.",0.0564
PA004087,2023-05-26 07:50:59,Atualizacao deixou o sistema muito mais rapido.,0.1047
PA004088,2023-05-26 08:58:16,Jantar simples mas gostoso com a familia.,0.1035
PA004089,2023-05-26 09:21:24,Que tarde relaxante lendo na rede.,0.0698
PA004090,2023-05-26 11:45:29,"Passei na certificacao, muito feliz com o resultado.",0.054
PA004091,2023-05-26 12:14:20,Show ao vivo incrivel no fim de semana.,0.0304
PA004092,2023-05-26 12:41:32,Show ao vivo incrivel no fim de semana.,0.1104
PA004093,2023-05-26 12:47:17,"Pausa pro cafe com os colegas, bate-papo otimo.",0.0979
PA004094,2023-05-26 16:50:26,"Musica nova do meu artista favorito, de outro nivel.",0.1562
PA004095,2023-05-26 18:14:13,"Tarefa dificil concluida com sucesso, que satisfacao.",0.0429
PA004096,2023-05-26 18:16:14,"Meu time ganhou hoje, que jogo bonito foi.",0.0186
PA004097,2023-05-26 18:32:40,"Fui num restaurante novo, a pizza estava espetacular.",0.0477
PA004098,2023-05-26 19:07:14,"Corri 5km de manha, semana otima de treino.",0.101
PA004099,2023-05-26 19:48:55,"Reencontrei um amigo antigo por acaso, que alegria.",0.0673
PA004100,2023-05-26 20:25:20,Jantar simples mas gostoso com a familia.,0.0426
PA004101,2023-05-26 20:40:24,"Yoga pela manha, comecei o dia muito bem.",0.0521
PA004102,2023-05-26 21:36:39,"Sol lindo hoje, cafe na varanda foi otimo.",0.0
PA004103,2023-05-26 22:10:19,"Tentei receita nova de bolo de cenoura, ficou fofinho.",0.0442
PA004104,2023-05-26 22:46:33,"Mais um dia de transito horrivel, situacao absurda.",0.7054
PA004105,2023-05-26 23:11:10,Atualizacao deixou o sistema muito mais rapido.,0.0581
PA004106,2023-05-27 00:23:41,"Estrada livre, cheguei no trabalho rapido hoje.",0.0601
PA004107,2023-05-27 03:03:57,"Padaria da esquina lancou sabor novo, recomendo.",0.1138
PA004108,2023-05-27 04:30:40,Podcast sobre tecnologia muito interessante.,0.0429
PA004109,2023-05-27 05:08:37,"Passei na certificacao, muito feliz com o resultado.",0.0089
PA004110,2023-05-27 05:24:20,Que manha fresca e agradavel para uma caminhada.,0.1164
PA004111,2023-05-27 06:27:54,Finalmente entendi aquele conceito que me travava.,0.0085
PA004112,2023-05-27 08:30:42,"Configurei o home office com setup novo, otimo.",0.1711
PA004113,2023-05-27 08:44:10,"Dia completamente perdido, muita raiva acumulada.",0.8774
PA004114,2023-05-27 12:23:57,"Configurei o home office com setup novo, otimo.",0.0775
PA004115,2023-05-27 12:34:22,Show ao vivo incrivel no fim de semana.,0.08
PA004116,2023-05-27 12:36:58,Caminhada ate a estacao foi otima hoje.,0.108
PA004117,2023-05-27 13:43:41,Aplicativo de carona funcionou perfeitamente.,0.0797
PA004118,2023-05-27 14:22:59,"Sol lindo hoje, cafe na varanda foi otimo.",0.1748
PA004119,2023-05-27 14:36:27,"Tentei receita nova de bolo de cenoura, ficou fofinho.",0.0492
PA004120,2023-05-27 14:51:40,"Academia hoje, treino puxado mas valeu muito.",0.0873
PA004121,2023-05-27 17:07:34,"Sol lindo hoje, cafe na varanda foi otimo.",0.0725
PA004122,2023-05-27 17:36:38,"Musica nova do meu artista favorito, de outro nivel.",0.0901
PA004123,2023-05-27 17:43:27,"Passei na certificacao, muito feliz com o resultado.",0.1086
PA004124,2023-05-27 18:36:08,"Almoco incrivel hoje, fiz lasanha caseira do zero.",0.1948
PA004125,2023-05-27 18:47:31,"Chuva passageira a tarde, depois o tempo abriu lindo.",0.1236
PA004126,2023-05-27 19:06:44,"Maratonei a temporada completa, valeu cada minuto.",0.0909
PA004127,2023-05-27 19:51:49,"Aprendi receita nova no youtube, ficou otimo.",0.0008
PA004128,2023-05-27 20:17:18,"Passeio no interior no fim de semana, natureza linda.",0.0485
PA004129,2023-05-27 20:20:02,Mais um acidente por causa de imprudencia no transito.,0.9039
PA004130,2023-05-27 20:37:56,"O outono chegou cedo esse ano, que frio gostoso de manha.",0.0376
PA004131,2023-05-27 22:25:46,"Trilha ecologica incrivel, natureza pura.",0.1182
PA004132,2023-05-27 22:27:20,"Fechei projeto importante essa semana, que alegria.",0.0251
PA004133,2023-05-27 22:35:26,"Meditacao de manha, comecando o dia muito bem.",0.1285
PA004134,2023-05-27 23:20:55,"Corri 5km de manha, semana otima de treino.",0.1186
PA004135,2023-05-28 00:31:39,"Consegui estacionamento logo de cara, dia de sorte mesmo.",0.0837
PA004136,2023-05-28 00:32:07,Aplicativo de carona funcionou perfeitamente.,0.0183
PA004137,2023-05-28 00:34:14,"Churrasco com a familia no final de semana, delicioso.",0.1174
PA004138,2023-05-28 01:34:19,"Servico contratado nao foi entregue no prazo, absurdo.",0.9514
PA004139,2023-05-28 02:44:22,"Corri 5km de manha, semana otima de treino.",0.0
PA004140,2023-05-28 05:02:33,"Passeio no interior no fim de semana, natureza linda.",0.0371
PA004141,2023-05-28 05:49:16,"Passeio no interior no fim de semana, natureza linda.",0.1173
PA004142,2023-05-28 06:06:32,"Biblioteca da universidade, ambiente otimo para estudar.",0.0
PA004143,2023-05-28 08:17:11,Feira de artesanato gostosa de passear.,0.124
PA004144,2023-05-28 09:40:53,"Reuniao produtiva hoje, saimos com otimas ideias.",0.0
PA004145,2023-05-28 10:08:22,"Passeio com o cachorro no parque, ele adorou.",0.1024
PA004146,2023-05-28 14:16:48,"O outono chegou cedo esse ano, que frio gostoso de manha.",0.0736
PA004147,2023-05-28 16:03:21,"Consegui estacionamento logo de cara, dia de sorte mesmo.",0.1822
PA004148,2023-05-28 16:13:12,"Biblioteca da universidade, ambiente otimo para estudar.",0.1431
PA004149,2023-05-28 16:23:35,"Apresentacao correu muito bem, todos gostaram.",0.0979
PA004150,2023-05-28 16:46:35,"Meu time ganhou hoje, que jogo bonito foi.",0.1018
PA004151,2023-05-28 16:49:58,Politico corrupto aparecendo na midia de novo.,0.2556
PA004152,2023-05-28 17:48:32,"Sopa de legumes no frio, reconfortante e gostosa.",0.0566
PA004153,2023-05-28 17:58:04,"Livro excelente sobre ciencia de dados, recomendo muito.",0.0505
PA004154,2023-05-28 18:57:23,Semana intensa mas muito satisfatoria no trabalho.,0.1734
PA004155,2023-05-28 19:45:06,"O outono chegou cedo esse ano, que frio gostoso de manha.",0.0
PA004156,2023-05-28 21:07:55,"Plantei temperos na sacada, que satisfacao.",0.1041
PA004157,2023-05-28 21:39:13,Leitura no jardim com tempo agradavel.,0.0247
PA004158,2023-05-28 21:48:22,"O outono chegou cedo esse ano, que frio gostoso de manha.",0.0301
PA004159,2023-05-29 00:41:53,"Acai gelado essa tarde, refrescante demais.",0.0901
PA004160,2023-05-29 02:15:01,Caminhada ate a estacao foi otima hoje.,0.0344
PA004161,2023-05-29 05:44:46,"Filme otimo ontem, fui ao cinema com a familia.",0.0868
PA004162,2023-05-29 05:51:17,"Tentei receita nova de bolo de cenoura, ficou fofinho.",0.0485
PA004163,2023-05-29 10:23:38,App de produtividade novo que encontrei e otimo.,0.1453
PA004164,2023-05-29 11:13:07,"Trilha ecologica incrivel, natureza pura.",0.065
PA004165,2023-05-29 14:42:12,"Fui de bike hoje, que exercicio agradavel de manha.",0.0304
PA004166,2023-05-29 15:21:21,"Almoco incrivel hoje, fiz lasanha caseira do zero.",0.1149
PA004167,2023-05-29 15:34:38,"Passeio com o cachorro no parque, ele adorou.",0.0628
PA004168,2023-05-29 16:23:15,"Mais um dia de transito horrivel, situacao absurda.",0.7819
PA004169,2023-05-29 17:26:47,Jogo novo me viciou de um jeito bom.,0.1518
PA004170,2023-05-29 17:48:20,Aplicativo de carona funcionou perfeitamente.,0.1934
PA004171,2023-05-29 20:47:45,Terminei o trabalho da faculdade com antecedencia.,0.0
PA004172,2023-05-29 23:17:27,Cafe da manha caprichado: tapioca com ovo e suco de laranja.,0.1176
PA004173,2023-05-30 00:36:29,"Serie nova incrivel, amei o primeiro episodio.",0.0925
PA004174,2023-05-30 01:01:44,"Onibus chegou no horario hoje, que surpresa agradavel.",0.0724
PA004175,2023-05-30 01:18:07,"Meditacao de manha, comecando o dia muito bem.",0.0
PA004176,2023-05-30 01:58:03,"O outono chegou cedo esse ano, que frio gostoso de manha.",0.0864
PA004177,2023-05-30 03:18:59,"Viagem de fim de semana para cidade historica, valeu.",0.0622
PA004178,2023-05-30 03:40:21,"Configurei o home office com setup novo, otimo.",0.1562
PA004179,2023-05-30 03:48:35,"Tentei receita nova de bolo de cenoura, ficou fofinho.",0.0603
PA004180,2023-05-30 06:11:34,Jogo novo me viciou de um jeito bom.,0.1657
PA004181,2023-05-30 08:43:47,"Teatro incrivel ontem, peca muito bem dirigida.",0.1029
PA004182,2023-05-30 09:57:11,Aplicativo de carona funcionou perfeitamente.,0.0421
PA004183,2023-05-30 10:21:29,App de produtividade novo que encontrei e otimo.,0.0537
PA004184,2023-05-30 11:54:59,Caminhada ate a estacao foi otima hoje.,0.0051
PA004185,2023-05-30 12:32:08,"Natacao de manha, melhor inicio de dia possivel.",0.0836
PA004186,2023-05-30 13:55:24,Que tarde relaxante lendo na rede.,0.1008
PA004187,2023-05-30 16:53:39,"O outono chegou cedo esse ano, que frio gostoso de manha.",0.1397
PA004188,2023-05-30 18:06:24,Finalmente entendi aquele conceito que me travava.,0.0717
PA004189,2023-05-30 18:09:07,"Metro bem tranquilo essa manha, cheguei bem.",0.0265
PA004190,2023-05-30 18:25:17,"Livro excelente sobre ciencia de dados, recomendo muito.",0.0534
PA004191,2023-05-30 18:57:51,Feira de artesanato gostosa de passear.,0.0271
PA004192,2023-05-30 20:24:22,"Tentei receita nova de bolo de cenoura, ficou fofinho.",0.1815
PA004193,2023-05-30 20:46:10,"Home office com cafe fresquinho do lado, otimo.",0.0519
PA004194,2023-05-30 21:26:39,"Dia nublado mas tranquilo, bom para estudar sem distracao.",0.0425
PA004195,2023-05-30 23:04:59,"Serie nova incrivel, amei o primeiro episodio.",0.0574
PA004196,2023-05-30 23:11:13,"Choveu a tarde toda, dia perfeito pra ficar em casa lendo.",0.0742
PA004197,2023-05-30 23:22:46,"Home office com cafe fresquinho do lado, otimo.",0.1199
PA004198,2023-05-31 01:15:37,"Novo celular chegou, a camera e impressionante.",0.1657
PA004199,2023-05-31 06:05:59,"Acai gelado essa tarde, refrescante demais.",0.0904
PA004200,2023-05-31 07:00:04,Brigadeiro de panela saiu incrivel hoje.,0.0527
PA004201,2023-05-31 07:30:05,"Meu time ganhou hoje, que jogo bonito foi.",0.0372
PA004202,2023-05-31 09:15:27,"Biblioteca da universidade, ambiente otimo para estudar.",0.0968
PA004203,2023-05-31 10:04:52,Semana intensa mas muito satisfatoria no trabalho.,0.1094
PA004204,2023-05-31 10:26:09,"Almoco incrivel hoje, fiz lasanha caseira do zero.",0.0864
PA004205,2023-05-31 11:33:41,Que tarde relaxante lendo na rede.,0.0153
PA004206,2023-05-31 15:45:22,"Sol lindo hoje, cafe na varanda foi otimo.",0.1152
PA004207,2023-05-31 16:14:09,"Corri 5km de manha, semana otima de treino.",0.1735
PA004208,2023-05-31 16:36:38,"Churrasco com a familia no final de semana, delicioso.",0.055
PA004209,2023-05-31 16:48:07,Mais um acidente por causa de imprudencia no transito.,0.6385
PA004210,2023-05-31 19:14:11,Aula incrivel sobre estatistica aplicada hoje.,0.0464
PA004211,2023-05-31 19:35:32,"Estrada livre, cheguei no trabalho rapido hoje.",0.0953
PA004212,2023-05-31 20:03:18,"Volei com os amigos, muita risada e diversao.",0.0637
PA004213,2023-05-31 22:29:35,"Sol lindo hoje, cafe na varanda foi otimo.",0.0893
PA004214,2023-05-31 22:37:02,"Metro bem tranquilo essa manha, cheguei bem.",0.0714
PA004215,2023-05-31 22:40:09,"Domingo em familia, melhor dia da semana.",0.031
PA004216,2023-05-31 22:50:38,Grupo de estudos foi muito produtivo hoje.,0.0459
PA004217,2023-05-31 23:17:41,"Reencontrei um amigo antigo por acaso, que alegria.",0.1025
PA004218,2023-05-31 23:46:26,"Que calor hoje, tive que ligar o ar condicionado logo cedo.",0.1166
PA004219,2023-06-01 00:05:24,"Almoco incrivel hoje, fiz lasanha caseira do zero.",0.0724
PA004220,2023-06-01 00:45:00,Semana intensa mas muito satisfatoria no trabalho.,0.0178
PA004221,2023-06-01 01:00:05,"Que bagunca, nada funcionando direito.",0.496
PA004222,2023-06-01 01:35:37,Que tarde relaxante lendo na rede.,0.1193
PA004223,2023-06-01 01:47:40,"Estudando para a prova de amanha, bem concentrado.",0.0754
PA004224,2023-06-01 01:57:18,"Estrada livre, cheguei no trabalho rapido hoje.",0.0448
PA004225,2023-06-01 02:21:32,"Multa de transito injusta, vou recorrer.",0.7027
PA004226,2023-06-01 03:11:47,"Pipoca e serie boa na sexta, programa perfeito.",0.0998
PA004227,2023-06-01 03:28:22,"Choveu a tarde toda, dia perfeito pra ficar em casa lendo.",0.0329
PA004228,2023-06-01 04:01:31,"Domingo em familia, melhor dia da semana.",0.052
PA004229,2023-06-01 04:48:59,"Yoga pela manha, comecei o dia muito bem.",0.0717
PA004230,2023-06-01 05:51:03,"Fechei projeto importante essa semana, que alegria.",0.1577
PA004231,2023-06-01 06:09:41,Burocracia excessiva impossibilitando qualquer coisa.,0.6755
PA004232,2023-06-01 06:42:49,"Filme otimo ontem, fui ao cinema com a familia.",0.0707
PA004233,2023-06-01 07:32:13,"Biblioteca da universidade, ambiente otimo para estudar.",0.0629
PA004234,2023-06-01 08:22:06,"Testei IA para ajudar com codigo, funcionou bem.",0.1504
PA004235,2023-06-01 08:55:17,Jogo novo me viciou de um jeito bom.,0.1324
PA004236,2023-06-01 09:10:07,"Saturado desse emprego, preciso mudar de vida.",0.3493
PA004237,2023-06-01 09:22:40,"Novo celular chegou, a camera e impressionante.",0.0678
PA004238,2023-06-01 10:22:47,"Reuniao produtiva hoje, saimos com otimas ideias.",0.0798
PA004239,2023-06-01 11:40:25,"Natacao de manha, melhor inicio de dia possivel.",0.1448
PA004240,2023-06-01 12:17:45,"Biblioteca da universidade, ambiente otimo para estudar.",0.0933
PA004241,2023-06-01 12:25:10,"Aprendi receita nova no youtube, ficou otimo.",0.0
PA004242,2023-06-01 12:44:12,"Consegui estacionamento logo de cara, dia de sorte mesmo.",0.0
PA004243,2023-06-01 13:09:01,"Vento agradavel hoje, aproveitei para caminhar no parque.",0.0208
PA004244,2023-06-01 17:26:14,Brigadeiro de panela saiu incrivel hoje.,0.128
PA004245,2023-06-01 18:00:13,"Passeio no interior no fim de semana, natureza linda.",0.0756
PA004246,2023-06-01 18:56:04,"Viagem de fim de semana para cidade historica, valeu.",0.0826
PA004247,2023-06-01 19:37:27,Feira de artesanato gostosa de passear.,0.0
PA004248,2023-06-01 19:49:31,"Serie nova incrivel, amei o primeiro episodio.",0.0
PA004249,2023-06-01 20:19:10,"Aprendi receita nova no youtube, ficou otimo.",0.2014
PA004250,2023-06-01 21:51:21,Finalmente entendi aquele conceito que me travava.,0.1524
PA004251,2023-06-01 22:10:56,"Multa de transito injusta, vou recorrer.",0.6082
PA004252,2023-06-01 22:33:25,"Meditacao de manha, comecando o dia muito bem.",0.0587
PA004253,2023-06-01 23:36:22,"Vento agradavel hoje, aproveitei para caminhar no parque.",0.0648
PA004254,2023-06-02 00:52:11,Tarde produtiva organizando e limpando a casa.,0.0774
PA004255,2023-06-02 01:12:48,Grupo de estudos foi muito produtivo hoje.,0.0628
PA004256,2023-06-02 02:07:37,Finalmente entendi aquele conceito que me travava.,0.1438
PA004257,2023-06-02 02:19:07,"Reuniao produtiva hoje, saimos com otimas ideias.",0.0193
PA004258,2023-06-02 04:49:49,"Fui num restaurante novo, a pizza estava espetacular.",0.0215
PA004259,2023-06-02 04:55:02,"Minha mae fez feijao com arroz e linguica, classico perfeito.",0.067
PA004260,2023-06-02 05:14:05,"Passeio com o cachorro no parque, ele adorou.",0.0478
PA004261,2023-06-02 05:39:26,"Minha mae fez feijao com arroz e linguica, classico perfeito.",0.0
PA004262,2023-06-02 06:53:49,"Metro bem tranquilo essa manha, cheguei bem.",0.0834
PA004263,2023-06-02 07:07:32,"Meu time ganhou hoje, que jogo bonito foi.",0.1504
PA004264,2023-06-02 08:41:14,"Que calor hoje, tive que ligar o ar condicionado logo cedo.",0.0972
PA004265,2023-06-02 09:59:09,"Meu time ganhou hoje, que jogo bonito foi.",0.1495
PA004266,2023-06-02 10:21:18,"Plantei temperos na sacada, que satisfacao.",0.0763
PA004267,2023-06-02 11:01:02,Leitura no jardim com tempo agradavel.,0.0515
PA004268,2023-06-02 11:33:21,"Teatro incrivel ontem, peca muito bem dirigida.",0.0959
PA004269,2023-06-02 11:35:31,"Pipoca e serie boa na sexta, programa perfeito.",0.0637
PA004270,2023-06-02 11:53:22,"Apresentacao correu muito bem, todos gostaram.",0.0518
PA004271,2023-06-02 13:20:08,Pedalada de tarde com vista incrivel do parque.,0.1733
PA004272,2023-06-02 15:11:56,"Estrada livre, cheguei no trabalho rapido hoje.",0.0408
PA004273,2023-06-02 15:15:40,Jogo novo me viciou de um jeito bom.,0.1516
PA004274,2023-06-02 15:27:13,"Yoga pela manha, comecei o dia muito bem.",0.1112
PA004275,2023-06-02 16:23:25,"Maratonei a temporada completa, valeu cada minuto.",0.085
PA004276,2023-06-02 18:21:22,"Praia tranquila, sol perfeito, descanso total.",0.0896
PA004277,2023-06-02 20:33:50,"Internet caindo toda hora, impossivel trabalhar assim.",0.5588
PA004278,2023-06-02 21:23:22,Jogo novo me viciou de um jeito bom.,0.0277
PA004279,2023-06-02 21:55:24,"Passei na certificacao, muito feliz com o resultado.",0.0468
PA004280,2023-06-02 22:27:25,"Testei IA para ajudar com codigo, funcionou bem.",0.0782
PA004281,2023-06-02 22:41:54,"Meditacao de manha, comecando o dia muito bem.",0.0921
PA004282,2023-06-03 00:37:26,Cafe da manha caprichado: tapioca com ovo e suco de laranja.,0.0917
PA004283,2023-06-03 01:17:16,"Meditacao de manha, comecando o dia muito bem.",0.0567
PA004284,2023-06-03 02:14:48,"Home office com cafe fresquinho do lado, otimo.",0.0636
PA004285,2023-06-03 03:13:13,"O outono chegou cedo esse ano, que frio gostoso de manha.",0.0996
PA004286,2023-06-03 04:37:10,Semana intensa mas muito satisfatoria no trabalho.,0.0133
PA004287,2023-06-03 04:40:05,"Volei com os amigos, muita risada e diversao.",0.0517
PA004288,2023-06-03 05:20:43,"Testei IA para ajudar com codigo, funcionou bem.",0.0494
PA004289,2023-06-03 05:36:56,"Choveu a tarde toda, dia perfeito pra ficar em casa lendo.",0.0156
PA004290,2023-06-03 05:51:52,Show ao vivo incrivel no fim de semana.,0.1167
PA004291,2023-06-03 07:09:55,"Volei com os amigos, muita risada e diversao.",0.0742
PA004292,2023-06-03 08:00:32,Aula incrivel sobre estatistica aplicada hoje.,0.0373
PA004293,2023-06-03 08:06:17,"Meu time ganhou hoje, que jogo bonito foi.",0.124
PA004294,2023-06-03 08:19:00,"Novo celular chegou, a camera e impressionante.",0.0894
PA004295,2023-06-03 08:20:00,"O outono chegou cedo esse ano, que frio gostoso de manha.",0.0332
PA004296,2023-06-03 08:24:07,"Praia tranquila, sol perfeito, descanso total.",0.035
PA004297,2023-06-03 08:43:40,"Testei IA para ajudar com codigo, funcionou bem.",0.0
PA004298,2023-06-03 09:42:55,"Filme otimo ontem, fui ao cinema com a familia.",0.0914
PA004299,2023-06-03 10:04:46,"Biblioteca da universidade, ambiente otimo para estudar.",0.0678
PA004300,2023-06-03 10:41:45,Grupo de estudos foi muito produtivo hoje.,0.0236
PA004301,2023-06-03 10:44:31,"Cuidando das plantas em casa, muito terapeutico.",0.0473
PA004302,2023-06-03 10:49:24,"Sopa de legumes no frio, reconfortante e gostosa.",0.1286
PA004303,2023-06-03 12:56:29,"Estudando para a prova de amanha, bem concentrado.",0.0055
PA004304,2023-06-03 13:27:16,Que manha fresca e agradavel para uma caminhada.,0.0767
PA004305,2023-06-03 16:02:50,"Fui de bike hoje, que exercicio agradavel de manha.",0.0594
PA004306,2023-06-03 16:57:51,Show ao vivo incrivel no fim de semana.,0.1263
PA004307,2023-06-03 19:28:34,"Sopa de legumes no frio, reconfortante e gostosa.",0.1501
PA004308,2023-06-03 22:13:04,"Reuniao produtiva hoje, saimos com otimas ideias.",0.0039
PA004309,2023-06-03 22:54:43,Jantar simples mas gostoso com a familia.,0.0953
PA004310,2023-06-03 23:14:33,"Tarefa dificil concluida com sucesso, que satisfacao.",0.0856
PA004311,2023-06-03 23:42:39,Aula incrivel sobre estatistica aplicada hoje.,0.049
PA004312,2023-06-04 00:39:40,"Trilha ecologica incrivel, natureza pura.",0.0693
PA004313,2023-06-04 01:16:41,Podcast sobre tecnologia muito interessante.,0.1183
PA004314,2023-06-04 01:18:13,"Biblioteca da universidade, ambiente otimo para estudar.",0.1085
PA004315,2023-06-04 02:36:32,"Meu time ganhou hoje, que jogo bonito foi.",0.0174
PA004316,2023-06-04 02:39:22,"Fui num restaurante novo, a pizza estava espetacular.",0.1517
PA004317,2023-06-04 03:42:39,"Tentei receita nova de bolo de cenoura, ficou fofinho.",0.0766
PA004318,2023-06-04 03:57:10,"Musica nova do meu artista favorito, de outro nivel.",0.1439
PA004319,2023-06-04 04:22:20,"Natacao de manha, melhor inicio de dia possivel.",0.0
PA004320,2023-06-04 06:01:52,"Apresentacao correu muito bem, todos gostaram.",0.1038
PA004321,2023-06-04 06:05:24,"Fechei projeto importante essa semana, que alegria.",0.015
PA004322,2023-06-04 06:22:14,"Apresentacao correu muito bem, todos gostaram.",0.1375
PA004323,2023-06-04 06:45:49,Aula incrivel sobre estatistica aplicada hoje.,0.1115
PA004324,2023-06-04 06:57:32,"Praia tranquila, sol perfeito, descanso total.",0.0649
PA004325,2023-06-04 07:20:41,"Minha mae fez feijao com arroz e linguica, classico perfeito.",0.0724
PA004326,2023-06-04 07:33:42,"Configurei o home office com setup novo, otimo.",0.0852
PA004327,2023-06-04 08:26:52,"Que dia difícil, nada saiu como eu havia planejado.",0.8482
PA004328,2023-06-04 08:26:57,"Teatro incrivel ontem, peca muito bem dirigida.",0.059
PA004329,2023-06-04 08:31:04,"Vento agradavel hoje, aproveitei para caminhar no parque.",0.1188
PA004330,2023-06-04 08:42:17,"Sopa de legumes no frio, reconfortante e gostosa.",0.12
PA004331,2023-06-04 09:39:37,"Museu da cidade muito interessante, aprendi bastante.",0.0398
PA004332,2023-06-04 09:57:12,"Pipoca e serie boa na sexta, programa perfeito.",0.0668
PA004333,2023-06-04 12:13:50,Semana intensa mas muito satisfatoria no trabalho.,0.0881
PA004334,2023-06-04 14:16:59,"Passeio no interior no fim de semana, natureza linda.",0.0684
PA004335,2023-06-04 16:11:57,"Serie nova incrivel, amei o primeiro episodio.",0.0
PA004336,2023-06-04 16:48:27,"Chuva passageira a tarde, depois o tempo abriu lindo.",0.079
PA004337,2023-06-04 17:26:07,Que tarde relaxante lendo na rede.,0.0357
PA004338,2023-06-04 17:47:42,Jantar simples mas gostoso com a familia.,0.1333
PA004339,2023-06-04 17:53:32,"Filme otimo ontem, fui ao cinema com a familia.",0.0129
PA004340,2023-06-04 17:54:10,Show ao vivo incrivel no fim de semana.,0.0733
PA004341,2023-06-04 18:15:35,Tarde produtiva organizando e limpando a casa.,0.0
PA004342,2023-06-04 18:25:50,"Passeio com o cachorro no parque, ele adorou.",0.0652
PA004343,2023-06-04 18:31:41,Aula incrivel sobre estatistica aplicada hoje.,0.1179
PA004344,2023-06-04 19:38:21,"Consegui estacionamento logo de cara, dia de sorte mesmo.",0.0903
PA004345,2023-06-04 19:49:23,"Tentei receita nova de bolo de cenoura, ficou fofinho.",0.1365
PA004346,2023-06-04 20:18:09,Jogo novo me viciou de um jeito bom.,0.0272
PA004347,2023-06-04 22:46:51,App de produtividade novo que encontrei e otimo.,0.0678
PA004348,2023-06-05 01:23:51,"Apresentacao correu muito bem, todos gostaram.",0.0786
PA004349,2023-06-05 02:08:54,"Onibus chegou no horario hoje, que surpresa agradavel.",0.1605
PA004350,2023-06-05 04:02:35,"O outono chegou cedo esse ano, que frio gostoso de manha.",0.1149
PA004351,2023-06-05 05:23:38,"Musica nova do meu artista favorito, de outro nivel.",0.04
PA004352,2023-06-05 07:07:06,"Pausa pro cafe com os colegas, bate-papo otimo.",0.0231
PA004353,2023-06-05 07:22:32,Semana intensa mas muito satisfatoria no trabalho.,0.07
PA004354,2023-06-05 07:55:55,"Passeio no interior no fim de semana, natureza linda.",0.0998
PA004355,2023-06-05 08:36:10,"Metro bem tranquilo essa manha, cheguei bem.",0.15
PA004356,2023-06-05 09:51:33,"Churrasco com a familia no final de semana, delicioso.",0.1016
PA004357,2023-06-05 12:10:10,"Sol lindo hoje, cafe na varanda foi otimo.",0.0642
PA004358,2023-06-05 13:00:19,Atualizacao deixou o sistema muito mais rapido.,0.0204
PA004359,2023-06-05 13:19:24,"Fui num restaurante novo, a pizza estava espetacular.",0.0244
PA004360,2023-06-05 14:20:37,"Chuva passageira a tarde, depois o tempo abriu lindo.",0.1532
PA004361,2023-06-05 14:32:39,"Testei IA para ajudar com codigo, funcionou bem.",0.0348
PA004362,2023-06-05 14:55:33,"Meditacao de manha, comecando o dia muito bem.",0.0631
PA004363,2023-06-05 15:00:23,"Testei IA para ajudar com codigo, funcionou bem.",0.1386
PA004364,2023-06-05 15:08:45,"Home office com cafe fresquinho do lado, otimo.",0.0687
PA004365,2023-06-05 15:24:51,"Pipoca e serie boa na sexta, programa perfeito.",0.1279
PA004366,2023-06-05 16:09:21,"Testei IA para ajudar com codigo, funcionou bem.",0.0857
PA004367,2023-06-05 16:21:16,"Testei IA para ajudar com codigo, funcionou bem.",0.0259
PA004368,2023-06-05 16:53:37,"Pipoca e serie boa na sexta, programa perfeito.",0.0364
PA004369,2023-06-05 19:27:38,Finalmente entendi aquele conceito que me travava.,0.1251
PA004370,2023-06-05 19:38:46,"Padaria da esquina lancou sabor novo, recomendo.",0.0873
PA004371,2023-06-05 20:35:01,Finalmente entendi aquele conceito que me travava.,0.0548
PA004372,2023-06-05 21:24:32,Pacote atrasado pelos correios pela terceira vez.,0.411
PA004373,2023-06-05 22:22:42,"Passei na certificacao, muito feliz com o resultado.",0.0289
PA004374,2023-06-06 00:48:48,"Home office com cafe fresquinho do lado, otimo.",0.1238
PA004375,2023-06-06 01:59:00,Burocracia excessiva impossibilitando qualquer coisa.,0.1397
PA004376,2023-06-06 02:39:12,Leitura no jardim com tempo agradavel.,0.1303
PA004377,2023-06-06 03:33:09,"Notebook novo chegou, que desempenho incrivel.",0.1454
PA004378,2023-06-06 05:39:44,"Sopa de legumes no frio, reconfortante e gostosa.",0.0067
PA004379,2023-06-06 07:41:20,"Academia hoje, treino puxado mas valeu muito.",0.0663
PA004380,2023-06-06 09:24:15,"Vizinho fazendo barulho ate tarde da noite, falta de respeito.",0.52
PA004381,2023-06-06 09:24:47,Feira de artesanato gostosa de passear.,0.0441
PA004382,2023-06-06 09:38:13,"Chega de promessa vazia, quero resultado de verdade.",0.1582
PA004383,2023-06-06 13:30:37,Jogo novo me viciou de um jeito bom.,0.0396
PA004384,2023-06-06 14:11:16,"Biblioteca da universidade, ambiente otimo para estudar.",0.1196
PA004385,2023-06-06 14:32:13,"Padaria da esquina lancou sabor novo, recomendo.",0.1355
PA004386,2023-06-06 17:17:18,"Metro bem tranquilo essa manha, cheguei bem.",0.0694
PA004387,2023-06-06 17:41:52,"Novo celular chegou, a camera e impressionante.",0.0672
PA004388,2023-06-06 19:37:07,Jantar simples mas gostoso com a familia.,0.1109
PA004389,2023-06-06 20:26:45,Tarde produtiva organizando e limpando a casa.,0.1085
PA004390,2023-06-06 20:42:44,"Chuva passageira a tarde, depois o tempo abriu lindo.",0.0
PA004391,2023-06-06 21:01:12,Que tarde relaxante lendo na rede.,0.134
PA004392,2023-06-06 21:40:18,"Passei na certificacao, muito feliz com o resultado.",0.1763
PA004393,2023-06-07 00:00:43,Terminei o trabalho da faculdade com antecedencia.,0.0475
PA004394,2023-06-07 00:08:08,"Churrasco com a familia no final de semana, delicioso.",0.0
PA004395,2023-06-07 00:34:11,"Vento agradavel hoje, aproveitei para caminhar no parque.",0.1713
PA004396,2023-06-07 02:28:58,"Pausa pro cafe com os colegas, bate-papo otimo.",0.1327
PA004397,2023-06-07 03:00:23,"Configurei o home office com setup novo, otimo.",0.0994
PA004398,2023-06-07 03:53:20,Feira de artesanato gostosa de passear.,0.0565
PA004399,2023-06-07 07:21:53,Caminhada ate a estacao foi otima hoje.,0.0744
PA004400,2023-06-07 07:30:07,"Passeio no interior no fim de semana, natureza linda.",0.1158
PA004401,2023-06-07 08:21:48,"Yoga pela manha, comecei o dia muito bem.",0.0059
PA004402,2023-06-07 08:38:28,Pedalada de tarde com vista incrivel do parque.,0.0257
PA004403,2023-06-07 08:48:00,"Biblioteca da universidade, ambiente otimo para estudar.",0.1266
PA004404,2023-06-07 09:22:40,"Praia tranquila, sol perfeito, descanso total.",0.0842
PA004405,2023-06-07 10:42:22,"Plantei temperos na sacada, que satisfacao.",0.1312
PA004406,2023-06-07 12:33:40,"Estudando para a prova de amanha, bem concentrado.",0.0526
PA004407,2023-06-07 12:41:31,"Onibus chegou no horario hoje, que surpresa agradavel.",0.0756
PA004408,2023-06-07 12:47:18,"Domingo em familia, melhor dia da semana.",0.0931
PA004409,2023-06-07 13:43:08,"Pausa pro cafe com os colegas, bate-papo otimo.",0.0522
PA004410,2023-06-07 14:04:08,"Almoco incrivel hoje, fiz lasanha caseira do zero.",0.0514
PA004411,2023-06-07 14:38:10,Podcast sobre tecnologia muito interessante.,0.051
PA004412,2023-06-07 14:41:02,"Fechei projeto importante essa semana, que alegria.",0.0852
PA004413,2023-06-07 15:19:34,"Que calor hoje, tive que ligar o ar condicionado logo cedo.",0.0001
PA004414,2023-06-07 15:28:15,"Museu da cidade muito interessante, aprendi bastante.",0.1584
PA004415,2023-06-07 16:05:49,"Pausa pro cafe com os colegas, bate-papo otimo.",0.0848
PA004416,2023-06-07 16:33:03,Aplicativo de carona funcionou perfeitamente.,0.0708
PA004417,2023-06-07 17:38:04,"Livro excelente sobre ciencia de dados, recomendo muito.",0.0
PA004418,2023-06-07 19:01:12,"Meu time ganhou hoje, que jogo bonito foi.",0.1215
PA004419,2023-06-07 19:21:55,"Meu time ganhou hoje, que jogo bonito foi.",0.1035
PA004420,2023-06-07 21:24:14,"Museu da cidade muito interessante, aprendi bastante.",0.1742
PA004421,2023-06-07 22:33:27,"Academia hoje, treino puxado mas valeu muito.",0.0776
PA004422,2023-06-07 22:37:20,Tarde produtiva organizando e limpando a casa.,0.1643
PA004423,2023-06-07 22:52:51,"Tentei receita nova de bolo de cenoura, ficou fofinho.",0.0873
PA004424,2023-06-07 22:58:53,"Aprendi receita nova no youtube, ficou otimo.",0.1505
PA004425,2023-06-08 00:47:39,"Trilha ecologica incrivel, natureza pura.",0.0
PA004426,2023-06-08 00:54:15,"Dia nublado mas tranquilo, bom para estudar sem distracao.",0.0146
PA004427,2023-06-08 01:59:40,"Trilha ecologica incrivel, natureza pura.",0.0903
PA004428,2023-06-08 02:17:42,"Domingo em familia, melhor dia da semana.",0.0934
PA004429,2023-06-08 03:10:19,"Consegui estacionamento logo de cara, dia de sorte mesmo.",0.1163
PA004430,2023-06-08 03:15:20,"Sol lindo hoje, cafe na varanda foi otimo.",0.1139
PA004431,2023-06-08 05:48:47,"Cuidando das plantas em casa, muito terapeutico.",0.0
PA004432,2023-06-08 06:16:36,App de produtividade novo que encontrei e otimo.,0.125
PA004433,2023-06-08 06:18:49,"Acai gelado essa tarde, refrescante demais.",0.1498
PA004434,2023-06-08 06:29:05,"Chuva passageira a tarde, depois o tempo abriu lindo.",0.0657
PA004435,2023-06-08 08:43:17,"Servico publico uma vergonha, esperei horas na fila.",0.8156
PA004436,2023-06-08 10:42:10,"Academia hoje, treino puxado mas valeu muito.",0.0659
PA004437,2023-06-08 10:57:02,Caminhada ate a estacao foi otima hoje.,0.0352
PA004438,2023-06-08 11:43:28,"Trilha ecologica incrivel, natureza pura.",0.0607
PA004439,2023-06-08 12:23:32,"Reuniao produtiva hoje, saimos com otimas ideias.",0.0305
PA004440,2023-06-08 12:44:16,"Minha mae fez feijao com arroz e linguica, classico perfeito.",0.1256
PA004441,2023-06-08 15:12:20,"Aprendi receita nova no youtube, ficou otimo.",0.0144
PA004442,2023-06-08 15:41:42,"Tentei receita nova de bolo de cenoura, ficou fofinho.",0.1394
PA004443,2023-06-08 16:57:35,"Meu time ganhou hoje, que jogo bonito foi.",0.0473
PA004444,2023-06-08 17:21:03,"Consegui estacionamento logo de cara, dia de sorte mesmo.",0.1265
PA004445,2023-06-08 18:18:31,Que tarde relaxante lendo na rede.,0.0222
PA004446,2023-06-08 20:50:32,"Meu time ganhou hoje, que jogo bonito foi.",0.0
PA004447,2023-06-08 20:58:53,"Plantei temperos na sacada, que satisfacao.",0.0058
PA004448,2023-06-08 21:16:32,"Almoco incrivel hoje, fiz lasanha caseira do zero.",0.0902
PA004449,2023-06-08 21:44:47,"Home office com cafe fresquinho do lado, otimo.",0.132
PA004450,2023-06-08 21:50:36,Jogo novo me viciou de um jeito bom.,0.103
PA004451,2023-06-09 00:45:04,"Meditacao de manha, comecando o dia muito bem.",0.0476
PA004452,2023-06-09 01:14:32,Atualizacao deixou o sistema muito mais rapido.,0.0742
PA004453,2023-06-09 01:39:17,"Domingo em familia, melhor dia da semana.",0.1202
PA004454,2023-06-09 01:43:03,"Biblioteca da universidade, ambiente otimo para estudar.",0.0487
PA004455,2023-06-09 02:46:43,"Passei na certificacao, muito feliz com o resultado.",0.1226
PA004456,2023-06-09 04:17:43,"Domingo em familia, melhor dia da semana.",0.1427
PA004457,2023-06-09 05:33:37,"Meditacao de manha, comecando o dia muito bem.",0.132
PA004458,2023-06-09 06:05:13,"Notebook novo chegou, que desempenho incrivel.",0.0449
PA004459,2023-06-09 06:12:53,Leitura no jardim com tempo agradavel.,0.1216
PA004460,2023-06-09 08:00:20,Podcast sobre tecnologia muito interessante.,0.141
PA004461,2023-06-09 08:44:55,Cafe da manha caprichado: tapioca com ovo e suco de laranja.,0.0736
PA004462,2023-06-09 08:52:48,"Livro excelente sobre ciencia de dados, recomendo muito.",0.1309
PA004463,2023-06-09 09:00:13,"Viagem de fim de semana para cidade historica, valeu.",0.0483
PA004464,2023-06-09 09:18:53,"Meditacao de manha, comecando o dia muito bem.",0.0919
PA004465,2023-06-09 09:20:27,"Estudando para a prova de amanha, bem concentrado.",0.0433
PA004466,2023-06-09 09:56:11,"Filme otimo ontem, fui ao cinema com a familia.",0.0577
PA004467,2023-06-09 10:03:02,"Livro excelente sobre ciencia de dados, recomendo muito.",0.0352
PA004468,2023-06-09 11:08:34,Tudo caro e qualidade cada vez pior.,0.6523
PA004469,2023-06-09 12:28:58,"Domingo em familia, melhor dia da semana.",0.0568
PA004470,2023-06-09 12:50:40,"Consegui estacionamento logo de cara, dia de sorte mesmo.",0.0415
PA004471,2023-06-09 14:00:05,"Configurei o home office com setup novo, otimo.",0.0276
PA004472,2023-06-09 14:39:46,"Filme otimo ontem, fui ao cinema com a familia.",0.0016
PA004473,2023-06-09 16:47:23,"Tarefa dificil concluida com sucesso, que satisfacao.",0.1056
PA004474,2023-06-09 17:30:58,"Configurei o home office com setup novo, otimo.",0.1121
PA004475,2023-06-09 17:39:32,"Filme otimo ontem, fui ao cinema com a familia.",0.0819
PA004476,2023-06-09 17:41:33,"Volei com os amigos, muita risada e diversao.",0.0877
PA004477,2023-06-09 20:12:12,"Sol lindo hoje, cafe na varanda foi otimo.",0.1764
PA004478,2023-06-09 21:04:51,"Meditacao de manha, comecando o dia muito bem.",0.1177
PA004479,2023-06-09 23:38:24,"Novo celular chegou, a camera e impressionante.",0.156
PA004480,2023-06-10 00:03:46,"Passeio no interior no fim de semana, natureza linda.",0.1549
PA004481,2023-06-10 00:58:16,"Serie nova incrivel, amei o primeiro episodio.",0.1134
PA004482,2023-06-10 02:57:50,"Testei IA para ajudar com codigo, funcionou bem.",0.1264
PA004483,2023-06-10 03:44:42,"Academia hoje, treino puxado mas valeu muito.",0.0414
PA004484,2023-06-10 04:37:17,"Multa de transito injusta, vou recorrer.",0.9276
PA004485,2023-06-10 04:48:49,"Domingo em familia, melhor dia da semana.",0.0567
PA004486,2023-06-10 06:02:00,Atualizacao deixou o sistema muito mais rapido.,0.1378
PA004487,2023-06-10 06:28:13,"Biblioteca da universidade, ambiente otimo para estudar.",0.0611
PA004488,2023-06-10 06:31:49,Podcast sobre tecnologia muito interessante.,0.0708
PA004489,2023-06-10 06:47:00,"Apresentacao correu muito bem, todos gostaram.",0.1064
PA004490,2023-06-10 07:01:16,"Governo aumentando imposto de novo, inacreditavel.",0.8121
PA004491,2023-06-10 07:24:48,"Filme otimo ontem, fui ao cinema com a familia.",0.0951
PA004492,2023-06-10 07:55:24,"Reencontrei um amigo antigo por acaso, que alegria.",0.0284
PA004493,2023-06-10 09:23:41,"Que calor hoje, tive que ligar o ar condicionado logo cedo.",0.0773
PA004494,2023-06-10 09:30:33,Show ao vivo incrivel no fim de semana.,0.0
PA004495,2023-06-10 11:26:00,"Configurei o home office com setup novo, otimo.",0.1234
PA004496,2023-06-10 11:50:50,"Choveu a tarde toda, dia perfeito pra ficar em casa lendo.",0.1567
PA004497,2023-06-10 12:46:34,"Chuva passageira a tarde, depois o tempo abriu lindo.",0.0555
PA004498,2023-06-10 13:29:51,"Chuva passageira a tarde, depois o tempo abriu lindo.",0.0272
PA004499,2023-06-10 15:16:23,"Que calor hoje, tive que ligar o ar condicionado logo cedo.",0.0759
PA004500,2023-06-10 18:11:49,Feira de artesanato gostosa de passear.,0.0237
PA004501,2023-06-10 18:37:43,"Pipoca e serie boa na sexta, programa perfeito.",0.0773
PA004502,2023-06-10 19:34:29,"Reuniao produtiva hoje, saimos com otimas ideias.",0.0
PA004503,2023-06-10 20:28:17,"Praia tranquila, sol perfeito, descanso total.",0.0645
PA004504,2023-06-10 22:22:15,"Pausa pro cafe com os colegas, bate-papo otimo.",0.0746
PA004505,2023-06-11 01:48:08,Atualizacao deixou o sistema muito mais rapido.,0.0353
PA004506,2023-06-11 02:18:46,"Volei com os amigos, muita risada e diversao.",0.0127
PA004507,2023-06-11 02:51:06,"Estrada livre, cheguei no trabalho rapido hoje.",0.0692
PA004508,2023-06-11 03:03:20,"Meditacao de manha, comecando o dia muito bem.",0.057
PA004509,2023-06-11 03:19:39,"Vento agradavel hoje, aproveitei para caminhar no parque.",0.0496
PA004510,2023-06-11 03:45:31,"Configurei o home office com setup novo, otimo.",0.1241
PA004511,2023-06-11 04:29:26,"Fui de bike hoje, que exercicio agradavel de manha.",0.0599
PA004512,2023-06-11 04:32:27,Brigadeiro de panela saiu incrivel hoje.,0.1621
PA004513,2023-06-11 05:00:01,Feira de artesanato gostosa de passear.,0.1876
PA004514,2023-06-11 05:07:02,"Dia nublado mas tranquilo, bom para estudar sem distracao.",0.1351
PA004515,2023-06-11 05:36:07,Que manha fresca e agradavel para uma caminhada.,0.1438
PA004516,2023-06-11 06:04:13,"Corri 5km de manha, semana otima de treino.",0.0669
PA004517,2023-06-11 07:35:44,"Academia hoje, treino puxado mas valeu muito.",0.1058
PA004518,2023-06-11 08:02:37,"Fui num restaurante novo, a pizza estava espetacular.",0.028
PA004519,2023-06-11 09:16:30,Brigadeiro de panela saiu incrivel hoje.,0.0643
PA004520,2023-06-11 09:27:06,Que tarde relaxante lendo na rede.,0.0291
PA004521,2023-06-11 09:48:12,"Fui num restaurante novo, a pizza estava espetacular.",0.1016
PA004522,2023-06-11 11:01:21,Jantar simples mas gostoso com a familia.,0.0824
PA004523,2023-06-11 13:15:47,"Domingo em familia, melhor dia da semana.",0.1328
PA004524,2023-06-11 13:55:41,"Pipoca e serie boa na sexta, programa perfeito.",0.1158
PA004525,2023-06-11 13:58:46,"Metro bem tranquilo essa manha, cheguei bem.",0.0889
PA004526,2023-06-11 14:04:11,Tarde produtiva organizando e limpando a casa.,0.0476
PA004527,2023-06-11 14:55:08,"Meu time ganhou hoje, que jogo bonito foi.",0.0539
PA004528,2023-06-11 15:12:26,Pedalada de tarde com vista incrivel do parque.,0.0954
PA004529,2023-06-11 15:27:09,Tarde produtiva organizando e limpando a casa.,0.0768
PA004530,2023-06-11 15:36:09,"Academia hoje, treino puxado mas valeu muito.",0.0279
PA004531,2023-06-11 16:21:59,"Volei com os amigos, muita risada e diversao.",0.0655
PA004532,2023-06-11 18:07:55,Pedalada de tarde com vista incrivel do parque.,0.0032
PA004533,2023-06-11 21:18:30,"Choveu a tarde toda, dia perfeito pra ficar em casa lendo.",0.0836
PA004534,2023-06-11 21:36:49,Cafe da manha caprichado: tapioca com ovo e suco de laranja.,0.0
PA004535,2023-06-11 21:40:09,"Metro bem tranquilo essa manha, cheguei bem.",0.126
PA004536,2023-06-11 23:38:59,"Musica nova do meu artista favorito, de outro nivel.",0.0815
PA004537,2023-06-12 00:04:35,"Teatro incrivel ontem, peca muito bem dirigida.",0.1402
PA004538,2023-06-12 02:13:04,Show ao vivo incrivel no fim de semana.,0.1307
PA004539,2023-06-12 02:55:32,Grupo de estudos foi muito produtivo hoje.,0.123
PA004540,2023-06-12 03:30:58,"Teatro incrivel ontem, peca muito bem dirigida.",0.1089
PA004541,2023-06-12 03:32:20,"Cuidando das plantas em casa, muito terapeutico.",0.1063
PA004542,2023-06-12 03:42:47,"Meditacao de manha, comecando o dia muito bem.",0.1286
PA004543,2023-06-12 04:52:49,"Padaria da esquina lancou sabor novo, recomendo.",0.0593
PA004544,2023-06-12 06:02:25,"Padaria da esquina lancou sabor novo, recomendo.",0.1245
PA004545,2023-06-12 07:06:35,Podcast sobre tecnologia muito interessante.,0.1033
PA004546,2023-06-12 08:02:01,"Plantei temperos na sacada, que satisfacao.",0.106
PA004547,2023-06-12 08:21:35,Tarde produtiva organizando e limpando a casa.,0.1254
PA004548,2023-06-12 12:37:17,"Serie nova incrivel, amei o primeiro episodio.",0.0368
PA004549,2023-06-12 12:40:12,"Vento agradavel hoje, aproveitei para caminhar no parque.",0.1165
PA004550,2023-06-12 14:16:03,Jantar simples mas gostoso com a familia.,0.1085
PA004551,2023-06-12 14:33:04,Caminhada ate a estacao foi otima hoje.,0.0922
PA004552,2023-06-12 16:21:33,"Notebook novo chegou, que desempenho incrivel.",0.0533
PA004553,2023-06-12 16:28:54,Jogo novo me viciou de um jeito bom.,0.1088
PA004554,2023-06-12 16:45:29,"Livro excelente sobre ciencia de dados, recomendo muito.",0.0543
PA004555,2023-06-12 16:46:47,"Cuidando das plantas em casa, muito terapeutico.",0.1288
PA004556,2023-06-12 17:15:03,"Maratonei a temporada completa, valeu cada minuto.",0.1296
PA004557,2023-06-12 17:23:42,Caminhada ate a estacao foi otima hoje.,0.145
PA004558,2023-06-12 17:50:03,"Servico publico uma vergonha, esperei horas na fila.",0.5514
PA004559,2023-06-12 17:54:54,App de produtividade novo que encontrei e otimo.,0.0541
PA004560,2023-06-12 18:20:09,"Choveu a tarde toda, dia perfeito pra ficar em casa lendo.",0.0311
PA004561,2023-06-12 18:52:56,Que manha fresca e agradavel para uma caminhada.,0.0981
PA004562,2023-06-12 19:47:37,Semana intensa mas muito satisfatoria no trabalho.,0.065
PA004563,2023-06-12 19:53:46,"Maratonei a temporada completa, valeu cada minuto.",0.0881
PA004564,2023-06-12 20:56:49,Show ao vivo incrivel no fim de semana.,0.0911
PA004565,2023-06-12 21:13:41,"Pipoca e serie boa na sexta, programa perfeito.",0.169
PA004566,2023-06-12 21:42:32,"Padaria da esquina lancou sabor novo, recomendo.",0.0184
PA004567,2023-06-12 23:00:05,"Tentei receita nova de bolo de cenoura, ficou fofinho.",0.1263
PA004568,2023-06-12 23:03:19,"Servico publico uma vergonha, esperei horas na fila.",0.4217
PA004569,2023-06-13 00:50:20,"Domingo em familia, melhor dia da semana.",0.1623
PA004570,2023-06-13 03:05:30,Jantar simples mas gostoso com a familia.,0.0962
PA004571,2023-06-13 03:52:15,Brigadeiro de panela saiu incrivel hoje.,0.0811
PA004572,2023-06-13 07:28:47,Pedalada de tarde com vista incrivel do parque.,0.0478
PA004573,2023-06-13 07:39:48,"Academia hoje, treino puxado mas valeu muito.",0.0
PA004574,2023-06-13 08:05:12,"Museu da cidade muito interessante, aprendi bastante.",0.1208
PA004575,2023-06-13 08:15:03,"Reuniao produtiva hoje, saimos com otimas ideias.",0.0076
PA004576,2023-06-13 09:26:01,"Configurei o home office com setup novo, otimo.",0.1273
PA004577,2023-06-13 10:30:01,Leitura no jardim com tempo agradavel.,0.0413
PA004578,2023-06-13 10:39:16,"Filme otimo ontem, fui ao cinema com a familia.",0.1178
PA004579,2023-06-13 11:58:08,"Trilha ecologica incrivel, natureza pura.",0.0882
PA004580,2023-06-13 13:54:26,"Sopa de legumes no frio, reconfortante e gostosa.",0.0784
PA004581,2023-06-13 15:25:47,"Musica nova do meu artista favorito, de outro nivel.",0.0604
PA004582,2023-06-13 15:43:48,"Trilha ecologica incrivel, natureza pura.",0.009
PA004583,2023-06-13 15:47:31,Brigadeiro de panela saiu incrivel hoje.,0.0933
PA004584,2023-06-13 15:48:19,Brigadeiro de panela saiu incrivel hoje.,0.1413
PA004585,2023-06-13 16:16:22,Tarde produtiva organizando e limpando a casa.,0.061
PA004586,2023-06-13 16:38:29,"Churrasco com a familia no final de semana, delicioso.",0.0738
PA004587,2023-06-13 17:37:21,Caminhada ate a estacao foi otima hoje.,0.0
PA004588,2023-06-13 19:29:07,"Musica nova do meu artista favorito, de outro nivel.",0.1491
PA004589,2023-06-13 19:47:25,Caminhada ate a estacao foi otima hoje.,0.0524
PA004590,2023-06-13 19:52:07,"Onibus chegou no horario hoje, que surpresa agradavel.",0.0413
PA004591,2023-06-13 20:43:38,Caminhada ate a estacao foi otima hoje.,0.0896
PA004592,2023-06-13 22:48:07,Leitura no jardim com tempo agradavel.,0.038
PA004593,2023-06-13 23:12:51,Aplicativo de carona funcionou perfeitamente.,0.0825
PA004594,2023-06-14 00:15:00,"Tentei receita nova de bolo de cenoura, ficou fofinho.",0.1435
PA004595,2023-06-14 03:55:47,"Que calor hoje, tive que ligar o ar condicionado logo cedo.",0.1414
PA004596,2023-06-14 05:50:02,Pedalada de tarde com vista incrivel do parque.,0.0248
PA004597,2023-06-14 05:57:03,"Maratonei a temporada completa, valeu cada minuto.",0.0462
PA004598,2023-06-14 06:35:36,"Passeio no interior no fim de semana, natureza linda.",0.0894
PA004599,2023-06-14 06:55:09,"Corri 5km de manha, semana otima de treino.",0.0417
PA004600,2023-06-14 09:06:16,"Chuva passageira a tarde, depois o tempo abriu lindo.",0.0692
PA004601,2023-06-14 09:28:04,"Serie nova incrivel, amei o primeiro episodio.",0.0724
PA004602,2023-06-14 10:27:17,"Sopa de legumes no frio, reconfortante e gostosa.",0.0448
PA004603,2023-06-14 11:07:35,"Fui de bike hoje, que exercicio agradavel de manha.",0.1429
PA004604,2023-06-14 11:39:17,"Que calor hoje, tive que ligar o ar condicionado logo cedo.",0.0313
PA004605,2023-06-14 11:56:03,Caminhada ate a estacao foi otima hoje.,0.0932
PA004606,2023-06-14 12:28:33,"Chuva passageira a tarde, depois o tempo abriu lindo.",0.1046
PA004607,2023-06-14 14:33:03,"Consegui estacionamento logo de cara, dia de sorte mesmo.",0.0506
PA004608,2023-06-14 14:54:36,"Meditacao de manha, comecando o dia muito bem.",0.1223
PA004609,2023-06-14 15:40:18,"Maratonei a temporada completa, valeu cada minuto.",0.1242
PA004610,2023-06-14 17:47:41,Caminhada ate a estacao foi otima hoje.,0.069
PA004611,2023-06-14 17:57:03,"Academia hoje, treino puxado mas valeu muito.",0.138
PA004612,2023-06-14 18:17:49,"Yoga pela manha, comecei o dia muito bem.",0.1702
PA004613,2023-06-14 18:23:57,"Tarefa dificil concluida com sucesso, que satisfacao.",0.0644
PA004614,2023-06-14 18:36:21,"Acai gelado essa tarde, refrescante demais.",0.092
PA004615,2023-06-14 19:54:50,"Viagem de fim de semana para cidade historica, valeu.",0.0618
PA004616,2023-06-14 20:34:37,"Onibus chegou no horario hoje, que surpresa agradavel.",0.0401
PA004617,2023-06-14 20:36:12,Aula incrivel sobre estatistica aplicada hoje.,0.097
PA004618,2023-06-14 20:48:06,"Padaria da esquina lancou sabor novo, recomendo.",0.1026
PA004619,2023-06-14 21:50:51,"Sol lindo hoje, cafe na varanda foi otimo.",0.0713
PA004620,2023-06-14 22:06:32,"Academia hoje, treino puxado mas valeu muito.",0.0687
PA004621,2023-06-14 22:53:21,"Fui de bike hoje, que exercicio agradavel de manha.",0.0
PA004622,2023-06-14 23:31:46,"Sol lindo hoje, cafe na varanda foi otimo.",0.1261
PA004623,2023-06-14 23:43:30,"Onibus chegou no horario hoje, que surpresa agradavel.",0.0765
PA004624,2023-06-14 23:57:41,Tarde produtiva organizando e limpando a casa.,0.0701
PA004625,2023-06-15 02:49:24,"Cuidando das plantas em casa, muito terapeutico.",0.0709
PA004626,2023-06-15 03:18:48,"Pausa pro cafe com os colegas, bate-papo otimo.",0.0108
PA004627,2023-06-15 03:30:55,"Choveu a tarde toda, dia perfeito pra ficar em casa lendo.",0.0024
PA004628,2023-06-15 06:17:01,Feira de artesanato gostosa de passear.,0.1061
PA004629,2023-06-15 08:47:19,Jantar simples mas gostoso com a familia.,0.0866
PA004630,2023-06-15 09:26:30,"Aprendi receita nova no youtube, ficou otimo.",0.1563
PA004631,2023-06-15 09:49:32,Aula incrivel sobre estatistica aplicada hoje.,0.0891
PA004632,2023-06-15 09:55:30,Nao consigo entender como essa situacao ainda nao mudou.,0.3493
PA004633,2023-06-15 10:36:20,"Yoga pela manha, comecei o dia muito bem.",0.004
PA004634,2023-06-15 15:15:04,Terminei o trabalho da faculdade com antecedencia.,0.064
PA004635,2023-06-15 15:37:05,"Teatro incrivel ontem, peca muito bem dirigida.",0.1156
PA004636,2023-06-15 15:41:47,Leitura no jardim com tempo agradavel.,0.1403
PA004637,2023-06-15 15:59:17,"Viagem de fim de semana para cidade historica, valeu.",0.0294
PA004638,2023-06-15 18:08:06,Terminei o trabalho da faculdade com antecedencia.,0.0552
PA004639,2023-06-15 18:26:04,"Estrada livre, cheguei no trabalho rapido hoje.",0.0038
PA004640,2023-06-15 18:33:49,Que tarde relaxante lendo na rede.,0.1126
PA004641,2023-06-15 18:43:07,"Novo celular chegou, a camera e impressionante.",0.1181
PA004642,2023-06-15 20:04:09,"Biblioteca da universidade, ambiente otimo para estudar.",0.0978
PA004643,2023-06-15 20:28:36,"Fechei projeto importante essa semana, que alegria.",0.1749
PA004644,2023-06-15 20:59:48,"Museu da cidade muito interessante, aprendi bastante.",0.0632
PA004645,2023-06-15 22:38:33,"Sopa de legumes no frio, reconfortante e gostosa.",0.1923
PA004646,2023-06-16 02:54:47,Show ao vivo incrivel no fim de semana.,0.0387
PA004647,2023-06-16 02:59:17,"Passeio com o cachorro no parque, ele adorou.",0.0802
PA004648,2023-06-16 03:30:11,Finalmente entendi aquele conceito que me travava.,0.0502
PA004649,2023-06-16 03:45:22,Que tarde relaxante lendo na rede.,0.1659
PA004650,2023-06-16 04:29:12,"Notebook novo chegou, que desempenho incrivel.",0.1221
PA004651,2023-06-16 05:46:27,"Calor absurdo com falta de agua, descaso total.",0.9617
PA004652,2023-06-16 05:48:10,"Notebook novo chegou, que desempenho incrivel.",0.149
PA004653,2023-06-16 06:15:20,App de produtividade novo que encontrei e otimo.,0.0676
PA004654,2023-06-16 08:15:48,"Meu time ganhou hoje, que jogo bonito foi.",0.048
PA004655,2023-06-16 08:22:21,"Metro bem tranquilo essa manha, cheguei bem.",0.1023
PA004656,2023-06-16 09:43:48,"Testei IA para ajudar com codigo, funcionou bem.",0.0486
PA004657,2023-06-16 10:09:24,Podcast sobre tecnologia muito interessante.,0.1328
PA004658,2023-06-16 11:32:49,"Testei IA para ajudar com codigo, funcionou bem.",0.0984
PA004659,2023-06-16 12:39:53,"Maratonei a temporada completa, valeu cada minuto.",0.1616
PA004660,2023-06-16 13:55:07,"Choveu a tarde toda, dia perfeito pra ficar em casa lendo.",0.1053
PA004661,2023-06-16 17:01:46,"O outono chegou cedo esse ano, que frio gostoso de manha.",0.0995
PA004662,2023-06-16 18:19:40,Terminei o trabalho da faculdade com antecedencia.,0.0604
PA004663,2023-06-16 18:42:13,Nao acredito mais nessa politica que nao resolve.,0.2797
PA004664,2023-06-16 18:42:38,"Estrada livre, cheguei no trabalho rapido hoje.",0.1379
PA004665,2023-06-16 19:06:37,"Dia nublado mas tranquilo, bom para estudar sem distracao.",0.1279
PA004666,2023-06-16 19:29:10,Semana intensa mas muito satisfatoria no trabalho.,0.0983
PA004667,2023-06-16 20:05:10,"Dia nublado mas tranquilo, bom para estudar sem distracao.",0.1142
PA004668,2023-06-16 22:25:50,"Reuniao produtiva hoje, saimos com otimas ideias.",0.1025
PA004669,2023-06-17 00:25:02,"Fechei projeto importante essa semana, que alegria.",0.0917
PA004670,2023-06-17 00:42:08,"Natacao de manha, melhor inicio de dia possivel.",0.1286
PA004671,2023-06-17 00:51:34,"Vizinho fazendo barulho ate tarde da noite, falta de respeito.",0.574
PA004672,2023-06-17 00:57:51,App de produtividade novo que encontrei e otimo.,0.109
PA004673,2023-06-17 01:03:16,Aula incrivel sobre estatistica aplicada hoje.,0.0
PA004674,2023-06-17 01:39:04,"Estudando para a prova de amanha, bem concentrado.",0.0236
PA004675,2023-06-17 04:00:05,"Fila do hospital andando devagar, sistema falido.",0.289
PA004676,2023-06-17 04:12:38,Aula incrivel sobre estatistica aplicada hoje.,0.1178
PA004677,2023-06-17 04:24:53,Pedalada de tarde com vista incrivel do parque.,0.1712
PA004678,2023-06-17 04:52:56,App de produtividade novo que encontrei e otimo.,0.1552
PA004679,2023-06-17 05:00:29,Finalmente entendi aquele conceito que me travava.,0.0941
PA004680,2023-06-17 05:34:46,"Museu da cidade muito interessante, aprendi bastante.",0.1213
PA004681,2023-06-17 05:51:32,"Novo celular chegou, a camera e impressionante.",0.0679
PA004682,2023-06-17 06:00:38,"Sol lindo hoje, cafe na varanda foi otimo.",0.0878
PA004683,2023-06-17 06:47:19,"Volei com os amigos, muita risada e diversao.",0.128
PA004684,2023-06-17 08:04:07,"Biblioteca da universidade, ambiente otimo para estudar.",0.0819
PA004685,2023-06-17 08:41:53,"Filme otimo ontem, fui ao cinema com a familia.",0.1331
PA004686,2023-06-17 10:06:25,Semana intensa mas muito satisfatoria no trabalho.,0.0782
PA004687,2023-06-17 10:33:06,Podcast sobre tecnologia muito interessante.,0.1337
PA004688,2023-06-17 12:08:21,"Sopa de legumes no frio, reconfortante e gostosa.",0.1181
PA004689,2023-06-17 13:01:39,"Novo celular chegou, a camera e impressionante.",0.0344
PA004690,2023-06-17 13:02:12,Aplicativo de carona funcionou perfeitamente.,0.0335
PA004691,2023-06-17 13:08:13,Terminei o trabalho da faculdade com antecedencia.,0.0632
PA004692,2023-06-17 13:49:05,Grupo de estudos foi muito produtivo hoje.,0.1217
PA004693,2023-06-17 14:21:27,Pedalada de tarde com vista incrivel do parque.,0.1048
PA004694,2023-06-17 15:20:24,Podcast sobre tecnologia muito interessante.,0.0973
PA004695,2023-06-17 16:18:55,Caminhada ate a estacao foi otima hoje.,0.0673
PA004696,2023-06-17 21:17:27,"Natacao de manha, melhor inicio de dia possivel.",0.0
PA004697,2023-06-17 21:44:00,"Chuva passageira a tarde, depois o tempo abriu lindo.",0.0969
PA004698,2023-06-17 22:13:55,"Pipoca e serie boa na sexta, programa perfeito.",0.0752
PA004699,2023-06-17 22:32:44,Aplicativo de carona funcionou perfeitamente.,0.153
PA004700,2023-06-17 22:38:14,"Corri 5km de manha, semana otima de treino.",0.1539
PA004701,2023-06-17 22:57:24,"Passeio no interior no fim de semana, natureza linda.",0.0969
PA004702,2023-06-17 22:57:53,"Configurei o home office com setup novo, otimo.",0.0454
PA004703,2023-06-17 23:10:27,"Acai gelado essa tarde, refrescante demais.",0.1252
PA004704,2023-06-17 23:45:42,"Metro bem tranquilo essa manha, cheguei bem.",0.0704
PA004705,2023-06-18 00:16:50,"Passeio no interior no fim de semana, natureza linda.",0.1174
PA004706,2023-06-18 00:46:54,"Praia tranquila, sol perfeito, descanso total.",0.0009
PA004707,2023-06-18 00:48:51,"Aprendi receita nova no youtube, ficou otimo.",0.1115
PA004708,2023-06-18 02:22:21,"Notebook novo chegou, que desempenho incrivel.",0.0784
PA004709,2023-06-18 04:13:48,"Yoga pela manha, comecei o dia muito bem.",0.079
PA004710,2023-06-18 05:04:59,"Vizinho fazendo barulho ate tarde da noite, falta de respeito.",0.7084
PA004711,2023-06-18 06:18:36,"Viagem de fim de semana para cidade historica, valeu.",0.0
PA004712,2023-06-18 06:55:43,Aula incrivel sobre estatistica aplicada hoje.,0.0973
PA004713,2023-06-18 07:32:45,"Estrada livre, cheguei no trabalho rapido hoje.",0.1121
PA004714,2023-06-18 07:49:11,Grupo de estudos foi muito produtivo hoje.,0.0399
PA004715,2023-06-18 07:53:50,Cafe da manha caprichado: tapioca com ovo e suco de laranja.,0.2017
PA004716,2023-06-18 09:49:30,"Filme otimo ontem, fui ao cinema com a familia.",0.009
PA004717,2023-06-18 11:34:07,"Sopa de legumes no frio, reconfortante e gostosa.",0.0571
PA004718,2023-06-18 11:50:15,"Minha mae fez feijao com arroz e linguica, classico perfeito.",0.0
PA004719,2023-06-18 13:30:54,"Biblioteca da universidade, ambiente otimo para estudar.",0.081
PA004720,2023-06-18 14:28:59,"Churrasco com a familia no final de semana, delicioso.",0.0434
PA004721,2023-06-18 15:38:08,Feira de artesanato gostosa de passear.,0.1201
PA004722,2023-06-18 17:26:22,"Biblioteca da universidade, ambiente otimo para estudar.",0.111
PA004723,2023-06-18 18:56:36,"Trilha ecologica incrivel, natureza pura.",0.0668
PA004724,2023-06-18 19:47:11,"O outono chegou cedo esse ano, que frio gostoso de manha.",0.0162
PA004725,2023-06-18 20:22:44,"Academia hoje, treino puxado mas valeu muito.",0.0307
PA004726,2023-06-19 01:16:00,"Estudando para a prova de amanha, bem concentrado.",0.0156
PA004727,2023-06-19 01:18:41,Podcast sobre tecnologia muito interessante.,0.1232
PA004728,2023-06-19 03:55:21,"Acai gelado essa tarde, refrescante demais.",0.0343
PA004729,2023-06-19 04:26:48,"Teatro incrivel ontem, peca muito bem dirigida.",0.0277
PA004730,2023-06-19 04:28:51,Cafe da manha caprichado: tapioca com ovo e suco de laranja.,0.0888
PA004731,2023-06-19 04:54:45,"Passeio no interior no fim de semana, natureza linda.",0.1075
PA004732,2023-06-19 05:32:56,"Que dia difícil, nada saiu como eu havia planejado.",0.412
PA004733,2023-06-19 06:37:08,Jantar simples mas gostoso com a familia.,0.0268
PA004734,2023-06-19 07:10:38,"Home office com cafe fresquinho do lado, otimo.",0.0446
PA004735,2023-06-19 07:18:12,"Passeio com o cachorro no parque, ele adorou.",0.1365
PA004736,2023-06-19 07:56:17,Terminei o trabalho da faculdade com antecedencia.,0.109
PA004737,2023-06-19 08:38:42,"Vento agradavel hoje, aproveitei para caminhar no parque.",0.1249
PA004738,2023-06-19 09:00:14,"Academia hoje, treino puxado mas valeu muito.",0.1138
PA004739,2023-06-19 10:01:12,Podcast sobre tecnologia muito interessante.,0.155
PA004740,2023-06-19 12:05:25,"Tarefa dificil concluida com sucesso, que satisfacao.",0.1154
PA004741,2023-06-19 12:10:37,"Pipoca e serie boa na sexta, programa perfeito.",0.06
PA004742,2023-06-19 12:21:21,Pedalada de tarde com vista incrivel do parque.,0.038
PA004743,2023-06-19 12:29:07,"Tentei receita nova de bolo de cenoura, ficou fofinho.",0.1299
PA004744,2023-06-19 13:11:54,Leitura no jardim com tempo agradavel.,0.0
PA004745,2023-06-19 13:14:36,"Saturado desse emprego, preciso mudar de vida.",0.4815
PA004746,2023-06-19 15:11:43,"Mais um dia de transito horrivel, situacao absurda.",0.5531
PA004747,2023-06-19 15:43:27,Show ao vivo incrivel no fim de semana.,0.09
PA004748,2023-06-19 16:03:51,"Reencontrei um amigo antigo por acaso, que alegria.",0.1096
PA004749,2023-06-19 17:02:01,"Tentei receita nova de bolo de cenoura, ficou fofinho.",0.1817
PA004750,2023-06-19 19:32:50,"Fui de bike hoje, que exercicio agradavel de manha.",0.0378
PA004751,2023-06-19 19:39:33,"Choveu a tarde toda, dia perfeito pra ficar em casa lendo.",0.118
PA004752,2023-06-19 20:16:01,"Consegui estacionamento logo de cara, dia de sorte mesmo.",0.1187
PA004753,2023-06-19 20:55:46,"Volei com os amigos, muita risada e diversao.",0.0772
PA004754,2023-06-19 22:39:02,"Tentei receita nova de bolo de cenoura, ficou fofinho.",0.0602
PA004755,2023-06-19 23:13:36,Que tarde relaxante lendo na rede.,0.0204
PA004756,2023-06-19 23:34:45,"Museu da cidade muito interessante, aprendi bastante.",0.08
PA004757,2023-06-20 01:57:16,"Natacao de manha, melhor inicio de dia possivel.",0.0808
PA004758,2023-06-20 02:08:33,"Serie nova incrivel, amei o primeiro episodio.",0.1191
PA004759,2023-06-20 02:38:17,Pedalada de tarde com vista incrivel do parque.,0.0777
PA004760,2023-06-20 03:05:21,"Vento agradavel hoje, aproveitei para caminhar no parque.",0.0752
PA004761,2023-06-20 04:23:58,"Corri 5km de manha, semana otima de treino.",0.0445
PA004762,2023-06-20 05:08:31,Semana intensa mas muito satisfatoria no trabalho.,0.0689
PA004763,2023-06-20 07:50:53,App de produtividade novo que encontrei e otimo.,0.0736
PA004764,2023-06-20 08:49:30,Que manha fresca e agradavel para uma caminhada.,0.0798
PA004765,2023-06-20 09:03:12,"Passeio com o cachorro no parque, ele adorou.",0.0545
PA004766,2023-06-20 09:09:13,"Testei IA para ajudar com codigo, funcionou bem.",0.0606
PA004767,2023-06-20 10:26:11,Jogo novo me viciou de um jeito bom.,0.1898
PA004768,2023-06-20 11:02:57,Caminhada ate a estacao foi otima hoje.,0.13
PA004769,2023-06-20 11:07:32,Leitura no jardim com tempo agradavel.,0.0742
PA004770,2023-06-20 12:39:46,"Padaria da esquina lancou sabor novo, recomendo.",0.0418
PA004771,2023-06-20 12:51:36,"Musica nova do meu artista favorito, de outro nivel.",0.0798
PA004772,2023-06-20 16:36:22,"Domingo em familia, melhor dia da semana.",0.0626
PA004773,2023-06-20 16:41:34,"Meditacao de manha, comecando o dia muito bem.",0.0631
PA004774,2023-06-20 19:37:59,"Trilha ecologica incrivel, natureza pura.",0.0868
PA004775,2023-06-20 20:46:04,Caminhada ate a estacao foi otima hoje.,0.1791
PA004776,2023-06-20 22:52:58,Atualizacao deixou o sistema muito mais rapido.,0.1324
PA004777,2023-06-20 23:49:52,"Pausa pro cafe com os colegas, bate-papo otimo.",0.0
PA004778,2023-06-21 00:48:47,"Choveu a tarde toda, dia perfeito pra ficar em casa lendo.",0.0902
PA004779,2023-06-21 01:02:54,"O outono chegou cedo esse ano, que frio gostoso de manha.",0.0786
PA004780,2023-06-21 01:12:41,Caminhada ate a estacao foi otima hoje.,0.0762
PA004781,2023-06-21 01:46:40,"Configurei o home office com setup novo, otimo.",0.0019
PA004782,2023-06-21 01:46:44,"Reuniao produtiva hoje, saimos com otimas ideias.",0.1325
PA004783,2023-06-21 02:30:41,"Sol lindo hoje, cafe na varanda foi otimo.",0.0487
PA004784,2023-06-21 02:52:19,"Sol lindo hoje, cafe na varanda foi otimo.",0.036
PA004785,2023-06-21 03:34:20,"Home office com cafe fresquinho do lado, otimo.",0.0542
PA004786,2023-06-21 03:59:59,"Biblioteca da universidade, ambiente otimo para estudar.",0.1607
PA004787,2023-06-21 05:30:19,"Choveu a tarde toda, dia perfeito pra ficar em casa lendo.",0.1108
PA004788,2023-06-21 06:48:12,"Meditacao de manha, comecando o dia muito bem.",0.1107
PA004789,2023-06-21 07:27:56,"Volei com os amigos, muita risada e diversao.",0.0681
PA004790,2023-06-21 08:49:52,Aplicativo de carona funcionou perfeitamente.,0.1268
PA004791,2023-06-21 08:53:28,"Acai gelado essa tarde, refrescante demais.",0.0174
PA004792,2023-06-21 10:00:10,"Almoco incrivel hoje, fiz lasanha caseira do zero.",0.1175
PA004793,2023-06-21 10:13:22,"Servico publico uma vergonha, esperei horas na fila.",0.9719
PA004794,2023-06-21 10:27:04,Nao acredito mais nessa politica que nao resolve.,0.8189
PA004795,2023-06-21 11:45:10,App de produtividade novo que encontrei e otimo.,0.0942
PA004796,2023-06-21 13:15:02,"Chuva passageira a tarde, depois o tempo abriu lindo.",0.0969
PA004797,2023-06-21 13:43:40,"Volei com os amigos, muita risada e diversao.",0.0602
PA004798,2023-06-21 17:57:14,"Praia tranquila, sol perfeito, descanso total.",0.1383
PA004799,2023-06-21 18:38:30,"Museu da cidade muito interessante, aprendi bastante.",0.1063
PA004800,2023-06-21 18:44:06,"Churrasco com a familia no final de semana, delicioso.",0.1287
PA004801,2023-06-21 19:36:17,"Reencontrei um amigo antigo por acaso, que alegria.",0.0572
PA004802,2023-06-21 20:24:17,Que tarde relaxante lendo na rede.,0.0
PA004803,2023-06-21 21:13:29,"Vizinho fazendo barulho ate tarde da noite, falta de respeito.",0.0068
PA004804,2023-06-21 22:07:54,"Plantei temperos na sacada, que satisfacao.",0.1183
PA004805,2023-06-21 22:37:24,"Maratonei a temporada completa, valeu cada minuto.",0.1728
PA004806,2023-06-21 22:42:59,"Pausa pro cafe com os colegas, bate-papo otimo.",0.055
PA004807,2023-06-21 23:30:28,"Yoga pela manha, comecei o dia muito bem.",0.0809
PA004808,2023-06-22 00:50:53,Jantar simples mas gostoso com a familia.,0.0561
PA004809,2023-06-22 03:19:57,"Reencontrei um amigo antigo por acaso, que alegria.",0.0768
PA004810,2023-06-22 03:20:57,"Natacao de manha, melhor inicio de dia possivel.",0.1001
PA004811,2023-06-22 05:20:27,"Sopa de legumes no frio, reconfortante e gostosa.",0.0611
PA004812,2023-06-22 05:34:46,Feira de artesanato gostosa de passear.,0.0436
PA004813,2023-06-22 06:10:06,"Consegui estacionamento logo de cara, dia de sorte mesmo.",0.0888
PA004814,2023-06-22 06:41:39,Pedalada de tarde com vista incrivel do parque.,0.0087
PA004815,2023-06-22 07:41:17,Leitura no jardim com tempo agradavel.,0.005
PA004816,2023-06-22 09:27:52,Jogo novo me viciou de um jeito bom.,0.0493
PA004817,2023-06-22 10:28:56,Semana intensa mas muito satisfatoria no trabalho.,0.027
PA004818,2023-06-22 10:29:24,Show ao vivo incrivel no fim de semana.,0.1399
PA004819,2023-06-22 10:43:14,Jantar simples mas gostoso com a familia.,0.0
PA004820,2023-06-22 14:51:18,"Volei com os amigos, muita risada e diversao.",0.0241
PA004821,2023-06-22 14:57:21,Aplicativo de carona funcionou perfeitamente.,0.0993
PA004822,2023-06-22 15:17:51,Aplicativo de carona funcionou perfeitamente.,0.047
PA004823,2023-06-22 15:18:30,"Musica nova do meu artista favorito, de outro nivel.",0.1248
PA004824,2023-06-22 16:01:11,"Home office com cafe fresquinho do lado, otimo.",0.0799
PA004825,2023-06-22 17:44:49,"Domingo em familia, melhor dia da semana.",0.0354
PA004826,2023-06-22 17:44:58,"Testei IA para ajudar com codigo, funcionou bem.",0.0224
PA004827,2023-06-22 18:15:10,Podcast sobre tecnologia muito interessante.,0.0042
PA004828,2023-06-22 18:24:28,"Maratonei a temporada completa, valeu cada minuto.",0.1267
PA004829,2023-06-22 19:44:55,"Vento agradavel hoje, aproveitei para caminhar no parque.",0.0919
PA004830,2023-06-22 19:58:01,"Padaria da esquina lancou sabor novo, recomendo.",0.101
PA004831,2023-06-22 21:36:42,Aula incrivel sobre estatistica aplicada hoje.,0.0672
PA004832,2023-06-22 21:37:02,"Trilha ecologica incrivel, natureza pura.",0.0312
PA004833,2023-06-22 21:56:21,"Passei na certificacao, muito feliz com o resultado.",0.1005
PA004834,2023-06-22 22:30:30,"Museu da cidade muito interessante, aprendi bastante.",0.0
PA004835,2023-06-22 22:32:05,Finalmente entendi aquele conceito que me travava.,0.076
PA004836,2023-06-22 22:34:36,"Reencontrei um amigo antigo por acaso, que alegria.",0.1012
PA004837,2023-06-22 23:31:16,"Chuva passageira a tarde, depois o tempo abriu lindo.",0.0
PA004838,2023-06-22 23:55:58,Leitura no jardim com tempo agradavel.,0.1206
PA004839,2023-06-23 02:00:29,"Novo celular chegou, a camera e impressionante.",0.0737
PA004840,2023-06-23 03:11:01,"Fui num restaurante novo, a pizza estava espetacular.",0.019
PA004841,2023-06-23 05:05:13,"Estudando para a prova de amanha, bem concentrado.",0.0556
PA004842,2023-06-23 05:15:42,"Servico publico uma vergonha, esperei horas na fila.",0.6362
PA004843,2023-06-23 06:57:43,"Passeio com o cachorro no parque, ele adorou.",0.0606
PA004844,2023-06-23 07:49:09,"Corri 5km de manha, semana otima de treino.",0.0162
PA004845,2023-06-23 09:54:19,"Que semana frustrante, precisava que as coisas dessem certo.",0.6487
PA004846,2023-06-23 15:07:53,Leitura no jardim com tempo agradavel.,0.0667
PA004847,2023-06-23 15:49:53,"Notebook novo chegou, que desempenho incrivel.",0.1681
PA004848,2023-06-23 16:11:20,"Estudando para a prova de amanha, bem concentrado.",0.0
PA004849,2023-06-23 16:23:02,"Consegui estacionamento logo de cara, dia de sorte mesmo.",0.1166
PA004850,2023-06-23 16:42:30,"Passeio no interior no fim de semana, natureza linda.",0.1147
PA004851,2023-06-23 17:09:31,"Testei IA para ajudar com codigo, funcionou bem.",0.135
PA004852,2023-06-23 17:44:00,"Fechei projeto importante essa semana, que alegria.",0.1361
PA004853,2023-06-23 18:14:23,Tudo caro e qualidade cada vez pior.,0.8186
PA004854,2023-06-23 18:37:05,Terminei o trabalho da faculdade com antecedencia.,0.0477
PA004855,2023-06-23 18:41:05,"Domingo em familia, melhor dia da semana.",0.0669
PA004856,2023-06-23 20:46:08,"Livro excelente sobre ciencia de dados, recomendo muito.",0.1253
PA004857,2023-06-23 20:52:35,"Filme otimo ontem, fui ao cinema com a familia.",0.046
PA004858,2023-06-23 22:17:44,Jogo novo me viciou de um jeito bom.,0.0786
PA004859,2023-06-24 01:56:12,"Sol lindo hoje, cafe na varanda foi otimo.",0.0
PA004860,2023-06-24 02:07:54,Pedalada de tarde com vista incrivel do parque.,0.1051
PA004861,2023-06-24 03:37:47,"Sol lindo hoje, cafe na varanda foi otimo.",0.0928
PA004862,2023-06-24 03:59:05,App de produtividade novo que encontrei e otimo.,0.068
PA004863,2023-06-24 05:02:59,"Pausa pro cafe com os colegas, bate-papo otimo.",0.0439
PA004864,2023-06-24 05:37:51,Atualizacao deixou o sistema muito mais rapido.,0.1265
PA004865,2023-06-24 07:08:03,"Meditacao de manha, comecando o dia muito bem.",0.1111
PA004866,2023-06-24 08:20:28,"Que calor hoje, tive que ligar o ar condicionado logo cedo.",0.0
PA004867,2023-06-24 11:48:43,"Volei com os amigos, muita risada e diversao.",0.0868
PA004868,2023-06-24 13:31:40,"Home office com cafe fresquinho do lado, otimo.",0.1168
PA004869,2023-06-24 14:37:21,Que tarde relaxante lendo na rede.,0.1236
PA004870,2023-06-24 14:43:57,"Novo celular chegou, a camera e impressionante.",0.0418
PA004871,2023-06-24 14:45:31,"Aprendi receita nova no youtube, ficou otimo.",0.0538
PA004872,2023-06-24 14:51:17,Pedalada de tarde com vista incrivel do parque.,0.1027
PA004873,2023-06-24 14:55:56,"Domingo em familia, melhor dia da semana.",0.0782
PA004874,2023-06-24 14:59:37,Caminhada ate a estacao foi otima hoje.,0.0552
PA004875,2023-06-24 16:19:53,"Consegui estacionamento logo de cara, dia de sorte mesmo.",0.108
PA004876,2023-06-24 16:27:14,"Tarefa dificil concluida com sucesso, que satisfacao.",0.0913
PA004877,2023-06-24 17:37:46,"Padaria da esquina lancou sabor novo, recomendo.",0.0214
PA004878,2023-06-24 18:29:16,"Musica nova do meu artista favorito, de outro nivel.",0.0907
PA004879,2023-06-24 20:37:18,Show ao vivo incrivel no fim de semana.,0.0959
PA004880,2023-06-24 21:13:22,"Aprendi receita nova no youtube, ficou otimo.",0.1408
PA004881,2023-06-24 23:38:56,"Volei com os amigos, muita risada e diversao.",0.0689
PA004882,2023-06-24 23:53:37,"Passeio com o cachorro no parque, ele adorou.",0.0251
PA004883,2023-06-25 00:07:53,"Que frustracao, meu time perdeu mais uma vez.",0.4226
PA004884,2023-06-25 00:17:41,"Fechei projeto importante essa semana, que alegria.",0.0256
PA004885,2023-06-25 01:05:32,"Meditacao de manha, comecando o dia muito bem.",0.09
PA004886,2023-06-25 01:13:41,"Testei IA para ajudar com codigo, funcionou bem.",0.1348
PA004887,2023-06-25 04:01:11,"Maratonei a temporada completa, valeu cada minuto.",0.0454
PA004888,2023-06-25 04:58:55,"Serie nova incrivel, amei o primeiro episodio.",0.0563
PA004889,2023-06-25 05:42:45,"Aprendi receita nova no youtube, ficou otimo.",0.1152
PA004890,2023-06-25 06:59:33,"Biblioteca da universidade, ambiente otimo para estudar.",0.186
PA004891,2023-06-25 09:07:54,"Passei na certificacao, muito feliz com o resultado.",0.1606
PA004892,2023-06-25 10:40:30,Pacote atrasado pelos correios pela terceira vez.,0.0518
PA004893,2023-06-25 10:57:57,Aula incrivel sobre estatistica aplicada hoje.,0.0748
PA004894,2023-06-25 11:43:39,"Academia hoje, treino puxado mas valeu muito.",0.1223
PA004895,2023-06-25 12:50:12,"Viagem de fim de semana para cidade historica, valeu.",0.0533
PA004896,2023-06-25 14:52:24,"Churrasco com a familia no final de semana, delicioso.",0.0839
PA004897,2023-06-25 15:09:58,Caminhada ate a estacao foi otima hoje.,0.1078
PA004898,2023-06-25 15:21:05,"Domingo em familia, melhor dia da semana.",0.0732
PA004899,2023-06-25 15:25:57,"Que calor hoje, tive que ligar o ar condicionado logo cedo.",0.0919
PA004900,2023-06-25 15:34:16,"Yoga pela manha, comecei o dia muito bem.",0.1422
PA004901,2023-06-25 16:01:31,Cafe da manha caprichado: tapioca com ovo e suco de laranja.,0.0151
PA004902,2023-06-25 16:52:27,"Livro excelente sobre ciencia de dados, recomendo muito.",0.0788
PA004903,2023-06-25 17:07:37,Feira de artesanato gostosa de passear.,0.0987
PA004904,2023-06-25 17:27:34,Pedalada de tarde com vista incrivel do parque.,0.1248
PA004905,2023-06-25 18:17:14,"Churrasco com a familia no final de semana, delicioso.",0.1005
PA004906,2023-06-25 19:03:37,"Estudando para a prova de amanha, bem concentrado.",0.0296
PA004907,2023-06-25 19:34:34,"Pausa pro cafe com os colegas, bate-papo otimo.",0.1786
PA004908,2023-06-25 19:40:10,"Fui de bike hoje, que exercicio agradavel de manha.",0.0462
PA004909,2023-06-25 19:43:21,"Academia hoje, treino puxado mas valeu muito.",0.0621
PA004910,2023-06-25 21:28:45,Podcast sobre tecnologia muito interessante.,0.1636
PA004911,2023-06-25 21:49:42,Aplicativo travou bem na hora da reuniao importante.,0.5922
PA004912,2023-06-25 22:19:01,"Musica nova do meu artista favorito, de outro nivel.",0.0467
PA004913,2023-06-25 22:31:56,"Que calor hoje, tive que ligar o ar condicionado logo cedo.",0.0878
PA004914,2023-06-25 23:18:59,"Aprendi receita nova no youtube, ficou otimo.",0.0304
PA004915,2023-06-26 00:47:15,"Estudando para a prova de amanha, bem concentrado.",0.1297
PA004916,2023-06-26 00:52:15,Jantar simples mas gostoso com a familia.,0.0461
PA004917,2023-06-26 01:37:54,"Yoga pela manha, comecei o dia muito bem.",0.0703
PA004918,2023-06-26 02:07:54,"Natacao de manha, melhor inicio de dia possivel.",0.0292
PA004919,2023-06-26 03:24:27,"Yoga pela manha, comecei o dia muito bem.",0.0
PA004920,2023-06-26 03:32:35,"Almoco incrivel hoje, fiz lasanha caseira do zero.",0.0254
PA004921,2023-06-26 05:05:30,"Passeio com o cachorro no parque, ele adorou.",0.117
PA004922,2023-06-26 05:54:02,"Notebook novo chegou, que desempenho incrivel.",0.0878
PA004923,2023-06-26 06:52:10,"Passeio com o cachorro no parque, ele adorou.",0.0808
PA004924,2023-06-26 07:40:26,Tarde produtiva organizando e limpando a casa.,0.215
PA004925,2023-06-26 08:22:23,"Dia nublado mas tranquilo, bom para estudar sem distracao.",0.0791
PA004926,2023-06-26 08:50:50,Terminei o trabalho da faculdade com antecedencia.,0.1057
PA004927,2023-06-26 09:31:47,"Estudando para a prova de amanha, bem concentrado.",0.0039
PA004928,2023-06-26 09:47:34,Cafe da manha caprichado: tapioca com ovo e suco de laranja.,0.009
PA004929,2023-06-26 09:49:17,Aula incrivel sobre estatistica aplicada hoje.,0.0467
PA004930,2023-06-26 10:34:03,Pedalada de tarde com vista incrivel do parque.,0.0262
PA004931,2023-06-26 11:23:55,"Meditacao de manha, comecando o dia muito bem.",0.0822
PA004932,2023-06-26 11:26:14,"Notebook novo chegou, que desempenho incrivel.",0.1258
PA004933,2023-06-26 12:12:41,"Meditacao de manha, comecando o dia muito bem.",0.0411
PA004934,2023-06-26 13:10:49,"Natacao de manha, melhor inicio de dia possivel.",0.1282
PA004935,2023-06-26 13:21:37,Feira de artesanato gostosa de passear.,0.1164
PA004936,2023-06-26 14:28:36,"Meditacao de manha, comecando o dia muito bem.",0.1124
PA004937,2023-06-26 15:02:57,Tarde produtiva organizando e limpando a casa.,0.1217
PA004938,2023-06-26 16:22:18,"Academia hoje, treino puxado mas valeu muito.",0.0834
PA004939,2023-06-26 16:57:35,"Teatro incrivel ontem, peca muito bem dirigida.",0.1516
PA004940,2023-06-26 17:38:11,"Trilha ecologica incrivel, natureza pura.",0.0608
PA004941,2023-06-26 17:45:16,Feira de artesanato gostosa de passear.,0.0261
PA004942,2023-06-26 18:01:53,"Onibus chegou no horario hoje, que surpresa agradavel.",0.0935
PA004943,2023-06-26 19:30:01,"Pausa pro cafe com os colegas, bate-papo otimo.",0.1507
PA004944,2023-06-26 20:48:56,"Chuva passageira a tarde, depois o tempo abriu lindo.",0.098
PA004945,2023-06-26 21:14:11,"Meditacao de manha, comecando o dia muito bem.",0.0667
PA004946,2023-06-26 21:15:45,"Museu da cidade muito interessante, aprendi bastante.",0.0804
PA004947,2023-06-26 22:51:53,Mais um acidente por causa de imprudencia no transito.,0.9441
PA004948,2023-06-26 22:55:52,"Academia hoje, treino puxado mas valeu muito.",0.0689
PA004949,2023-06-26 23:13:08,"Serie nova incrivel, amei o primeiro episodio.",0.1046
PA004950,2023-06-26 23:34:52,Tarde produtiva organizando e limpando a casa.,0.0735
PA004951,2023-06-27 00:39:06,"Estrada livre, cheguei no trabalho rapido hoje.",0.1498
PA004952,2023-06-27 00:43:09,Show ao vivo incrivel no fim de semana.,0.0668
PA004953,2023-06-27 01:25:41,"Passeio com o cachorro no parque, ele adorou.",0.0369
PA004954,2023-06-27 01:30:39,"O outono chegou cedo esse ano, que frio gostoso de manha.",0.0781
PA004955,2023-06-27 02:08:10,"Dia nublado mas tranquilo, bom para estudar sem distracao.",0.0416
PA004956,2023-06-27 03:28:56,"Museu da cidade muito interessante, aprendi bastante.",0.0615
PA004957,2023-06-27 03:48:28,"Que calor hoje, tive que ligar o ar condicionado logo cedo.",0.1127
PA004958,2023-06-27 04:34:54,"Dia nublado mas tranquilo, bom para estudar sem distracao.",0.0269
PA004959,2023-06-27 06:21:33,"Pipoca e serie boa na sexta, programa perfeito.",0.0574
PA004960,2023-06-27 07:56:03,"Plantei temperos na sacada, que satisfacao.",0.0387
PA004961,2023-06-27 08:12:32,"Museu da cidade muito interessante, aprendi bastante.",0.1643
PA004962,2023-06-27 12:12:45,"Domingo em familia, melhor dia da semana.",0.0375
PA004963,2023-06-27 15:51:25,Semana intensa mas muito satisfatoria no trabalho.,0.0625
PA004964,2023-06-27 16:43:51,"Fui de bike hoje, que exercicio agradavel de manha.",0.0345
PA004965,2023-06-27 16:45:37,"Praia tranquila, sol perfeito, descanso total.",0.0419
PA004966,2023-06-27 18:06:57,"Sopa de legumes no frio, reconfortante e gostosa.",0.1356
PA004967,2023-06-27 18:07:52,"Chuva passageira a tarde, depois o tempo abriu lindo.",0.0971
PA004968,2023-06-27 18:41:52,"Livro excelente sobre ciencia de dados, recomendo muito.",0.1133
PA004969,2023-06-27 18:57:12,"Livro excelente sobre ciencia de dados, recomendo muito.",0.0405
PA004970,2023-06-27 22:43:08,"Filme otimo ontem, fui ao cinema com a familia.",0.0704
PA004971,2023-06-27 22:59:05,"Passei na certificacao, muito feliz com o resultado.",0.0471
PA004972,2023-06-27 23:58:23,"Cuidando das plantas em casa, muito terapeutico.",0.0704
PA004973,2023-06-28 00:01:57,"Fui de bike hoje, que exercicio agradavel de manha.",0.1918
PA004974,2023-06-28 01:34:32,"Dia nublado mas tranquilo, bom para estudar sem distracao.",0.1165
PA004975,2023-06-28 02:50:27,"Tentei receita nova de bolo de cenoura, ficou fofinho.",0.0913
PA004976,2023-06-28 04:23:33,"Apresentacao correu muito bem, todos gostaram.",0.054
PA004977,2023-06-28 05:49:08,"Academia hoje, treino puxado mas valeu muito.",0.1314
PA004978,2023-06-28 06:13:03,Terminei o trabalho da faculdade com antecedencia.,0.0697
PA004979,2023-06-28 06:20:40,"Yoga pela manha, comecei o dia muito bem.",0.1033
PA004980,2023-06-28 06:21:03,Show ao vivo incrivel no fim de semana.,0.1131
PA004981,2023-06-28 07:23:09,"Estudando para a prova de amanha, bem concentrado.",0.0811
PA004982,2023-06-28 07:56:52,"Reuniao produtiva hoje, saimos com otimas ideias.",0.0
PA004983,2023-06-28 10:22:06,"Apresentacao correu muito bem, todos gostaram.",0.0622
PA004984,2023-06-28 10:36:37,"Novo celular chegou, a camera e impressionante.",0.0676
PA004985,2023-06-28 12:13:02,"Metro bem tranquilo essa manha, cheguei bem.",0.0546
PA004986,2023-06-28 12:20:11,"Calor absurdo com falta de agua, descaso total.",0.6359
PA004987,2023-06-28 13:31:43,"Musica nova do meu artista favorito, de outro nivel.",0.0839
PA004988,2023-06-28 14:09:41,Show ao vivo incrivel no fim de semana.,0.0846
PA004989,2023-06-28 16:35:20,"Plantei temperos na sacada, que satisfacao.",0.0663
PA004990,2023-06-28 18:34:20,"Yoga pela manha, comecei o dia muito bem.",0.099
PA004991,2023-06-28 19:03:04,"Chuva passageira a tarde, depois o tempo abriu lindo.",0.0535
PA004992,2023-06-28 19:05:06,Atualizacao deixou o sistema muito mais rapido.,0.1159
PA004993,2023-06-28 20:09:36,"Dia nublado mas tranquilo, bom para estudar sem distracao.",0.1749
PA004994,2023-06-28 21:25:12,"Passeio com o cachorro no parque, ele adorou.",0.0657
PA004995,2023-06-28 22:07:10,"Praia tranquila, sol perfeito, descanso total.",0.084
PA004996,2023-06-28 22:34:13,"Pipoca e serie boa na sexta, programa perfeito.",0.105
PA004997,2023-06-28 22:59:01,"Almoco incrivel hoje, fiz lasanha caseira do zero.",0.0414
PA004998,2023-06-28 22:59:04,"O outono chegou cedo esse ano, que frio gostoso de manha.",0.0458
PA004999,2023-06-28 23:22:50,"Maratonei a temporada completa, valeu cada minuto.",0.0588
PA005000,2023-06-28 23:29:12,Barulho da rua me deixou irritado o dia todo.,0.0437
PA005001,2023-06-29 01:06:49,"Acai gelado essa tarde, refrescante demais.",0.1191
PA005002,2023-06-29 01:17:41,"Minha mae fez feijao com arroz e linguica, classico perfeito.",0.1026
PA005003,2023-06-29 01:18:14,"Cuidando das plantas em casa, muito terapeutico.",0.0922
PA005004,2023-06-29 03:02:31,"Minha mae fez feijao com arroz e linguica, classico perfeito.",0.0569
PA005005,2023-06-29 03:32:02,"Musica nova do meu artista favorito, de outro nivel.",0.1008
PA005006,2023-06-29 03:34:14,Show ao vivo incrivel no fim de semana.,0.0908
PA005007,2023-06-29 05:55:09,"Internet caindo toda hora, impossivel trabalhar assim.",0.6983
PA005008,2023-06-29 07:51:31,"Tarefa dificil concluida com sucesso, que satisfacao.",0.22
PA005009,2023-06-29 08:00:56,Finalmente entendi aquele conceito que me travava.,0.0902
PA005010,2023-06-29 11:32:42,Pacote atrasado pelos correios pela terceira vez.,0.4269
PA005011,2023-06-29 12:31:07,Finalmente entendi aquele conceito que me travava.,0.0717
PA005012,2023-06-29 12:41:00,"Meu time ganhou hoje, que jogo bonito foi.",0.1459
PA005013,2023-06-29 13:00:20,"Mais um dia de transito horrivel, situacao absurda.",0.4647
PA005014,2023-06-29 16:12:17,"Consegui estacionamento logo de cara, dia de sorte mesmo.",0.1319
PA005015,2023-06-29 16:35:53,"Chuva passageira a tarde, depois o tempo abriu lindo.",0.0474
PA005016,2023-06-29 16:42:18,Cafe da manha caprichado: tapioca com ovo e suco de laranja.,0.023
PA005017,2023-06-29 17:08:07,"Pausa pro cafe com os colegas, bate-papo otimo.",0.1217
PA005018,2023-06-29 17:21:06,"Serie nova incrivel, amei o primeiro episodio.",0.0768
PA005019,2023-06-29 19:22:44,"Academia hoje, treino puxado mas valeu muito.",0.1112
PA005020,2023-06-29 19:39:21,"Minha mae fez feijao com arroz e linguica, classico perfeito.",0.0582
PA005021,2023-06-29 20:47:02,"Academia hoje, treino puxado mas valeu muito.",0.0866
PA005022,2023-06-29 21:19:26,"Serie nova incrivel, amei o primeiro episodio.",0.0957
PA005023,2023-06-29 21:27:08,"Tarefa dificil concluida com sucesso, que satisfacao.",0.1067
PA005024,2023-06-30 00:16:12,"O outono chegou cedo esse ano, que frio gostoso de manha.",0.0648
PA005025,2023-06-30 01:24:41,"Corri 5km de manha, semana otima de treino.",0.0
PA005026,2023-06-30 02:09:18,"Dia nublado mas tranquilo, bom para estudar sem distracao.",0.1558
PA005027,2023-06-30 05:08:22,Politico corrupto aparecendo na midia de novo.,0.6326
PA005028,2023-06-30 05:17:00,Tarde produtiva organizando e limpando a casa.,0.0479
PA005029,2023-06-30 06:42:16,"Almoco incrivel hoje, fiz lasanha caseira do zero.",0.0349
PA005030,2023-06-30 07:26:28,"Academia hoje, treino puxado mas valeu muito.",0.1628
PA005031,2023-06-30 08:54:59,"Aprendi receita nova no youtube, ficou otimo.",0.0395
PA005032,2023-06-30 10:39:16,"Praia tranquila, sol perfeito, descanso total.",0.0239
PA005033,2023-06-30 11:03:27,"Apresentacao correu muito bem, todos gostaram.",0.1652
PA005034,2023-06-30 12:23:25,"Livro excelente sobre ciencia de dados, recomendo muito.",0.0697
PA005035,2023-06-30 12:44:17,"Fechei projeto importante essa semana, que alegria.",0.0457
PA005036,2023-06-30 12:46:39,"Passeio no interior no fim de semana, natureza linda.",0.0564
PA005037,2023-06-30 13:30:31,Show ao vivo incrivel no fim de semana.,0.105
PA005038,2023-06-30 14:12:21,Grupo de estudos foi muito produtivo hoje.,0.1115
PA005039,2023-06-30 14:46:01,App de produtividade novo que encontrei e otimo.,0.1575
PA005040,2023-06-30 15:03:29,"Reencontrei um amigo antigo por acaso, que alegria.",0.0172
PA005041,2023-06-30 15:10:02,"Consegui estacionamento logo de cara, dia de sorte mesmo.",0.0434
PA005042,2023-06-30 15:22:28,"Pausa pro cafe com os colegas, bate-papo otimo.",0.1187
PA005043,2023-06-30 16:34:58,"Volei com os amigos, muita risada e diversao.",0.1108
PA005044,2023-06-30 17:08:43,Aula incrivel sobre estatistica aplicada hoje.,0.0227
PA005045,2023-06-30 19:51:26,"Reuniao produtiva hoje, saimos com otimas ideias.",0.0899
PA005046,2023-06-30 19:52:20,Tarde produtiva organizando e limpando a casa.,0.0227
PA005047,2023-06-30 20:02:14,"Choveu a tarde toda, dia perfeito pra ficar em casa lendo.",0.122
PA005048,2023-06-30 20:22:45,"Volei com os amigos, muita risada e diversao.",0.0778
PA005049,2023-06-30 20:44:41,"Tentei receita nova de bolo de cenoura, ficou fofinho.",0.0791
PA005050,2023-06-30 21:28:15,"Cuidando das plantas em casa, muito terapeutico.",0.0012
PA005051,2023-06-30 21:50:25,"Estudando para a prova de amanha, bem concentrado.",0.0125
PA005052,2023-06-30 22:04:05,"Sol lindo hoje, cafe na varanda foi otimo.",0.1552
PA005053,2023-07-01 01:14:37,"Filme otimo ontem, fui ao cinema com a familia.",0.1403
PA005054,2023-07-01 02:01:56,"Apresentacao correu muito bem, todos gostaram.",0.0922
PA005055,2023-07-01 02:02:50,"Cuidando das plantas em casa, muito terapeutico.",0.0473
PA005056,2023-07-01 02:10:25,"Churrasco com a familia no final de semana, delicioso.",0.0778
PA005057,2023-07-01 02:35:19,"Estrada livre, cheguei no trabalho rapido hoje.",0.0633
PA005058,2023-07-01 05:17:54,Que tarde relaxante lendo na rede.,0.1115
PA005059,2023-07-01 05:22:55,"Dia nublado mas tranquilo, bom para estudar sem distracao.",0.1487
PA005060,2023-07-01 05:32:41,"Que calor hoje, tive que ligar o ar condicionado logo cedo.",0.0767
PA005061,2023-07-01 06:23:09,Grupo de estudos foi muito produtivo hoje.,0.1104
PA005062,2023-07-01 07:21:03,"Fechei projeto importante essa semana, que alegria.",0.0513
PA005063,2023-07-01 09:03:34,"Praia tranquila, sol perfeito, descanso total.",0.0769
PA005064,2023-07-01 09:55:46,"Pipoca e serie boa na sexta, programa perfeito.",0.0741
PA005065,2023-07-01 10:29:18,"Churrasco com a familia no final de semana, delicioso.",0.1309
PA005066,2023-07-01 10:37:39,"Teatro incrivel ontem, peca muito bem dirigida.",0.073
PA005067,2023-07-01 12:18:51,"Reencontrei um amigo antigo por acaso, que alegria.",0.0787
PA005068,2023-07-01 13:02:17,"Estudando para a prova de amanha, bem concentrado.",0.0
PA005069,2023-07-01 13:17:39,"Aprendi receita nova no youtube, ficou otimo.",0.062
PA005070,2023-07-01 13:17:42,"Plantei temperos na sacada, que satisfacao.",0.1049
PA005071,2023-07-01 13:32:45,"Maratonei a temporada completa, valeu cada minuto.",0.1079
PA005072,2023-07-01 18:26:24,"Cuidando das plantas em casa, muito terapeutico.",0.1445
PA005073,2023-07-01 20:05:03,"Que calor hoje, tive que ligar o ar condicionado logo cedo.",0.0734
PA005074,2023-07-01 20:31:26,"Novo celular chegou, a camera e impressionante.",0.1071
PA005075,2023-07-01 21:25:28,"Metro bem tranquilo essa manha, cheguei bem.",0.1055
PA005076,2023-07-01 22:01:06,"Fui de bike hoje, que exercicio agradavel de manha.",0.1257
PA005077,2023-07-01 23:08:57,"Acai gelado essa tarde, refrescante demais.",0.1254
PA005078,2023-07-02 00:07:41,"Praia tranquila, sol perfeito, descanso total.",0.0681
PA005079,2023-07-02 00:09:31,Terminei o trabalho da faculdade com antecedencia.,0.0841
PA005080,2023-07-02 00:14:59,"Teatro incrivel ontem, peca muito bem dirigida.",0.1176
PA005081,2023-07-02 00:42:18,Jogo novo me viciou de um jeito bom.,0.1126
PA005082,2023-07-02 00:52:48,"Meditacao de manha, comecando o dia muito bem.",0.0566
PA005083,2023-07-02 02:06:37,"Churrasco com a familia no final de semana, delicioso.",0.0868
PA005084,2023-07-02 02:29:11,"Apresentacao correu muito bem, todos gostaram.",0.0664
PA005085,2023-07-02 03:47:40,"Fechei projeto importante essa semana, que alegria.",0.0863
PA005086,2023-07-02 04:10:21,Que tarde relaxante lendo na rede.,0.039
PA005087,2023-07-02 05:43:41,"Que calor hoje, tive que ligar o ar condicionado logo cedo.",0.0
PA005088,2023-07-02 05:51:39,"Saturado desse emprego, preciso mudar de vida.",0.63
PA005089,2023-07-02 07:31:01,Tarde produtiva organizando e limpando a casa.,0.0589
PA005090,2023-07-02 07:57:07,"Pausa pro cafe com os colegas, bate-papo otimo.",0.1222
PA005091,2023-07-02 09:14:27,Pedalada de tarde com vista incrivel do parque.,0.122
PA005092,2023-07-02 10:08:22,"Yoga pela manha, comecei o dia muito bem.",0.111
PA005093,2023-07-02 10:11:09,"Estrada livre, cheguei no trabalho rapido hoje.",0.1029
PA005094,2023-07-02 10:12:54,"Teatro incrivel ontem, peca muito bem dirigida.",0.1825
PA005095,2023-07-02 10:48:26,"Internet caindo toda hora, impossivel trabalhar assim.",0.1349
PA005096,2023-07-02 12:15:01,Terminei o trabalho da faculdade com antecedencia.,0.0308
PA005097,2023-07-02 14:35:48,"Livro excelente sobre ciencia de dados, recomendo muito.",0.0643
PA005098,2023-07-02 15:14:11,"Pausa pro cafe com os colegas, bate-papo otimo.",0.0
PA005099,2023-07-02 16:45:08,"Sopa de legumes no frio, reconfortante e gostosa.",0.0868
PA005100,2023-07-02 18:16:20,"Sol lindo hoje, cafe na varanda foi otimo.",0.0586
PA005101,2023-07-02 21:16:47,"Trilha ecologica incrivel, natureza pura.",0.1767
PA005102,2023-07-02 23:38:55,"Tentei receita nova de bolo de cenoura, ficou fofinho.",0.0
PA005103,2023-07-02 23:48:44,Caminhada ate a estacao foi otima hoje.,0.1022
PA005104,2023-07-03 00:17:45,Finalmente entendi aquele conceito que me travava.,0.0791
PA005105,2023-07-03 00:18:17,Pedalada de tarde com vista incrivel do parque.,0.0269
PA005106,2023-07-03 01:10:45,"Dia nublado mas tranquilo, bom para estudar sem distracao.",0.026
PA005107,2023-07-03 02:11:00,Jantar simples mas gostoso com a familia.,0.2149
PA005108,2023-07-03 02:37:10,"Corri 5km de manha, semana otima de treino.",0.0712
PA005109,2023-07-03 03:59:37,Leitura no jardim com tempo agradavel.,0.0317
PA005110,2023-07-03 05:19:53,"Plantei temperos na sacada, que satisfacao.",0.0655
PA005111,2023-07-03 07:18:16,Grupo de estudos foi muito produtivo hoje.,0.0425
PA005112,2023-07-03 08:37:28,"Passeio no interior no fim de semana, natureza linda.",0.0253
PA005113,2023-07-03 09:07:34,"Dia nublado mas tranquilo, bom para estudar sem distracao.",0.091
PA005114,2023-07-03 09:43:12,"Yoga pela manha, comecei o dia muito bem.",0.1567
PA005115,2023-07-03 10:50:58,Tarde produtiva organizando e limpando a casa.,0.0317
PA005116,2023-07-03 11:38:48,"Livro excelente sobre ciencia de dados, recomendo muito.",0.1288
PA005117,2023-07-03 12:25:42,"Meditacao de manha, comecando o dia muito bem.",0.1423
PA005118,2023-07-03 13:19:16,"Fui de bike hoje, que exercicio agradavel de manha.",0.1384
PA005119,2023-07-03 16:27:02,"Aprendi receita nova no youtube, ficou otimo.",0.0507
PA005120,2023-07-03 17:47:47,"Reuniao produtiva hoje, saimos com otimas ideias.",0.0715
PA005121,2023-07-03 18:07:48,"Maratonei a temporada completa, valeu cada minuto.",0.0438
PA005122,2023-07-03 18:49:43,"Vento agradavel hoje, aproveitei para caminhar no parque.",0.1295
PA005123,2023-07-03 21:33:47,"Praia tranquila, sol perfeito, descanso total.",0.1058
PA005124,2023-07-03 22:27:27,"Viagem de fim de semana para cidade historica, valeu.",0.1276
PA005125,2023-07-03 22:32:10,"Passeio com o cachorro no parque, ele adorou.",0.0085
PA005126,2023-07-03 23:28:02,"Reencontrei um amigo antigo por acaso, que alegria.",0.0
PA005127,2023-07-03 23:36:34,"Pipoca e serie boa na sexta, programa perfeito.",0.0754
PA005128,2023-07-04 01:08:17,"Musica nova do meu artista favorito, de outro nivel.",0.0352
PA005129,2023-07-04 02:43:55,"O outono chegou cedo esse ano, que frio gostoso de manha.",0.0703
PA005130,2023-07-04 02:58:57,"Aprendi receita nova no youtube, ficou otimo.",0.153
PA005131,2023-07-04 03:04:50,"Testei IA para ajudar com codigo, funcionou bem.",0.0875
PA005132,2023-07-04 03:48:27,"Minha mae fez feijao com arroz e linguica, classico perfeito.",0.0505
PA005133,2023-07-04 06:54:46,"Teatro incrivel ontem, peca muito bem dirigida.",0.0958
PA005134,2023-07-04 07:46:40,"Dia nublado mas tranquilo, bom para estudar sem distracao.",0.0688
PA005135,2023-07-04 08:25:28,Pedalada de tarde com vista incrivel do parque.,0.0612
PA005136,2023-07-04 08:52:26,"Dia nublado mas tranquilo, bom para estudar sem distracao.",0.0636
PA005137,2023-07-04 08:55:07,Terminei o trabalho da faculdade com antecedencia.,0.0
PA005138,2023-07-04 09:49:19,"Reuniao produtiva hoje, saimos com otimas ideias.",0.0712
PA005139,2023-07-04 10:39:48,"Notebook novo chegou, que desempenho incrivel.",0.0779
PA005140,2023-07-04 11:25:50,"Passeio no interior no fim de semana, natureza linda.",0.0361
PA005141,2023-07-04 11:39:35,"Estrada livre, cheguei no trabalho rapido hoje.",0.0947
PA005142,2023-07-04 11:56:57,"Onibus chegou no horario hoje, que surpresa agradavel.",0.0088
PA005143,2023-07-04 12:44:20,"Configurei o home office com setup novo, otimo.",0.0065
PA005144,2023-07-04 13:08:15,Pedalada de tarde com vista incrivel do parque.,0.1001
PA005145,2023-07-04 15:47:05,"Sol lindo hoje, cafe na varanda foi otimo.",0.1027
PA005146,2023-07-04 16:02:27,"Que semana frustrante, precisava que as coisas dessem certo.",0.3276
PA005147,2023-07-04 17:47:24,"Tentei receita nova de bolo de cenoura, ficou fofinho.",0.0994
PA005148,2023-07-04 18:09:38,"Estudando para a prova de amanha, bem concentrado.",0.1725
PA005149,2023-07-04 18:44:36,Aula incrivel sobre estatistica aplicada hoje.,0.1534
PA005150,2023-07-04 18:45:12,"Que dia difícil, nada saiu como eu havia planejado.",0.5383
PA005151,2023-07-04 19:39:01,"Chuva passageira a tarde, depois o tempo abriu lindo.",0.0612
PA005152,2023-07-04 19:55:13,"Meu time ganhou hoje, que jogo bonito foi.",0.1402
PA005153,2023-07-04 22:49:38,"Chuva passageira a tarde, depois o tempo abriu lindo.",0.078
PA005154,2023-07-04 22:58:01,"Meu time ganhou hoje, que jogo bonito foi.",0.033
PA005155,2023-07-05 00:30:00,"Academia hoje, treino puxado mas valeu muito.",0.0855
PA005156,2023-07-05 00:36:28,"Meditacao de manha, comecando o dia muito bem.",0.089
PA005157,2023-07-05 03:02:06,Finalmente entendi aquele conceito que me travava.,0.0684
PA005158,2023-07-05 03:16:02,"Sol lindo hoje, cafe na varanda foi otimo.",0.0984
PA005159,2023-07-05 04:46:11,"Aprendi receita nova no youtube, ficou otimo.",0.1549
PA005160,2023-07-05 05:05:24,"Chuva passageira a tarde, depois o tempo abriu lindo.",0.0599
PA005161,2023-07-05 05:06:24,Show ao vivo incrivel no fim de semana.,0.0617
PA005162,2023-07-05 05:20:38,"Natacao de manha, melhor inicio de dia possivel.",0.1004
PA005163,2023-07-05 05:44:21,Que manha fresca e agradavel para uma caminhada.,0.092
PA005164,2023-07-05 08:17:05,Aplicativo de carona funcionou perfeitamente.,0.0299
PA005165,2023-07-05 09:01:26,Politico corrupto aparecendo na midia de novo.,0.5119
PA005166,2023-07-05 09:18:11,"Fui num restaurante novo, a pizza estava espetacular.",0.1363
PA005167,2023-07-05 09:21:12,"Cuidando das plantas em casa, muito terapeutico.",0.1022
PA005168,2023-07-05 10:39:02,"Teatro incrivel ontem, peca muito bem dirigida.",0.1036
PA005169,2023-07-05 14:36:37,"O outono chegou cedo esse ano, que frio gostoso de manha.",0.138
PA005170,2023-07-05 15:06:06,"Que calor hoje, tive que ligar o ar condicionado logo cedo.",0.0853
PA005171,2023-07-05 15:24:44,"Sol lindo hoje, cafe na varanda foi otimo.",0.0191
PA005172,2023-07-05 16:10:56,"Fui num restaurante novo, a pizza estava espetacular.",0.1058
PA005173,2023-07-05 16:11:47,"Que calor hoje, tive que ligar o ar condicionado logo cedo.",0.1508
PA005174,2023-07-05 16:30:14,Tarde produtiva organizando e limpando a casa.,0.1029
PA005175,2023-07-05 16:31:07,"Configurei o home office com setup novo, otimo.",0.0955
PA005176,2023-07-05 17:38:36,Tarde produtiva organizando e limpando a casa.,0.1339
PA005177,2023-07-05 20:27:40,"Pipoca e serie boa na sexta, programa perfeito.",0.0381
PA005178,2023-07-05 21:28:06,"Onibus chegou no horario hoje, que surpresa agradavel.",0.0837
PA005179,2023-07-05 22:24:55,Pacote atrasado pelos correios pela terceira vez.,0.8918
PA005180,2023-07-05 23:18:55,Que manha fresca e agradavel para uma caminhada.,0.0335
PA005181,2023-07-06 00:12:58,"Sopa de legumes no frio, reconfortante e gostosa.",0.1123
PA005182,2023-07-06 01:38:29,"Choveu a tarde toda, dia perfeito pra ficar em casa lendo.",0.0909
PA005183,2023-07-06 01:49:30,"Plantei temperos na sacada, que satisfacao.",0.106
PA005184,2023-07-06 01:58:58,"Volei com os amigos, muita risada e diversao.",0.0
PA005185,2023-07-06 02:28:58,Show ao vivo incrivel no fim de semana.,0.0629
PA005186,2023-07-06 03:46:40,Brigadeiro de panela saiu incrivel hoje.,0.0432
PA005187,2023-07-06 04:11:01,"Reencontrei um amigo antigo por acaso, que alegria.",0.1071
PA005188,2023-07-06 04:24:03,Jantar simples mas gostoso com a familia.,0.1493
PA005189,2023-07-06 04:27:32,"Acai gelado essa tarde, refrescante demais.",0.0677
PA005190,2023-07-06 05:36:23,Feira de artesanato gostosa de passear.,0.1911
PA005191,2023-07-06 07:10:10,"Pipoca e serie boa na sexta, programa perfeito.",0.0372
PA005192,2023-07-06 07:35:57,Que manha fresca e agradavel para uma caminhada.,0.0
PA005193,2023-07-06 08:13:02,"Tentei receita nova de bolo de cenoura, ficou fofinho.",0.0316
PA005194,2023-07-06 08:24:23,Show ao vivo incrivel no fim de semana.,0.0
PA005195,2023-07-06 09:26:10,"Estudando para a prova de amanha, bem concentrado.",0.1054
PA005196,2023-07-06 09:39:29,Burocracia excessiva impossibilitando qualquer coisa.,0.248
PA005197,2023-07-06 09:52:20,"Natacao de manha, melhor inicio de dia possivel.",0.0528
PA005198,2023-07-06 10:30:53,Atualizacao deixou o sistema muito mais rapido.,0.0472
PA005199,2023-07-06 10:55:47,"Sopa de legumes no frio, reconfortante e gostosa.",0.0579
PA005200,2023-07-06 11:13:40,"Domingo em familia, melhor dia da semana.",0.0078
PA005201,2023-07-06 11:17:24,Brigadeiro de panela saiu incrivel hoje.,0.0392
PA005202,2023-07-06 14:04:11,Feira de artesanato gostosa de passear.,0.15
PA005203,2023-07-06 15:55:42,"Fui num restaurante novo, a pizza estava espetacular.",0.1406
PA005204,2023-07-06 16:15:05,"Musica nova do meu artista favorito, de outro nivel.",0.1328
PA005205,2023-07-06 17:01:43,"Serie nova incrivel, amei o primeiro episodio.",0.0848
PA005206,2023-07-06 20:32:49,"Passeio com o cachorro no parque, ele adorou.",0.1436
PA005207,2023-07-06 20:33:38,"Natacao de manha, melhor inicio de dia possivel.",0.0615
PA005208,2023-07-06 20:55:25,Cafe da manha caprichado: tapioca com ovo e suco de laranja.,0.0746
PA005209,2023-07-06 21:20:21,"Churrasco com a familia no final de semana, delicioso.",0.183
PA005210,2023-07-06 22:07:02,"Passeio no interior no fim de semana, natureza linda.",0.0543
PA005211,2023-07-06 22:14:58,"Meditacao de manha, comecando o dia muito bem.",0.1055
PA005212,2023-07-06 22:59:19,Leitura no jardim com tempo agradavel.,0.0967
PA005213,2023-07-07 00:16:54,"Novo celular chegou, a camera e impressionante.",0.0469
PA005214,2023-07-07 02:04:14,"Tarefa dificil concluida com sucesso, que satisfacao.",0.0614
PA005215,2023-07-07 02:23:31,"Filme otimo ontem, fui ao cinema com a familia.",0.0949
PA005216,2023-07-07 04:51:37,"Natacao de manha, melhor inicio de dia possivel.",0.0687
PA005217,2023-07-07 04:52:51,"Minha mae fez feijao com arroz e linguica, classico perfeito.",0.0012
PA005218,2023-07-07 06:50:56,Aula incrivel sobre estatistica aplicada hoje.,0.1386
PA005219,2023-07-07 07:49:46,"Academia hoje, treino puxado mas valeu muito.",0.1763
PA005220,2023-07-07 09:37:09,Que tarde relaxante lendo na rede.,0.104
PA005221,2023-07-07 11:29:22,"Almoco incrivel hoje, fiz lasanha caseira do zero.",0.1011
PA005222,2023-07-07 12:35:27,"Que semana frustrante, precisava que as coisas dessem certo.",0.8495
PA005223,2023-07-07 13:05:17,Cafe da manha caprichado: tapioca com ovo e suco de laranja.,0.0214
PA005224,2023-07-07 13:54:58,Finalmente entendi aquele conceito que me travava.,0.0615
PA005225,2023-07-07 15:22:43,"Home office com cafe fresquinho do lado, otimo.",0.0279
PA005226,2023-07-07 15:43:32,Que tarde relaxante lendo na rede.,0.1454
PA005227,2023-07-07 16:16:28,"Servico publico uma vergonha, esperei horas na fila.",0.1195
PA005228,2023-07-07 17:18:20,"Passeio no interior no fim de semana, natureza linda.",0.0192
PA005229,2023-07-07 17:32:32,"Teatro incrivel ontem, peca muito bem dirigida.",0.0821
PA005230,2023-07-07 17:41:25,"Fui de bike hoje, que exercicio agradavel de manha.",0.039
PA005231,2023-07-07 19:36:57,"Consegui estacionamento logo de cara, dia de sorte mesmo.",0.1072
PA005232,2023-07-07 21:58:34,"Vento agradavel hoje, aproveitei para caminhar no parque.",0.051
PA005233,2023-07-07 22:20:42,"Padaria da esquina lancou sabor novo, recomendo.",0.1539
PA005234,2023-07-07 22:47:32,"Choveu a tarde toda, dia perfeito pra ficar em casa lendo.",0.0188
PA005235,2023-07-07 22:54:39,"Praia tranquila, sol perfeito, descanso total.",0.1101
PA005236,2023-07-07 22:59:01,Caminhada ate a estacao foi otima hoje.,0.0561
PA005237,2023-07-07 23:44:22,"Natacao de manha, melhor inicio de dia possivel.",0.0762
PA005238,2023-07-08 01:12:49,Jantar simples mas gostoso com a familia.,0.0062
PA005239,2023-07-08 01:20:57,"Acai gelado essa tarde, refrescante demais.",0.1117
PA005240,2023-07-08 01:28:22,"Acai gelado essa tarde, refrescante demais.",0.1823
PA005241,2023-07-08 03:17:36,"Notebook novo chegou, que desempenho incrivel.",0.0891
PA005242,2023-07-08 03:46:25,Show ao vivo incrivel no fim de semana.,0.004
PA005243,2023-07-08 04:22:25,"Aprendi receita nova no youtube, ficou otimo.",0.0159
PA005244,2023-07-08 04:39:00,"Domingo em familia, melhor dia da semana.",0.0943
PA005245,2023-07-08 04:39:49,Nao aguento mais reclamacao sem solucao pratica.,0.5478
PA005246,2023-07-08 04:53:20,Podcast sobre tecnologia muito interessante.,0.0857
PA005247,2023-07-08 04:59:46,"Tarefa dificil concluida com sucesso, que satisfacao.",0.1366
PA005248,2023-07-08 06:51:13,"Acai gelado essa tarde, refrescante demais.",0.0784
PA005249,2023-07-08 07:22:13,"Academia hoje, treino puxado mas valeu muito.",0.1429
PA005250,2023-07-08 08:48:59,Nao aguento mais reclamacao sem solucao pratica.,0.3962
PA005251,2023-07-08 09:24:08,"Fui num restaurante novo, a pizza estava espetacular.",0.0866
PA005252,2023-07-08 10:35:35,"Cuidando das plantas em casa, muito terapeutico.",0.146
PA005253,2023-07-08 10:48:02,Grupo de estudos foi muito produtivo hoje.,0.1251
PA005254,2023-07-08 11:30:55,Finalmente entendi aquele conceito que me travava.,0.1193
PA005255,2023-07-08 15:58:30,"Praia tranquila, sol perfeito, descanso total.",0.2193
PA005256,2023-07-08 17:06:46,"Almoco incrivel hoje, fiz lasanha caseira do zero.",0.1225
PA005257,2023-07-08 18:01:56,"Fui num restaurante novo, a pizza estava espetacular.",0.0289
PA005258,2023-07-08 18:56:29,Grupo de estudos foi muito produtivo hoje.,0.0913
PA005259,2023-07-08 19:11:10,Que tarde relaxante lendo na rede.,0.1356
PA005260,2023-07-08 20:44:42,"Domingo em familia, melhor dia da semana.",0.088
PA005261,2023-07-08 21:43:44,Que manha fresca e agradavel para uma caminhada.,0.1185
PA005262,2023-07-08 21:44:44,"Mais um dia de transito horrivel, situacao absurda.",0.5871
PA005263,2023-07-08 22:34:54,Terminei o trabalho da faculdade com antecedencia.,0.0616
PA005264,2023-07-08 22:51:35,"Museu da cidade muito interessante, aprendi bastante.",0.0646
PA005265,2023-07-08 23:16:56,"Que frustracao, meu time perdeu mais uma vez.",0.6525
PA005266,2023-07-09 00:03:36,Terminei o trabalho da faculdade com antecedencia.,0.0856
PA005267,2023-07-09 01:17:05,"Academia hoje, treino puxado mas valeu muito.",0.0218
PA005268,2023-07-09 01:30:58,Pedalada de tarde com vista incrivel do parque.,0.1208
PA005269,2023-07-09 01:49:12,"Sopa de legumes no frio, reconfortante e gostosa.",0.0118
PA005270,2023-07-09 04:27:05,"Cuidando das plantas em casa, muito terapeutico.",0.0938
PA005271,2023-07-09 05:38:40,Terminei o trabalho da faculdade com antecedencia.,0.0732
PA005272,2023-07-09 05:46:01,"Reencontrei um amigo antigo por acaso, que alegria.",0.0852
PA005273,2023-07-09 06:12:56,"Home office com cafe fresquinho do lado, otimo.",0.0783
PA005274,2023-07-09 06:16:50,"Choveu a tarde toda, dia perfeito pra ficar em casa lendo.",0.0436
PA005275,2023-07-09 06:47:42,Tarde produtiva organizando e limpando a casa.,0.0309
PA005276,2023-07-09 07:14:41,"Onibus chegou no horario hoje, que surpresa agradavel.",0.0313
PA005277,2023-07-09 08:04:20,"Musica nova do meu artista favorito, de outro nivel.",0.0
PA005278,2023-07-09 09:48:15,Cafe da manha caprichado: tapioca com ovo e suco de laranja.,0.0964
PA005279,2023-07-09 10:39:06,"Biblioteca da universidade, ambiente otimo para estudar.",0.0407
PA005280,2023-07-09 12:17:42,"Apresentacao correu muito bem, todos gostaram.",0.0744
PA005281,2023-07-09 12:56:41,"Filme otimo ontem, fui ao cinema com a familia.",0.036
PA005282,2023-07-09 15:28:27,Nao aguento mais reclamacao sem solucao pratica.,0.8266
PA005283,2023-07-09 15:32:02,Leitura no jardim com tempo agradavel.,0.218
PA005284,2023-07-09 15:45:07,"Acai gelado essa tarde, refrescante demais.",0.127
PA005285,2023-07-09 15:52:52,Semana intensa mas muito satisfatoria no trabalho.,0.1179
PA005286,2023-07-09 16:22:53,"Servico contratado nao foi entregue no prazo, absurdo.",0.5093
PA005287,2023-07-09 17:43:27,"Configurei o home office com setup novo, otimo.",0.0
PA005288,2023-07-09 18:46:07,Brigadeiro de panela saiu incrivel hoje.,0.054
PA005289,2023-07-09 20:13:29,"Domingo em familia, melhor dia da semana.",0.0362
PA005290,2023-07-09 22:05:21,"Teatro incrivel ontem, peca muito bem dirigida.",0.0347
PA005291,2023-07-09 22:24:00,"Reuniao produtiva hoje, saimos com otimas ideias.",0.0
PA005292,2023-07-09 23:14:25,"Padaria da esquina lancou sabor novo, recomendo.",0.0889
PA005293,2023-07-10 00:04:51,"Yoga pela manha, comecei o dia muito bem.",0.0854
PA005294,2023-07-10 01:17:40,Semana intensa mas muito satisfatoria no trabalho.,0.0652
PA005295,2023-07-10 02:02:01,Cafe da manha caprichado: tapioca com ovo e suco de laranja.,0.0814
PA005296,2023-07-10 03:09:39,"Pipoca e serie boa na sexta, programa perfeito.",0.0771
PA005297,2023-07-10 05:05:43,"Choveu a tarde toda, dia perfeito pra ficar em casa lendo.",0.1092
PA005298,2023-07-10 05:14:30,"Acai gelado essa tarde, refrescante demais.",0.1069
PA005299,2023-07-10 05:37:01,"Estrada livre, cheguei no trabalho rapido hoje.",0.086
PA005300,2023-07-10 06:01:47,"Cuidando das plantas em casa, muito terapeutico.",0.0449
PA005301,2023-07-10 06:23:57,Tarde produtiva organizando e limpando a casa.,0.0206
PA005302,2023-07-10 06:45:15,"Acai gelado essa tarde, refrescante demais.",0.0633
PA005303,2023-07-10 07:05:45,Brigadeiro de panela saiu incrivel hoje.,0.0975
PA005304,2023-07-10 07:15:13,"Filme otimo ontem, fui ao cinema com a familia.",0.059
PA005305,2023-07-10 09:05:21,Show ao vivo incrivel no fim de semana.,0.0607
PA005306,2023-07-10 12:53:10,"Que dia difícil, nada saiu como eu havia planejado.",0.2725
PA005307,2023-07-10 13:05:23,Feira de artesanato gostosa de passear.,0.103
PA005308,2023-07-10 13:35:48,"Padaria da esquina lancou sabor novo, recomendo.",0.091
PA005309,2023-07-10 13:38:13,"Estrada livre, cheguei no trabalho rapido hoje.",0.09
PA005310,2023-07-10 13:48:23,"Sol lindo hoje, cafe na varanda foi otimo.",0.0598
PA005311,2023-07-10 14:09:22,"Almoco incrivel hoje, fiz lasanha caseira do zero.",0.0617
PA005312,2023-07-10 16:36:32,"Corri 5km de manha, semana otima de treino.",0.22
PA005313,2023-07-10 16:47:05,Caminhada ate a estacao foi otima hoje.,0.0789
PA005314,2023-07-10 18:16:31,Nao aguento mais essas politicas que nao funcionam.,0.6693
PA005315,2023-07-10 21:16:56,"Biblioteca da universidade, ambiente otimo para estudar.",0.08
PA005316,2023-07-10 21:36:59,"Fui de bike hoje, que exercicio agradavel de manha.",0.0
PA005317,2023-07-10 21:44:13,Leitura no jardim com tempo agradavel.,0.1292
PA005318,2023-07-10 21:51:50,"Sopa de legumes no frio, reconfortante e gostosa.",0.0905
PA005319,2023-07-10 22:32:03,Jantar simples mas gostoso com a familia.,0.22
PA005320,2023-07-10 23:22:08,"Passeio com o cachorro no parque, ele adorou.",0.102
PA005321,2023-07-11 00:20:40,"Metro bem tranquilo essa manha, cheguei bem.",0.1428
PA005322,2023-07-11 00:49:11,"Dia nublado mas tranquilo, bom para estudar sem distracao.",0.047
PA005323,2023-07-11 05:08:12,"Passeio no interior no fim de semana, natureza linda.",0.0187
PA005324,2023-07-11 05:31:21,"Vento agradavel hoje, aproveitei para caminhar no parque.",0.0255
PA005325,2023-07-11 05:53:27,"Museu da cidade muito interessante, aprendi bastante.",0.1027
PA005326,2023-07-11 06:10:58,"Onibus chegou no horario hoje, que surpresa agradavel.",0.1055
PA005327,2023-07-11 06:14:19,"Home office com cafe fresquinho do lado, otimo.",0.14
PA005328,2023-07-11 08:17:35,Semana intensa mas muito satisfatoria no trabalho.,0.0378
PA005329,2023-07-11 12:58:54,Aplicativo de carona funcionou perfeitamente.,0.055
PA005330,2023-07-11 13:10:41,"Teatro incrivel ontem, peca muito bem dirigida.",0.0506
PA005331,2023-07-11 13:32:19,Jantar simples mas gostoso com a familia.,0.1365
PA005332,2023-07-11 13:50:53,Grupo de estudos foi muito produtivo hoje.,0.04
PA005333,2023-07-11 14:42:16,"Teatro incrivel ontem, peca muito bem dirigida.",0.0855
PA005334,2023-07-11 14:52:27,"Dia nublado mas tranquilo, bom para estudar sem distracao.",0.0717
PA005335,2023-07-11 15:07:45,"Academia hoje, treino puxado mas valeu muito.",0.0766
PA005336,2023-07-11 16:17:03,"Passeio com o cachorro no parque, ele adorou.",0.1056
PA005337,2023-07-11 16:23:33,Tarde produtiva organizando e limpando a casa.,0.074
PA005338,2023-07-11 17:18:37,"Meu time ganhou hoje, que jogo bonito foi.",0.0947
PA005339,2023-07-11 20:18:46,"Viagem de fim de semana para cidade historica, valeu.",0.1073
PA005340,2023-07-11 20:57:10,Cafe da manha caprichado: tapioca com ovo e suco de laranja.,0.0828
PA005341,2023-07-11 20:57:21,"Aprendi receita nova no youtube, ficou otimo.",0.1064
PA005342,2023-07-11 21:31:53,"Testei IA para ajudar com codigo, funcionou bem.",0.0018
PA005343,2023-07-11 21:46:06,"Musica nova do meu artista favorito, de outro nivel.",0.0513
PA005344,2023-07-11 22:42:15,"Biblioteca da universidade, ambiente otimo para estudar.",0.0824
PA005345,2023-07-11 22:48:06,"Estudando para a prova de amanha, bem concentrado.",0.1234
PA005346,2023-07-12 00:40:35,"Academia hoje, treino puxado mas valeu muito.",0.0919
PA005347,2023-07-12 00:50:12,"Reencontrei um amigo antigo por acaso, que alegria.",0.0387
PA005348,2023-07-12 03:58:19,Semana intensa mas muito satisfatoria no trabalho.,0.0517
PA005349,2023-07-12 05:36:09,"Viagem de fim de semana para cidade historica, valeu.",0.0821
PA005350,2023-07-12 06:37:17,"Sopa de legumes no frio, reconfortante e gostosa.",0.0011
PA005351,2023-07-12 07:59:17,"Passeio com o cachorro no parque, ele adorou.",0.0941
PA005352,2023-07-12 09:00:12,Aula incrivel sobre estatistica aplicada hoje.,0.037
PA005353,2023-07-12 09:28:55,"Tentei receita nova de bolo de cenoura, ficou fofinho.",0.0445
PA005354,2023-07-12 09:35:53,"Padaria da esquina lancou sabor novo, recomendo.",0.1212
PA005355,2023-07-12 10:31:36,Que tarde relaxante lendo na rede.,0.1242
PA005356,2023-07-12 11:31:48,Brigadeiro de panela saiu incrivel hoje.,0.1483
PA005357,2023-07-12 14:32:24,"Estrada livre, cheguei no trabalho rapido hoje.",0.1236
PA005358,2023-07-12 14:54:43,Jantar simples mas gostoso com a familia.,0.0728
PA005359,2023-07-12 15:03:15,Terminei o trabalho da faculdade com antecedencia.,0.0966
PA005360,2023-07-12 16:59:19,"Fechei projeto importante essa semana, que alegria.",0.0992
PA005361,2023-07-12 17:38:33,"Pipoca e serie boa na sexta, programa perfeito.",0.1146
PA005362,2023-07-12 18:09:52,"Onibus chegou no horario hoje, que surpresa agradavel.",0.1434
PA005363,2023-07-12 20:07:18,"Meu time ganhou hoje, que jogo bonito foi.",0.1032
PA005364,2023-07-12 20:13:17,"Vento agradavel hoje, aproveitei para caminhar no parque.",0.1149
PA005365,2023-07-12 21:01:40,"Natacao de manha, melhor inicio de dia possivel.",0.023
PA005366,2023-07-12 21:37:25,"Corri 5km de manha, semana otima de treino.",0.0478
PA005367,2023-07-12 21:58:01,"Passeio com o cachorro no parque, ele adorou.",0.1911
PA005368,2023-07-12 22:10:25,"Pipoca e serie boa na sexta, programa perfeito.",0.0493
PA005369,2023-07-13 03:06:11,"Home office com cafe fresquinho do lado, otimo.",0.1039
PA005370,2023-07-13 03:46:44,"Padaria da esquina lancou sabor novo, recomendo.",0.0765
PA005371,2023-07-13 03:50:52,"Notebook novo chegou, que desempenho incrivel.",0.1312
PA005372,2023-07-13 03:51:37,Cafe da manha caprichado: tapioca com ovo e suco de laranja.,0.0212
PA005373,2023-07-13 04:26:05,"Serie nova incrivel, amei o primeiro episodio.",0.1338
PA005374,2023-07-13 04:41:24,Jantar simples mas gostoso com a familia.,0.0368
PA005375,2023-07-13 04:51:14,"Teatro incrivel ontem, peca muito bem dirigida.",0.0688
PA005376,2023-07-13 05:07:11,"Choveu a tarde toda, dia perfeito pra ficar em casa lendo.",0.2001
PA005377,2023-07-13 05:08:42,Jogo novo me viciou de um jeito bom.,0.145
PA005378,2023-07-13 05:24:15,"Acai gelado essa tarde, refrescante demais.",0.161
PA005379,2023-07-13 05:58:14,"Pipoca e serie boa na sexta, programa perfeito.",0.1125
PA005380,2023-07-13 06:07:16,Podcast sobre tecnologia muito interessante.,0.0938
PA005381,2023-07-13 07:52:12,"Tentei receita nova de bolo de cenoura, ficou fofinho.",0.021
PA005382,2023-07-13 11:08:29,"Dia nublado mas tranquilo, bom para estudar sem distracao.",0.1799
PA005383,2023-07-13 11:55:27,Feira de artesanato gostosa de passear.,0.0
PA005384,2023-07-13 12:11:20,Que tarde relaxante lendo na rede.,0.043
PA005385,2023-07-13 12:50:42,"Reuniao produtiva hoje, saimos com otimas ideias.",0.0642
PA005386,2023-07-13 13:16:37,Feira de artesanato gostosa de passear.,0.0824
PA005387,2023-07-13 14:15:06,"Musica nova do meu artista favorito, de outro nivel.",0.1037
PA005388,2023-07-13 14:28:11,"Teatro incrivel ontem, peca muito bem dirigida.",0.0547
PA005389,2023-07-13 15:56:59,"Aprendi receita nova no youtube, ficou otimo.",0.0538
PA005390,2023-07-13 17:12:34,Jantar simples mas gostoso com a familia.,0.1218
PA005391,2023-07-13 19:12:13,Jogo novo me viciou de um jeito bom.,0.0957
PA005392,2023-07-13 22:20:28,Burocracia excessiva impossibilitando qualquer coisa.,0.0821
PA005393,2023-07-13 22:23:50,"Apresentacao correu muito bem, todos gostaram.",0.0904
PA005394,2023-07-13 22:33:35,"Fechei projeto importante essa semana, que alegria.",0.1222
PA005395,2023-07-13 22:37:07,"Atendimento pessimo no banco, perdi a tarde toda.",0.5471
PA005396,2023-07-13 23:05:04,"Academia hoje, treino puxado mas valeu muito.",0.0333
PA005397,2023-07-13 23:38:03,App de produtividade novo que encontrei e otimo.,0.0526
PA005398,2023-07-14 00:45:27,"Academia hoje, treino puxado mas valeu muito.",0.0
PA005399,2023-07-14 01:25:38,"Almoco incrivel hoje, fiz lasanha caseira do zero.",0.0645
PA005400,2023-07-14 02:42:50,"Tentei receita nova de bolo de cenoura, ficou fofinho.",0.0767
PA005401,2023-07-14 06:46:51,"Biblioteca da universidade, ambiente otimo para estudar.",0.072
PA005402,2023-07-14 07:10:17,"Configurei o home office com setup novo, otimo.",0.0928
PA005403,2023-07-14 08:01:35,Atualizacao deixou o sistema muito mais rapido.,0.1679
PA005404,2023-07-14 08:15:28,"O outono chegou cedo esse ano, que frio gostoso de manha.",0.1902
PA005405,2023-07-14 12:45:47,Brigadeiro de panela saiu incrivel hoje.,0.1593
PA005406,2023-07-14 13:33:03,"Padaria da esquina lancou sabor novo, recomendo.",0.1173
PA005407,2023-07-14 13:35:56,"Novo celular chegou, a camera e impressionante.",0.1119
PA005408,2023-07-14 14:22:10,"Configurei o home office com setup novo, otimo.",0.1233
PA005409,2023-07-14 15:53:14,Politico corrupto aparecendo na midia de novo.,0.2728
PA005410,2023-07-14 16:27:14,"Passeio no interior no fim de semana, natureza linda.",0.1293
PA005411,2023-07-14 18:04:51,Pedalada de tarde com vista incrivel do parque.,0.0964
PA005412,2023-07-14 20:12:41,Podcast sobre tecnologia muito interessante.,0.182
PA005413,2023-07-14 22:04:26,"Apresentacao correu muito bem, todos gostaram.",0.0695
PA005414,2023-07-14 23:21:19,"Home office com cafe fresquinho do lado, otimo.",0.128
PA005415,2023-07-14 23:47:25,"Passeio no interior no fim de semana, natureza linda.",0.0
PA005416,2023-07-15 00:09:46,"Churrasco com a familia no final de semana, delicioso.",0.0133
PA005417,2023-07-15 00:11:57,Cafe da manha caprichado: tapioca com ovo e suco de laranja.,0.0605
PA005418,2023-07-15 00:38:57,Atualizacao deixou o sistema muito mais rapido.,0.0
PA005419,2023-07-15 01:53:56,"Choveu a tarde toda, dia perfeito pra ficar em casa lendo.",0.0724
PA005420,2023-07-15 02:08:40,Aula incrivel sobre estatistica aplicada hoje.,0.0157
PA005421,2023-07-15 03:43:48,"Reencontrei um amigo antigo por acaso, que alegria.",0.1101
PA005422,2023-07-15 05:26:37,Jantar simples mas gostoso com a familia.,0.1134
PA005423,2023-07-15 05:53:01,Terminei o trabalho da faculdade com antecedencia.,0.102
PA005424,2023-07-15 07:56:32,Jantar simples mas gostoso com a familia.,0.1461
PA005425,2023-07-15 08:23:33,"Aprendi receita nova no youtube, ficou otimo.",0.068
PA005426,2023-07-15 09:23:42,"Filme otimo ontem, fui ao cinema com a familia.",0.0565
PA005427,2023-07-15 09:36:03,Podcast sobre tecnologia muito interessante.,0.0667
PA005428,2023-07-15 09:51:24,Cafe da manha caprichado: tapioca com ovo e suco de laranja.,0.0824
PA005429,2023-07-15 10:03:51,"Filme otimo ontem, fui ao cinema com a familia.",0.1252
PA005430,2023-07-15 10:43:34,Grupo de estudos foi muito produtivo hoje.,0.1135
PA005431,2023-07-15 10:49:24,"Padaria da esquina lancou sabor novo, recomendo.",0.0366
PA005432,2023-07-15 10:49:29,Feira de artesanato gostosa de passear.,0.1316
PA005433,2023-07-15 11:50:15,Aula incrivel sobre estatistica aplicada hoje.,0.1051
PA005434,2023-07-15 14:32:39,"Passei na certificacao, muito feliz com o resultado.",0.056
PA005435,2023-07-15 15:11:11,Semana intensa mas muito satisfatoria no trabalho.,0.0633
PA005436,2023-07-15 16:00:42,"Estrada livre, cheguei no trabalho rapido hoje.",0.1699
PA005437,2023-07-15 16:24:49,"Pipoca e serie boa na sexta, programa perfeito.",0.1582
PA005438,2023-07-15 18:23:08,Aplicativo de carona funcionou perfeitamente.,0.113
PA005439,2023-07-15 18:48:40,"Tarefa dificil concluida com sucesso, que satisfacao.",0.1457
PA005440,2023-07-15 19:15:13,"Sopa de legumes no frio, reconfortante e gostosa.",0.0427
PA005441,2023-07-15 19:41:14,"Teatro incrivel ontem, peca muito bem dirigida.",0.1155
PA005442,2023-07-15 19:50:05,"Reuniao produtiva hoje, saimos com otimas ideias.",0.0
PA005443,2023-07-15 19:50:20,Barulho da rua me deixou irritado o dia todo.,0.947
PA005444,2023-07-15 20:46:54,"Sopa de legumes no frio, reconfortante e gostosa.",0.2105
PA005445,2023-07-15 21:45:21,"Plantei temperos na sacada, que satisfacao.",0.0022
PA005446,2023-07-15 22:40:02,"Dia nublado mas tranquilo, bom para estudar sem distracao.",0.0675
PA005447,2023-07-16 00:09:37,"Maratonei a temporada completa, valeu cada minuto.",0.1023
PA005448,2023-07-16 00:21:52,"Padaria da esquina lancou sabor novo, recomendo.",0.0831
PA005449,2023-07-16 00:37:24,"Teatro incrivel ontem, peca muito bem dirigida.",0.1415
PA005450,2023-07-16 00:54:42,"Praia tranquila, sol perfeito, descanso total.",0.0185
PA005451,2023-07-16 01:40:58,"Configurei o home office com setup novo, otimo.",0.1874
PA005452,2023-07-16 02:15:12,"Choveu a tarde toda, dia perfeito pra ficar em casa lendo.",0.0639
PA005453,2023-07-16 02:27:34,"Minha mae fez feijao com arroz e linguica, classico perfeito.",0.1502
PA005454,2023-07-16 02:32:27,Grupo de estudos foi muito produtivo hoje.,0.107
PA005455,2023-07-16 03:47:39,"Novo celular chegou, a camera e impressionante.",0.1152
PA005456,2023-07-16 05:13:39,"Teatro incrivel ontem, peca muito bem dirigida.",0.1437
PA005457,2023-07-16 05:15:49,"Dia nublado mas tranquilo, bom para estudar sem distracao.",0.1759
PA005458,2023-07-16 05:37:17,"Trilha ecologica incrivel, natureza pura.",0.1137
PA005459,2023-07-16 06:52:53,Feira de artesanato gostosa de passear.,0.0713
PA005460,2023-07-16 08:12:54,Pedalada de tarde com vista incrivel do parque.,0.0755
PA005461,2023-07-16 09:09:59,"Meu time ganhou hoje, que jogo bonito foi.",0.0292
PA005462,2023-07-16 10:07:25,"Serie nova incrivel, amei o primeiro episodio.",0.0257
PA005463,2023-07-16 10:43:44,"Onibus chegou no horario hoje, que surpresa agradavel.",0.0178
PA005464,2023-07-16 11:49:37,Aplicativo de carona funcionou perfeitamente.,0.0482
PA005465,2023-07-16 14:39:47,Pacote atrasado pelos correios pela terceira vez.,0.2172
PA005466,2023-07-16 15:00:18,App de produtividade novo que encontrei e otimo.,0.0584
PA005467,2023-07-16 15:18:17,"Reuniao produtiva hoje, saimos com otimas ideias.",0.146
PA005468,2023-07-16 15:56:05,"Trilha ecologica incrivel, natureza pura.",0.0
PA005469,2023-07-16 16:11:52,"Tarefa dificil concluida com sucesso, que satisfacao.",0.1457
PA005470,2023-07-16 16:47:39,"Notebook novo chegou, que desempenho incrivel.",0.0405
PA005471,2023-07-16 17:16:40,Leitura no jardim com tempo agradavel.,0.1019
PA005472,2023-07-16 17:44:36,"Reuniao produtiva hoje, saimos com otimas ideias.",0.1502
PA005473,2023-07-16 18:22:41,"Fui num restaurante novo, a pizza estava espetacular.",0.077
PA005474,2023-07-16 20:29:39,"Teatro incrivel ontem, peca muito bem dirigida.",0.0015
PA005475,2023-07-16 20:32:43,"Chuva passageira a tarde, depois o tempo abriu lindo.",0.1213
PA005476,2023-07-16 21:39:34,"Churrasco com a familia no final de semana, delicioso.",0.0937
PA005477,2023-07-16 21:43:04,"Que calor hoje, tive que ligar o ar condicionado logo cedo.",0.0047
PA005478,2023-07-16 22:17:05,"Aprendi receita nova no youtube, ficou otimo.",0.0595
PA005479,2023-07-16 22:35:04,"Metro bem tranquilo essa manha, cheguei bem.",0.1981
PA005480,2023-07-16 23:02:17,"Museu da cidade muito interessante, aprendi bastante.",0.0662
PA005481,2023-07-16 23:37:34,"Pausa pro cafe com os colegas, bate-papo otimo.",0.0982
PA005482,2023-07-17 00:17:12,"Tarefa dificil concluida com sucesso, que satisfacao.",0.1565
PA005483,2023-07-17 01:57:35,Finalmente entendi aquele conceito que me travava.,0.0695
PA005484,2023-07-17 05:00:06,Atualizacao deixou o sistema muito mais rapido.,0.1697
PA005485,2023-07-17 07:10:08,Semana intensa mas muito satisfatoria no trabalho.,0.0381
PA005486,2023-07-17 10:02:06,"Almoco incrivel hoje, fiz lasanha caseira do zero.",0.0255
PA005487,2023-07-17 10:44:03,Podcast sobre tecnologia muito interessante.,0.1301
PA005488,2023-07-17 11:06:45,Finalmente entendi aquele conceito que me travava.,0.0942
PA005489,2023-07-17 11:07:41,"Plantei temperos na sacada, que satisfacao.",0.0588
PA005490,2023-07-17 11:34:38,"Passeio com o cachorro no parque, ele adorou.",0.1394
PA005491,2023-07-17 12:30:30,"Corri 5km de manha, semana otima de treino.",0.0638
PA005492,2023-07-17 13:37:53,"Padaria da esquina lancou sabor novo, recomendo.",0.1386
PA005493,2023-07-17 13:40:32,"Academia hoje, treino puxado mas valeu muito.",0.1222
PA005494,2023-07-17 14:02:49,"Aprendi receita nova no youtube, ficou otimo.",0.062
PA005495,2023-07-17 14:39:42,"Passeio no interior no fim de semana, natureza linda.",0.0444
PA005496,2023-07-17 15:14:33,"Pausa pro cafe com os colegas, bate-papo otimo.",0.0917
PA005497,2023-07-17 15:23:04,Pedalada de tarde com vista incrivel do parque.,0.0
PA005498,2023-07-17 18:08:05,"Reuniao produtiva hoje, saimos com otimas ideias.",0.1164
PA005499,2023-07-17 19:14:17,"Fui de bike hoje, que exercicio agradavel de manha.",0.0759
PA005500,2023-07-17 19:18:29,"Mais um dia de transito horrivel, situacao absurda.",0.346
PA005501,2023-07-17 19:49:41,Leitura no jardim com tempo agradavel.,0.1935
PA005502,2023-07-17 20:37:32,"Que bagunca, nada funcionando direito.",0.5616
PA005503,2023-07-17 21:53:44,"Dia nublado mas tranquilo, bom para estudar sem distracao.",0.0051
PA005504,2023-07-17 22:30:51,"Musica nova do meu artista favorito, de outro nivel.",0.0772
PA005505,2023-07-17 23:01:43,"Passeio com o cachorro no parque, ele adorou.",0.0289
PA005506,2023-07-18 03:07:24,Podcast sobre tecnologia muito interessante.,0.0736
PA005507,2023-07-18 04:27:44,Que tarde relaxante lendo na rede.,0.0281
PA005508,2023-07-18 05:34:59,"Reuniao produtiva hoje, saimos com otimas ideias.",0.0508
PA005509,2023-07-18 06:31:41,"Choveu a tarde toda, dia perfeito pra ficar em casa lendo.",0.0268
PA005510,2023-07-18 06:50:08,"Fui num restaurante novo, a pizza estava espetacular.",0.0677
PA005511,2023-07-18 07:30:32,Semana intensa mas muito satisfatoria no trabalho.,0.0454
PA005512,2023-07-18 08:08:00,"Sopa de legumes no frio, reconfortante e gostosa.",0.0898
PA005513,2023-07-18 08:20:15,Leitura no jardim com tempo agradavel.,0.0775
PA005514,2023-07-18 08:20:46,"Fechei projeto importante essa semana, que alegria.",0.0341
PA005515,2023-07-18 09:19:10,"Churrasco com a familia no final de semana, delicioso.",0.0773
PA005516,2023-07-18 09:28:01,"Viagem de fim de semana para cidade historica, valeu.",0.1316
PA005517,2023-07-18 11:29:58,"Vizinho fazendo barulho ate tarde da noite, falta de respeito.",0.3277
PA005518,2023-07-18 11:49:57,"Testei IA para ajudar com codigo, funcionou bem.",0.0551
PA005519,2023-07-18 11:55:50,"Onibus chegou no horario hoje, que surpresa agradavel.",0.0956
PA005520,2023-07-18 12:27:44,"Consegui estacionamento logo de cara, dia de sorte mesmo.",0.1183
PA005521,2023-07-18 14:41:33,Pacote atrasado pelos correios pela terceira vez.,0.493
PA005522,2023-07-18 16:22:31,"Dia nublado mas tranquilo, bom para estudar sem distracao.",0.0881
PA005523,2023-07-18 16:30:26,"Apresentacao correu muito bem, todos gostaram.",0.0265
PA005524,2023-07-18 17:47:11,Caminhada ate a estacao foi otima hoje.,0.0762
PA005525,2023-07-18 17:48:41,"Fui de bike hoje, que exercicio agradavel de manha.",0.0514
PA005526,2023-07-18 18:01:00,"Fechei projeto importante essa semana, que alegria.",0.1265
PA005527,2023-07-18 18:15:07,"Trilha ecologica incrivel, natureza pura.",0.1121
PA005528,2023-07-18 19:07:15,Cafe da manha caprichado: tapioca com ovo e suco de laranja.,0.0069
PA005529,2023-07-18 20:18:19,"Pausa pro cafe com os colegas, bate-papo otimo.",0.1055
PA005530,2023-07-18 20:24:07,"Meu time ganhou hoje, que jogo bonito foi.",0.0
PA005531,2023-07-18 20:40:18,"Estudando para a prova de amanha, bem concentrado.",0.0663
PA005532,2023-07-18 21:41:35,Caminhada ate a estacao foi otima hoje.,0.1022
PA005533,2023-07-18 22:00:47,"Passeio com o cachorro no parque, ele adorou.",0.0762
PA005534,2023-07-18 22:50:50,"Estudando para a prova de amanha, bem concentrado.",0.0208
PA005535,2023-07-18 22:51:55,"Museu da cidade muito interessante, aprendi bastante.",0.0879
PA005536,2023-07-18 22:58:11,"Dia nublado mas tranquilo, bom para estudar sem distracao.",0.0537
PA005537,2023-07-18 23:12:40,Podcast sobre tecnologia muito interessante.,0.0436
PA005538,2023-07-18 23:33:41,"Domingo em familia, melhor dia da semana.",0.0841
PA005539,2023-07-19 01:28:12,Grupo de estudos foi muito produtivo hoje.,0.0663
PA005540,2023-07-19 01:51:34,"Praia tranquila, sol perfeito, descanso total.",0.1159
PA005541,2023-07-19 02:13:36,"Domingo em familia, melhor dia da semana.",0.1216
PA005542,2023-07-19 02:25:09,Show ao vivo incrivel no fim de semana.,0.0757
PA005543,2023-07-19 03:37:18,Terminei o trabalho da faculdade com antecedencia.,0.0298
PA005544,2023-07-19 05:03:15,"Museu da cidade muito interessante, aprendi bastante.",0.0204
PA005545,2023-07-19 05:13:53,Tarde produtiva organizando e limpando a casa.,0.0862
PA005546,2023-07-19 05:25:14,"Sopa de legumes no frio, reconfortante e gostosa.",0.0
PA005547,2023-07-19 05:29:32,"Testei IA para ajudar com codigo, funcionou bem.",0.0481
PA005548,2023-07-19 05:55:11,"Estrada livre, cheguei no trabalho rapido hoje.",0.0479
PA005549,2023-07-19 06:17:22,Aplicativo de carona funcionou perfeitamente.,0.1616
PA005550,2023-07-19 06:26:30,"Estudando para a prova de amanha, bem concentrado.",0.1518
PA005551,2023-07-19 07:03:24,Podcast sobre tecnologia muito interessante.,0.0123
PA005552,2023-07-19 08:22:24,"Novo celular chegou, a camera e impressionante.",0.0812
PA005553,2023-07-19 08:46:18,"Que calor hoje, tive que ligar o ar condicionado logo cedo.",0.1376
PA005554,2023-07-19 09:03:46,Nao aguento mais essas politicas que nao funcionam.,0.0059
PA005555,2023-07-19 11:56:19,"Passeio no interior no fim de semana, natureza linda.",0.0873
PA005556,2023-07-19 12:07:12,"Trilha ecologica incrivel, natureza pura.",0.0787
PA005557,2023-07-19 12:53:07,Terminei o trabalho da faculdade com antecedencia.,0.1061
PA005558,2023-07-19 13:11:40,Pedalada de tarde com vista incrivel do parque.,0.0458
PA005559,2023-07-19 13:28:10,"Churrasco com a familia no final de semana, delicioso.",0.0959
PA005560,2023-07-19 14:53:58,"Yoga pela manha, comecei o dia muito bem.",0.0882
PA005561,2023-07-19 16:52:00,"Corri 5km de manha, semana otima de treino.",0.1127
PA005562,2023-07-19 17:24:16,Brigadeiro de panela saiu incrivel hoje.,0.0324
PA005563,2023-07-19 18:46:09,"Aprendi receita nova no youtube, ficou otimo.",0.0903
PA005564,2023-07-19 19:13:58,Caminhada ate a estacao foi otima hoje.,0.0642
PA005565,2023-07-19 19:16:00,"Home office com cafe fresquinho do lado, otimo.",0.1056
PA005566,2023-07-19 20:30:48,Terminei o trabalho da faculdade com antecedencia.,0.0071
PA005567,2023-07-19 21:22:35,"Praia tranquila, sol perfeito, descanso total.",0.2117
PA005568,2023-07-19 22:28:52,Jantar simples mas gostoso com a familia.,0.0543
PA005569,2023-07-19 22:36:08,Jogo novo me viciou de um jeito bom.,0.0086
PA005570,2023-07-19 22:54:15,"Preco de tudo subindo e salario parado, e muita coisa.",0.0347
PA005571,2023-07-19 23:00:02,Tarde produtiva organizando e limpando a casa.,0.067
PA005572,2023-07-19 23:42:57,Aula incrivel sobre estatistica aplicada hoje.,0.1002
PA005573,2023-07-20 00:45:40,"Pipoca e serie boa na sexta, programa perfeito.",0.1417
PA005574,2023-07-20 02:41:22,"Trilha ecologica incrivel, natureza pura.",0.1345
PA005575,2023-07-20 03:58:06,"Pipoca e serie boa na sexta, programa perfeito.",0.0307
PA005576,2023-07-20 04:16:25,"Aprendi receita nova no youtube, ficou otimo.",0.0355
PA005577,2023-07-20 05:15:22,"Fechei projeto importante essa semana, que alegria.",0.1992
PA005578,2023-07-20 05:59:25,App de produtividade novo que encontrei e otimo.,0.1318
PA005579,2023-07-20 09:01:47,"Praia tranquila, sol perfeito, descanso total.",0.0039
PA005580,2023-07-20 09:40:23,"Serie nova incrivel, amei o primeiro episodio.",0.0996
PA005581,2023-07-20 10:53:34,Podcast sobre tecnologia muito interessante.,0.0457
PA005582,2023-07-20 11:23:03,Aula incrivel sobre estatistica aplicada hoje.,0.0
PA005583,2023-07-20 13:18:03,"Almoco incrivel hoje, fiz lasanha caseira do zero.",0.0351
PA005584,2023-07-20 13:23:13,"Plantei temperos na sacada, que satisfacao.",0.0536
PA005585,2023-07-20 15:41:29,"Consegui estacionamento logo de cara, dia de sorte mesmo.",0.1239
PA005586,2023-07-20 16:52:08,Tudo caro e qualidade cada vez pior.,0.5306
PA005587,2023-07-20 18:43:40,"Sopa de legumes no frio, reconfortante e gostosa.",0.0678
PA005588,2023-07-20 19:23:58,"Notebook novo chegou, que desempenho incrivel.",0.1076
PA005589,2023-07-20 19:32:20,"Acai gelado essa tarde, refrescante demais.",0.0223
PA005590,2023-07-20 20:44:07,"Pausa pro cafe com os colegas, bate-papo otimo.",0.0449
PA005591,2023-07-20 21:19:48,"Notebook novo chegou, que desempenho incrivel.",0.1534
PA005592,2023-07-20 22:54:03,"Teatro incrivel ontem, peca muito bem dirigida.",0.1309
PA005593,2023-07-21 00:04:23,"Biblioteca da universidade, ambiente otimo para estudar.",0.0
PA005594,2023-07-21 00:14:33,Jogo novo me viciou de um jeito bom.,0.0886
PA005595,2023-07-21 00:29:47,"Serie nova incrivel, amei o primeiro episodio.",0.0655
PA005596,2023-07-21 00:42:34,"Estudando para a prova de amanha, bem concentrado.",0.006
PA005597,2023-07-21 01:13:24,"Viagem de fim de semana para cidade historica, valeu.",0.0222
PA005598,2023-07-21 01:23:11,Tarde produtiva organizando e limpando a casa.,0.1112
PA005599,2023-07-21 02:32:36,Pedalada de tarde com vista incrivel do parque.,0.0493
PA005600,2023-07-21 03:52:29,Que manha fresca e agradavel para uma caminhada.,0.0458
PA005601,2023-07-21 05:06:07,"Trilha ecologica incrivel, natureza pura.",0.0
PA005602,2023-07-21 06:04:01,Podcast sobre tecnologia muito interessante.,0.0743
PA005603,2023-07-21 06:36:21,"Sol lindo hoje, cafe na varanda foi otimo.",0.03
PA005604,2023-07-21 07:39:40,Aplicativo de carona funcionou perfeitamente.,0.0018
PA005605,2023-07-21 08:39:08,Show ao vivo incrivel no fim de semana.,0.2012
PA005606,2023-07-21 10:14:46,"Volei com os amigos, muita risada e diversao.",0.1662
PA005607,2023-07-21 10:34:26,"Tentei receita nova de bolo de cenoura, ficou fofinho.",0.0297
PA005608,2023-07-21 10:35:38,"Novo celular chegou, a camera e impressionante.",0.1389
PA005609,2023-07-21 11:11:24,"Testei IA para ajudar com codigo, funcionou bem.",0.0835
PA005610,2023-07-21 12:36:59,"Passeio no interior no fim de semana, natureza linda.",0.0881
PA005611,2023-07-21 12:44:03,"Meditacao de manha, comecando o dia muito bem.",0.1131
PA005612,2023-07-21 13:02:11,Caminhada ate a estacao foi otima hoje.,0.1048
PA005613,2023-07-21 14:06:52,"Passei na certificacao, muito feliz com o resultado.",0.0049
PA005614,2023-07-21 14:25:08,Pedalada de tarde com vista incrivel do parque.,0.0344
PA005615,2023-07-21 15:07:31,App de produtividade novo que encontrei e otimo.,0.0336
PA005616,2023-07-21 16:46:14,Grupo de estudos foi muito produtivo hoje.,0.066
PA005617,2023-07-21 17:03:23,"Novo celular chegou, a camera e impressionante.",0.0718
PA005618,2023-07-21 17:09:33,"Tarefa dificil concluida com sucesso, que satisfacao.",0.0731
PA005619,2023-07-21 17:34:31,"Museu da cidade muito interessante, aprendi bastante.",0.1339
PA005620,2023-07-21 17:41:35,"O outono chegou cedo esse ano, que frio gostoso de manha.",0.0423
PA005621,2023-07-21 17:52:43,"Home office com cafe fresquinho do lado, otimo.",0.1712
PA005622,2023-07-21 18:54:48,"O outono chegou cedo esse ano, que frio gostoso de manha.",0.0657
PA005623,2023-07-21 19:21:53,"Sopa de legumes no frio, reconfortante e gostosa.",0.0635
PA005624,2023-07-21 20:55:15,"Maratonei a temporada completa, valeu cada minuto.",0.0455
PA005625,2023-07-21 22:02:06,"Governo aumentando imposto de novo, inacreditavel.",0.4153
PA005626,2023-07-21 22:16:03,"Tarefa dificil concluida com sucesso, que satisfacao.",0.1341
PA005627,2023-07-22 00:05:33,"Governo aumentando imposto de novo, inacreditavel.",0.187
PA005628,2023-07-22 00:53:34,"Dia nublado mas tranquilo, bom para estudar sem distracao.",0.1337
PA005629,2023-07-22 01:29:29,"Sopa de legumes no frio, reconfortante e gostosa.",0.0892
PA005630,2023-07-22 02:08:04,"Configurei o home office com setup novo, otimo.",0.0977
PA005631,2023-07-22 03:39:28,"Multa de transito injusta, vou recorrer.",0.5824
PA005632,2023-07-22 06:23:34,"Teatro incrivel ontem, peca muito bem dirigida.",0.1165
PA005633,2023-07-22 11:38:48,Jogo novo me viciou de um jeito bom.,0.0046
PA005634,2023-07-22 11:57:34,"Praia tranquila, sol perfeito, descanso total.",0.1483
PA005635,2023-07-22 13:57:09,"Apresentacao correu muito bem, todos gostaram.",0.0032
PA005636,2023-07-22 14:50:33,Grupo de estudos foi muito produtivo hoje.,0.038
PA005637,2023-07-22 15:44:42,Que tarde relaxante lendo na rede.,0.0345
PA005638,2023-07-22 17:22:41,Semana intensa mas muito satisfatoria no trabalho.,0.0957
PA005639,2023-07-22 18:06:23,"Padaria da esquina lancou sabor novo, recomendo.",0.0774
PA005640,2023-07-22 18:28:42,"Que calor hoje, tive que ligar o ar condicionado logo cedo.",0.0952
PA005641,2023-07-22 18:33:51,"Cuidando das plantas em casa, muito terapeutico.",0.1485
PA005642,2023-07-22 18:47:01,"Pipoca e serie boa na sexta, programa perfeito.",0.1232
PA005643,2023-07-22 19:34:18,"Sopa de legumes no frio, reconfortante e gostosa.",0.1407
PA005644,2023-07-22 22:33:19,"Aprendi receita nova no youtube, ficou otimo.",0.0653
PA005645,2023-07-23 00:16:12,Aula incrivel sobre estatistica aplicada hoje.,0.0581
PA005646,2023-07-23 01:40:50,"Que dia difícil, nada saiu como eu havia planejado.",0.6996
PA005647,2023-07-23 04:38:44,"Home office com cafe fresquinho do lado, otimo.",0.1413
PA005648,2023-07-23 05:23:07,"Cuidando das plantas em casa, muito terapeutico.",0.0898
PA005649,2023-07-23 05:54:07,"Fui de bike hoje, que exercicio agradavel de manha.",0.1405
PA005650,2023-07-23 06:03:49,"Onibus chegou no horario hoje, que surpresa agradavel.",0.019
PA005651,2023-07-23 06:12:10,"Passeio no interior no fim de semana, natureza linda.",0.1136
PA005652,2023-07-23 06:21:09,Feira de artesanato gostosa de passear.,0.0374
PA005653,2023-07-23 06:53:28,Aula incrivel sobre estatistica aplicada hoje.,0.1151
PA005654,2023-07-23 07:30:06,"Tarefa dificil concluida com sucesso, que satisfacao.",0.1766
PA005655,2023-07-23 07:32:35,Show ao vivo incrivel no fim de semana.,0.0096
PA005656,2023-07-23 07:33:36,Cafe da manha caprichado: tapioca com ovo e suco de laranja.,0.0
PA005657,2023-07-23 11:21:17,"Filme otimo ontem, fui ao cinema com a familia.",0.0395
PA005658,2023-07-23 13:28:11,"Estudando para a prova de amanha, bem concentrado.",0.07
PA005659,2023-07-23 13:55:00,"Chuva passageira a tarde, depois o tempo abriu lindo.",0.0242
PA005660,2023-07-23 14:13:26,"Estudando para a prova de amanha, bem concentrado.",0.0
PA005661,2023-07-23 14:46:00,"Plantei temperos na sacada, que satisfacao.",0.058
PA005662,2023-07-23 16:14:14,Finalmente entendi aquele conceito que me travava.,0.1642
PA005663,2023-07-23 16:42:46,"Testei IA para ajudar com codigo, funcionou bem.",0.0545
PA005664,2023-07-23 17:26:52,"Almoco incrivel hoje, fiz lasanha caseira do zero.",0.1579
PA005665,2023-07-23 17:55:47,App de produtividade novo que encontrei e otimo.,0.0091
PA005666,2023-07-23 18:15:14,"Domingo em familia, melhor dia da semana.",0.0578
PA005667,2023-07-23 18:29:04,"Pausa pro cafe com os colegas, bate-papo otimo.",0.0931
PA005668,2023-07-23 19:30:46,Cafe da manha caprichado: tapioca com ovo e suco de laranja.,0.0726
PA005669,2023-07-23 20:18:31,Jantar simples mas gostoso com a familia.,0.0473
PA005670,2023-07-23 21:17:25,"Sopa de legumes no frio, reconfortante e gostosa.",0.1489
PA005671,2023-07-24 00:40:09,Show ao vivo incrivel no fim de semana.,0.0938
PA005672,2023-07-24 00:56:50,"Passeio com o cachorro no parque, ele adorou.",0.0388
PA005673,2023-07-24 01:07:36,"Domingo em familia, melhor dia da semana.",0.095
PA005674,2023-07-24 02:03:16,Caminhada ate a estacao foi otima hoje.,0.0496
PA005675,2023-07-24 02:23:24,Jantar simples mas gostoso com a familia.,0.1218
PA005676,2023-07-24 02:26:53,"Tentei receita nova de bolo de cenoura, ficou fofinho.",0.1357
PA005677,2023-07-24 03:25:31,"Pausa pro cafe com os colegas, bate-papo otimo.",0.0366
PA005678,2023-07-24 04:14:57,Finalmente entendi aquele conceito que me travava.,0.035
PA005679,2023-07-24 04:18:02,"Que calor hoje, tive que ligar o ar condicionado logo cedo.",0.1679
PA005680,2023-07-24 05:02:14,Grupo de estudos foi muito produtivo hoje.,0.0817
PA005681,2023-07-24 06:01:47,Podcast sobre tecnologia muito interessante.,0.0
PA005682,2023-07-24 08:09:30,"Livro excelente sobre ciencia de dados, recomendo muito.",0.1119
PA005683,2023-07-24 08:10:36,Semana intensa mas muito satisfatoria no trabalho.,0.0795
PA005684,2023-07-24 08:57:42,"Cuidando das plantas em casa, muito terapeutico.",0.0154
PA005685,2023-07-24 09:09:53,Aplicativo de carona funcionou perfeitamente.,0.1155
PA005686,2023-07-24 09:28:15,"Plantei temperos na sacada, que satisfacao.",0.1636
PA005687,2023-07-24 10:23:48,"Churrasco com a familia no final de semana, delicioso.",0.0941
PA005688,2023-07-24 11:18:02,"Meditacao de manha, comecando o dia muito bem.",0.0382
PA005689,2023-07-24 11:35:06,"Fui num restaurante novo, a pizza estava espetacular.",0.0899
PA005690,2023-07-24 12:17:56,"Passeio no interior no fim de semana, natureza linda.",0.1174
PA005691,2023-07-24 12:47:53,Cafe da manha caprichado: tapioca com ovo e suco de laranja.,0.0599
PA005692,2023-07-24 13:21:45,"Atendimento pessimo no banco, perdi a tarde toda.",0.0597
PA005693,2023-07-24 14:13:56,"Domingo em familia, melhor dia da semana.",0.0861
PA005694,2023-07-24 14:24:24,"Yoga pela manha, comecei o dia muito bem.",0.0865
PA005695,2023-07-24 16:04:22,"Consegui estacionamento logo de cara, dia de sorte mesmo.",0.0611
PA005696,2023-07-24 18:16:22,"Natacao de manha, melhor inicio de dia possivel.",0.0824
PA005697,2023-07-24 18:54:26,"Fui num restaurante novo, a pizza estava espetacular.",0.0103
PA005698,2023-07-24 20:04:51,"Estudando para a prova de amanha, bem concentrado.",0.054
PA005699,2023-07-24 21:18:37,"Passeio no interior no fim de semana, natureza linda.",0.1517
PA005700,2023-07-24 22:05:15,Atualizacao deixou o sistema muito mais rapido.,0.0
PA005701,2023-07-25 00:57:27,"Aprendi receita nova no youtube, ficou otimo.",0.0909
PA005702,2023-07-25 01:38:35,Aula incrivel sobre estatistica aplicada hoje.,0.0789
PA005703,2023-07-25 03:18:24,"Academia hoje, treino puxado mas valeu muito.",0.0718
PA005704,2023-07-25 04:21:32,"Pausa pro cafe com os colegas, bate-papo otimo.",0.1044
PA005705,2023-07-25 04:53:36,"Academia hoje, treino puxado mas valeu muito.",0.0408
PA005706,2023-07-25 07:37:41,"Musica nova do meu artista favorito, de outro nivel.",0.0845
PA005707,2023-07-25 08:03:24,"Domingo em familia, melhor dia da semana.",0.0557
PA005708,2023-07-25 10:49:36,Terminei o trabalho da faculdade com antecedencia.,0.1012
PA005709,2023-07-25 12:57:53,"Onibus chegou no horario hoje, que surpresa agradavel.",0.0962
PA005710,2023-07-25 13:13:22,"Viagem de fim de semana para cidade historica, valeu.",0.084
PA005711,2023-07-25 15:09:17,"O outono chegou cedo esse ano, que frio gostoso de manha.",0.2016
PA005712,2023-07-25 15:27:51,"Pipoca e serie boa na sexta, programa perfeito.",0.1195
PA005713,2023-07-25 16:41:33,Jogo novo me viciou de um jeito bom.,0.1303
PA005714,2023-07-25 17:34:25,"Sol lindo hoje, cafe na varanda foi otimo.",0.0482
PA005715,2023-07-25 18:32:21,Mais um acidente por causa de imprudencia no transito.,0.3329
PA005716,2023-07-25 18:55:39,"Passei na certificacao, muito feliz com o resultado.",0.0207
PA005717,2023-07-25 19:07:31,"Academia hoje, treino puxado mas valeu muito.",0.0835
PA005718,2023-07-25 21:19:46,"Domingo em familia, melhor dia da semana.",0.0556
PA005719,2023-07-25 21:22:18,"Churrasco com a familia no final de semana, delicioso.",0.0302
PA005720,2023-07-25 23:31:55,"Configurei o home office com setup novo, otimo.",0.1099
PA005721,2023-07-26 02:05:19,Jogo novo me viciou de um jeito bom.,0.1146
PA005722,2023-07-26 04:29:38,Pedalada de tarde com vista incrivel do parque.,0.1009
PA005723,2023-07-26 06:02:11,"Academia hoje, treino puxado mas valeu muito.",0.0418
PA005724,2023-07-26 08:41:26,"Filme otimo ontem, fui ao cinema com a familia.",0.0219
PA005725,2023-07-26 10:35:36,App de produtividade novo que encontrei e otimo.,0.186
PA005726,2023-07-26 12:48:03,Feira de artesanato gostosa de passear.,0.0976
PA005727,2023-07-26 14:31:33,"Biblioteca da universidade, ambiente otimo para estudar.",0.0636
PA005728,2023-07-26 18:06:40,Grupo de estudos foi muito produtivo hoje.,0.0871
PA005729,2023-07-26 19:54:52,"Pipoca e serie boa na sexta, programa perfeito.",0.1722
PA005730,2023-07-26 20:39:22,"Vento agradavel hoje, aproveitei para caminhar no parque.",0.0976
PA005731,2023-07-26 20:46:04,"Que frustracao, meu time perdeu mais uma vez.",0.2689
PA005732,2023-07-26 20:48:25,Que tarde relaxante lendo na rede.,0.1091
PA005733,2023-07-26 21:25:45,Que tarde relaxante lendo na rede.,0.0
PA005734,2023-07-26 21:38:25,"Estudando para a prova de amanha, bem concentrado.",0.0375
PA005735,2023-07-26 23:12:26,"Configurei o home office com setup novo, otimo.",0.0323
PA005736,2023-07-27 00:12:52,"Teatro incrivel ontem, peca muito bem dirigida.",0.0055
PA005737,2023-07-27 00:42:28,"Praia tranquila, sol perfeito, descanso total.",0.0982
PA005738,2023-07-27 01:41:33,"Plantei temperos na sacada, que satisfacao.",0.0635
PA005739,2023-07-27 03:30:36,"Meu time ganhou hoje, que jogo bonito foi.",0.12
PA005740,2023-07-27 03:52:22,Terminei o trabalho da faculdade com antecedencia.,0.1048
PA005741,2023-07-27 04:14:07,"Configurei o home office com setup novo, otimo.",0.028
PA005742,2023-07-27 05:09:37,"O outono chegou cedo esse ano, que frio gostoso de manha.",0.0712
PA005743,2023-07-27 06:30:32,"Passeio no interior no fim de semana, natureza linda.",0.0
PA005744,2023-07-27 08:36:03,"Vento agradavel hoje, aproveitei para caminhar no parque.",0.0446
PA005745,2023-07-27 09:39:33,"Sol lindo hoje, cafe na varanda foi otimo.",0.0096
PA005746,2023-07-27 10:08:07,Pedalada de tarde com vista incrivel do parque.,0.0861
PA005747,2023-07-27 10:34:33,"Dia nublado mas tranquilo, bom para estudar sem distracao.",0.16
PA005748,2023-07-27 11:08:45,"Aprendi receita nova no youtube, ficou otimo.",0.0
PA005749,2023-07-27 12:47:01,"Testei IA para ajudar com codigo, funcionou bem.",0.0903
PA005750,2023-07-27 13:13:23,"Natacao de manha, melhor inicio de dia possivel.",0.0767
PA005751,2023-07-27 13:20:46,Terminei o trabalho da faculdade com antecedencia.,0.1
PA005752,2023-07-27 13:50:16,"Acai gelado essa tarde, refrescante demais.",0.0
PA005753,2023-07-27 13:56:08,Terminei o trabalho da faculdade com antecedencia.,0.1512
PA005754,2023-07-27 14:11:52,"Teatro incrivel ontem, peca muito bem dirigida.",0.102
PA005755,2023-07-27 14:40:54,"Notebook novo chegou, que desempenho incrivel.",0.066
PA005756,2023-07-27 16:42:18,Semana intensa mas muito satisfatoria no trabalho.,0.0549
PA005757,2023-07-27 18:25:02,Caminhada ate a estacao foi otima hoje.,0.0537
PA005758,2023-07-27 18:45:11,"Domingo em familia, melhor dia da semana.",0.135
PA005759,2023-07-27 20:59:53,"Minha mae fez feijao com arroz e linguica, classico perfeito.",0.1117
PA005760,2023-07-27 21:04:26,"Tentei receita nova de bolo de cenoura, ficou fofinho.",0.1052
PA005761,2023-07-28 00:33:17,"Preco de tudo subindo e salario parado, e muita coisa.",0.0094
PA005762,2023-07-28 01:55:40,Caminhada ate a estacao foi otima hoje.,0.0684
PA005763,2023-07-28 02:08:47,Feira de artesanato gostosa de passear.,0.0
PA005764,2023-07-28 04:32:56,"Passeio no interior no fim de semana, natureza linda.",0.1313
PA005765,2023-07-28 04:47:06,Leitura no jardim com tempo agradavel.,0.1755
PA005766,2023-07-28 04:56:57,"Choveu a tarde toda, dia perfeito pra ficar em casa lendo.",0.1086
PA005767,2023-07-28 05:22:08,"Viagem de fim de semana para cidade historica, valeu.",0.1724
PA005768,2023-07-28 05:40:09,Podcast sobre tecnologia muito interessante.,0.0432
PA005769,2023-07-28 05:49:04,Nao aguento mais reclamacao sem solucao pratica.,0.9196
PA005770,2023-07-28 07:32:43,"Plantei temperos na sacada, que satisfacao.",0.032
PA005771,2023-07-28 08:20:09,Finalmente entendi aquele conceito que me travava.,0.1121
PA005772,2023-07-28 08:20:30,Grupo de estudos foi muito produtivo hoje.,0.0959
PA005773,2023-07-28 09:54:04,Pedalada de tarde com vista incrivel do parque.,0.0415
PA005774,2023-07-28 10:46:10,Que tarde relaxante lendo na rede.,0.0427
PA005775,2023-07-28 12:18:18,"Que bagunca, nada funcionando direito.",0.7355
PA005776,2023-07-28 12:35:49,"Novo celular chegou, a camera e impressionante.",0.0664
PA005777,2023-07-28 12:52:16,"Mais um dia de transito horrivel, situacao absurda.",0.5247
PA005778,2023-07-28 13:21:24,"Estudando para a prova de amanha, bem concentrado.",0.0064
PA005779,2023-07-28 13:53:18,"Fui de bike hoje, que exercicio agradavel de manha.",0.1101
PA005780,2023-07-28 15:13:44,Finalmente entendi aquele conceito que me travava.,0.055
PA005781,2023-07-28 15:16:27,Nao aguento mais essas politicas que nao funcionam.,0.4607
PA005782,2023-07-28 18:32:58,"Testei IA para ajudar com codigo, funcionou bem.",0.058
PA005783,2023-07-28 18:43:59,"Fui de bike hoje, que exercicio agradavel de manha.",0.0712
PA005784,2023-07-28 18:48:30,"Governo aumentando imposto de novo, inacreditavel.",0.7137
PA005785,2023-07-28 18:57:46,"Musica nova do meu artista favorito, de outro nivel.",0.0388
PA005786,2023-07-28 19:19:38,Podcast sobre tecnologia muito interessante.,0.1507
PA005787,2023-07-28 19:35:57,Que tarde relaxante lendo na rede.,0.0783
PA005788,2023-07-28 20:50:50,Aplicativo de carona funcionou perfeitamente.,0.0908
PA005789,2023-07-28 21:54:56,"Minha mae fez feijao com arroz e linguica, classico perfeito.",0.1189
PA005790,2023-07-28 22:01:50,App de produtividade novo que encontrei e otimo.,0.0679
PA005791,2023-07-28 22:37:35,"Novo celular chegou, a camera e impressionante.",0.1541
PA005792,2023-07-28 23:44:42,App de produtividade novo que encontrei e otimo.,0.1539
PA005793,2023-07-28 23:47:09,"Filme otimo ontem, fui ao cinema com a familia.",0.0829
PA005794,2023-07-29 00:43:07,"Metro bem tranquilo essa manha, cheguei bem.",0.0766
PA005795,2023-07-29 01:00:10,"Trilha ecologica incrivel, natureza pura.",0.063
PA005796,2023-07-29 02:15:46,"Configurei o home office com setup novo, otimo.",0.0726
PA005797,2023-07-29 03:26:23,"Academia hoje, treino puxado mas valeu muito.",0.0551
PA005798,2023-07-29 03:49:01,Semana intensa mas muito satisfatoria no trabalho.,0.0925
PA005799,2023-07-29 05:15:10,"Reencontrei um amigo antigo por acaso, que alegria.",0.0145
PA005800,2023-07-29 05:52:03,Grupo de estudos foi muito produtivo hoje.,0.0397
PA005801,2023-07-29 06:16:47,"Mais um dia de transito horrivel, situacao absurda.",0.4089
PA005802,2023-07-29 07:11:26,Podcast sobre tecnologia muito interessante.,0.0203
PA005803,2023-07-29 09:34:34,Nao consigo entender como essa situacao ainda nao mudou.,0.0579
PA005804,2023-07-29 10:07:36,"Corri 5km de manha, semana otima de treino.",0.1337
PA005805,2023-07-29 10:45:12,Tarde produtiva organizando e limpando a casa.,0.1081
PA005806,2023-07-29 11:46:16,Jantar simples mas gostoso com a familia.,0.0551
PA005807,2023-07-29 12:23:55,"Choveu a tarde toda, dia perfeito pra ficar em casa lendo.",0.0387
PA005808,2023-07-29 12:24:52,Show ao vivo incrivel no fim de semana.,0.0553
PA005809,2023-07-29 13:37:42,"Fui num restaurante novo, a pizza estava espetacular.",0.1291
PA005810,2023-07-29 14:31:13,"Meu time ganhou hoje, que jogo bonito foi.",0.0
PA005811,2023-07-29 15:40:31,"Maratonei a temporada completa, valeu cada minuto.",0.1191
PA005812,2023-07-29 15:48:29,"Fechei projeto importante essa semana, que alegria.",0.1255
PA005813,2023-07-29 16:03:02,Atualizacao deixou o sistema muito mais rapido.,0.107
PA005814,2023-07-29 17:48:36,"Configurei o home office com setup novo, otimo.",0.1097
PA005815,2023-07-29 17:55:57,"Pipoca e serie boa na sexta, programa perfeito.",0.053
PA005816,2023-07-29 18:32:06,"Acai gelado essa tarde, refrescante demais.",0.1392
PA005817,2023-07-29 18:34:06,"Fui de bike hoje, que exercicio agradavel de manha.",0.0534
PA005818,2023-07-29 19:48:17,"Atendimento pessimo no banco, perdi a tarde toda.",0.5894
PA005819,2023-07-29 20:12:01,"Academia hoje, treino puxado mas valeu muito.",0.1106
PA005820,2023-07-29 21:12:58,Brigadeiro de panela saiu incrivel hoje.,0.0533
PA005821,2023-07-29 21:29:01,Caminhada ate a estacao foi otima hoje.,0.103
PA005822,2023-07-29 22:58:46,"Sol lindo hoje, cafe na varanda foi otimo.",0.0751
PA005823,2023-07-29 23:09:58,Tarde produtiva organizando e limpando a casa.,0.0383
PA005824,2023-07-29 23:24:18,"Corri 5km de manha, semana otima de treino.",0.0674
PA005825,2023-07-30 00:28:21,"Reuniao produtiva hoje, saimos com otimas ideias.",0.0759
PA005826,2023-07-30 00:45:07,"Sopa de legumes no frio, reconfortante e gostosa.",0.1133
PA005827,2023-07-30 01:56:47,Caminhada ate a estacao foi otima hoje.,0.166
PA005828,2023-07-30 02:46:42,"Musica nova do meu artista favorito, de outro nivel.",0.1393
PA005829,2023-07-30 03:30:30,"Reencontrei um amigo antigo por acaso, que alegria.",0.1084
PA005830,2023-07-30 03:53:03,"Domingo em familia, melhor dia da semana.",0.0621
PA005831,2023-07-30 03:58:29,"Pipoca e serie boa na sexta, programa perfeito.",0.0
PA005832,2023-07-30 05:16:04,"Churrasco com a familia no final de semana, delicioso.",0.0891
PA005833,2023-07-30 05:57:22,Finalmente entendi aquele conceito que me travava.,0.0402
PA005834,2023-07-30 05:59:34,"Estrada livre, cheguei no trabalho rapido hoje.",0.1243
PA005835,2023-07-30 06:36:47,"Passeio com o cachorro no parque, ele adorou.",0.0285
PA005836,2023-07-30 06:50:48,"Yoga pela manha, comecei o dia muito bem.",0.135
PA005837,2023-07-30 07:18:49,"Metro bem tranquilo essa manha, cheguei bem.",0.1117
PA005838,2023-07-30 07:37:08,"O outono chegou cedo esse ano, que frio gostoso de manha.",0.0526
PA005839,2023-07-30 07:51:00,"Consegui estacionamento logo de cara, dia de sorte mesmo.",0.1057
PA005840,2023-07-30 09:47:18,"Que dia difícil, nada saiu como eu havia planejado.",0.4826
PA005841,2023-07-30 10:06:24,"Volei com os amigos, muita risada e diversao.",0.2006
PA005842,2023-07-30 11:24:36,Podcast sobre tecnologia muito interessante.,0.059
PA005843,2023-07-30 12:21:40,"Trilha ecologica incrivel, natureza pura.",0.1667
PA005844,2023-07-30 13:48:44,"Meditacao de manha, comecando o dia muito bem.",0.0064
PA005845,2023-07-30 14:32:40,"Testei IA para ajudar com codigo, funcionou bem.",0.1207
PA005846,2023-07-30 14:51:48,"Choveu a tarde toda, dia perfeito pra ficar em casa lendo.",0.0536
PA005847,2023-07-30 16:12:23,"Meditacao de manha, comecando o dia muito bem.",0.0041
PA005848,2023-07-30 16:45:51,"Meu time ganhou hoje, que jogo bonito foi.",0.1405
PA005849,2023-07-30 19:12:23,Feira de artesanato gostosa de passear.,0.0896
PA005850,2023-07-30 19:15:53,"Chega de promessa vazia, quero resultado de verdade.",0.6532
PA005851,2023-07-30 19:21:44,"Choveu a tarde toda, dia perfeito pra ficar em casa lendo.",0.1401
PA005852,2023-07-30 19:24:21,Aplicativo de carona funcionou perfeitamente.,0.0923
PA005853,2023-07-30 20:03:49,Grupo de estudos foi muito produtivo hoje.,0.0508
PA005854,2023-07-30 21:03:45,Aplicativo de carona funcionou perfeitamente.,0.0484
PA005855,2023-07-30 22:03:16,"Fui num restaurante novo, a pizza estava espetacular.",0.0587
PA005856,2023-07-30 22:31:12,Caminhada ate a estacao foi otima hoje.,0.0378
PA005857,2023-07-30 22:32:56,"Corri 5km de manha, semana otima de treino.",0.1098
PA005858,2023-07-30 23:33:58,"Estrada livre, cheguei no trabalho rapido hoje.",0.1183
PA005859,2023-07-30 23:49:13,"Sopa de legumes no frio, reconfortante e gostosa.",0.057
PA005860,2023-07-31 00:38:08,"Almoco incrivel hoje, fiz lasanha caseira do zero.",0.0358
PA005861,2023-07-31 00:55:21,Grupo de estudos foi muito produtivo hoje.,0.22
PA005862,2023-07-31 02:32:21,"Yoga pela manha, comecei o dia muito bem.",0.1057
PA005863,2023-07-31 02:59:36,"Passeio no interior no fim de semana, natureza linda.",0.0
PA005864,2023-07-31 04:06:20,Aplicativo de carona funcionou perfeitamente.,0.0
PA005865,2023-07-31 05:55:20,Aplicativo travou bem na hora da reuniao importante.,0.7897
PA005866,2023-07-31 06:24:48,"Vento agradavel hoje, aproveitei para caminhar no parque.",0.0999
PA005867,2023-07-31 06:28:40,"Dia nublado mas tranquilo, bom para estudar sem distracao.",0.0963
PA005868,2023-07-31 07:24:31,"Que calor hoje, tive que ligar o ar condicionado logo cedo.",0.1124
PA005869,2023-07-31 08:27:01,"Configurei o home office com setup novo, otimo.",0.0665
PA005870,2023-07-31 08:39:20,"Yoga pela manha, comecei o dia muito bem.",0.0412
PA005871,2023-07-31 09:57:25,Atualizacao deixou o sistema muito mais rapido.,0.1522
PA005872,2023-07-31 10:15:14,Que tarde relaxante lendo na rede.,0.0914
PA005873,2023-07-31 10:16:53,"Natacao de manha, melhor inicio de dia possivel.",0.0313
PA005874,2023-07-31 11:04:28,"Trilha ecologica incrivel, natureza pura.",0.0541
PA005875,2023-07-31 11:29:37,Feira de artesanato gostosa de passear.,0.0227
PA005876,2023-07-31 12:00:26,"Servico publico uma vergonha, esperei horas na fila.",0.6897
PA005877,2023-07-31 13:09:59,Aula incrivel sobre estatistica aplicada hoje.,0.1574
PA005878,2023-07-31 15:34:29,"Meditacao de manha, comecando o dia muito bem.",0.1868
PA005879,2023-07-31 15:59:43,Podcast sobre tecnologia muito interessante.,0.0523
PA005880,2023-07-31 16:57:17,"Domingo em familia, melhor dia da semana.",0.0566
PA005881,2023-07-31 17:50:59,"Sol lindo hoje, cafe na varanda foi otimo.",0.024
PA005882,2023-07-31 18:38:33,"Corri 5km de manha, semana otima de treino.",0.0626
PA005883,2023-07-31 22:02:58,"Onibus chegou no horario hoje, que surpresa agradavel.",0.0852
PA005884,2023-08-01 00:07:53,Aplicativo de carona funcionou perfeitamente.,0.0989
PA005885,2023-08-01 02:22:27,Aplicativo de carona funcionou perfeitamente.,0.0522
PA005886,2023-08-01 04:56:50,"Viagem de fim de semana para cidade historica, valeu.",0.0333
PA005887,2023-08-01 06:16:20,"Volei com os amigos, muita risada e diversao.",0.0772
PA005888,2023-08-01 06:48:52,"Meu time ganhou hoje, que jogo bonito foi.",0.2094
PA005889,2023-08-01 07:03:21,"Yoga pela manha, comecei o dia muito bem.",0.1415
PA005890,2023-08-01 09:47:40,"Consegui estacionamento logo de cara, dia de sorte mesmo.",0.0811
PA005891,2023-08-01 11:14:05,"Trilha ecologica incrivel, natureza pura.",0.0063
PA005892,2023-08-01 11:16:16,"Saturado desse emprego, preciso mudar de vida.",0.1313
PA005893,2023-08-01 12:33:57,"Passeio com o cachorro no parque, ele adorou.",0.0564
PA005894,2023-08-01 13:03:45,"Livro excelente sobre ciencia de dados, recomendo muito.",0.0816
PA005895,2023-08-01 17:12:29,Terminei o trabalho da faculdade com antecedencia.,0.0
PA005896,2023-08-01 18:39:00,"Onibus chegou no horario hoje, que surpresa agradavel.",0.0594
PA005897,2023-08-01 19:25:45,"Fui de bike hoje, que exercicio agradavel de manha.",0.0
PA005898,2023-08-01 20:23:11,Finalmente entendi aquele conceito que me travava.,0.105
PA005899,2023-08-01 21:19:53,Semana intensa mas muito satisfatoria no trabalho.,0.0597
PA005900,2023-08-01 21:29:18,"Tentei receita nova de bolo de cenoura, ficou fofinho.",0.0225
PA005901,2023-08-01 21:37:42,"Reuniao produtiva hoje, saimos com otimas ideias.",0.1687
PA005902,2023-08-01 23:30:17,Cansado desse sistema publico que nao funciona.,0.9771
PA005903,2023-08-01 23:33:55,"Corri 5km de manha, semana otima de treino.",0.102
PA005904,2023-08-02 00:41:10,Finalmente entendi aquele conceito que me travava.,0.0515
PA005905,2023-08-02 01:11:10,Semana intensa mas muito satisfatoria no trabalho.,0.017
PA005906,2023-08-02 03:04:45,"Chega de promessa vazia, quero resultado de verdade.",0.3743
PA005907,2023-08-02 03:25:12,Grupo de estudos foi muito produtivo hoje.,0.0914
PA005908,2023-08-02 03:34:08,"O outono chegou cedo esse ano, que frio gostoso de manha.",0.1246
PA005909,2023-08-02 04:08:12,"Chuva passageira a tarde, depois o tempo abriu lindo.",0.0063
PA005910,2023-08-02 04:13:54,Que tarde relaxante lendo na rede.,0.0391
PA005911,2023-08-02 04:36:40,"O outono chegou cedo esse ano, que frio gostoso de manha.",0.1609
PA005912,2023-08-02 06:46:27,"Museu da cidade muito interessante, aprendi bastante.",0.1894
PA005913,2023-08-02 07:41:26,"Trilha ecologica incrivel, natureza pura.",0.1593
PA005914,2023-08-02 09:51:24,Finalmente entendi aquele conceito que me travava.,0.0437
PA005915,2023-08-02 09:52:12,Podcast sobre tecnologia muito interessante.,0.1308
PA005916,2023-08-02 11:20:52,"Viagem de fim de semana para cidade historica, valeu.",0.0725
PA005917,2023-08-02 11:22:46,"Passeio no interior no fim de semana, natureza linda.",0.0
PA005918,2023-08-02 13:54:40,"Natacao de manha, melhor inicio de dia possivel.",0.0
PA005919,2023-08-02 14:42:54,Jantar simples mas gostoso com a familia.,0.122
PA005920,2023-08-02 14:55:10,"Reencontrei um amigo antigo por acaso, que alegria.",0.0881
PA005921,2023-08-02 15:03:25,"Musica nova do meu artista favorito, de outro nivel.",0.1033
PA005922,2023-08-02 15:40:14,"Passeio com o cachorro no parque, ele adorou.",0.0406
PA005923,2023-08-02 16:17:46,"Plantei temperos na sacada, que satisfacao.",0.0742
PA005924,2023-08-02 18:24:59,"Serie nova incrivel, amei o primeiro episodio.",0.0787
PA005925,2023-08-02 18:27:01,"Passeio com o cachorro no parque, ele adorou.",0.0279
PA005926,2023-08-02 18:36:07,"Meu time ganhou hoje, que jogo bonito foi.",0.0995
PA005927,2023-08-02 20:01:36,"Consegui estacionamento logo de cara, dia de sorte mesmo.",0.0896
PA005928,2023-08-02 22:19:01,"Testei IA para ajudar com codigo, funcionou bem.",0.1289
PA005929,2023-08-02 23:08:33,App de produtividade novo que encontrei e otimo.,0.1325
PA005930,2023-08-02 23:17:26,"Sopa de legumes no frio, reconfortante e gostosa.",0.1064
PA005931,2023-08-02 23:17:57,Terminei o trabalho da faculdade com antecedencia.,0.0302
PA005932,2023-08-02 23:46:56,"Passeio no interior no fim de semana, natureza linda.",0.094
PA005933,2023-08-03 00:19:11,"Aprendi receita nova no youtube, ficou otimo.",0.0537
PA005934,2023-08-03 00:23:10,"Corri 5km de manha, semana otima de treino.",0.0477
PA005935,2023-08-03 03:41:59,"Fui de bike hoje, que exercicio agradavel de manha.",0.1123
PA005936,2023-08-03 03:52:01,"Yoga pela manha, comecei o dia muito bem.",0.0215
PA005937,2023-08-03 07:11:14,Grupo de estudos foi muito produtivo hoje.,0.1351
PA005938,2023-08-03 08:16:50,"Estudando para a prova de amanha, bem concentrado.",0.1329
PA005939,2023-08-03 09:10:32,"Fechei projeto importante essa semana, que alegria.",0.062
PA005940,2023-08-03 11:47:54,"Viagem de fim de semana para cidade historica, valeu.",0.0736
PA005941,2023-08-03 12:05:13,"Que calor hoje, tive que ligar o ar condicionado logo cedo.",0.1342
PA005942,2023-08-03 12:48:45,"Estudando para a prova de amanha, bem concentrado.",0.0508
PA005943,2023-08-03 13:25:58,"Museu da cidade muito interessante, aprendi bastante.",0.149
PA005944,2023-08-03 13:56:45,Caminhada ate a estacao foi otima hoje.,0.014
PA005945,2023-08-03 14:19:20,"Teatro incrivel ontem, peca muito bem dirigida.",0.1423
PA005946,2023-08-03 14:21:55,"Teatro incrivel ontem, peca muito bem dirigida.",0.1159
PA005947,2023-08-03 14:59:14,"Serie nova incrivel, amei o primeiro episodio.",0.0804
PA005948,2023-08-03 15:33:25,"Trilha ecologica incrivel, natureza pura.",0.0588
PA005949,2023-08-03 16:33:43,Aula incrivel sobre estatistica aplicada hoje.,0.0894
PA005950,2023-08-03 16:52:09,"Pipoca e serie boa na sexta, programa perfeito.",0.0903
PA005951,2023-08-03 20:55:14,"Estrada livre, cheguei no trabalho rapido hoje.",0.0276
PA005952,2023-08-03 21:23:01,"Pipoca e serie boa na sexta, programa perfeito.",0.0788
PA005953,2023-08-03 23:14:59,"Que calor hoje, tive que ligar o ar condicionado logo cedo.",0.1023
PA005954,2023-08-03 23:49:42,"Minha mae fez feijao com arroz e linguica, classico perfeito.",0.1112
PA005955,2023-08-04 00:26:55,"Musica nova do meu artista favorito, de outro nivel.",0.0307
PA005956,2023-08-04 00:28:19,Leitura no jardim com tempo agradavel.,0.0517
PA005957,2023-08-04 00:40:30,"Dia completamente perdido, muita raiva acumulada.",0.142
PA005958,2023-08-04 01:02:22,"Biblioteca da universidade, ambiente otimo para estudar.",0.0466
PA005959,2023-08-04 04:00:42,Politico corrupto aparecendo na midia de novo.,0.8522
PA005960,2023-08-04 04:19:14,"Novo celular chegou, a camera e impressionante.",0.0247
PA005961,2023-08-04 04:33:29,"Acai gelado essa tarde, refrescante demais.",0.0826
PA005962,2023-08-04 04:39:38,App de produtividade novo que encontrei e otimo.,0.0614
PA005963,2023-08-04 05:05:23,App de produtividade novo que encontrei e otimo.,0.0856
PA005964,2023-08-04 06:02:59,Semana intensa mas muito satisfatoria no trabalho.,0.0129
PA005965,2023-08-04 08:33:25,"Filme otimo ontem, fui ao cinema com a familia.",0.0926
PA005966,2023-08-04 09:03:47,"Livro excelente sobre ciencia de dados, recomendo muito.",0.1158
PA005967,2023-08-04 10:22:40,"Notebook novo chegou, que desempenho incrivel.",0.0676
PA005968,2023-08-04 10:58:56,Cafe da manha caprichado: tapioca com ovo e suco de laranja.,0.0497
PA005969,2023-08-04 15:28:38,"Churrasco com a familia no final de semana, delicioso.",0.0875
PA005970,2023-08-04 15:51:43,"Meu time ganhou hoje, que jogo bonito foi.",0.1145
PA005971,2023-08-04 16:47:27,Atualizacao deixou o sistema muito mais rapido.,0.0868
PA005972,2023-08-04 17:49:27,"Fui de bike hoje, que exercicio agradavel de manha.",0.0459
PA005973,2023-08-04 17:51:06,"Configurei o home office com setup novo, otimo.",0.0406
PA005974,2023-08-04 18:12:22,"Cuidando das plantas em casa, muito terapeutico.",0.0594
PA005975,2023-08-04 18:37:24,"Notebook novo chegou, que desempenho incrivel.",0.0388
PA005976,2023-08-04 18:48:27,"Yoga pela manha, comecei o dia muito bem.",0.0584
PA005977,2023-08-04 19:05:50,"Tentei receita nova de bolo de cenoura, ficou fofinho.",0.0829
PA005978,2023-08-04 19:35:12,Jogo novo me viciou de um jeito bom.,0.1785
PA005979,2023-08-04 21:07:30,"Teatro incrivel ontem, peca muito bem dirigida.",0.1057
PA005980,2023-08-04 21:27:12,"Metro bem tranquilo essa manha, cheguei bem.",0.1147
PA005981,2023-08-04 23:46:25,"Estrada livre, cheguei no trabalho rapido hoje.",0.1191
PA005982,2023-08-04 23:52:58,"Maratonei a temporada completa, valeu cada minuto.",0.0735
PA005983,2023-08-05 00:24:40,"Plantei temperos na sacada, que satisfacao.",0.0353
PA005984,2023-08-05 03:16:26,"Serie nova incrivel, amei o primeiro episodio.",0.1524
PA005985,2023-08-05 04:08:25,"Onibus chegou no horario hoje, que surpresa agradavel.",0.1023
PA005986,2023-08-05 04:44:13,Pedalada de tarde com vista incrivel do parque.,0.0178
PA005987,2023-08-05 05:04:02,Semana intensa mas muito satisfatoria no trabalho.,0.081
PA005988,2023-08-05 05:12:05,"Livro excelente sobre ciencia de dados, recomendo muito.",0.1152
PA005989,2023-08-05 05:50:25,"Filme otimo ontem, fui ao cinema com a familia.",0.017
PA005990,2023-08-05 06:30:22,"Yoga pela manha, comecei o dia muito bem.",0.1784
PA005991,2023-08-05 06:37:29,Aplicativo de carona funcionou perfeitamente.,0.1283
PA005992,2023-08-05 06:57:21,"O outono chegou cedo esse ano, que frio gostoso de manha.",0.0011
PA005993,2023-08-05 07:31:50,Politico corrupto aparecendo na midia de novo.,0.4851
PA005994,2023-08-05 08:07:45,Grupo de estudos foi muito produtivo hoje.,0.1524
PA005995,2023-08-05 08:36:08,"Reuniao produtiva hoje, saimos com otimas ideias.",0.1193
PA005996,2023-08-05 09:01:28,Semana intensa mas muito satisfatoria no trabalho.,0.0924
PA005997,2023-08-05 09:23:58,"Biblioteca da universidade, ambiente otimo para estudar.",0.0351
PA005998,2023-08-05 10:59:30,"Filme otimo ontem, fui ao cinema com a familia.",0.1425
PA005999,2023-08-05 11:51:03,"Yoga pela manha, comecei o dia muito bem.",0.0315
PA006000,2023-08-05 12:02:07,"Notebook novo chegou, que desempenho incrivel.",0.0902
PA006001,2023-08-05 12:23:26,"Sol lindo hoje, cafe na varanda foi otimo.",0.0836
PA006002,2023-08-05 13:53:47,Podcast sobre tecnologia muito interessante.,0.0543
PA006003,2023-08-05 15:08:37,"Teatro incrivel ontem, peca muito bem dirigida.",0.0411
PA006004,2023-08-05 15:41:14,"Corri 5km de manha, semana otima de treino.",0.0575
PA006005,2023-08-05 17:15:12,"Reuniao produtiva hoje, saimos com otimas ideias.",0.0161
PA006006,2023-08-05 19:43:23,"Cuidando das plantas em casa, muito terapeutico.",0.0836
PA006007,2023-08-05 20:41:28,"Serie nova incrivel, amei o primeiro episodio.",0.1391
PA006008,2023-08-05 22:08:20,"Trilha ecologica incrivel, natureza pura.",0.0
PA006009,2023-08-05 23:36:38,"Fui de bike hoje, que exercicio agradavel de manha.",0.058
PA006010,2023-08-05 23:58:25,"Que calor hoje, tive que ligar o ar condicionado logo cedo.",0.0
PA006011,2023-08-06 00:23:07,"Que calor hoje, tive que ligar o ar condicionado logo cedo.",0.1444
PA006012,2023-08-06 00:29:09,"Teatro incrivel ontem, peca muito bem dirigida.",0.0288
PA006013,2023-08-06 00:40:07,Leitura no jardim com tempo agradavel.,0.0905
PA006014,2023-08-06 00:55:58,"Passeio no interior no fim de semana, natureza linda.",0.1137
PA006015,2023-08-06 01:24:26,"Sol lindo hoje, cafe na varanda foi otimo.",0.1182
PA006016,2023-08-06 03:04:39,"Testei IA para ajudar com codigo, funcionou bem.",0.0411
PA006017,2023-08-06 03:26:46,"Museu da cidade muito interessante, aprendi bastante.",0.0799
PA006018,2023-08-06 04:40:35,Jogo novo me viciou de um jeito bom.,0.0701
PA006019,2023-08-06 05:02:11,Podcast sobre tecnologia muito interessante.,0.0159
PA006020,2023-08-06 05:15:54,Show ao vivo incrivel no fim de semana.,0.1457
PA006021,2023-08-06 05:18:38,"Home office com cafe fresquinho do lado, otimo.",0.0387
PA006022,2023-08-06 05:30:05,"Musica nova do meu artista favorito, de outro nivel.",0.0262
PA006023,2023-08-06 06:33:03,"Apresentacao correu muito bem, todos gostaram.",0.0642
PA006024,2023-08-06 07:34:48,"Trilha ecologica incrivel, natureza pura.",0.1397
PA006025,2023-08-06 08:15:50,"Que calor hoje, tive que ligar o ar condicionado logo cedo.",0.0997
PA006026,2023-08-06 08:36:13,"Biblioteca da universidade, ambiente otimo para estudar.",0.1736
PA006027,2023-08-06 10:19:55,"Sol lindo hoje, cafe na varanda foi otimo.",0.0155
PA006028,2023-08-06 12:20:21,"Churrasco com a familia no final de semana, delicioso.",0.0338
PA006029,2023-08-06 13:57:20,"Reencontrei um amigo antigo por acaso, que alegria.",0.0591
PA006030,2023-08-06 13:58:00,Pacote atrasado pelos correios pela terceira vez.,0.6279
PA006031,2023-08-06 14:01:28,"Choveu a tarde toda, dia perfeito pra ficar em casa lendo.",0.0668
PA006032,2023-08-06 14:06:30,Aula incrivel sobre estatistica aplicada hoje.,0.1681
PA006033,2023-08-06 14:52:56,"Fui de bike hoje, que exercicio agradavel de manha.",0.121
PA006034,2023-08-06 15:17:30,Grupo de estudos foi muito produtivo hoje.,0.1766
PA006035,2023-08-06 15:20:03,"Meu time ganhou hoje, que jogo bonito foi.",0.0932
PA006036,2023-08-06 15:23:54,Que tarde relaxante lendo na rede.,0.012
PA006037,2023-08-06 16:55:02,Jogo novo me viciou de um jeito bom.,0.059
PA006038,2023-08-06 17:00:33,"Aprendi receita nova no youtube, ficou otimo.",0.1794
PA006039,2023-08-06 17:10:17,"Passeio no interior no fim de semana, natureza linda.",0.1239
PA006040,2023-08-06 17:46:43,"Meditacao de manha, comecando o dia muito bem.",0.0992
PA006041,2023-08-06 19:29:30,Mais um acidente por causa de imprudencia no transito.,0.9619
PA006042,2023-08-06 19:39:29,"Passeio com o cachorro no parque, ele adorou.",0.1363
PA006043,2023-08-06 19:54:52,Jogo novo me viciou de um jeito bom.,0.0771
PA006044,2023-08-06 20:37:10,Finalmente entendi aquele conceito que me travava.,0.1119
PA006045,2023-08-06 20:42:54,"Praia tranquila, sol perfeito, descanso total.",0.1063
PA006046,2023-08-06 21:24:49,Atualizacao deixou o sistema muito mais rapido.,0.0216
PA006047,2023-08-06 22:48:17,"Fui num restaurante novo, a pizza estava espetacular.",0.1358
PA006048,2023-08-06 23:17:53,"Plantei temperos na sacada, que satisfacao.",0.0722
PA006049,2023-08-07 00:40:06,"Pausa pro cafe com os colegas, bate-papo otimo.",0.1764
PA006050,2023-08-07 00:52:33,"Sol lindo hoje, cafe na varanda foi otimo.",0.0804
PA006051,2023-08-07 01:14:42,"Configurei o home office com setup novo, otimo.",0.0649
PA006052,2023-08-07 02:52:33,"Metro bem tranquilo essa manha, cheguei bem.",0.0289
PA006053,2023-08-07 02:57:14,"Pausa pro cafe com os colegas, bate-papo otimo.",0.0917
PA006054,2023-08-07 04:36:50,Caminhada ate a estacao foi otima hoje.,0.0889
PA006055,2023-08-07 04:44:35,"Minha mae fez feijao com arroz e linguica, classico perfeito.",0.0476
PA006056,2023-08-07 05:25:50,"Vento agradavel hoje, aproveitei para caminhar no parque.",0.0909
PA006057,2023-08-07 05:54:49,"Academia hoje, treino puxado mas valeu muito.",0.1151
PA006058,2023-08-07 06:55:33,"Serie nova incrivel, amei o primeiro episodio.",0.1101
PA006059,2023-08-07 07:47:43,"Academia hoje, treino puxado mas valeu muito.",0.22
PA006060,2023-08-07 09:39:40,Grupo de estudos foi muito produtivo hoje.,0.1316
PA006061,2023-08-07 10:00:58,"Trilha ecologica incrivel, natureza pura.",0.0704
PA006062,2023-08-07 14:48:06,"Natacao de manha, melhor inicio de dia possivel.",0.0138
PA006063,2023-08-07 16:04:39,Que tarde relaxante lendo na rede.,0.1559
PA006064,2023-08-07 16:20:32,"Praia tranquila, sol perfeito, descanso total.",0.1103
PA006065,2023-08-07 16:54:10,"Reencontrei um amigo antigo por acaso, que alegria.",0.1241
PA006066,2023-08-07 17:08:50,Que manha fresca e agradavel para uma caminhada.,0.0658
PA006067,2023-08-07 17:29:57,"Passei na certificacao, muito feliz com o resultado.",0.0885
PA006068,2023-08-07 17:42:48,"Meu time ganhou hoje, que jogo bonito foi.",0.0975
PA006069,2023-08-07 20:14:24,Burocracia excessiva impossibilitando qualquer coisa.,0.0941
PA006070,2023-08-07 21:58:34,Pedalada de tarde com vista incrivel do parque.,0.0077
PA006071,2023-08-07 22:13:32,Pedalada de tarde com vista incrivel do parque.,0.0691
PA006072,2023-08-07 22:50:26,"Passeio no interior no fim de semana, natureza linda.",0.0
PA006073,2023-08-07 22:55:09,Caminhada ate a estacao foi otima hoje.,0.1306
PA006074,2023-08-07 23:47:27,"Pausa pro cafe com os colegas, bate-papo otimo.",0.0
PA006075,2023-08-08 01:51:03,"Reuniao produtiva hoje, saimos com otimas ideias.",0.0478
PA006076,2023-08-08 02:18:10,"Padaria da esquina lancou sabor novo, recomendo.",0.0756
PA006077,2023-08-08 03:05:23,"Livro excelente sobre ciencia de dados, recomendo muito.",0.2131
PA006078,2023-08-08 03:33:44,"Testei IA para ajudar com codigo, funcionou bem.",0.1085
PA006079,2023-08-08 04:27:50,Podcast sobre tecnologia muito interessante.,0.1405
PA006080,2023-08-08 04:33:45,"Trilha ecologica incrivel, natureza pura.",0.0794
PA006081,2023-08-08 04:36:22,"Internet caindo toda hora, impossivel trabalhar assim.",0.7036
PA006082,2023-08-08 05:11:22,"Tentei receita nova de bolo de cenoura, ficou fofinho.",0.1245
PA006083,2023-08-08 05:17:52,"Apresentacao correu muito bem, todos gostaram.",0.037
PA006084,2023-08-08 05:55:42,"Padaria da esquina lancou sabor novo, recomendo.",0.1423
PA006085,2023-08-08 06:12:40,"Servico contratado nao foi entregue no prazo, absurdo.",0.0347
PA006086,2023-08-08 07:50:31,"Sol lindo hoje, cafe na varanda foi otimo.",0.092
PA006087,2023-08-08 08:27:55,"Dia nublado mas tranquilo, bom para estudar sem distracao.",0.0742
PA006088,2023-08-08 08:36:50,Que tarde relaxante lendo na rede.,0.0967
PA006089,2023-08-08 08:48:57,Atualizacao deixou o sistema muito mais rapido.,0.0819
PA006090,2023-08-08 09:23:29,Aplicativo de carona funcionou perfeitamente.,0.0239
PA006091,2023-08-08 10:33:36,"Minha mae fez feijao com arroz e linguica, classico perfeito.",0.1056
PA006092,2023-08-08 10:52:07,Barulho da rua me deixou irritado o dia todo.,0.529
PA006093,2023-08-08 11:28:00,"Meu time ganhou hoje, que jogo bonito foi.",0.0876
PA006094,2023-08-08 11:56:09,App de produtividade novo que encontrei e otimo.,0.0677
PA006095,2023-08-08 17:32:03,"O outono chegou cedo esse ano, que frio gostoso de manha.",0.0043
PA006096,2023-08-08 18:00:20,"Novo celular chegou, a camera e impressionante.",0.1287
PA006097,2023-08-08 18:13:11,"Almoco incrivel hoje, fiz lasanha caseira do zero.",0.1088
PA006098,2023-08-08 18:44:46,"Testei IA para ajudar com codigo, funcionou bem.",0.1203
PA006099,2023-08-08 18:45:25,"Churrasco com a familia no final de semana, delicioso.",0.1853
PA006100,2023-08-08 19:46:12,"Configurei o home office com setup novo, otimo.",0.1389
PA006101,2023-08-08 21:04:25,Caminhada ate a estacao foi otima hoje.,0.043
PA006102,2023-08-08 21:19:35,Pedalada de tarde com vista incrivel do parque.,0.0413
PA006103,2023-08-08 21:42:36,Aplicativo de carona funcionou perfeitamente.,0.0864
PA006104,2023-08-08 22:16:32,"Passei na certificacao, muito feliz com o resultado.",0.0589
PA006105,2023-08-08 22:37:17,Tarde produtiva organizando e limpando a casa.,0.0548
PA006106,2023-08-09 00:53:43,Terminei o trabalho da faculdade com antecedencia.,0.0151
PA006107,2023-08-09 02:07:21,"Aprendi receita nova no youtube, ficou otimo.",0.0397
PA006108,2023-08-09 02:50:32,"Dia nublado mas tranquilo, bom para estudar sem distracao.",0.0591
PA006109,2023-08-09 02:58:17,"Tarefa dificil concluida com sucesso, que satisfacao.",0.1041
PA006110,2023-08-09 03:05:20,"Passei na certificacao, muito feliz com o resultado.",0.16
PA006111,2023-08-09 03:27:35,"Minha mae fez feijao com arroz e linguica, classico perfeito.",0.0941
PA006112,2023-08-09 04:34:17,"Que calor hoje, tive que ligar o ar condicionado logo cedo.",0.1281
PA006113,2023-08-09 05:50:20,"Testei IA para ajudar com codigo, funcionou bem.",0.1518
PA006114,2023-08-09 06:30:07,Nao acredito mais nessa politica que nao resolve.,0.0802
PA006115,2023-08-09 07:25:10,"Sopa de legumes no frio, reconfortante e gostosa.",0.0637
PA006116,2023-08-09 07:56:09,"Notebook novo chegou, que desempenho incrivel.",0.1174
PA006117,2023-08-09 08:23:44,Atualizacao deixou o sistema muito mais rapido.,0.1094
PA006118,2023-08-09 09:47:56,"Tarefa dificil concluida com sucesso, que satisfacao.",0.1027
PA006119,2023-08-09 10:11:40,"Acai gelado essa tarde, refrescante demais.",0.0319
PA006120,2023-08-09 10:21:40,"Reuniao produtiva hoje, saimos com otimas ideias.",0.1188
PA006121,2023-08-09 10:37:21,"Que bagunca, nada funcionando direito.",0.4654
PA006122,2023-08-09 11:04:19,"Aprendi receita nova no youtube, ficou otimo.",0.0941
PA006123,2023-08-09 11:29:11,"Minha mae fez feijao com arroz e linguica, classico perfeito.",0.1059
PA006124,2023-08-09 11:42:21,"Tentei receita nova de bolo de cenoura, ficou fofinho.",0.1513
PA006125,2023-08-09 13:49:24,Aplicativo de carona funcionou perfeitamente.,0.0063
PA006126,2023-08-09 14:25:00,"Fui de bike hoje, que exercicio agradavel de manha.",0.132
PA006127,2023-08-09 15:08:37,"Trilha ecologica incrivel, natureza pura.",0.0915
PA006128,2023-08-09 16:43:49,Aplicativo de carona funcionou perfeitamente.,0.0
PA006129,2023-08-09 17:49:51,Pedalada de tarde com vista incrivel do parque.,0.0
PA006130,2023-08-09 20:19:21,"Meditacao de manha, comecando o dia muito bem.",0.1544
PA006131,2023-08-09 20:32:41,"Natacao de manha, melhor inicio de dia possivel.",0.1004
PA006132,2023-08-09 20:58:58,"Configurei o home office com setup novo, otimo.",0.1442
PA006133,2023-08-09 22:34:57,"Trilha ecologica incrivel, natureza pura.",0.0315
PA006134,2023-08-09 22:58:21,"Choveu a tarde toda, dia perfeito pra ficar em casa lendo.",0.0947
PA006135,2023-08-10 00:00:56,"O outono chegou cedo esse ano, que frio gostoso de manha.",0.1363
PA006136,2023-08-10 00:01:26,App de produtividade novo que encontrei e otimo.,0.15
PA006137,2023-08-10 01:19:05,"Filme otimo ontem, fui ao cinema com a familia.",0.0675
PA006138,2023-08-10 01:28:34,"Praia tranquila, sol perfeito, descanso total.",0.0929
PA006139,2023-08-10 02:28:45,"Viagem de fim de semana para cidade historica, valeu.",0.0906
PA006140,2023-08-10 02:28:54,"Pipoca e serie boa na sexta, programa perfeito.",0.0341
PA006141,2023-08-10 02:55:34,"Testei IA para ajudar com codigo, funcionou bem.",0.1023
PA006142,2023-08-10 03:03:12,"Que bagunca, nada funcionando direito.",0.0038
PA006143,2023-08-10 03:05:55,Cafe da manha caprichado: tapioca com ovo e suco de laranja.,0.057
PA006144,2023-08-10 05:46:04,"Serie nova incrivel, amei o primeiro episodio.",0.0423
PA006145,2023-08-10 06:57:35,"Biblioteca da universidade, ambiente otimo para estudar.",0.0102
PA006146,2023-08-10 06:59:27,"Testei IA para ajudar com codigo, funcionou bem.",0.0294
PA006147,2023-08-10 07:35:57,"Passeio no interior no fim de semana, natureza linda.",0.0946
PA006148,2023-08-10 08:33:24,"Home office com cafe fresquinho do lado, otimo.",0.092
PA006149,2023-08-10 08:53:55,"Musica nova do meu artista favorito, de outro nivel.",0.0165
PA006150,2023-08-10 09:57:17,Finalmente entendi aquele conceito que me travava.,0.0
PA006151,2023-08-10 10:40:55,Aplicativo de carona funcionou perfeitamente.,0.1698
PA006152,2023-08-10 11:57:00,"Meditacao de manha, comecando o dia muito bem.",0.0
PA006153,2023-08-10 11:58:00,"Novo celular chegou, a camera e impressionante.",0.0513
PA006154,2023-08-10 12:06:37,"Testei IA para ajudar com codigo, funcionou bem.",0.0484
PA006155,2023-08-10 12:27:17,"Maratonei a temporada completa, valeu cada minuto.",0.0857
PA006156,2023-08-10 13:11:04,"Dia nublado mas tranquilo, bom para estudar sem distracao.",0.1275
PA006157,2023-08-10 13:35:50,"Meu time ganhou hoje, que jogo bonito foi.",0.1688
PA006158,2023-08-10 14:30:50,"Cuidando das plantas em casa, muito terapeutico.",0.1244
PA006159,2023-08-10 17:05:54,"Chuva passageira a tarde, depois o tempo abriu lindo.",0.1055
PA006160,2023-08-10 17:06:17,"Sol lindo hoje, cafe na varanda foi otimo.",0.0
PA006161,2023-08-10 17:22:16,"O outono chegou cedo esse ano, que frio gostoso de manha.",0.0
PA006162,2023-08-10 17:41:01,App de produtividade novo que encontrei e otimo.,0.0999
PA006163,2023-08-10 18:15:40,Jogo novo me viciou de um jeito bom.,0.105
PA006164,2023-08-10 18:33:49,"Choveu a tarde toda, dia perfeito pra ficar em casa lendo.",0.1459
PA006165,2023-08-10 19:46:31,"Acai gelado essa tarde, refrescante demais.",0.0998
PA006166,2023-08-10 20:32:08,Podcast sobre tecnologia muito interessante.,0.2012
PA006167,2023-08-10 21:11:01,Brigadeiro de panela saiu incrivel hoje.,0.0376
PA006168,2023-08-10 21:49:37,Que manha fresca e agradavel para uma caminhada.,0.0407
PA006169,2023-08-10 22:20:56,Feira de artesanato gostosa de passear.,0.1181
PA006170,2023-08-10 23:08:33,"Maratonei a temporada completa, valeu cada minuto.",0.1156
PA006171,2023-08-11 01:10:29,"Yoga pela manha, comecei o dia muito bem.",0.0
PA006172,2023-08-11 01:59:05,"Reencontrei um amigo antigo por acaso, que alegria.",0.1151
PA006173,2023-08-11 03:11:45,"Natacao de manha, melhor inicio de dia possivel.",0.1186
PA006174,2023-08-11 05:06:52,"Serie nova incrivel, amei o primeiro episodio.",0.0831
PA006175,2023-08-11 07:13:48,Finalmente entendi aquele conceito que me travava.,0.1411
PA006176,2023-08-11 08:46:54,"Chuva passageira a tarde, depois o tempo abriu lindo.",0.1051
PA006177,2023-08-11 09:24:49,"Vento agradavel hoje, aproveitei para caminhar no parque.",0.1094
PA006178,2023-08-11 09:44:11,"Cuidando das plantas em casa, muito terapeutico.",0.1062
PA006179,2023-08-11 09:49:03,"Aprendi receita nova no youtube, ficou otimo.",0.0576
PA006180,2023-08-11 11:03:05,"Biblioteca da universidade, ambiente otimo para estudar.",0.0826
PA006181,2023-08-11 12:12:22,"Pipoca e serie boa na sexta, programa perfeito.",0.1341
PA006182,2023-08-11 12:43:07,"Onibus chegou no horario hoje, que surpresa agradavel.",0.0832
PA006183,2023-08-11 16:53:33,"Vento agradavel hoje, aproveitei para caminhar no parque.",0.1329
PA006184,2023-08-11 17:33:48,Caminhada ate a estacao foi otima hoje.,0.0593
PA006185,2023-08-11 18:18:52,"Viagem de fim de semana para cidade historica, valeu.",0.0669
PA006186,2023-08-11 19:21:21,"Aprendi receita nova no youtube, ficou otimo.",0.0929
PA006187,2023-08-11 19:37:37,Que tarde relaxante lendo na rede.,0.1328
PA006188,2023-08-11 20:00:58,"Estudando para a prova de amanha, bem concentrado.",0.1187
PA006189,2023-08-11 20:22:27,"Testei IA para ajudar com codigo, funcionou bem.",0.1475
PA006190,2023-08-11 20:52:36,"Notebook novo chegou, que desempenho incrivel.",0.0484
PA006191,2023-08-11 21:53:21,"Fui de bike hoje, que exercicio agradavel de manha.",0.1015
PA006192,2023-08-12 00:11:38,"Tentei receita nova de bolo de cenoura, ficou fofinho.",0.0837
PA006193,2023-08-12 01:01:41,"Corri 5km de manha, semana otima de treino.",0.0841
PA006194,2023-08-12 01:27:18,"Configurei o home office com setup novo, otimo.",0.0335
PA006195,2023-08-12 05:44:54,"Estudando para a prova de amanha, bem concentrado.",0.0
PA006196,2023-08-12 06:26:31,"Museu da cidade muito interessante, aprendi bastante.",0.0526
PA006197,2023-08-12 08:15:51,"Corri 5km de manha, semana otima de treino.",0.0394
PA006198,2023-08-12 08:25:54,"Aprendi receita nova no youtube, ficou otimo.",0.1135
PA006199,2023-08-12 11:14:55,"Biblioteca da universidade, ambiente otimo para estudar.",0.1013
PA006200,2023-08-12 12:05:03,"Pipoca e serie boa na sexta, programa perfeito.",0.0297
PA006201,2023-08-12 12:19:46,"Estrada livre, cheguei no trabalho rapido hoje.",0.0171
PA006202,2023-08-12 13:10:56,Feira de artesanato gostosa de passear.,0.0593
PA006203,2023-08-12 13:20:52,"Fui de bike hoje, que exercicio agradavel de manha.",0.0
PA006204,2023-08-12 13:21:34,Feira de artesanato gostosa de passear.,0.074
PA006205,2023-08-12 14:07:35,Grupo de estudos foi muito produtivo hoje.,0.0802
PA006206,2023-08-12 14:39:13,"Cuidando das plantas em casa, muito terapeutico.",0.1321
PA006207,2023-08-12 15:00:16,"Almoco incrivel hoje, fiz lasanha caseira do zero.",0.0435
PA006208,2023-08-12 15:26:01,Grupo de estudos foi muito produtivo hoje.,0.0665
PA006209,2023-08-12 15:56:41,Podcast sobre tecnologia muito interessante.,0.0405
PA006210,2023-08-12 16:00:19,"Trilha ecologica incrivel, natureza pura.",0.0414
PA006211,2023-08-12 16:11:12,"Estudando para a prova de amanha, bem concentrado.",0.0411
PA006212,2023-08-12 16:46:10,"Biblioteca da universidade, ambiente otimo para estudar.",0.0132
PA006213,2023-08-12 17:50:09,"O outono chegou cedo esse ano, que frio gostoso de manha.",0.0311
PA006214,2023-08-12 17:53:53,"Passeio com o cachorro no parque, ele adorou.",0.0623
PA006215,2023-08-12 18:24:50,"Estudando para a prova de amanha, bem concentrado.",0.1327
PA006216,2023-08-12 19:20:21,"Estrada livre, cheguei no trabalho rapido hoje.",0.0523
PA006217,2023-08-12 23:54:01,Show ao vivo incrivel no fim de semana.,0.0963
PA006218,2023-08-13 00:38:55,"Novo celular chegou, a camera e impressionante.",0.1481
PA006219,2023-08-13 00:43:53,Aula incrivel sobre estatistica aplicada hoje.,0.0
PA006220,2023-08-13 06:14:08,"Corri 5km de manha, semana otima de treino.",0.0402
PA006221,2023-08-13 06:48:20,"Meu time ganhou hoje, que jogo bonito foi.",0.0637
PA006222,2023-08-13 07:01:39,"Dia nublado mas tranquilo, bom para estudar sem distracao.",0.0695
PA006223,2023-08-13 07:02:49,"Reuniao produtiva hoje, saimos com otimas ideias.",0.1206
PA006224,2023-08-13 07:27:57,"Que bagunca, nada funcionando direito.",0.3406
PA006225,2023-08-13 09:15:43,"Academia hoje, treino puxado mas valeu muito.",0.0837
PA006226,2023-08-13 09:55:27,Caminhada ate a estacao foi otima hoje.,0.079
PA006227,2023-08-13 10:24:35,"Fui de bike hoje, que exercicio agradavel de manha.",0.1161
PA006228,2023-08-13 11:44:42,"Metro bem tranquilo essa manha, cheguei bem.",0.112
PA006229,2023-08-13 12:06:43,"Academia hoje, treino puxado mas valeu muito.",0.0672
PA006230,2023-08-13 14:19:09,App de produtividade novo que encontrei e otimo.,0.085
PA006231,2023-08-13 14:43:38,"Dia nublado mas tranquilo, bom para estudar sem distracao.",0.0555
PA006232,2023-08-13 15:59:57,"Viagem de fim de semana para cidade historica, valeu.",0.0154
PA006233,2023-08-13 16:08:41,"Dia completamente perdido, muita raiva acumulada.",0.7578
PA006234,2023-08-13 18:08:18,"Pausa pro cafe com os colegas, bate-papo otimo.",0.0082
PA006235,2023-08-13 20:07:24,"Teatro incrivel ontem, peca muito bem dirigida.",0.0951
PA006236,2023-08-13 20:45:15,"Fechei projeto importante essa semana, que alegria.",0.1407
PA006237,2023-08-13 23:26:11,"Livro excelente sobre ciencia de dados, recomendo muito.",0.0925
PA006238,2023-08-14 00:36:38,Jantar simples mas gostoso com a familia.,0.1278
PA006239,2023-08-14 02:34:57,"Onibus chegou no horario hoje, que surpresa agradavel.",0.0837
PA006240,2023-08-14 02:44:31,"Yoga pela manha, comecei o dia muito bem.",0.0845
PA006241,2023-08-14 02:53:55,"Estudando para a prova de amanha, bem concentrado.",0.0364
PA006242,2023-08-14 04:05:05,"Acai gelado essa tarde, refrescante demais.",0.0897
PA006243,2023-08-14 04:31:33,"Cuidando das plantas em casa, muito terapeutico.",0.1311
PA006244,2023-08-14 04:35:07,"Viagem de fim de semana para cidade historica, valeu.",0.0269
PA006245,2023-08-14 06:57:37,"Fui de bike hoje, que exercicio agradavel de manha.",0.2183
PA006246,2023-08-14 07:36:53,"Natacao de manha, melhor inicio de dia possivel.",0.0614
PA006247,2023-08-14 08:25:49,"Serie nova incrivel, amei o primeiro episodio.",0.1328
PA006248,2023-08-14 08:58:17,"Choveu a tarde toda, dia perfeito pra ficar em casa lendo.",0.1056
PA006249,2023-08-14 10:25:26,Aula incrivel sobre estatistica aplicada hoje.,0.1042
PA006250,2023-08-14 10:26:35,"Maratonei a temporada completa, valeu cada minuto.",0.0757
PA006251,2023-08-14 11:36:34,Show ao vivo incrivel no fim de semana.,0.0658
PA006252,2023-08-14 11:56:30,"Viagem de fim de semana para cidade historica, valeu.",0.0598
PA006253,2023-08-14 13:18:35,"Estudando para a prova de amanha, bem concentrado.",0.0
PA006254,2023-08-14 14:12:32,"Sol lindo hoje, cafe na varanda foi otimo.",0.0
PA006255,2023-08-14 17:36:44,"Livro excelente sobre ciencia de dados, recomendo muito.",0.0541
PA006256,2023-08-14 17:45:40,Cafe da manha caprichado: tapioca com ovo e suco de laranja.,0.0662
PA006257,2023-08-14 19:19:49,"Domingo em familia, melhor dia da semana.",0.0513
PA006258,2023-08-15 01:29:28,"Estrada livre, cheguei no trabalho rapido hoje.",0.1072
PA006259,2023-08-15 01:58:42,"Tarefa dificil concluida com sucesso, que satisfacao.",0.0518
PA006260,2023-08-15 01:59:30,"Sopa de legumes no frio, reconfortante e gostosa.",0.0684
PA006261,2023-08-15 04:16:15,"Choveu a tarde toda, dia perfeito pra ficar em casa lendo.",0.029
PA006262,2023-08-15 05:15:49,Atualizacao deixou o sistema muito mais rapido.,0.147
PA006263,2023-08-15 06:01:18,"Museu da cidade muito interessante, aprendi bastante.",0.0862
PA006264,2023-08-15 06:18:44,"Apresentacao correu muito bem, todos gostaram.",0.1037
PA006265,2023-08-15 06:48:28,"Praia tranquila, sol perfeito, descanso total.",0.0875
PA006266,2023-08-15 08:48:53,Finalmente entendi aquele conceito que me travava.,0.0895
PA006267,2023-08-15 11:48:22,"Pipoca e serie boa na sexta, programa perfeito.",0.1209
PA006268,2023-08-15 13:24:11,"Configurei o home office com setup novo, otimo.",0.0663
PA006269,2023-08-15 13:43:18,"Passei na certificacao, muito feliz com o resultado.",0.0596
PA006270,2023-08-15 14:14:04,Podcast sobre tecnologia muito interessante.,0.0441
PA006271,2023-08-15 14:24:52,"Praia tranquila, sol perfeito, descanso total.",0.0
PA006272,2023-08-15 14:34:47,"Reuniao produtiva hoje, saimos com otimas ideias.",0.0534
PA006273,2023-08-15 14:37:20,"Trilha ecologica incrivel, natureza pura.",0.0439
PA006274,2023-08-15 15:01:51,"Filme otimo ontem, fui ao cinema com a familia.",0.0622
PA006275,2023-08-15 16:16:30,"Cuidando das plantas em casa, muito terapeutico.",0.0929
PA006276,2023-08-15 17:08:54,"Museu da cidade muito interessante, aprendi bastante.",0.0506
PA006277,2023-08-15 18:09:11,"Pausa pro cafe com os colegas, bate-papo otimo.",0.0735
PA006278,2023-08-15 18:42:53,"Que calor hoje, tive que ligar o ar condicionado logo cedo.",0.0709
PA006279,2023-08-15 19:03:12,"O outono chegou cedo esse ano, que frio gostoso de manha.",0.1504
PA006280,2023-08-15 20:02:45,Show ao vivo incrivel no fim de semana.,0.0992
PA006281,2023-08-15 22:27:52,"Biblioteca da universidade, ambiente otimo para estudar.",0.0556
PA006282,2023-08-16 01:01:28,Feira de artesanato gostosa de passear.,0.0021
PA006283,2023-08-16 02:11:37,Aplicativo de carona funcionou perfeitamente.,0.0774
PA006284,2023-08-16 02:19:26,Show ao vivo incrivel no fim de semana.,0.1346
PA006285,2023-08-16 02:34:34,Brigadeiro de panela saiu incrivel hoje.,0.0305
PA006286,2023-08-16 03:19:09,"Teatro incrivel ontem, peca muito bem dirigida.",0.0789
PA006287,2023-08-16 03:32:11,"Maratonei a temporada completa, valeu cada minuto.",0.0989
PA006288,2023-08-16 03:58:06,"Estudando para a prova de amanha, bem concentrado.",0.0812
PA006289,2023-08-16 04:12:01,"Aprendi receita nova no youtube, ficou otimo.",0.0974
PA006290,2023-08-16 05:46:31,"Serie nova incrivel, amei o primeiro episodio.",0.1425
PA006291,2023-08-16 06:30:54,"Fechei projeto importante essa semana, que alegria.",0.0045
PA006292,2023-08-16 06:33:00,"Filme otimo ontem, fui ao cinema com a familia.",0.103
PA006293,2023-08-16 07:35:24,Cafe da manha caprichado: tapioca com ovo e suco de laranja.,0.0002
PA006294,2023-08-16 07:54:00,Leitura no jardim com tempo agradavel.,0.0549
PA006295,2023-08-16 07:57:09,"Yoga pela manha, comecei o dia muito bem.",0.0272
PA006296,2023-08-16 08:22:42,Feira de artesanato gostosa de passear.,0.0136
PA006297,2023-08-16 09:06:42,"Vento agradavel hoje, aproveitei para caminhar no parque.",0.082
PA006298,2023-08-16 09:30:22,"Aprendi receita nova no youtube, ficou otimo.",0.0576
PA006299,2023-08-16 10:39:40,App de produtividade novo que encontrei e otimo.,0.0753
PA006300,2023-08-16 10:57:05,"Plantei temperos na sacada, que satisfacao.",0.1419
PA006301,2023-08-16 11:40:20,"Serie nova incrivel, amei o primeiro episodio.",0.0884
PA006302,2023-08-16 11:41:51,"Passeio com o cachorro no parque, ele adorou.",0.1505
PA006303,2023-08-16 12:16:01,"Academia hoje, treino puxado mas valeu muito.",0.0437
PA006304,2023-08-16 12:35:19,"Cuidando das plantas em casa, muito terapeutico.",0.0967
PA006305,2023-08-16 13:36:17,Jogo novo me viciou de um jeito bom.,0.0167
PA006306,2023-08-16 13:53:00,Pacote atrasado pelos correios pela terceira vez.,0.2928
PA006307,2023-08-16 14:04:07,"Home office com cafe fresquinho do lado, otimo.",0.0903
PA006308,2023-08-16 14:09:42,"Plantei temperos na sacada, que satisfacao.",0.0198
PA006309,2023-08-16 14:27:45,"Tentei receita nova de bolo de cenoura, ficou fofinho.",0.0691
PA006310,2023-08-16 14:45:27,"Que calor hoje, tive que ligar o ar condicionado logo cedo.",0.0201
PA006311,2023-08-16 15:06:44,"Fechei projeto importante essa semana, que alegria.",0.0
PA006312,2023-08-16 15:20:45,"Novo celular chegou, a camera e impressionante.",0.129
PA006313,2023-08-16 15:53:30,Grupo de estudos foi muito produtivo hoje.,0.0416
PA006314,2023-08-16 16:49:41,"Notebook novo chegou, que desempenho incrivel.",0.0277
PA006315,2023-08-16 18:00:46,"Governo aumentando imposto de novo, inacreditavel.",0.9745
PA006316,2023-08-16 20:00:45,"Filme otimo ontem, fui ao cinema com a familia.",0.0556
PA006317,2023-08-16 20:41:00,Pedalada de tarde com vista incrivel do parque.,0.0368
PA006318,2023-08-16 22:17:03,Grupo de estudos foi muito produtivo hoje.,0.14
PA006319,2023-08-16 22:31:38,"Novo celular chegou, a camera e impressionante.",0.0556
PA006320,2023-08-16 23:09:37,Finalmente entendi aquele conceito que me travava.,0.0824
PA006321,2023-08-16 23:30:54,"Passei na certificacao, muito feliz com o resultado.",0.0293
PA006322,2023-08-16 23:46:30,"Pipoca e serie boa na sexta, programa perfeito.",0.0427
PA006323,2023-08-16 23:50:32,"Sol lindo hoje, cafe na varanda foi otimo.",0.131
PA006324,2023-08-17 00:14:28,"Reencontrei um amigo antigo por acaso, que alegria.",0.1078
PA006325,2023-08-17 00:21:24,"Passei na certificacao, muito feliz com o resultado.",0.0193
PA006326,2023-08-17 01:33:49,"Estrada livre, cheguei no trabalho rapido hoje.",0.0552
PA006327,2023-08-17 04:40:55,"Domingo em familia, melhor dia da semana.",0.1768
PA006328,2023-08-17 08:36:34,"Consegui estacionamento logo de cara, dia de sorte mesmo.",0.1198
PA006329,2023-08-17 09:06:07,"Chuva passageira a tarde, depois o tempo abriu lindo.",0.0805
PA006330,2023-08-17 09:11:02,Show ao vivo incrivel no fim de semana.,0.0933
PA006331,2023-08-17 12:04:27,"Academia hoje, treino puxado mas valeu muito.",0.1226
PA006332,2023-08-17 12:24:30,"Choveu a tarde toda, dia perfeito pra ficar em casa lendo.",0.0803
PA006333,2023-08-17 12:32:41,Barulho da rua me deixou irritado o dia todo.,0.8661
PA006334,2023-08-17 13:35:05,"O outono chegou cedo esse ano, que frio gostoso de manha.",0.1138
PA006335,2023-08-17 15:36:29,"Fui de bike hoje, que exercicio agradavel de manha.",0.09
PA006336,2023-08-17 16:28:29,"Natacao de manha, melhor inicio de dia possivel.",0.0431
PA006337,2023-08-17 17:12:05,"Chuva passageira a tarde, depois o tempo abriu lindo.",0.1052
PA006338,2023-08-17 17:14:25,"Trilha ecologica incrivel, natureza pura.",0.1746
PA006339,2023-08-17 17:28:55,"Sopa de legumes no frio, reconfortante e gostosa.",0.0646
PA006340,2023-08-17 17:36:21,"Fui de bike hoje, que exercicio agradavel de manha.",0.0813
PA006341,2023-08-17 17:45:33,"Passei na certificacao, muito feliz com o resultado.",0.144
PA006342,2023-08-17 17:57:31,"Padaria da esquina lancou sabor novo, recomendo.",0.0397
PA006343,2023-08-17 19:00:09,"Musica nova do meu artista favorito, de outro nivel.",0.0791
PA006344,2023-08-17 19:25:42,"Passeio com o cachorro no parque, ele adorou.",0.12
PA006345,2023-08-17 20:40:10,Grupo de estudos foi muito produtivo hoje.,0.0411
PA006346,2023-08-17 21:01:05,"Biblioteca da universidade, ambiente otimo para estudar.",0.1481
PA006347,2023-08-17 21:11:36,App de produtividade novo que encontrei e otimo.,0.1797
PA006348,2023-08-17 23:47:28,"Filme otimo ontem, fui ao cinema com a familia.",0.0277
PA006349,2023-08-18 00:25:23,"Trilha ecologica incrivel, natureza pura.",0.1343
PA006350,2023-08-18 01:27:42,Podcast sobre tecnologia muito interessante.,0.1431
PA006351,2023-08-18 01:48:26,"Musica nova do meu artista favorito, de outro nivel.",0.0604
PA006352,2023-08-18 02:01:20,Caminhada ate a estacao foi otima hoje.,0.0575
PA006353,2023-08-18 03:48:05,"Vento agradavel hoje, aproveitei para caminhar no parque.",0.0898
PA006354,2023-08-18 03:50:31,"Biblioteca da universidade, ambiente otimo para estudar.",0.0897
PA006355,2023-08-18 05:08:01,Cafe da manha caprichado: tapioca com ovo e suco de laranja.,0.0543
PA006356,2023-08-18 05:46:17,Aplicativo de carona funcionou perfeitamente.,0.089
PA006357,2023-08-18 06:11:50,Cafe da manha caprichado: tapioca com ovo e suco de laranja.,0.1077
PA006358,2023-08-18 06:12:11,"O outono chegou cedo esse ano, que frio gostoso de manha.",0.0718
PA006359,2023-08-18 06:16:29,"Natacao de manha, melhor inicio de dia possivel.",0.0
PA006360,2023-08-18 07:53:06,"Aprendi receita nova no youtube, ficou otimo.",0.006
PA006361,2023-08-18 08:21:08,"Estudando para a prova de amanha, bem concentrado.",0.0
PA006362,2023-08-18 08:32:13,"Padaria da esquina lancou sabor novo, recomendo.",0.1011
PA006363,2023-08-18 08:41:29,"Filme otimo ontem, fui ao cinema com a familia.",0.1105
PA006364,2023-08-18 09:01:30,"Meditacao de manha, comecando o dia muito bem.",0.0008
PA006365,2023-08-18 09:28:02,"Reuniao produtiva hoje, saimos com otimas ideias.",0.1343
PA006366,2023-08-18 09:41:09,"Chuva passageira a tarde, depois o tempo abriu lindo.",0.0313
PA006367,2023-08-18 09:56:08,"Fui de bike hoje, que exercicio agradavel de manha.",0.0102
PA006368,2023-08-18 11:19:42,Caminhada ate a estacao foi otima hoje.,0.0911
PA006369,2023-08-18 11:28:07,"Onibus chegou no horario hoje, que surpresa agradavel.",0.0462
PA006370,2023-08-18 11:41:31,"Cuidando das plantas em casa, muito terapeutico.",0.0
PA006371,2023-08-18 12:22:24,"Passeio no interior no fim de semana, natureza linda.",0.0672
PA006372,2023-08-18 16:02:35,"Configurei o home office com setup novo, otimo.",0.1037
PA006373,2023-08-18 18:21:44,"Pausa pro cafe com os colegas, bate-papo otimo.",0.157
PA006374,2023-08-18 19:11:12,"Que calor hoje, tive que ligar o ar condicionado logo cedo.",0.043
PA006375,2023-08-18 19:22:47,"Pausa pro cafe com os colegas, bate-papo otimo.",0.0903
PA006376,2023-08-18 19:45:20,Jantar simples mas gostoso com a familia.,0.0752
PA006377,2023-08-18 20:31:21,Aplicativo de carona funcionou perfeitamente.,0.22
PA006378,2023-08-18 20:49:42,Caminhada ate a estacao foi otima hoje.,0.0
PA006379,2023-08-18 21:12:55,"Dia nublado mas tranquilo, bom para estudar sem distracao.",0.052
PA006380,2023-08-18 21:38:04,Terminei o trabalho da faculdade com antecedencia.,0.0999
PA006381,2023-08-19 01:11:04,"Pipoca e serie boa na sexta, programa perfeito.",0.085
PA006382,2023-08-19 01:38:02,Grupo de estudos foi muito produtivo hoje.,0.1644
PA006383,2023-08-19 03:47:33,"Fechei projeto importante essa semana, que alegria.",0.0674
PA006384,2023-08-19 04:31:51,"Sopa de legumes no frio, reconfortante e gostosa.",0.0433
PA006385,2023-08-19 04:49:34,Feira de artesanato gostosa de passear.,0.0614
PA006386,2023-08-19 08:36:08,"Tarefa dificil concluida com sucesso, que satisfacao.",0.0223
PA006387,2023-08-19 08:43:31,"Aprendi receita nova no youtube, ficou otimo.",0.0801
PA006388,2023-08-19 08:45:04,App de produtividade novo que encontrei e otimo.,0.063
PA006389,2023-08-19 09:15:50,"Dia nublado mas tranquilo, bom para estudar sem distracao.",0.0962
PA006390,2023-08-19 11:09:26,"Sol lindo hoje, cafe na varanda foi otimo.",0.0611
PA006391,2023-08-19 11:22:52,"Pipoca e serie boa na sexta, programa perfeito.",0.021
PA006392,2023-08-19 12:35:36,"Sol lindo hoje, cafe na varanda foi otimo.",0.1071
PA006393,2023-08-19 14:42:57,"Tarefa dificil concluida com sucesso, que satisfacao.",0.1397
PA006394,2023-08-19 15:10:31,Podcast sobre tecnologia muito interessante.,0.0565
PA006395,2023-08-19 16:00:19,"Que calor hoje, tive que ligar o ar condicionado logo cedo.",0.1711
PA006396,2023-08-19 16:00:59,"Cuidando das plantas em casa, muito terapeutico.",0.1007
PA006397,2023-08-19 16:48:36,"Sopa de legumes no frio, reconfortante e gostosa.",0.0572
PA006398,2023-08-19 20:10:42,"Novo celular chegou, a camera e impressionante.",0.0
PA006399,2023-08-19 20:42:58,"Onibus chegou no horario hoje, que surpresa agradavel.",0.038
PA006400,2023-08-19 20:43:07,App de produtividade novo que encontrei e otimo.,0.1231
PA006401,2023-08-19 21:24:44,Que manha fresca e agradavel para uma caminhada.,0.0638
PA006402,2023-08-19 22:00:07,"Meditacao de manha, comecando o dia muito bem.",0.126
PA006403,2023-08-19 22:23:56,"Pipoca e serie boa na sexta, programa perfeito.",0.0868
PA006404,2023-08-19 23:00:05,"Home office com cafe fresquinho do lado, otimo.",0.0787
PA006405,2023-08-19 23:58:48,Que manha fresca e agradavel para uma caminhada.,0.0
PA006406,2023-08-20 00:20:33,"Teatro incrivel ontem, peca muito bem dirigida.",0.1486
PA006407,2023-08-20 01:43:06,Show ao vivo incrivel no fim de semana.,0.089
PA006408,2023-08-20 02:26:14,Brigadeiro de panela saiu incrivel hoje.,0.1264
PA006409,2023-08-20 04:37:53,"Chuva passageira a tarde, depois o tempo abriu lindo.",0.1491
PA006410,2023-08-20 04:44:00,"Trilha ecologica incrivel, natureza pura.",0.1072
PA006411,2023-08-20 05:32:32,"Sopa de legumes no frio, reconfortante e gostosa.",0.1593
PA006412,2023-08-20 06:09:08,"Trilha ecologica incrivel, natureza pura.",0.0238
PA006413,2023-08-20 06:16:33,"Trilha ecologica incrivel, natureza pura.",0.14
PA006414,2023-08-20 06:19:16,"Praia tranquila, sol perfeito, descanso total.",0.0846
PA006415,2023-08-20 08:49:22,"Livro excelente sobre ciencia de dados, recomendo muito.",0.0453
PA006416,2023-08-20 12:13:23,"Servico contratado nao foi entregue no prazo, absurdo.",0.1655
PA006417,2023-08-20 15:26:21,"Churrasco com a familia no final de semana, delicioso.",0.1181
PA006418,2023-08-20 15:39:41,Feira de artesanato gostosa de passear.,0.0424
PA006419,2023-08-20 17:37:56,"Pipoca e serie boa na sexta, programa perfeito.",0.033
PA006420,2023-08-20 18:52:55,"Volei com os amigos, muita risada e diversao.",0.0467
PA006421,2023-08-20 19:50:12,"Passei na certificacao, muito feliz com o resultado.",0.12
PA006422,2023-08-20 20:15:54,"Teatro incrivel ontem, peca muito bem dirigida.",0.0557
PA006423,2023-08-20 20:55:35,Pedalada de tarde com vista incrivel do parque.,0.1444
PA006424,2023-08-20 21:45:57,"Praia tranquila, sol perfeito, descanso total.",0.0719
PA006425,2023-08-20 23:38:14,Show ao vivo incrivel no fim de semana.,0.0352
PA006426,2023-08-20 23:49:32,Pedalada de tarde com vista incrivel do parque.,0.0588
PA006427,2023-08-21 01:07:06,"Volei com os amigos, muita risada e diversao.",0.0125
PA006428,2023-08-21 01:19:53,App de produtividade novo que encontrei e otimo.,0.0696
PA006429,2023-08-21 02:23:57,Que tarde relaxante lendo na rede.,0.1992
PA006430,2023-08-21 03:04:32,"Padaria da esquina lancou sabor novo, recomendo.",0.0105
PA006431,2023-08-21 04:01:10,"Notebook novo chegou, que desempenho incrivel.",0.0438
PA006432,2023-08-21 05:19:03,"Meu time ganhou hoje, que jogo bonito foi.",0.0
PA006433,2023-08-21 07:19:31,Podcast sobre tecnologia muito interessante.,0.0862
PA006434,2023-08-21 08:34:26,"Yoga pela manha, comecei o dia muito bem.",0.0288
PA006435,2023-08-21 10:04:50,"Almoco incrivel hoje, fiz lasanha caseira do zero.",0.0412
PA006436,2023-08-21 11:41:37,Leitura no jardim com tempo agradavel.,0.0411
PA006437,2023-08-21 11:46:44,"Pausa pro cafe com os colegas, bate-papo otimo.",0.1548
PA006438,2023-08-21 12:06:35,"Domingo em familia, melhor dia da semana.",0.0636
PA006439,2023-08-21 13:03:54,Pedalada de tarde com vista incrivel do parque.,0.1101
PA006440,2023-08-21 13:27:39,"Corri 5km de manha, semana otima de treino.",0.1632
PA006441,2023-08-21 14:22:48,Jantar simples mas gostoso com a familia.,0.0291
PA006442,2023-08-21 14:41:08,Leitura no jardim com tempo agradavel.,0.0064
PA006443,2023-08-21 14:56:12,"Volei com os amigos, muita risada e diversao.",0.1374
PA006444,2023-08-21 16:06:31,"Almoco incrivel hoje, fiz lasanha caseira do zero.",0.0096
PA006445,2023-08-21 16:24:40,Aplicativo de carona funcionou perfeitamente.,0.1134
PA006446,2023-08-21 19:14:42,Show ao vivo incrivel no fim de semana.,0.0758
PA006447,2023-08-21 19:16:04,"Maratonei a temporada completa, valeu cada minuto.",0.0191
PA006448,2023-08-21 19:18:10,"Plantei temperos na sacada, que satisfacao.",0.0233
PA006449,2023-08-21 20:56:50,"Home office com cafe fresquinho do lado, otimo.",0.0928
PA006450,2023-08-21 21:41:38,"Servico contratado nao foi entregue no prazo, absurdo.",0.5875
PA006451,2023-08-21 21:45:51,Brigadeiro de panela saiu incrivel hoje.,0.1044
PA006452,2023-08-21 21:53:31,"Domingo em familia, melhor dia da semana.",0.105
PA006453,2023-08-21 22:40:10,"Musica nova do meu artista favorito, de outro nivel.",0.024
PA006454,2023-08-22 00:00:31,"Reencontrei um amigo antigo por acaso, que alegria.",0.0715
PA006455,2023-08-22 00:40:07,"Pausa pro cafe com os colegas, bate-papo otimo.",0.0957
PA006456,2023-08-22 01:11:44,"Natacao de manha, melhor inicio de dia possivel.",0.1276
PA006457,2023-08-22 02:29:13,"Plantei temperos na sacada, que satisfacao.",0.0522
PA006458,2023-08-22 03:39:36,Show ao vivo incrivel no fim de semana.,0.1356
PA006459,2023-08-22 05:04:45,"Sol lindo hoje, cafe na varanda foi otimo.",0.067
PA006460,2023-08-22 06:53:15,"Filme otimo ontem, fui ao cinema com a familia.",0.1484
PA006461,2023-08-22 06:54:12,Cansado desse sistema publico que nao funciona.,0.0302
PA006462,2023-08-22 07:34:10,"Sopa de legumes no frio, reconfortante e gostosa.",0.0438
PA006463,2023-08-22 07:48:25,Que tarde relaxante lendo na rede.,0.0
PA006464,2023-08-22 10:07:23,"Passei na certificacao, muito feliz com o resultado.",0.1586
PA006465,2023-08-22 10:47:23,"Multa de transito injusta, vou recorrer.",0.2251
PA006466,2023-08-22 11:01:18,"Chuva passageira a tarde, depois o tempo abriu lindo.",0.0382
PA006467,2023-08-22 11:12:17,"Serie nova incrivel, amei o primeiro episodio.",0.061
PA006468,2023-08-22 11:16:31,"Meditacao de manha, comecando o dia muito bem.",0.1319
PA006469,2023-08-22 13:22:44,"Praia tranquila, sol perfeito, descanso total.",0.0995
PA006470,2023-08-22 13:23:04,"Serie nova incrivel, amei o primeiro episodio.",0.1283
PA006471,2023-08-22 13:46:23,"Biblioteca da universidade, ambiente otimo para estudar.",0.0329
PA006472,2023-08-22 13:51:03,"Passei na certificacao, muito feliz com o resultado.",0.0055
PA006473,2023-08-22 14:40:56,Podcast sobre tecnologia muito interessante.,0.1005
PA006474,2023-08-22 15:21:57,"Fechei projeto importante essa semana, que alegria.",0.0374
PA006475,2023-08-22 16:43:34,"O outono chegou cedo esse ano, que frio gostoso de manha.",0.1311
PA006476,2023-08-22 17:10:17,"Maratonei a temporada completa, valeu cada minuto.",0.0455
PA006477,2023-08-22 17:39:14,"Tarefa dificil concluida com sucesso, que satisfacao.",0.0797
PA006478,2023-08-22 17:41:38,"Novo celular chegou, a camera e impressionante.",0.0828
PA006479,2023-08-22 18:04:40,"Natacao de manha, melhor inicio de dia possivel.",0.0446
PA006480,2023-08-22 20:29:51,"Home office com cafe fresquinho do lado, otimo.",0.1183
PA006481,2023-08-22 20:32:48,"Novo celular chegou, a camera e impressionante.",0.1096
PA006482,2023-08-22 20:40:28,"Pipoca e serie boa na sexta, programa perfeito.",0.0655
PA006483,2023-08-22 21:08:16,Show ao vivo incrivel no fim de semana.,0.0892
PA006484,2023-08-22 21:38:29,"Chuva passageira a tarde, depois o tempo abriu lindo.",0.0225
PA006485,2023-08-22 21:39:53,"Cuidando das plantas em casa, muito terapeutico.",0.0952
PA006486,2023-08-22 21:52:15,"Aprendi receita nova no youtube, ficou otimo.",0.1039
PA006487,2023-08-22 22:28:32,"Governo aumentando imposto de novo, inacreditavel.",0.0502
PA006488,2023-08-22 23:05:12,"Museu da cidade muito interessante, aprendi bastante.",0.0547
PA006489,2023-08-23 00:39:23,"Domingo em familia, melhor dia da semana.",0.0211
PA006490,2023-08-23 01:02:42,"Vento agradavel hoje, aproveitei para caminhar no parque.",0.1936
PA006491,2023-08-23 01:19:16,"Pipoca e serie boa na sexta, programa perfeito.",0.0519
PA006492,2023-08-23 05:57:13,Terminei o trabalho da faculdade com antecedencia.,0.0733
PA006493,2023-08-23 06:46:00,"Acai gelado essa tarde, refrescante demais.",0.0579
PA006494,2023-08-23 08:31:11,"Acai gelado essa tarde, refrescante demais.",0.0745
PA006495,2023-08-23 08:34:00,"Minha mae fez feijao com arroz e linguica, classico perfeito.",0.0329
PA006496,2023-08-23 08:50:54,"Tentei receita nova de bolo de cenoura, ficou fofinho.",0.1043
PA006497,2023-08-23 09:55:07,"Pipoca e serie boa na sexta, programa perfeito.",0.0
PA006498,2023-08-23 10:11:08,"Sol lindo hoje, cafe na varanda foi otimo.",0.0302
PA006499,2023-08-23 10:13:45,"Vento agradavel hoje, aproveitei para caminhar no parque.",0.05
PA006500,2023-08-23 10:16:00,"Meu time ganhou hoje, que jogo bonito foi.",0.091
PA006501,2023-08-23 12:11:08,"O outono chegou cedo esse ano, que frio gostoso de manha.",0.0439
PA006502,2023-08-23 13:33:26,"Configurei o home office com setup novo, otimo.",0.1909
PA006503,2023-08-23 15:41:26,Cafe da manha caprichado: tapioca com ovo e suco de laranja.,0.0836
PA006504,2023-08-23 15:42:36,"Aprendi receita nova no youtube, ficou otimo.",0.22
PA006505,2023-08-23 16:31:13,"Reuniao produtiva hoje, saimos com otimas ideias.",0.0302
PA006506,2023-08-23 16:56:54,Jantar simples mas gostoso com a familia.,0.0
PA006507,2023-08-23 18:17:44,Caminhada ate a estacao foi otima hoje.,0.0603
PA006508,2023-08-23 22:56:53,"Maratonei a temporada completa, valeu cada minuto.",0.0
PA006509,2023-08-23 23:08:20,"Serie nova incrivel, amei o primeiro episodio.",0.0751
PA006510,2023-08-24 00:37:54,"Volei com os amigos, muita risada e diversao.",0.0653
PA006511,2023-08-24 01:56:32,"Notebook novo chegou, que desempenho incrivel.",0.0494
PA006512,2023-08-24 03:05:36,"Volei com os amigos, muita risada e diversao.",0.0423
PA006513,2023-08-24 04:35:28,Finalmente entendi aquele conceito que me travava.,0.0595
PA006514,2023-08-24 05:09:49,"Home office com cafe fresquinho do lado, otimo.",0.0592
PA006515,2023-08-24 05:31:09,Atualizacao deixou o sistema muito mais rapido.,0.22
PA006516,2023-08-24 06:32:03,Leitura no jardim com tempo agradavel.,0.0588
PA006517,2023-08-24 06:36:12,"Estudando para a prova de amanha, bem concentrado.",0.0685
PA006518,2023-08-24 06:48:09,"Museu da cidade muito interessante, aprendi bastante.",0.0199
PA006519,2023-08-24 07:10:30,Podcast sobre tecnologia muito interessante.,0.0715
PA006520,2023-08-24 07:39:19,"O outono chegou cedo esse ano, que frio gostoso de manha.",0.1908
PA006521,2023-08-24 08:04:30,"O outono chegou cedo esse ano, que frio gostoso de manha.",0.0466
PA006522,2023-08-24 08:22:23,"Novo celular chegou, a camera e impressionante.",0.1485
PA006523,2023-08-24 08:51:39,Que tarde relaxante lendo na rede.,0.1574
PA006524,2023-08-24 10:49:20,Jogo novo me viciou de um jeito bom.,0.0609
PA006525,2023-08-24 11:35:10,Feira de artesanato gostosa de passear.,0.0294
PA006526,2023-08-24 11:58:04,"Volei com os amigos, muita risada e diversao.",0.0659
PA006527,2023-08-24 12:43:02,"Volei com os amigos, muita risada e diversao.",0.0123
PA006528,2023-08-24 13:06:50,"Passeio no interior no fim de semana, natureza linda.",0.0721
PA006529,2023-08-24 17:56:21,"Passeio no interior no fim de semana, natureza linda.",0.094
PA006530,2023-08-24 20:13:03,"Livro excelente sobre ciencia de dados, recomendo muito.",0.0379
PA006531,2023-08-24 20:13:36,"Mais um dia de transito horrivel, situacao absurda.",0.087
PA006532,2023-08-24 20:42:00,Aplicativo de carona funcionou perfeitamente.,0.111
PA006533,2023-08-24 21:51:08,Podcast sobre tecnologia muito interessante.,0.094
PA006534,2023-08-24 21:55:24,"Dia nublado mas tranquilo, bom para estudar sem distracao.",0.0757
PA006535,2023-08-25 00:44:20,Barulho da rua me deixou irritado o dia todo.,0.3585
PA006536,2023-08-25 02:29:13,Caminhada ate a estacao foi otima hoje.,0.0747
PA006537,2023-08-25 02:45:26,"Domingo em familia, melhor dia da semana.",0.22
PA006538,2023-08-25 03:58:08,"Corri 5km de manha, semana otima de treino.",0.0705
PA006539,2023-08-25 04:52:32,"Maratonei a temporada completa, valeu cada minuto.",0.062
PA006540,2023-08-25 05:21:37,"Museu da cidade muito interessante, aprendi bastante.",0.0967
PA006541,2023-08-25 06:09:43,"Livro excelente sobre ciencia de dados, recomendo muito.",0.0653
PA006542,2023-08-25 08:41:43,"Meditacao de manha, comecando o dia muito bem.",0.0852
PA006543,2023-08-25 10:30:02,"Filme otimo ontem, fui ao cinema com a familia.",0.123
PA006544,2023-08-25 12:24:33,"Home office com cafe fresquinho do lado, otimo.",0.0788
PA006545,2023-08-25 12:25:46,"Museu da cidade muito interessante, aprendi bastante.",0.1289
PA006546,2023-08-25 12:28:39,"Passeio no interior no fim de semana, natureza linda.",0.0494
PA006547,2023-08-25 12:35:33,Aula incrivel sobre estatistica aplicada hoje.,0.0012
PA006548,2023-08-25 12:51:09,"Maratonei a temporada completa, valeu cada minuto.",0.0797
PA006549,2023-08-25 12:57:48,"Novo celular chegou, a camera e impressionante.",0.0905
PA006550,2023-08-25 13:02:20,Pedalada de tarde com vista incrivel do parque.,0.1161
PA006551,2023-08-25 13:14:08,"Notebook novo chegou, que desempenho incrivel.",0.1551
PA006552,2023-08-25 13:25:35,"Serie nova incrivel, amei o primeiro episodio.",0.0311
PA006553,2023-08-25 13:29:08,Aplicativo de carona funcionou perfeitamente.,0.1212
PA006554,2023-08-25 15:06:50,Show ao vivo incrivel no fim de semana.,0.0761
PA006555,2023-08-25 15:22:30,Que tarde relaxante lendo na rede.,0.0475
PA006556,2023-08-25 15:55:08,"Que bagunca, nada funcionando direito.",0.5041
PA006557,2023-08-25 16:06:32,"Aprendi receita nova no youtube, ficou otimo.",0.062
PA006558,2023-08-25 18:43:47,"Configurei o home office com setup novo, otimo.",0.0537
PA006559,2023-08-25 20:23:19,Brigadeiro de panela saiu incrivel hoje.,0.0
PA006560,2023-08-25 20:39:09,"Home office com cafe fresquinho do lado, otimo.",0.0286
PA006561,2023-08-25 20:44:18,"Testei IA para ajudar com codigo, funcionou bem.",0.069
PA006562,2023-08-25 20:54:33,"Yoga pela manha, comecei o dia muito bem.",0.0832
PA006563,2023-08-25 21:50:52,"Onibus chegou no horario hoje, que surpresa agradavel.",0.1343
PA006564,2023-08-25 22:36:51,"Cuidando das plantas em casa, muito terapeutico.",0.1317
PA006565,2023-08-25 23:01:19,"Maratonei a temporada completa, valeu cada minuto.",0.0238
PA006566,2023-08-26 00:23:29,Semana intensa mas muito satisfatoria no trabalho.,0.0997
PA006567,2023-08-26 01:53:15,Terminei o trabalho da faculdade com antecedencia.,0.1154
PA006568,2023-08-26 02:08:46,"Museu da cidade muito interessante, aprendi bastante.",0.0415
PA006569,2023-08-26 03:07:26,"Filme otimo ontem, fui ao cinema com a familia.",0.0966
PA006570,2023-08-26 05:24:15,"Fui de bike hoje, que exercicio agradavel de manha.",0.0749
PA006571,2023-08-26 06:41:12,"Sopa de legumes no frio, reconfortante e gostosa.",0.0607
PA006572,2023-08-26 06:43:32,"Testei IA para ajudar com codigo, funcionou bem.",0.1119
PA006573,2023-08-26 08:06:55,"Serie nova incrivel, amei o primeiro episodio.",0.0012
PA006574,2023-08-26 08:10:45,"Fechei projeto importante essa semana, que alegria.",0.0649
PA006575,2023-08-26 08:31:59,Barulho da rua me deixou irritado o dia todo.,0.0337
PA006576,2023-08-26 08:59:17,"Filme otimo ontem, fui ao cinema com a familia.",0.1064
PA006577,2023-08-26 10:44:46,"Trilha ecologica incrivel, natureza pura.",0.0586
PA006578,2023-08-26 11:18:33,Podcast sobre tecnologia muito interessante.,0.0779
PA006579,2023-08-26 12:38:39,"Filme otimo ontem, fui ao cinema com a familia.",0.2078
PA006580,2023-08-26 14:30:49,"Aprendi receita nova no youtube, ficou otimo.",0.0835
PA006581,2023-08-26 14:49:07,"Novo celular chegou, a camera e impressionante.",0.1248
PA006582,2023-08-26 16:06:59,"Chuva passageira a tarde, depois o tempo abriu lindo.",0.1018
PA006583,2023-08-26 16:16:31,"Fechei projeto importante essa semana, que alegria.",0.0343
PA006584,2023-08-26 16:58:00,"Novo celular chegou, a camera e impressionante.",0.1441
PA006585,2023-08-26 17:30:53,"Teatro incrivel ontem, peca muito bem dirigida.",0.0798
PA006586,2023-08-26 18:04:59,"Meditacao de manha, comecando o dia muito bem.",0.0582
PA006587,2023-08-26 19:24:13,"Internet caindo toda hora, impossivel trabalhar assim.",0.6669
PA006588,2023-08-26 20:16:00,"Que calor hoje, tive que ligar o ar condicionado logo cedo.",0.1233
PA006589,2023-08-26 20:48:20,"Passeio no interior no fim de semana, natureza linda.",0.0
PA006590,2023-08-26 22:11:00,"Que semana frustrante, precisava que as coisas dessem certo.",0.2344
PA006591,2023-08-27 00:21:24,Que manha fresca e agradavel para uma caminhada.,0.1141
PA006592,2023-08-27 00:21:33,"Pausa pro cafe com os colegas, bate-papo otimo.",0.1734
PA006593,2023-08-27 01:05:33,"Dia nublado mas tranquilo, bom para estudar sem distracao.",0.0656
PA006594,2023-08-27 02:24:23,"Domingo em familia, melhor dia da semana.",0.1379
PA006595,2023-08-27 04:58:18,"Home office com cafe fresquinho do lado, otimo.",0.0552
PA006596,2023-08-27 05:00:59,Podcast sobre tecnologia muito interessante.,0.0836
PA006597,2023-08-27 06:32:21,Grupo de estudos foi muito produtivo hoje.,0.0893
PA006598,2023-08-27 08:07:58,"Consegui estacionamento logo de cara, dia de sorte mesmo.",0.1401
PA006599,2023-08-27 08:18:22,"Fui de bike hoje, que exercicio agradavel de manha.",0.0042
PA006600,2023-08-27 08:39:22,"Serie nova incrivel, amei o primeiro episodio.",0.1081
PA006601,2023-08-27 08:59:45,Pedalada de tarde com vista incrivel do parque.,0.0639
PA006602,2023-08-27 10:02:09,"Testei IA para ajudar com codigo, funcionou bem.",0.1734
PA006603,2023-08-27 12:10:36,"Mais um dia de transito horrivel, situacao absurda.",0.5227
PA006604,2023-08-27 12:45:07,Jantar simples mas gostoso com a familia.,0.0867
PA006605,2023-08-27 14:42:15,"Reencontrei um amigo antigo por acaso, que alegria.",0.1175
PA006606,2023-08-27 15:05:47,"Servico publico uma vergonha, esperei horas na fila.",0.4731
PA006607,2023-08-27 15:50:45,Jantar simples mas gostoso com a familia.,0.0
PA006608,2023-08-27 17:05:30,"Fui num restaurante novo, a pizza estava espetacular.",0.1048
PA006609,2023-08-27 18:26:06,"Minha mae fez feijao com arroz e linguica, classico perfeito.",0.0726
PA006610,2023-08-27 21:29:19,"Tarefa dificil concluida com sucesso, que satisfacao.",0.0758
PA006611,2023-08-27 21:53:38,"Home office com cafe fresquinho do lado, otimo.",0.0968
PA006612,2023-08-27 21:56:04,Que manha fresca e agradavel para uma caminhada.,0.0468
PA006613,2023-08-27 23:38:00,"Home office com cafe fresquinho do lado, otimo.",0.0359
PA006614,2023-08-27 23:43:48,Aplicativo de carona funcionou perfeitamente.,0.132
PA006615,2023-08-27 23:45:20,"Padaria da esquina lancou sabor novo, recomendo.",0.0496
PA006616,2023-08-28 00:53:39,"Sol lindo hoje, cafe na varanda foi otimo.",0.1209
PA006617,2023-08-28 00:55:07,"Maratonei a temporada completa, valeu cada minuto.",0.0231
PA006618,2023-08-28 01:05:28,"Plantei temperos na sacada, que satisfacao.",0.1701
PA006619,2023-08-28 01:59:56,"Tarefa dificil concluida com sucesso, que satisfacao.",0.1023
PA006620,2023-08-28 02:56:47,Jogo novo me viciou de um jeito bom.,0.0689
PA006621,2023-08-28 03:59:27,"Tarefa dificil concluida com sucesso, que satisfacao.",0.0561
PA006622,2023-08-28 04:04:57,"Que calor hoje, tive que ligar o ar condicionado logo cedo.",0.0342
PA006623,2023-08-28 04:16:56,"Meditacao de manha, comecando o dia muito bem.",0.0344
PA006624,2023-08-28 04:23:09,Brigadeiro de panela saiu incrivel hoje.,0.0556
PA006625,2023-08-28 04:39:42,Nao consigo entender como essa situacao ainda nao mudou.,0.1898
PA006626,2023-08-28 04:47:28,"Biblioteca da universidade, ambiente otimo para estudar.",0.0
PA006627,2023-08-28 05:50:54,"Fui de bike hoje, que exercicio agradavel de manha.",0.089
PA006628,2023-08-28 11:23:32,"Maratonei a temporada completa, valeu cada minuto.",0.0791
PA006629,2023-08-28 11:52:42,"O outono chegou cedo esse ano, que frio gostoso de manha.",0.0
PA006630,2023-08-28 12:36:19,"Tentei receita nova de bolo de cenoura, ficou fofinho.",0.0635
PA006631,2023-08-28 13:30:18,"Consegui estacionamento logo de cara, dia de sorte mesmo.",0.0366
PA006632,2023-08-28 14:05:38,"Dia nublado mas tranquilo, bom para estudar sem distracao.",0.0898
PA006633,2023-08-28 14:48:33,Que manha fresca e agradavel para uma caminhada.,0.0368
PA006634,2023-08-28 14:56:36,Que tarde relaxante lendo na rede.,0.0278
PA006635,2023-08-28 14:56:57,"Academia hoje, treino puxado mas valeu muito.",0.1175
PA006636,2023-08-28 15:35:42,"Padaria da esquina lancou sabor novo, recomendo.",0.1157
PA006637,2023-08-28 17:27:09,Que manha fresca e agradavel para uma caminhada.,0.0789
PA006638,2023-08-28 18:46:58,"Teatro incrivel ontem, peca muito bem dirigida.",0.047
PA006639,2023-08-28 19:27:07,"Churrasco com a familia no final de semana, delicioso.",0.1376
PA006640,2023-08-28 19:32:34,"Tentei receita nova de bolo de cenoura, ficou fofinho.",0.1449
PA006641,2023-08-28 19:40:18,"Saturado desse emprego, preciso mudar de vida.",0.922
PA006642,2023-08-28 19:49:54,"Consegui estacionamento logo de cara, dia de sorte mesmo.",0.0897
PA006643,2023-08-28 20:14:55,"Home office com cafe fresquinho do lado, otimo.",0.0873
PA006644,2023-08-28 21:14:31,"Meu time ganhou hoje, que jogo bonito foi.",0.1892
PA006645,2023-08-28 22:37:05,"Praia tranquila, sol perfeito, descanso total.",0.0589
PA006646,2023-08-28 22:58:29,"Reencontrei um amigo antigo por acaso, que alegria.",0.008
PA006647,2023-08-29 01:15:32,"Passei na certificacao, muito feliz com o resultado.",0.0867
PA006648,2023-08-29 01:39:52,"Trilha ecologica incrivel, natureza pura.",0.0173
PA006649,2023-08-29 01:40:18,Leitura no jardim com tempo agradavel.,0.0616
PA006650,2023-08-29 02:29:28,"Teatro incrivel ontem, peca muito bem dirigida.",0.045
PA006651,2023-08-29 05:08:19,Feira de artesanato gostosa de passear.,0.1616
PA006652,2023-08-29 05:38:52,"Home office com cafe fresquinho do lado, otimo.",0.0338
PA006653,2023-08-29 06:29:35,"Teatro incrivel ontem, peca muito bem dirigida.",0.0955
PA006654,2023-08-29 06:40:57,App de produtividade novo que encontrei e otimo.,0.0742
PA006655,2023-08-29 06:45:50,"Livro excelente sobre ciencia de dados, recomendo muito.",0.0424
PA006656,2023-08-29 07:09:40,"Estudando para a prova de amanha, bem concentrado.",0.0593
PA006657,2023-08-29 08:48:41,"Meu time ganhou hoje, que jogo bonito foi.",0.0
PA006658,2023-08-29 09:37:29,Aula incrivel sobre estatistica aplicada hoje.,0.0734
PA006659,2023-08-29 09:47:26,"Fui de bike hoje, que exercicio agradavel de manha.",0.0631
PA006660,2023-08-29 11:29:48,Brigadeiro de panela saiu incrivel hoje.,0.0492
PA006661,2023-08-29 11:48:17,"Configurei o home office com setup novo, otimo.",0.1529
PA006662,2023-08-29 13:41:48,"Notebook novo chegou, que desempenho incrivel.",0.0892
PA006663,2023-08-29 14:30:51,"Serie nova incrivel, amei o primeiro episodio.",0.1869
PA006664,2023-08-29 16:08:34,Aula incrivel sobre estatistica aplicada hoje.,0.0161
PA006665,2023-08-29 19:22:07,"Domingo em familia, melhor dia da semana.",0.1737
PA006666,2023-08-29 21:16:36,Tarde produtiva organizando e limpando a casa.,0.0908
PA006667,2023-08-29 21:34:31,Finalmente entendi aquele conceito que me travava.,0.0329
PA006668,2023-08-29 22:04:56,Tarde produtiva organizando e limpando a casa.,0.1299
PA006669,2023-08-30 00:05:16,"Maratonei a temporada completa, valeu cada minuto.",0.0318
PA006670,2023-08-30 01:01:10,Jantar simples mas gostoso com a familia.,0.0956
PA006671,2023-08-30 01:07:00,Finalmente entendi aquele conceito que me travava.,0.1716
PA006672,2023-08-30 01:09:13,"Pausa pro cafe com os colegas, bate-papo otimo.",0.1759
PA006673,2023-08-30 01:17:56,"Livro excelente sobre ciencia de dados, recomendo muito.",0.0993
PA006674,2023-08-30 05:13:01,"Choveu a tarde toda, dia perfeito pra ficar em casa lendo.",0.1051
PA006675,2023-08-30 05:51:13,"Estudando para a prova de amanha, bem concentrado.",0.0
PA006676,2023-08-30 05:57:19,"Configurei o home office com setup novo, otimo.",0.0237
PA006677,2023-08-30 07:09:05,"Maratonei a temporada completa, valeu cada minuto.",0.1621
PA006678,2023-08-30 07:16:08,"Tentei receita nova de bolo de cenoura, ficou fofinho.",0.1374
PA006679,2023-08-30 07:35:42,"O outono chegou cedo esse ano, que frio gostoso de manha.",0.1485
PA006680,2023-08-30 08:02:19,Aplicativo de carona funcionou perfeitamente.,0.0782
PA006681,2023-08-30 08:40:40,"Cuidando das plantas em casa, muito terapeutico.",0.0485
PA006682,2023-08-30 09:22:32,"Academia hoje, treino puxado mas valeu muito.",0.0724
PA006683,2023-08-30 11:16:51,Grupo de estudos foi muito produtivo hoje.,0.0683
PA006684,2023-08-30 12:09:35,"Reencontrei um amigo antigo por acaso, que alegria.",0.0819
PA006685,2023-08-30 13:26:49,Cafe da manha caprichado: tapioca com ovo e suco de laranja.,0.1272
PA006686,2023-08-30 13:31:00,"Academia hoje, treino puxado mas valeu muito.",0.0603
PA006687,2023-08-30 16:40:27,"Volei com os amigos, muita risada e diversao.",0.0
PA006688,2023-08-30 17:20:03,"Choveu a tarde toda, dia perfeito pra ficar em casa lendo.",0.0644
PA006689,2023-08-30 19:58:28,"Almoco incrivel hoje, fiz lasanha caseira do zero.",0.0026
PA006690,2023-08-30 20:08:01,Semana intensa mas muito satisfatoria no trabalho.,0.0445
PA006691,2023-08-30 20:16:24,"Teatro incrivel ontem, peca muito bem dirigida.",0.1432
PA006692,2023-08-30 20:30:30,Jantar simples mas gostoso com a familia.,0.0331
PA006693,2023-08-30 20:44:49,"Plantei temperos na sacada, que satisfacao.",0.0521
PA006694,2023-08-30 21:35:44,App de produtividade novo que encontrei e otimo.,0.08
PA006695,2023-08-30 21:54:17,Caminhada ate a estacao foi otima hoje.,0.0241
PA006696,2023-08-30 22:04:05,"Domingo em familia, melhor dia da semana.",0.0964
PA006697,2023-08-30 22:36:08,Semana intensa mas muito satisfatoria no trabalho.,0.1081
PA006698,2023-08-30 23:05:22,"Aprendi receita nova no youtube, ficou otimo.",0.0624
PA006699,2023-08-30 23:46:24,"Fui de bike hoje, que exercicio agradavel de manha.",0.0247
PA006700,2023-08-31 02:05:32,Nao aguento mais reclamacao sem solucao pratica.,0.0306
PA006701,2023-08-31 03:53:10,"Yoga pela manha, comecei o dia muito bem.",0.0165
PA006702,2023-08-31 04:42:23,"Estrada livre, cheguei no trabalho rapido hoje.",0.096
PA006703,2023-08-31 06:17:53,Que tarde relaxante lendo na rede.,0.1038
PA006704,2023-08-31 06:26:15,"Teatro incrivel ontem, peca muito bem dirigida.",0.0283
PA006705,2023-08-31 06:41:51,"Academia hoje, treino puxado mas valeu muito.",0.0652
PA006706,2023-08-31 06:58:48,"Tarefa dificil concluida com sucesso, que satisfacao.",0.0693
PA006707,2023-08-31 07:21:43,"Viagem de fim de semana para cidade historica, valeu.",0.0623
PA006708,2023-08-31 08:21:34,"Fui de bike hoje, que exercicio agradavel de manha.",0.0485
PA006709,2023-08-31 09:12:50,"Novo celular chegou, a camera e impressionante.",0.0493
PA006710,2023-08-31 09:37:06,Terminei o trabalho da faculdade com antecedencia.,0.1065
PA006711,2023-08-31 09:47:22,"Academia hoje, treino puxado mas valeu muito.",0.0809
PA006712,2023-08-31 10:00:23,Que manha fresca e agradavel para uma caminhada.,0.1151
PA006713,2023-08-31 10:07:29,"Tentei receita nova de bolo de cenoura, ficou fofinho.",0.051
PA006714,2023-08-31 10:15:57,"Passeio no interior no fim de semana, natureza linda.",0.0663
PA006715,2023-08-31 11:29:10,"Choveu a tarde toda, dia perfeito pra ficar em casa lendo.",0.1164
PA006716,2023-08-31 12:15:49,Caminhada ate a estacao foi otima hoje.,0.0573
PA006717,2023-08-31 13:53:23,"Passei na certificacao, muito feliz com o resultado.",0.1258
PA006718,2023-08-31 14:10:41,"Serie nova incrivel, amei o primeiro episodio.",0.1323
PA006719,2023-08-31 15:00:54,"Fechei projeto importante essa semana, que alegria.",0.0594
PA006720,2023-08-31 16:29:08,Brigadeiro de panela saiu incrivel hoje.,0.0527
PA006721,2023-08-31 16:44:04,"Praia tranquila, sol perfeito, descanso total.",0.0223
PA006722,2023-08-31 16:45:20,"Passeio no interior no fim de semana, natureza linda.",0.0895
PA006723,2023-08-31 17:15:23,"Biblioteca da universidade, ambiente otimo para estudar.",0.0945
PA006724,2023-08-31 17:17:02,"Tarefa dificil concluida com sucesso, que satisfacao.",0.0903
PA006725,2023-08-31 17:39:13,"Tarefa dificil concluida com sucesso, que satisfacao.",0.0358
PA006726,2023-08-31 18:03:44,Caminhada ate a estacao foi otima hoje.,0.0906
PA006727,2023-08-31 18:31:30,"Fui de bike hoje, que exercicio agradavel de manha.",0.0
PA006728,2023-08-31 18:52:32,"Fechei projeto importante essa semana, que alegria.",0.097
PA006729,2023-08-31 19:16:21,"Biblioteca da universidade, ambiente otimo para estudar.",0.1449
PA006730,2023-08-31 21:00:51,"Que semana frustrante, precisava que as coisas dessem certo.",0.5941
PA006731,2023-08-31 21:56:40,"Pipoca e serie boa na sexta, programa perfeito.",0.0583
PA006732,2023-08-31 21:59:02,Que manha fresca e agradavel para uma caminhada.,0.0488
PA006733,2023-08-31 22:31:10,"Meu time ganhou hoje, que jogo bonito foi.",0.0664
PA006734,2023-08-31 22:35:11,"Estrada livre, cheguei no trabalho rapido hoje.",0.0174
PA006735,2023-08-31 23:19:50,"Cuidando das plantas em casa, muito terapeutico.",0.0751
PA006736,2023-09-01 01:59:08,"Biblioteca da universidade, ambiente otimo para estudar.",0.1467
PA006737,2023-09-01 02:28:02,"Reuniao produtiva hoje, saimos com otimas ideias.",0.1075
PA006738,2023-09-01 05:48:02,"Acai gelado essa tarde, refrescante demais.",0.1549
PA006739,2023-09-01 05:52:01,"Novo celular chegou, a camera e impressionante.",0.22
PA006740,2023-09-01 06:25:02,"Almoco incrivel hoje, fiz lasanha caseira do zero.",0.1461
PA006741,2023-09-01 08:11:31,"Reuniao produtiva hoje, saimos com otimas ideias.",0.1142
PA006742,2023-09-01 10:19:52,"Reuniao produtiva hoje, saimos com otimas ideias.",0.0886
PA006743,2023-09-01 10:24:50,"Reencontrei um amigo antigo por acaso, que alegria.",0.0935
PA006744,2023-09-01 10:37:52,Leitura no jardim com tempo agradavel.,0.0651
PA006745,2023-09-01 11:14:02,"Biblioteca da universidade, ambiente otimo para estudar.",0.1251
PA006746,2023-09-01 13:08:50,"Museu da cidade muito interessante, aprendi bastante.",0.0367
PA006747,2023-09-01 13:36:31,"Estudando para a prova de amanha, bem concentrado.",0.0487
PA006748,2023-09-01 14:08:25,"Trilha ecologica incrivel, natureza pura.",0.0001
PA006749,2023-09-01 15:51:33,Leitura no jardim com tempo agradavel.,0.1287
PA006750,2023-09-01 17:41:38,"Meu time ganhou hoje, que jogo bonito foi.",0.0556
PA006751,2023-09-01 18:28:57,"Museu da cidade muito interessante, aprendi bastante.",0.0963
PA006752,2023-09-01 18:30:45,"Configurei o home office com setup novo, otimo.",0.0162
PA006753,2023-09-01 21:08:04,"Dia completamente perdido, muita raiva acumulada.",0.8066
PA006754,2023-09-01 22:58:04,Feira de artesanato gostosa de passear.,0.0114
PA006755,2023-09-01 23:04:43,"Tentei receita nova de bolo de cenoura, ficou fofinho.",0.058
PA006756,2023-09-01 23:44:50,"Novo celular chegou, a camera e impressionante.",0.1128
PA006757,2023-09-02 00:54:16,Feira de artesanato gostosa de passear.,0.0
PA006758,2023-09-02 02:01:12,"Passeio no interior no fim de semana, natureza linda.",0.0353
PA006759,2023-09-02 02:48:17,Tarde produtiva organizando e limpando a casa.,0.1086
PA006760,2023-09-02 03:19:36,Atualizacao deixou o sistema muito mais rapido.,0.1423
PA006761,2023-09-02 03:27:43,"Yoga pela manha, comecei o dia muito bem.",0.0905
PA006762,2023-09-02 04:29:38,"Pausa pro cafe com os colegas, bate-papo otimo.",0.0976
PA006763,2023-09-02 07:08:36,Jogo novo me viciou de um jeito bom.,0.0883
PA006764,2023-09-02 08:12:01,"Domingo em familia, melhor dia da semana.",0.1633
PA006765,2023-09-02 09:48:34,"Teatro incrivel ontem, peca muito bem dirigida.",0.0951
PA006766,2023-09-02 09:54:17,"Chega de promessa vazia, quero resultado de verdade.",0.6716
PA006767,2023-09-02 10:11:33,"Livro excelente sobre ciencia de dados, recomendo muito.",0.076
PA006768,2023-09-02 10:43:23,"Pausa pro cafe com os colegas, bate-papo otimo.",0.0507
PA006769,2023-09-02 10:58:56,"Domingo em familia, melhor dia da semana.",0.0643
PA006770,2023-09-02 11:14:13,"Testei IA para ajudar com codigo, funcionou bem.",0.0477
PA006771,2023-09-02 12:52:10,Pedalada de tarde com vista incrivel do parque.,0.1032
PA006772,2023-09-02 13:50:43,"Aprendi receita nova no youtube, ficou otimo.",0.0355
PA006773,2023-09-02 14:35:33,"Metro bem tranquilo essa manha, cheguei bem.",0.0
PA006774,2023-09-02 14:40:25,Pedalada de tarde com vista incrivel do parque.,0.0654
PA006775,2023-09-02 15:21:43,Leitura no jardim com tempo agradavel.,0.081
PA006776,2023-09-02 17:25:56,"Almoco incrivel hoje, fiz lasanha caseira do zero.",0.0485
PA006777,2023-09-02 17:52:53,"Consegui estacionamento logo de cara, dia de sorte mesmo.",0.0869
PA006778,2023-09-02 20:04:52,"Aprendi receita nova no youtube, ficou otimo.",0.0961
PA006779,2023-09-02 20:31:44,"Tentei receita nova de bolo de cenoura, ficou fofinho.",0.0781
PA006780,2023-09-02 20:34:42,"Meditacao de manha, comecando o dia muito bem.",0.1234
PA006781,2023-09-02 22:49:32,Semana intensa mas muito satisfatoria no trabalho.,0.0
PA006782,2023-09-03 01:56:05,Leitura no jardim com tempo agradavel.,0.2029
PA006783,2023-09-03 02:30:11,Cansado desse sistema publico que nao funciona.,0.0502
PA006784,2023-09-03 02:37:23,Pedalada de tarde com vista incrivel do parque.,0.1471
PA006785,2023-09-03 02:39:54,"Preco de tudo subindo e salario parado, e muita coisa.",0.25
PA006786,2023-09-03 04:47:02,"Novo celular chegou, a camera e impressionante.",0.0318
PA006787,2023-09-03 06:29:12,Aplicativo de carona funcionou perfeitamente.,0.036
PA006788,2023-09-03 08:59:15,"Dia nublado mas tranquilo, bom para estudar sem distracao.",0.0585
PA006789,2023-09-03 09:27:35,Pedalada de tarde com vista incrivel do parque.,0.0614
PA006790,2023-09-03 10:24:38,"Domingo em familia, melhor dia da semana.",0.0672
PA006791,2023-09-03 10:54:37,Feira de artesanato gostosa de passear.,0.0621
PA006792,2023-09-03 11:08:02,Feira de artesanato gostosa de passear.,0.1433
PA006793,2023-09-03 14:01:46,Leitura no jardim com tempo agradavel.,0.063
PA006794,2023-09-03 14:02:41,Politico corrupto aparecendo na midia de novo.,0.1259
PA006795,2023-09-03 15:30:29,"Passei na certificacao, muito feliz com o resultado.",0.0967
PA006796,2023-09-03 16:13:43,"Passei na certificacao, muito feliz com o resultado.",0.085
PA006797,2023-09-03 16:43:06,"Padaria da esquina lancou sabor novo, recomendo.",0.158
PA006798,2023-09-03 17:57:45,"Pausa pro cafe com os colegas, bate-papo otimo.",0.0655
PA006799,2023-09-03 19:02:03,"Passei na certificacao, muito feliz com o resultado.",0.0965
PA006800,2023-09-03 19:12:17,Pedalada de tarde com vista incrivel do parque.,0.1073
PA006801,2023-09-03 19:37:44,"Viagem de fim de semana para cidade historica, valeu.",0.0504
PA006802,2023-09-03 22:00:11,"Novo celular chegou, a camera e impressionante.",0.1608
PA006803,2023-09-03 23:06:22,Semana intensa mas muito satisfatoria no trabalho.,0.11
PA006804,2023-09-03 23:18:27,"Serie nova incrivel, amei o primeiro episodio.",0.0068
PA006805,2023-09-04 00:50:11,"Academia hoje, treino puxado mas valeu muito.",0.0756
PA006806,2023-09-04 01:35:38,"Sol lindo hoje, cafe na varanda foi otimo.",0.0971
PA006807,2023-09-04 03:40:08,"Yoga pela manha, comecei o dia muito bem.",0.0726
PA006808,2023-09-04 04:02:33,"Sopa de legumes no frio, reconfortante e gostosa.",0.0408
PA006809,2023-09-04 04:47:27,"Que calor hoje, tive que ligar o ar condicionado logo cedo.",0.1338
PA006810,2023-09-04 05:05:08,Grupo de estudos foi muito produtivo hoje.,0.0789
PA006811,2023-09-04 05:43:18,"Fechei projeto importante essa semana, que alegria.",0.0703
PA006812,2023-09-04 06:46:28,Jantar simples mas gostoso com a familia.,0.011
PA006813,2023-09-04 06:48:56,"Que calor hoje, tive que ligar o ar condicionado logo cedo.",0.1542
PA006814,2023-09-04 08:49:04,"Apresentacao correu muito bem, todos gostaram.",0.1167
PA006815,2023-09-04 09:22:07,"Metro bem tranquilo essa manha, cheguei bem.",0.1391
PA006816,2023-09-04 11:06:24,"Volei com os amigos, muita risada e diversao.",0.0819
PA006817,2023-09-04 11:27:49,"Tentei receita nova de bolo de cenoura, ficou fofinho.",0.076
PA006818,2023-09-04 11:56:37,"Estudando para a prova de amanha, bem concentrado.",0.1499
PA006819,2023-09-04 12:08:43,"Praia tranquila, sol perfeito, descanso total.",0.0484
PA006820,2023-09-04 12:57:44,"Notebook novo chegou, que desempenho incrivel.",0.0803
PA006821,2023-09-04 13:38:44,"Teatro incrivel ontem, peca muito bem dirigida.",0.024
PA006822,2023-09-04 14:42:09,"Fui de bike hoje, que exercicio agradavel de manha.",0.0177
PA006823,2023-09-04 15:12:33,"Padaria da esquina lancou sabor novo, recomendo.",0.0738
PA006824,2023-09-04 15:48:15,Finalmente entendi aquele conceito que me travava.,0.0777
PA006825,2023-09-04 17:38:59,Finalmente entendi aquele conceito que me travava.,0.0379
PA006826,2023-09-04 19:32:53,"Home office com cafe fresquinho do lado, otimo.",0.0859
PA006827,2023-09-04 21:41:50,Atualizacao deixou o sistema muito mais rapido.,0.0851
PA006828,2023-09-04 21:52:46,"Maratonei a temporada completa, valeu cada minuto.",0.1051
PA006829,2023-09-04 22:18:54,"Fui de bike hoje, que exercicio agradavel de manha.",0.0505
PA006830,2023-09-04 22:18:59,Show ao vivo incrivel no fim de semana.,0.0169
PA006831,2023-09-04 22:53:36,"Sol lindo hoje, cafe na varanda foi otimo.",0.0372
PA006832,2023-09-04 23:42:07,"Fui de bike hoje, que exercicio agradavel de manha.",0.0996
PA006833,2023-09-05 02:52:02,"Apresentacao correu muito bem, todos gostaram.",0.0228
PA006834,2023-09-05 02:52:39,Leitura no jardim com tempo agradavel.,0.1023
PA006835,2023-09-05 02:58:53,"Praia tranquila, sol perfeito, descanso total.",0.0675
PA006836,2023-09-05 03:18:21,"Museu da cidade muito interessante, aprendi bastante.",0.0398
PA006837,2023-09-05 05:09:41,Nao aguento mais reclamacao sem solucao pratica.,0.5988
PA006838,2023-09-05 06:30:55,Finalmente entendi aquele conceito que me travava.,0.0711
PA006839,2023-09-05 09:23:55,"Configurei o home office com setup novo, otimo.",0.0959
PA006840,2023-09-05 10:32:45,Caminhada ate a estacao foi otima hoje.,0.0544
PA006841,2023-09-05 11:12:18,Atualizacao deixou o sistema muito mais rapido.,0.1609
PA006842,2023-09-05 11:32:29,"Academia hoje, treino puxado mas valeu muito.",0.1092
PA006843,2023-09-05 11:50:28,"Academia hoje, treino puxado mas valeu muito.",0.0443
PA006844,2023-09-05 12:20:51,"Trilha ecologica incrivel, natureza pura.",0.1016
PA006845,2023-09-05 13:33:43,"Estrada livre, cheguei no trabalho rapido hoje.",0.0686
PA006846,2023-09-05 13:43:14,Jantar simples mas gostoso com a familia.,0.0124
PA006847,2023-09-05 14:54:57,"Meu time ganhou hoje, que jogo bonito foi.",0.0361
PA006848,2023-09-05 16:02:51,"Passei na certificacao, muito feliz com o resultado.",0.0285
PA006849,2023-09-05 16:12:49,Brigadeiro de panela saiu incrivel hoje.,0.0129
PA006850,2023-09-05 16:42:10,"Vento agradavel hoje, aproveitei para caminhar no parque.",0.0728
PA006851,2023-09-05 17:58:24,"Acai gelado essa tarde, refrescante demais.",0.0804
PA006852,2023-09-05 18:14:42,"Que dia difícil, nada saiu como eu havia planejado.",0.4726
PA006853,2023-09-05 18:17:54,"Home office com cafe fresquinho do lado, otimo.",0.0737
PA006854,2023-09-05 18:51:56,Grupo de estudos foi muito produtivo hoje.,0.1211
PA006855,2023-09-05 20:31:03,"Dia nublado mas tranquilo, bom para estudar sem distracao.",0.1172
PA006856,2023-09-05 20:40:40,"Estrada livre, cheguei no trabalho rapido hoje.",0.1403
PA006857,2023-09-05 22:14:47,"Notebook novo chegou, que desempenho incrivel.",0.0548
PA006858,2023-09-05 23:05:53,Finalmente entendi aquele conceito que me travava.,0.2104
PA006859,2023-09-06 00:09:39,"Metro bem tranquilo essa manha, cheguei bem.",0.0938
PA006860,2023-09-06 00:30:55,"Fila do hospital andando devagar, sistema falido.",0.9841
PA006861,2023-09-06 00:48:21,Aplicativo travou bem na hora da reuniao importante.,0.2654
PA006862,2023-09-06 01:22:18,"Maratonei a temporada completa, valeu cada minuto.",0.0151
PA006863,2023-09-06 02:07:16,"Choveu a tarde toda, dia perfeito pra ficar em casa lendo.",0.1188
PA006864,2023-09-06 02:42:50,Que manha fresca e agradavel para uma caminhada.,0.0186
PA006865,2023-09-06 03:36:27,"Governo aumentando imposto de novo, inacreditavel.",0.5025
PA006866,2023-09-06 04:10:38,"Cuidando das plantas em casa, muito terapeutico.",0.1225
PA006867,2023-09-06 05:23:19,"Governo aumentando imposto de novo, inacreditavel.",0.9479
PA006868,2023-09-06 05:25:35,"Meu time ganhou hoje, que jogo bonito foi.",0.1374
PA006869,2023-09-06 05:47:39,"Multa de transito injusta, vou recorrer.",0.4816
PA006870,2023-09-06 07:38:13,"Churrasco com a familia no final de semana, delicioso.",0.1131
PA006871,2023-09-06 07:46:26,Nao consigo entender como essa situacao ainda nao mudou.,0.4739
PA006872,2023-09-06 08:19:06,"Home office com cafe fresquinho do lado, otimo.",0.1086
PA006873,2023-09-06 08:53:54,"Praia tranquila, sol perfeito, descanso total.",0.0763
PA006874,2023-09-06 10:54:17,"Maratonei a temporada completa, valeu cada minuto.",0.0702
PA006875,2023-09-06 12:34:24,"Meu time ganhou hoje, que jogo bonito foi.",0.2129
PA006876,2023-09-06 12:38:50,"Filme otimo ontem, fui ao cinema com a familia.",0.1283
PA006877,2023-09-06 12:44:04,Terminei o trabalho da faculdade com antecedencia.,0.0026
PA006878,2023-09-06 13:08:03,"Filme otimo ontem, fui ao cinema com a familia.",0.0468
PA006879,2023-09-06 13:09:38,"Natacao de manha, melhor inicio de dia possivel.",0.1193
PA006880,2023-09-06 13:45:30,"Sopa de legumes no frio, reconfortante e gostosa.",0.144
PA006881,2023-09-06 14:18:48,Pedalada de tarde com vista incrivel do parque.,0.0639
PA006882,2023-09-06 15:27:11,"Natacao de manha, melhor inicio de dia possivel.",0.1252
PA006883,2023-09-06 16:14:00,Atualizacao deixou o sistema muito mais rapido.,0.0038
PA006884,2023-09-06 16:22:23,"Home office com cafe fresquinho do lado, otimo.",0.0214
PA006885,2023-09-06 17:25:18,"Serie nova incrivel, amei o primeiro episodio.",0.0806
PA006886,2023-09-06 18:36:32,Que tarde relaxante lendo na rede.,0.1367
PA006887,2023-09-06 19:45:51,Podcast sobre tecnologia muito interessante.,0.0039
PA006888,2023-09-06 21:36:07,"Testei IA para ajudar com codigo, funcionou bem.",0.059
PA006889,2023-09-06 21:57:16,"Plantei temperos na sacada, que satisfacao.",0.0847
PA006890,2023-09-06 22:05:58,"Internet caindo toda hora, impossivel trabalhar assim.",0.0732
PA006891,2023-09-06 22:50:28,"Passeio com o cachorro no parque, ele adorou.",0.0771
PA006892,2023-09-07 01:16:13,Atualizacao deixou o sistema muito mais rapido.,0.0297
PA006893,2023-09-07 01:41:26,"Churrasco com a familia no final de semana, delicioso.",0.0301
PA006894,2023-09-07 02:00:34,"Dia nublado mas tranquilo, bom para estudar sem distracao.",0.087
PA006895,2023-09-07 03:32:48,"Praia tranquila, sol perfeito, descanso total.",0.0435
PA006896,2023-09-07 03:32:54,"Passeio com o cachorro no parque, ele adorou.",0.1887
PA006897,2023-09-07 03:39:40,"Filme otimo ontem, fui ao cinema com a familia.",0.0152
PA006898,2023-09-07 04:59:40,"Meu time ganhou hoje, que jogo bonito foi.",0.0284
PA006899,2023-09-07 05:05:15,"Fui de bike hoje, que exercicio agradavel de manha.",0.1945
PA006900,2023-09-07 05:32:02,"Vento agradavel hoje, aproveitei para caminhar no parque.",0.0515
PA006901,2023-09-07 07:42:25,"Fechei projeto importante essa semana, que alegria.",0.0681
PA006902,2023-09-07 10:35:08,Caminhada ate a estacao foi otima hoje.,0.1483
PA006903,2023-09-07 10:47:49,"Fechei projeto importante essa semana, que alegria.",0.085
PA006904,2023-09-07 11:29:50,"Consegui estacionamento logo de cara, dia de sorte mesmo.",0.0483
PA006905,2023-09-07 11:30:36,"Churrasco com a familia no final de semana, delicioso.",0.2019
PA006906,2023-09-07 12:21:13,Aplicativo de carona funcionou perfeitamente.,0.0763
PA006907,2023-09-07 16:02:01,"Meu time ganhou hoje, que jogo bonito foi.",0.0451
PA006908,2023-09-07 16:29:51,"Tentei receita nova de bolo de cenoura, ficou fofinho.",0.0676
PA006909,2023-09-07 16:49:08,"Musica nova do meu artista favorito, de outro nivel.",0.1763
PA006910,2023-09-07 17:14:23,"Passei na certificacao, muito feliz com o resultado.",0.1008
PA006911,2023-09-07 19:43:19,"Testei IA para ajudar com codigo, funcionou bem.",0.0982
PA006912,2023-09-07 20:04:38,Pedalada de tarde com vista incrivel do parque.,0.0363
PA006913,2023-09-07 20:33:28,"Que frustracao, meu time perdeu mais uma vez.",0.1874
PA006914,2023-09-07 21:28:29,Aplicativo de carona funcionou perfeitamente.,0.0757
PA006915,2023-09-07 21:40:20,"Natacao de manha, melhor inicio de dia possivel.",0.0743
PA006916,2023-09-07 22:07:19,Tarde produtiva organizando e limpando a casa.,0.1237
PA006917,2023-09-07 22:13:19,"Novo celular chegou, a camera e impressionante.",0.0204
PA006918,2023-09-07 22:44:15,Que manha fresca e agradavel para uma caminhada.,0.0621
PA006919,2023-09-07 23:00:48,"Tentei receita nova de bolo de cenoura, ficou fofinho.",0.0879
PA006920,2023-09-07 23:14:25,"Dia nublado mas tranquilo, bom para estudar sem distracao.",0.1343
PA006921,2023-09-07 23:51:09,"Dia nublado mas tranquilo, bom para estudar sem distracao.",0.1047
PA006922,2023-09-08 02:51:07,"Reuniao produtiva hoje, saimos com otimas ideias.",0.1433
PA006923,2023-09-08 03:22:48,"Fui num restaurante novo, a pizza estava espetacular.",0.0936
PA006924,2023-09-08 03:46:01,Brigadeiro de panela saiu incrivel hoje.,0.0921
PA006925,2023-09-08 05:40:12,"Metro bem tranquilo essa manha, cheguei bem.",0.1782
PA006926,2023-09-08 06:04:54,Finalmente entendi aquele conceito que me travava.,0.0922
PA006927,2023-09-08 07:16:09,Jantar simples mas gostoso com a familia.,0.0699
PA006928,2023-09-08 07:41:26,Semana intensa mas muito satisfatoria no trabalho.,0.0462
PA006929,2023-09-08 08:00:49,"Meu time ganhou hoje, que jogo bonito foi.",0.0246
PA006930,2023-09-08 08:41:40,"Notebook novo chegou, que desempenho incrivel.",0.1852
PA006931,2023-09-08 12:15:27,"Tarefa dificil concluida com sucesso, que satisfacao.",0.0538
PA006932,2023-09-08 12:49:38,"Plantei temperos na sacada, que satisfacao.",0.0548
PA006933,2023-09-08 14:10:14,Show ao vivo incrivel no fim de semana.,0.0469
PA006934,2023-09-08 14:12:04,"Vento agradavel hoje, aproveitei para caminhar no parque.",0.166
PA006935,2023-09-08 14:41:52,Caminhada ate a estacao foi otima hoje.,0.0976
PA006936,2023-09-08 14:48:42,"Dia nublado mas tranquilo, bom para estudar sem distracao.",0.1759
PA006937,2023-09-08 16:15:37,Podcast sobre tecnologia muito interessante.,0.0515
PA006938,2023-09-08 16:33:20,"Dia nublado mas tranquilo, bom para estudar sem distracao.",0.0818
PA006939,2023-09-08 16:42:35,Cafe da manha caprichado: tapioca com ovo e suco de laranja.,0.0921
PA006940,2023-09-08 17:14:26,"Apresentacao correu muito bem, todos gostaram.",0.0365
PA006941,2023-09-08 18:22:29,"Livro excelente sobre ciencia de dados, recomendo muito.",0.1687
PA006942,2023-09-08 19:30:28,"Natacao de manha, melhor inicio de dia possivel.",0.1836
PA006943,2023-09-08 19:35:48,Jantar simples mas gostoso com a familia.,0.1383
PA006944,2023-09-08 20:23:22,"Filme otimo ontem, fui ao cinema com a familia.",0.0485
PA006945,2023-09-09 00:37:19,Terminei o trabalho da faculdade com antecedencia.,0.0134
PA006946,2023-09-09 00:43:36,"Natacao de manha, melhor inicio de dia possivel.",0.0465
PA006947,2023-09-09 01:52:09,Que manha fresca e agradavel para uma caminhada.,0.0386
PA006948,2023-09-09 01:58:16,Cafe da manha caprichado: tapioca com ovo e suco de laranja.,0.0838
PA006949,2023-09-09 02:20:17,"Churrasco com a familia no final de semana, delicioso.",0.0746
PA006950,2023-09-09 02:43:57,Finalmente entendi aquele conceito que me travava.,0.0962
PA006951,2023-09-09 02:46:41,"Pipoca e serie boa na sexta, programa perfeito.",0.0218
PA006952,2023-09-09 04:43:55,"Tentei receita nova de bolo de cenoura, ficou fofinho.",0.1445
PA006953,2023-09-09 05:38:57,Leitura no jardim com tempo agradavel.,0.0554
PA006954,2023-09-09 05:53:50,Grupo de estudos foi muito produtivo hoje.,0.0708
PA006955,2023-09-09 06:10:39,"Estrada livre, cheguei no trabalho rapido hoje.",0.1468
PA006956,2023-09-09 06:58:21,Cafe da manha caprichado: tapioca com ovo e suco de laranja.,0.1841
PA006957,2023-09-09 09:27:04,"Aprendi receita nova no youtube, ficou otimo.",0.1196
PA006958,2023-09-09 09:51:01,"Trilha ecologica incrivel, natureza pura.",0.0669
PA006959,2023-09-09 12:32:48,"Corri 5km de manha, semana otima de treino.",0.0667
PA006960,2023-09-09 12:40:31,"Almoco incrivel hoje, fiz lasanha caseira do zero.",0.1124
PA006961,2023-09-09 12:59:49,Que manha fresca e agradavel para uma caminhada.,0.0492
PA006962,2023-09-09 13:06:35,Nao acredito mais nessa politica que nao resolve.,0.3341
PA006963,2023-09-09 13:24:33,"Estudando para a prova de amanha, bem concentrado.",0.1123
PA006964,2023-09-09 15:10:57,"Musica nova do meu artista favorito, de outro nivel.",0.0579
PA006965,2023-09-09 15:33:03,"Configurei o home office com setup novo, otimo.",0.1841
PA006966,2023-09-09 15:47:44,"Chuva passageira a tarde, depois o tempo abriu lindo.",0.046
PA006967,2023-09-09 16:05:49,Burocracia excessiva impossibilitando qualquer coisa.,0.498
PA006968,2023-09-09 16:11:58,"Tentei receita nova de bolo de cenoura, ficou fofinho.",0.1076
PA006969,2023-09-09 17:31:33,"Cuidando das plantas em casa, muito terapeutico.",0.1601
PA006970,2023-09-09 19:14:59,"Sopa de legumes no frio, reconfortante e gostosa.",0.0171
PA006971,2023-09-09 19:49:45,"Domingo em familia, melhor dia da semana.",0.0579
PA006972,2023-09-09 21:08:20,"Livro excelente sobre ciencia de dados, recomendo muito.",0.0653
PA006973,2023-09-09 21:13:06,"Vento agradavel hoje, aproveitei para caminhar no parque.",0.0366
PA006974,2023-09-09 21:35:11,Politico corrupto aparecendo na midia de novo.,0.0625
PA006975,2023-09-10 00:40:43,"Corri 5km de manha, semana otima de treino.",0.0302
PA006976,2023-09-10 02:47:35,"Musica nova do meu artista favorito, de outro nivel.",0.0449
PA006977,2023-09-10 03:40:04,Podcast sobre tecnologia muito interessante.,0.0898
PA006978,2023-09-10 05:44:05,"Reencontrei um amigo antigo por acaso, que alegria.",0.0619
PA006979,2023-09-10 08:47:03,"Museu da cidade muito interessante, aprendi bastante.",0.0
PA006980,2023-09-10 09:42:46,"Volei com os amigos, muita risada e diversao.",0.1115
PA006981,2023-09-10 10:29:08,"Meditacao de manha, comecando o dia muito bem.",0.0352
PA006982,2023-09-10 10:54:53,"Dia nublado mas tranquilo, bom para estudar sem distracao.",0.0394
PA006983,2023-09-10 11:58:43,"Fui num restaurante novo, a pizza estava espetacular.",0.0067
PA006984,2023-09-10 12:30:33,"Aprendi receita nova no youtube, ficou otimo.",0.0084
PA006985,2023-09-10 12:57:58,"Musica nova do meu artista favorito, de outro nivel.",0.0687
PA006986,2023-09-10 13:55:41,"Acai gelado essa tarde, refrescante demais.",0.0596
PA006987,2023-09-10 14:33:39,Terminei o trabalho da faculdade com antecedencia.,0.1578
PA006988,2023-09-10 15:12:07,"Meditacao de manha, comecando o dia muito bem.",0.1724
PA006989,2023-09-10 16:10:44,"Sopa de legumes no frio, reconfortante e gostosa.",0.099
PA006990,2023-09-10 18:29:11,App de produtividade novo que encontrei e otimo.,0.1484
PA006991,2023-09-10 20:59:21,"Passei na certificacao, muito feliz com o resultado.",0.0
PA006992,2023-09-10 23:44:27,Terminei o trabalho da faculdade com antecedencia.,0.1333
PA006993,2023-09-11 00:04:26,"Padaria da esquina lancou sabor novo, recomendo.",0.0553
PA006994,2023-09-11 01:32:11,"Biblioteca da universidade, ambiente otimo para estudar.",0.0543
PA006995,2023-09-11 01:35:43,"Serie nova incrivel, amei o primeiro episodio.",0.0338
PA006996,2023-09-11 01:58:45,"Padaria da esquina lancou sabor novo, recomendo.",0.14
PA006997,2023-09-11 03:37:28,Show ao vivo incrivel no fim de semana.,0.1084
PA006998,2023-09-11 04:43:37,"Apresentacao correu muito bem, todos gostaram.",0.0
PA006999,2023-09-11 05:17:13,Barulho da rua me deixou irritado o dia todo.,0.4198
PA007000,2023-09-11 06:13:46,Que manha fresca e agradavel para uma caminhada.,0.1186
PA007001,2023-09-11 07:35:44,"Fui num restaurante novo, a pizza estava espetacular.",0.084
PA007002,2023-09-11 07:37:12,"Que calor hoje, tive que ligar o ar condicionado logo cedo.",0.1427
PA007003,2023-09-11 07:55:04,"Teatro incrivel ontem, peca muito bem dirigida.",0.0345
PA007004,2023-09-11 08:02:09,Terminei o trabalho da faculdade com antecedencia.,0.0
PA007005,2023-09-11 10:06:00,"Acai gelado essa tarde, refrescante demais.",0.0389
PA007006,2023-09-11 10:37:03,"Almoco incrivel hoje, fiz lasanha caseira do zero.",0.1762
PA007007,2023-09-11 11:02:02,"Apresentacao correu muito bem, todos gostaram.",0.0387
PA007008,2023-09-11 11:05:20,"Novo celular chegou, a camera e impressionante.",0.0
PA007009,2023-09-11 11:08:26,"Minha mae fez feijao com arroz e linguica, classico perfeito.",0.1357
PA007010,2023-09-11 11:19:07,"Plantei temperos na sacada, que satisfacao.",0.0305
PA007011,2023-09-11 13:09:18,Aula incrivel sobre estatistica aplicada hoje.,0.0288
PA007012,2023-09-11 13:36:09,Tarde produtiva organizando e limpando a casa.,0.0972
PA007013,2023-09-11 14:17:37,"Passeio com o cachorro no parque, ele adorou.",0.1292
PA007014,2023-09-11 14:18:05,Tudo caro e qualidade cada vez pior.,0.7702
PA007015,2023-09-11 14:32:25,"Passei na certificacao, muito feliz com o resultado.",0.0793
PA007016,2023-09-11 17:12:34,"Padaria da esquina lancou sabor novo, recomendo.",0.0664
PA007017,2023-09-11 17:44:06,Grupo de estudos foi muito produtivo hoje.,0.0915
PA007018,2023-09-11 17:53:07,"Volei com os amigos, muita risada e diversao.",0.0323
PA007019,2023-09-11 17:55:12,Tarde produtiva organizando e limpando a casa.,0.1405
PA007020,2023-09-11 23:26:43,"Acai gelado essa tarde, refrescante demais.",0.1086
PA007021,2023-09-12 02:43:30,"Tarefa dificil concluida com sucesso, que satisfacao.",0.1971
PA007022,2023-09-12 03:45:34,Jogo novo me viciou de um jeito bom.,0.1041
PA007023,2023-09-12 04:05:00,"Livro excelente sobre ciencia de dados, recomendo muito.",0.0775
PA007024,2023-09-12 06:56:10,"Consegui estacionamento logo de cara, dia de sorte mesmo.",0.0723
PA007025,2023-09-12 07:03:58,"O outono chegou cedo esse ano, que frio gostoso de manha.",0.1169
PA007026,2023-09-12 10:21:46,Show ao vivo incrivel no fim de semana.,0.0904
PA007027,2023-09-12 10:35:16,"Meu time ganhou hoje, que jogo bonito foi.",0.1603
PA007028,2023-09-12 10:48:36,"Meditacao de manha, comecando o dia muito bem.",0.1116
PA007029,2023-09-12 11:16:59,"Corri 5km de manha, semana otima de treino.",0.0812
PA007030,2023-09-12 12:03:20,"Calor absurdo com falta de agua, descaso total.",0.6827
PA007031,2023-09-12 12:38:12,Grupo de estudos foi muito produtivo hoje.,0.0965
PA007032,2023-09-12 16:46:20,Atualizacao deixou o sistema muito mais rapido.,0.0
PA007033,2023-09-12 17:14:57,"Livro excelente sobre ciencia de dados, recomendo muito.",0.0406
PA007034,2023-09-12 18:32:00,"Metro bem tranquilo essa manha, cheguei bem.",0.1222
PA007035,2023-09-12 19:46:43,Aula incrivel sobre estatistica aplicada hoje.,0.1441
PA007036,2023-09-12 19:57:49,"Tentei receita nova de bolo de cenoura, ficou fofinho.",0.1335
PA007037,2023-09-12 19:57:57,"Serie nova incrivel, amei o primeiro episodio.",0.1624
PA007038,2023-09-12 20:02:49,"Musica nova do meu artista favorito, de outro nivel.",0.0509
PA007039,2023-09-12 20:34:45,"Passeio com o cachorro no parque, ele adorou.",0.0735
PA007040,2023-09-12 20:48:40,"Fui num restaurante novo, a pizza estava espetacular.",0.1308
PA007041,2023-09-12 21:36:53,Cafe da manha caprichado: tapioca com ovo e suco de laranja.,0.186
PA007042,2023-09-12 22:46:41,"Volei com os amigos, muita risada e diversao.",0.0713
PA007043,2023-09-12 23:12:33,"Filme otimo ontem, fui ao cinema com a familia.",0.14
PA007044,2023-09-13 00:55:36,"Dia nublado mas tranquilo, bom para estudar sem distracao.",0.0
PA007045,2023-09-13 01:00:30,"Biblioteca da universidade, ambiente otimo para estudar.",0.0383
PA007046,2023-09-13 02:27:44,"Estudando para a prova de amanha, bem concentrado.",0.1088
PA007047,2023-09-13 02:29:23,"Novo celular chegou, a camera e impressionante.",0.1851
PA007048,2023-09-13 02:56:26,Podcast sobre tecnologia muito interessante.,0.0274
PA007049,2023-09-13 05:16:41,"Academia hoje, treino puxado mas valeu muito.",0.1965
PA007050,2023-09-13 06:18:38,"Testei IA para ajudar com codigo, funcionou bem.",0.0509
PA007051,2023-09-13 08:04:15,"Trilha ecologica incrivel, natureza pura.",0.1507
PA007052,2023-09-13 08:28:58,"Metro bem tranquilo essa manha, cheguei bem.",0.0542
PA007053,2023-09-13 09:20:49,"Que calor hoje, tive que ligar o ar condicionado logo cedo.",0.0571
PA007054,2023-09-13 12:58:12,"Home office com cafe fresquinho do lado, otimo.",0.0629
PA007055,2023-09-13 13:15:53,Terminei o trabalho da faculdade com antecedencia.,0.1221
PA007056,2023-09-13 13:39:23,"Apresentacao correu muito bem, todos gostaram.",0.0
PA007057,2023-09-13 14:02:32,Aplicativo de carona funcionou perfeitamente.,0.0852
PA007058,2023-09-13 15:39:49,Brigadeiro de panela saiu incrivel hoje.,0.0264
PA007059,2023-09-13 15:42:40,Tarde produtiva organizando e limpando a casa.,0.022
PA007060,2023-09-13 16:47:24,Cafe da manha caprichado: tapioca com ovo e suco de laranja.,0.0398
PA007061,2023-09-13 16:51:41,"Chuva passageira a tarde, depois o tempo abriu lindo.",0.0326
PA007062,2023-09-13 20:26:07,"Apresentacao correu muito bem, todos gostaram.",0.021
PA007063,2023-09-13 21:47:32,"Atendimento pessimo no banco, perdi a tarde toda.",0.5416
PA007064,2023-09-13 23:10:49,"Maratonei a temporada completa, valeu cada minuto.",0.0608
PA007065,2023-09-13 23:37:04,"Teatro incrivel ontem, peca muito bem dirigida.",0.0
PA007066,2023-09-13 23:51:24,Aplicativo de carona funcionou perfeitamente.,0.157
PA007067,2023-09-13 23:59:41,"Maratonei a temporada completa, valeu cada minuto.",0.1372
PA007068,2023-09-14 00:13:17,Atualizacao deixou o sistema muito mais rapido.,0.0679
PA007069,2023-09-14 00:52:19,Atualizacao deixou o sistema muito mais rapido.,0.0942
PA007070,2023-09-14 01:28:24,Atualizacao deixou o sistema muito mais rapido.,0.0727
PA007071,2023-09-14 01:33:53,Jogo novo me viciou de um jeito bom.,0.0342
PA007072,2023-09-14 01:36:54,"Estudando para a prova de amanha, bem concentrado.",0.1131
PA007073,2023-09-14 02:09:19,"Chuva passageira a tarde, depois o tempo abriu lindo.",0.0816
PA007074,2023-09-14 03:26:30,"Corri 5km de manha, semana otima de treino.",0.1451
PA007075,2023-09-14 04:17:49,"Tentei receita nova de bolo de cenoura, ficou fofinho.",0.0226
PA007076,2023-09-14 04:46:55,Aula incrivel sobre estatistica aplicada hoje.,0.0775
PA007077,2023-09-14 05:36:28,"Yoga pela manha, comecei o dia muito bem.",0.1167
PA007078,2023-09-14 06:50:52,"Serie nova incrivel, amei o primeiro episodio.",0.0815
PA007079,2023-09-14 07:08:28,"Praia tranquila, sol perfeito, descanso total.",0.0744
PA007080,2023-09-14 07:19:38,"Mais um dia de transito horrivel, situacao absurda.",0.7292
PA007081,2023-09-14 08:04:58,Jogo novo me viciou de um jeito bom.,0.0246
PA007082,2023-09-14 08:07:08,"Natacao de manha, melhor inicio de dia possivel.",0.16
PA007083,2023-09-14 09:02:51,"Pipoca e serie boa na sexta, programa perfeito.",0.0
PA007084,2023-09-14 09:05:35,App de produtividade novo que encontrei e otimo.,0.0
PA007085,2023-09-14 11:12:40,Que tarde relaxante lendo na rede.,0.1628
PA007086,2023-09-14 11:23:27,Que tarde relaxante lendo na rede.,0.2094
PA007087,2023-09-14 11:43:43,Que manha fresca e agradavel para uma caminhada.,0.0063
PA007088,2023-09-14 11:47:29,"Pausa pro cafe com os colegas, bate-papo otimo.",0.1004
PA007089,2023-09-14 12:14:22,"Almoco incrivel hoje, fiz lasanha caseira do zero.",0.0976
PA007090,2023-09-14 12:33:03,"Estrada livre, cheguei no trabalho rapido hoje.",0.0583
PA007091,2023-09-14 14:42:33,"Meditacao de manha, comecando o dia muito bem.",0.0393
PA007092,2023-09-14 14:54:53,Terminei o trabalho da faculdade com antecedencia.,0.0015
PA007093,2023-09-14 15:44:26,Pedalada de tarde com vista incrivel do parque.,0.0329
PA007094,2023-09-14 17:19:38,"Aprendi receita nova no youtube, ficou otimo.",0.1011
PA007095,2023-09-14 17:35:57,"Fui de bike hoje, que exercicio agradavel de manha.",0.0286
PA007096,2023-09-14 18:51:48,"Yoga pela manha, comecei o dia muito bem.",0.105
PA007097,2023-09-14 19:06:05,Jantar simples mas gostoso com a familia.,0.034
PA007098,2023-09-14 19:16:13,"Chuva passageira a tarde, depois o tempo abriu lindo.",0.1148
PA007099,2023-09-14 19:21:04,Atualizacao deixou o sistema muito mais rapido.,0.0772
PA007100,2023-09-14 20:21:19,Podcast sobre tecnologia muito interessante.,0.122
PA007101,2023-09-14 20:37:49,"Passeio com o cachorro no parque, ele adorou.",0.0671
PA007102,2023-09-14 20:41:52,"Dia nublado mas tranquilo, bom para estudar sem distracao.",0.0501
PA007103,2023-09-14 21:30:37,"Passei na certificacao, muito feliz com o resultado.",0.12
PA007104,2023-09-14 21:37:30,"Trilha ecologica incrivel, natureza pura.",0.148
PA007105,2023-09-14 23:03:11,"Home office com cafe fresquinho do lado, otimo.",0.0
PA007106,2023-09-14 23:31:19,Nao acredito mais nessa politica que nao resolve.,0.5621
PA007107,2023-09-14 23:55:43,"Churrasco com a familia no final de semana, delicioso.",0.0572
PA007108,2023-09-15 01:50:27,"Fechei projeto importante essa semana, que alegria.",0.0625
PA007109,2023-09-15 02:45:45,App de produtividade novo que encontrei e otimo.,0.0
PA007110,2023-09-15 03:19:06,"Cuidando das plantas em casa, muito terapeutico.",0.0072
PA007111,2023-09-15 04:07:52,"O outono chegou cedo esse ano, que frio gostoso de manha.",0.0157
PA007112,2023-09-15 04:26:55,"Sol lindo hoje, cafe na varanda foi otimo.",0.0851
PA007113,2023-09-15 06:01:13,"Maratonei a temporada completa, valeu cada minuto.",0.0431
PA007114,2023-09-15 06:31:37,"Testei IA para ajudar com codigo, funcionou bem.",0.0373
PA007115,2023-09-15 08:38:22,"Estrada livre, cheguei no trabalho rapido hoje.",0.1655
PA007116,2023-09-15 08:54:17,"Apresentacao correu muito bem, todos gostaram.",0.1571
PA007117,2023-09-15 09:25:09,Cafe da manha caprichado: tapioca com ovo e suco de laranja.,0.0
PA007118,2023-09-15 09:30:37,"Livro excelente sobre ciencia de dados, recomendo muito.",0.106
PA007119,2023-09-15 09:44:29,"Minha mae fez feijao com arroz e linguica, classico perfeito.",0.0724
PA007120,2023-09-15 09:52:22,"Que calor hoje, tive que ligar o ar condicionado logo cedo.",0.1381
PA007121,2023-09-15 10:00:35,"Biblioteca da universidade, ambiente otimo para estudar.",0.0222
PA007122,2023-09-15 10:34:53,"O outono chegou cedo esse ano, que frio gostoso de manha.",0.073
PA007123,2023-09-15 11:41:55,Aula incrivel sobre estatistica aplicada hoje.,0.0557
PA007124,2023-09-15 12:21:28,"Passeio no interior no fim de semana, natureza linda.",0.0723
PA007125,2023-09-15 12:31:17,Semana intensa mas muito satisfatoria no trabalho.,0.085
PA007126,2023-09-15 14:14:29,"Padaria da esquina lancou sabor novo, recomendo.",0.0657
PA007127,2023-09-15 14:27:40,"Vizinho fazendo barulho ate tarde da noite, falta de respeito.",0.271
PA007128,2023-09-15 15:43:56,"Chuva passageira a tarde, depois o tempo abriu lindo.",0.0757
PA007129,2023-09-15 16:43:21,"Trilha ecologica incrivel, natureza pura.",0.1081
PA007130,2023-09-15 17:32:42,"Servico contratado nao foi entregue no prazo, absurdo.",0.9521
PA007131,2023-09-15 20:44:30,"Reencontrei um amigo antigo por acaso, que alegria.",0.0516
PA007132,2023-09-15 23:25:41,"Estrada livre, cheguei no trabalho rapido hoje.",0.0883
PA007133,2023-09-16 01:22:12,"Plantei temperos na sacada, que satisfacao.",0.159
PA007134,2023-09-16 02:28:30,"Maratonei a temporada completa, valeu cada minuto.",0.137
PA007135,2023-09-16 03:18:42,"Churrasco com a familia no final de semana, delicioso.",0.1748
PA007136,2023-09-16 03:44:56,Jogo novo me viciou de um jeito bom.,0.0
PA007137,2023-09-16 04:42:35,"Sol lindo hoje, cafe na varanda foi otimo.",0.136
PA007138,2023-09-16 06:41:07,"Filme otimo ontem, fui ao cinema com a familia.",0.0
PA007139,2023-09-16 06:56:07,"Pausa pro cafe com os colegas, bate-papo otimo.",0.1752
PA007140,2023-09-16 07:50:38,"Que semana frustrante, precisava que as coisas dessem certo.",0.8415
PA007141,2023-09-16 08:04:37,"Estrada livre, cheguei no trabalho rapido hoje.",0.0645
PA007142,2023-09-16 09:19:14,"Trilha ecologica incrivel, natureza pura.",0.1532
PA007143,2023-09-16 09:56:01,"Plantei temperos na sacada, que satisfacao.",0.1139
PA007144,2023-09-16 10:37:34,"Minha mae fez feijao com arroz e linguica, classico perfeito.",0.1284
PA007145,2023-09-16 10:57:33,"Passeio no interior no fim de semana, natureza linda.",0.0865
PA007146,2023-09-16 14:31:32,"Reencontrei um amigo antigo por acaso, que alegria.",0.0376
PA007147,2023-09-16 14:54:06,"Sol lindo hoje, cafe na varanda foi otimo.",0.0
PA007148,2023-09-16 17:22:16,"Sol lindo hoje, cafe na varanda foi otimo.",0.0527
PA007149,2023-09-16 17:39:14,"Academia hoje, treino puxado mas valeu muito.",0.1055
PA007150,2023-09-16 18:55:24,Que tarde relaxante lendo na rede.,0.0696
PA007151,2023-09-16 19:44:24,"Tarefa dificil concluida com sucesso, que satisfacao.",0.0492
PA007152,2023-09-16 19:46:24,"Serie nova incrivel, amei o primeiro episodio.",0.0098
PA007153,2023-09-16 20:36:40,"Livro excelente sobre ciencia de dados, recomendo muito.",0.1202
PA007154,2023-09-16 21:00:41,"Sol lindo hoje, cafe na varanda foi otimo.",0.0728
PA007155,2023-09-16 21:55:57,"Testei IA para ajudar com codigo, funcionou bem.",0.0573
PA007156,2023-09-16 22:23:24,App de produtividade novo que encontrei e otimo.,0.0093
PA007157,2023-09-16 22:42:17,"Home office com cafe fresquinho do lado, otimo.",0.0441
PA007158,2023-09-17 00:18:47,"Pausa pro cafe com os colegas, bate-papo otimo.",0.0759
PA007159,2023-09-17 00:30:51,"Vento agradavel hoje, aproveitei para caminhar no parque.",0.0545
PA007160,2023-09-17 01:07:03,"Padaria da esquina lancou sabor novo, recomendo.",0.1273
PA007161,2023-09-17 01:52:08,"Notebook novo chegou, que desempenho incrivel.",0.0916
PA007162,2023-09-17 04:36:01,"Churrasco com a familia no final de semana, delicioso.",0.0925
PA007163,2023-09-17 08:42:57,"Estrada livre, cheguei no trabalho rapido hoje.",0.0954
PA007164,2023-09-17 09:53:56,"Configurei o home office com setup novo, otimo.",0.0741
PA007165,2023-09-17 10:47:49,"Yoga pela manha, comecei o dia muito bem.",0.1242
PA007166,2023-09-17 11:24:58,"Choveu a tarde toda, dia perfeito pra ficar em casa lendo.",0.0746
PA007167,2023-09-17 11:41:33,Que manha fresca e agradavel para uma caminhada.,0.0744
PA007168,2023-09-17 12:07:10,Feira de artesanato gostosa de passear.,0.0106
PA007169,2023-09-17 12:09:42,"Passeio com o cachorro no parque, ele adorou.",0.0186
PA007170,2023-09-17 12:35:12,"Passeio com o cachorro no parque, ele adorou.",0.1135
PA007171,2023-09-17 15:34:42,"Que calor hoje, tive que ligar o ar condicionado logo cedo.",0.0
PA007172,2023-09-17 18:03:24,"Novo celular chegou, a camera e impressionante.",0.0
PA007173,2023-09-17 18:55:35,"Volei com os amigos, muita risada e diversao.",0.0623
PA007174,2023-09-17 19:28:37,"Meditacao de manha, comecando o dia muito bem.",0.1371
PA007175,2023-09-17 21:22:09,Podcast sobre tecnologia muito interessante.,0.1488
PA007176,2023-09-17 21:27:39,Finalmente entendi aquele conceito que me travava.,0.0407
PA007177,2023-09-17 21:30:49,"Fui de bike hoje, que exercicio agradavel de manha.",0.0755
PA007178,2023-09-17 22:01:48,"Fui num restaurante novo, a pizza estava espetacular.",0.0459
PA007179,2023-09-17 22:19:55,"Que calor hoje, tive que ligar o ar condicionado logo cedo.",0.0801
PA007180,2023-09-17 23:40:22,"Musica nova do meu artista favorito, de outro nivel.",0.1253
PA007181,2023-09-18 00:14:18,"Maratonei a temporada completa, valeu cada minuto.",0.1247
PA007182,2023-09-18 01:13:05,"Que calor hoje, tive que ligar o ar condicionado logo cedo.",0.0462
PA007183,2023-09-18 01:44:47,Semana intensa mas muito satisfatoria no trabalho.,0.0648
PA007184,2023-09-18 02:19:05,App de produtividade novo que encontrei e otimo.,0.0419
PA007185,2023-09-18 03:06:24,"Que dia difícil, nada saiu como eu havia planejado.",0.5415
PA007186,2023-09-18 04:40:19,"Reencontrei um amigo antigo por acaso, que alegria.",0.0191
PA007187,2023-09-18 06:15:30,Pedalada de tarde com vista incrivel do parque.,0.134
PA007188,2023-09-18 06:46:57,App de produtividade novo que encontrei e otimo.,0.0
PA007189,2023-09-18 07:39:45,"Volei com os amigos, muita risada e diversao.",0.083
PA007190,2023-09-18 08:57:57,"Sopa de legumes no frio, reconfortante e gostosa.",0.0116
PA007191,2023-09-18 09:23:42,Podcast sobre tecnologia muito interessante.,0.03
PA007192,2023-09-18 10:49:55,"Pipoca e serie boa na sexta, programa perfeito.",0.0646
PA007193,2023-09-18 12:05:47,Aplicativo de carona funcionou perfeitamente.,0.1335
PA007194,2023-09-18 12:44:53,Brigadeiro de panela saiu incrivel hoje.,0.106
PA007195,2023-09-18 13:00:08,App de produtividade novo que encontrei e otimo.,0.1056
PA007196,2023-09-18 13:05:28,Aplicativo de carona funcionou perfeitamente.,0.0
PA007197,2023-09-18 14:15:45,Show ao vivo incrivel no fim de semana.,0.0264
PA007198,2023-09-18 15:28:46,Que tarde relaxante lendo na rede.,0.0698
PA007199,2023-09-18 15:51:09,Cafe da manha caprichado: tapioca com ovo e suco de laranja.,0.0674
PA007200,2023-09-18 16:59:54,"Configurei o home office com setup novo, otimo.",0.0948
PA007201,2023-09-18 18:18:56,"Consegui estacionamento logo de cara, dia de sorte mesmo.",0.118
PA007202,2023-09-18 19:00:13,"Home office com cafe fresquinho do lado, otimo.",0.0851
PA007203,2023-09-18 19:08:16,"Fila do hospital andando devagar, sistema falido.",0.8608
PA007204,2023-09-18 20:20:20,"O outono chegou cedo esse ano, que frio gostoso de manha.",0.0757
PA007205,2023-09-18 20:23:16,"Sol lindo hoje, cafe na varanda foi otimo.",0.1183
PA007206,2023-09-18 21:30:25,Caminhada ate a estacao foi otima hoje.,0.0541
PA007207,2023-09-18 22:28:59,"Minha mae fez feijao com arroz e linguica, classico perfeito.",0.1176
PA007208,2023-09-18 22:56:33,"Museu da cidade muito interessante, aprendi bastante.",0.0155
PA007209,2023-09-19 00:45:51,"Sopa de legumes no frio, reconfortante e gostosa.",0.1484
PA007210,2023-09-19 00:57:01,Jantar simples mas gostoso com a familia.,0.1393
PA007211,2023-09-19 02:42:44,"Passeio no interior no fim de semana, natureza linda.",0.0777
PA007212,2023-09-19 03:12:20,"Livro excelente sobre ciencia de dados, recomendo muito.",0.085
PA007213,2023-09-19 03:18:22,"Livro excelente sobre ciencia de dados, recomendo muito.",0.0
PA007214,2023-09-19 03:33:07,"Museu da cidade muito interessante, aprendi bastante.",0.0245
PA007215,2023-09-19 04:30:19,"Domingo em familia, melhor dia da semana.",0.0649
PA007216,2023-09-19 05:22:20,"Passeio no interior no fim de semana, natureza linda.",0.0266
PA007217,2023-09-19 07:28:31,"Passeio no interior no fim de semana, natureza linda.",0.0731
PA007218,2023-09-19 07:39:34,"Reencontrei um amigo antigo por acaso, que alegria.",0.1852
PA007219,2023-09-19 09:18:43,"Aprendi receita nova no youtube, ficou otimo.",0.0859
PA007220,2023-09-19 09:46:29,"Cuidando das plantas em casa, muito terapeutico.",0.1223
PA007221,2023-09-19 10:16:16,"Fechei projeto importante essa semana, que alegria.",0.1511
PA007222,2023-09-19 12:19:10,"Estrada livre, cheguei no trabalho rapido hoje.",0.0
PA007223,2023-09-19 12:25:19,"Sol lindo hoje, cafe na varanda foi otimo.",0.1187
PA007224,2023-09-19 12:42:55,Que manha fresca e agradavel para uma caminhada.,0.0266
PA007225,2023-09-19 14:20:37,"Passeio com o cachorro no parque, ele adorou.",0.1272
PA007226,2023-09-19 14:44:11,"Meditacao de manha, comecando o dia muito bem.",0.0479
PA007227,2023-09-19 15:43:48,Jantar simples mas gostoso com a familia.,0.0335
PA007228,2023-09-19 16:32:51,Jogo novo me viciou de um jeito bom.,0.0434
PA007229,2023-09-19 16:45:32,Caminhada ate a estacao foi otima hoje.,0.1496
PA007230,2023-09-19 19:26:03,Aplicativo de carona funcionou perfeitamente.,0.007
PA007231,2023-09-19 20:40:29,"Passeio no interior no fim de semana, natureza linda.",0.22
PA007232,2023-09-19 22:06:50,"Natacao de manha, melhor inicio de dia possivel.",0.0103
PA007233,2023-09-20 01:07:55,"Reencontrei um amigo antigo por acaso, que alegria.",0.1447
PA007234,2023-09-20 01:53:07,"Serie nova incrivel, amei o primeiro episodio.",0.0466
PA007235,2023-09-20 02:32:11,"Configurei o home office com setup novo, otimo.",0.0211
PA007236,2023-09-20 03:15:15,Podcast sobre tecnologia muito interessante.,0.0986
PA007237,2023-09-20 03:24:47,"Novo celular chegou, a camera e impressionante.",0.174
PA007238,2023-09-20 03:53:14,"Maratonei a temporada completa, valeu cada minuto.",0.0347
PA007239,2023-09-20 06:31:38,Que manha fresca e agradavel para uma caminhada.,0.074
PA007240,2023-09-20 06:45:46,"Cuidando das plantas em casa, muito terapeutico.",0.0078
PA007241,2023-09-20 07:18:27,"Apresentacao correu muito bem, todos gostaram.",0.1603
PA007242,2023-09-20 08:05:47,"Acai gelado essa tarde, refrescante demais.",0.0265
PA007243,2023-09-20 08:36:38,"Meditacao de manha, comecando o dia muito bem.",0.0476
PA007244,2023-09-20 11:15:41,"Academia hoje, treino puxado mas valeu muito.",0.0177
PA007245,2023-09-20 11:17:13,Que manha fresca e agradavel para uma caminhada.,0.0
PA007246,2023-09-20 12:03:23,"Maratonei a temporada completa, valeu cada minuto.",0.0182
PA007247,2023-09-20 12:45:44,App de produtividade novo que encontrei e otimo.,0.1248
PA007248,2023-09-20 13:19:51,"Pipoca e serie boa na sexta, programa perfeito.",0.0588
PA007249,2023-09-20 14:12:26,"Cuidando das plantas em casa, muito terapeutico.",0.0474
PA007250,2023-09-20 16:44:47,"Passeio com o cachorro no parque, ele adorou.",0.0455
PA007251,2023-09-20 17:52:30,App de produtividade novo que encontrei e otimo.,0.1013
PA007252,2023-09-20 18:00:47,"Minha mae fez feijao com arroz e linguica, classico perfeito.",0.0835
PA007253,2023-09-20 21:08:48,"Academia hoje, treino puxado mas valeu muito.",0.0806
PA007254,2023-09-20 21:49:41,"Pipoca e serie boa na sexta, programa perfeito.",0.1348
PA007255,2023-09-20 23:38:40,"O outono chegou cedo esse ano, que frio gostoso de manha.",0.0634
PA007256,2023-09-20 23:44:20,Nao aguento mais reclamacao sem solucao pratica.,0.0378
PA007257,2023-09-21 00:03:05,"Meu time ganhou hoje, que jogo bonito foi.",0.0349
PA007258,2023-09-21 01:31:47,"Teatro incrivel ontem, peca muito bem dirigida.",0.1321
PA007259,2023-09-21 01:32:38,"Tentei receita nova de bolo de cenoura, ficou fofinho.",0.0385
PA007260,2023-09-21 02:31:50,"Plantei temperos na sacada, que satisfacao.",0.0661
PA007261,2023-09-21 03:00:55,"Reuniao produtiva hoje, saimos com otimas ideias.",0.1371
PA007262,2023-09-21 03:33:00,"Passeio no interior no fim de semana, natureza linda.",0.0443
PA007263,2023-09-21 03:56:18,"Fui de bike hoje, que exercicio agradavel de manha.",0.0941
PA007264,2023-09-21 04:39:06,"Volei com os amigos, muita risada e diversao.",0.0454
PA007265,2023-09-21 05:07:25,"Teatro incrivel ontem, peca muito bem dirigida.",0.0086
PA007266,2023-09-21 05:31:03,"Sol lindo hoje, cafe na varanda foi otimo.",0.0391
PA007267,2023-09-21 06:07:55,"Onibus chegou no horario hoje, que surpresa agradavel.",0.0434
PA007268,2023-09-21 06:21:56,"Chuva passageira a tarde, depois o tempo abriu lindo.",0.0495
PA007269,2023-09-21 06:52:52,"Livro excelente sobre ciencia de dados, recomendo muito.",0.1165
PA007270,2023-09-21 07:10:11,"Almoco incrivel hoje, fiz lasanha caseira do zero.",0.074
PA007271,2023-09-21 08:45:49,Aplicativo de carona funcionou perfeitamente.,0.0928
PA007272,2023-09-21 08:58:59,"Estudando para a prova de amanha, bem concentrado.",0.0
PA007273,2023-09-21 10:16:16,Show ao vivo incrivel no fim de semana.,0.1199
PA007274,2023-09-21 10:18:13,Brigadeiro de panela saiu incrivel hoje.,0.0885
PA007275,2023-09-21 10:24:49,"Teatro incrivel ontem, peca muito bem dirigida.",0.1797
PA007276,2023-09-21 12:39:35,"Meditacao de manha, comecando o dia muito bem.",0.1956
PA007277,2023-09-21 13:02:48,Que manha fresca e agradavel para uma caminhada.,0.0224
PA007278,2023-09-21 13:13:19,Terminei o trabalho da faculdade com antecedencia.,0.0468
PA007279,2023-09-21 13:31:58,"Fila do hospital andando devagar, sistema falido.",0.9211
PA007280,2023-09-21 16:50:45,"Serie nova incrivel, amei o primeiro episodio.",0.0964
PA007281,2023-09-21 17:01:47,"Trilha ecologica incrivel, natureza pura.",0.0884
PA007282,2023-09-21 17:56:40,Pedalada de tarde com vista incrivel do parque.,0.0988
PA007283,2023-09-21 18:59:09,"Trilha ecologica incrivel, natureza pura.",0.037
PA007284,2023-09-21 19:05:15,"Estrada livre, cheguei no trabalho rapido hoje.",0.0
PA007285,2023-09-21 19:12:45,"Reencontrei um amigo antigo por acaso, que alegria.",0.0871
PA007286,2023-09-21 19:33:52,"Pipoca e serie boa na sexta, programa perfeito.",0.0321
PA007287,2023-09-21 20:21:24,"Estudando para a prova de amanha, bem concentrado.",0.128
PA007288,2023-09-21 20:53:30,Jogo novo me viciou de um jeito bom.,0.1101
PA007289,2023-09-21 21:43:11,"Cuidando das plantas em casa, muito terapeutico.",0.0627
PA007290,2023-09-21 22:19:01,"Tarefa dificil concluida com sucesso, que satisfacao.",0.1439
PA007291,2023-09-21 22:21:07,"Consegui estacionamento logo de cara, dia de sorte mesmo.",0.0739
PA007292,2023-09-21 22:59:29,"Fui num restaurante novo, a pizza estava espetacular.",0.1036
PA007293,2023-09-21 23:14:17,"Testei IA para ajudar com codigo, funcionou bem.",0.0
PA007294,2023-09-22 00:24:01,"Meditacao de manha, comecando o dia muito bem.",0.0935
PA007295,2023-09-22 00:54:35,"Testei IA para ajudar com codigo, funcionou bem.",0.0135
PA007296,2023-09-22 02:06:54,"Pipoca e serie boa na sexta, programa perfeito.",0.141
PA007297,2023-09-22 03:19:09,"Musica nova do meu artista favorito, de outro nivel.",0.0805
PA007298,2023-09-22 03:38:17,Show ao vivo incrivel no fim de semana.,0.159
PA007299,2023-09-22 03:46:12,"Almoco incrivel hoje, fiz lasanha caseira do zero.",0.0875
PA007300,2023-09-22 04:43:01,Cafe da manha caprichado: tapioca com ovo e suco de laranja.,0.1272
PA007301,2023-09-22 05:22:46,"Biblioteca da universidade, ambiente otimo para estudar.",0.126
PA007302,2023-09-22 05:58:46,Que tarde relaxante lendo na rede.,0.1263
PA007303,2023-09-22 06:36:45,Jantar simples mas gostoso com a familia.,0.1152
PA007304,2023-09-22 07:11:28,Leitura no jardim com tempo agradavel.,0.1774
PA007305,2023-09-22 10:57:01,"Pipoca e serie boa na sexta, programa perfeito.",0.142
PA007306,2023-09-22 11:05:31,"Dia nublado mas tranquilo, bom para estudar sem distracao.",0.1006
PA007307,2023-09-22 11:39:36,Finalmente entendi aquele conceito que me travava.,0.0728
PA007308,2023-09-22 13:06:24,"Maratonei a temporada completa, valeu cada minuto.",0.0851
PA007309,2023-09-22 14:01:53,"Aprendi receita nova no youtube, ficou otimo.",0.1683
PA007310,2023-09-22 18:15:01,"Choveu a tarde toda, dia perfeito pra ficar em casa lendo.",0.0025
PA007311,2023-09-22 18:53:14,"Que calor hoje, tive que ligar o ar condicionado logo cedo.",0.0269
PA007312,2023-09-22 19:07:23,"Vento agradavel hoje, aproveitei para caminhar no parque.",0.0379
PA007313,2023-09-22 19:22:17,"Serie nova incrivel, amei o primeiro episodio.",0.0846
PA007314,2023-09-22 20:43:04,Semana intensa mas muito satisfatoria no trabalho.,0.1594
PA007315,2023-09-22 20:46:46,"Sopa de legumes no frio, reconfortante e gostosa.",0.0
PA007316,2023-09-22 22:16:01,Grupo de estudos foi muito produtivo hoje.,0.0792
PA007317,2023-09-22 22:21:01,Tarde produtiva organizando e limpando a casa.,0.1162
PA007318,2023-09-22 22:28:30,"Padaria da esquina lancou sabor novo, recomendo.",0.0505
PA007319,2023-09-22 22:42:48,Pedalada de tarde com vista incrivel do parque.,0.0994
PA007320,2023-09-23 00:36:14,"Passeio no interior no fim de semana, natureza linda.",0.0332
PA007321,2023-09-23 01:51:23,"Que frustracao, meu time perdeu mais uma vez.",0.1414
PA007322,2023-09-23 01:52:40,"Servico contratado nao foi entregue no prazo, absurdo.",0.6064
PA007323,2023-09-23 02:46:28,"Almoco incrivel hoje, fiz lasanha caseira do zero.",0.1483
PA007324,2023-09-23 03:54:06,"Vento agradavel hoje, aproveitei para caminhar no parque.",0.1148
PA007325,2023-09-23 03:58:12,"Novo celular chegou, a camera e impressionante.",0.1438
PA007326,2023-09-23 05:19:18,"Configurei o home office com setup novo, otimo.",0.1048
PA007327,2023-09-23 05:26:36,Leitura no jardim com tempo agradavel.,0.1368
PA007328,2023-09-23 05:55:29,Show ao vivo incrivel no fim de semana.,0.0931
PA007329,2023-09-23 07:05:45,"Que calor hoje, tive que ligar o ar condicionado logo cedo.",0.0853
PA007330,2023-09-23 07:11:27,"Acai gelado essa tarde, refrescante demais.",0.0228
PA007331,2023-09-23 10:53:24,Nao consigo entender como essa situacao ainda nao mudou.,0.252
PA007332,2023-09-23 11:18:33,Grupo de estudos foi muito produtivo hoje.,0.0711
PA007333,2023-09-23 14:42:03,"Minha mae fez feijao com arroz e linguica, classico perfeito.",0.1627
PA007334,2023-09-23 15:21:16,"Academia hoje, treino puxado mas valeu muito.",0.1429
PA007335,2023-09-23 17:18:10,"Metro bem tranquilo essa manha, cheguei bem.",0.103
PA007336,2023-09-23 19:01:59,"Trilha ecologica incrivel, natureza pura.",0.0
PA007337,2023-09-23 20:17:12,"Plantei temperos na sacada, que satisfacao.",0.0978
PA007338,2023-09-23 20:47:50,"Trilha ecologica incrivel, natureza pura.",0.0333
PA007339,2023-09-23 21:53:32,Jogo novo me viciou de um jeito bom.,0.0302
PA007340,2023-09-23 22:31:56,"Novo celular chegou, a camera e impressionante.",0.127
PA007341,2023-09-24 00:27:38,"Fui de bike hoje, que exercicio agradavel de manha.",0.1142
PA007342,2023-09-24 02:03:02,"Musica nova do meu artista favorito, de outro nivel.",0.1301
PA007343,2023-09-24 02:56:56,"Testei IA para ajudar com codigo, funcionou bem.",0.0856
PA007344,2023-09-24 03:49:40,"Reuniao produtiva hoje, saimos com otimas ideias.",0.1033
PA007345,2023-09-24 04:46:59,"Configurei o home office com setup novo, otimo.",0.1332
PA007346,2023-09-24 04:55:11,Atualizacao deixou o sistema muito mais rapido.,0.1245
PA007347,2023-09-24 06:03:59,"Domingo em familia, melhor dia da semana.",0.1063
PA007348,2023-09-24 06:31:01,"Meditacao de manha, comecando o dia muito bem.",0.1258
PA007349,2023-09-24 08:33:27,"Natacao de manha, melhor inicio de dia possivel.",0.0296
PA007350,2023-09-24 08:38:21,Que tarde relaxante lendo na rede.,0.1564
PA007351,2023-09-24 12:56:29,"Churrasco com a familia no final de semana, delicioso.",0.1208
PA007352,2023-09-24 13:49:13,"Viagem de fim de semana para cidade historica, valeu.",0.1543
PA007353,2023-09-24 14:03:50,"Praia tranquila, sol perfeito, descanso total.",0.1279
PA007354,2023-09-24 14:24:23,Leitura no jardim com tempo agradavel.,0.0576
PA007355,2023-09-24 14:38:44,"Cuidando das plantas em casa, muito terapeutico.",0.1204
PA007356,2023-09-24 16:00:26,"Meditacao de manha, comecando o dia muito bem.",0.0797
PA007357,2023-09-24 16:12:05,"Metro bem tranquilo essa manha, cheguei bem.",0.1462
PA007358,2023-09-24 16:52:01,"Teatro incrivel ontem, peca muito bem dirigida.",0.106
PA007359,2023-09-24 17:06:14,"Maratonei a temporada completa, valeu cada minuto.",0.019
PA007360,2023-09-24 17:43:02,"Chega de promessa vazia, quero resultado de verdade.",0.791
PA007361,2023-09-24 18:03:22,"Passeio com o cachorro no parque, ele adorou.",0.1858
PA007362,2023-09-24 18:14:30,"Minha mae fez feijao com arroz e linguica, classico perfeito.",0.0716
PA007363,2023-09-24 18:52:46,"Home office com cafe fresquinho do lado, otimo.",0.0696
PA007364,2023-09-24 19:22:21,"Corri 5km de manha, semana otima de treino.",0.075
PA007365,2023-09-24 20:31:01,"Livro excelente sobre ciencia de dados, recomendo muito.",0.1061
PA007366,2023-09-24 21:23:32,"Que dia difícil, nada saiu como eu havia planejado.",0.3441
PA007367,2023-09-24 22:20:34,"Natacao de manha, melhor inicio de dia possivel.",0.1474
PA007368,2023-09-24 23:40:28,"Maratonei a temporada completa, valeu cada minuto.",0.1424
PA007369,2023-09-25 00:02:14,"Yoga pela manha, comecei o dia muito bem.",0.1451
PA007370,2023-09-25 00:51:10,"Tentei receita nova de bolo de cenoura, ficou fofinho.",0.1253
PA007371,2023-09-25 03:31:39,Atualizacao deixou o sistema muito mais rapido.,0.083
PA007372,2023-09-25 05:03:37,"Dia nublado mas tranquilo, bom para estudar sem distracao.",0.021
PA007373,2023-09-25 05:33:02,Aula incrivel sobre estatistica aplicada hoje.,0.0917
PA007374,2023-09-25 05:42:10,"Padaria da esquina lancou sabor novo, recomendo.",0.0879
PA007375,2023-09-25 06:00:21,Feira de artesanato gostosa de passear.,0.0143
PA007376,2023-09-25 06:21:24,"Domingo em familia, melhor dia da semana.",0.0441
PA007377,2023-09-25 06:43:04,"Passeio no interior no fim de semana, natureza linda.",0.1571
PA007378,2023-09-25 06:46:42,"Choveu a tarde toda, dia perfeito pra ficar em casa lendo.",0.109
PA007379,2023-09-25 07:32:47,"Biblioteca da universidade, ambiente otimo para estudar.",0.0864
PA007380,2023-09-25 09:46:26,Aula incrivel sobre estatistica aplicada hoje.,0.0165
PA007381,2023-09-25 09:51:42,"Novo celular chegou, a camera e impressionante.",0.1268
PA007382,2023-09-25 10:41:29,Que tarde relaxante lendo na rede.,0.0328
PA007383,2023-09-25 11:16:03,Que manha fresca e agradavel para uma caminhada.,0.22
PA007384,2023-09-25 12:10:17,"Musica nova do meu artista favorito, de outro nivel.",0.0607
PA007385,2023-09-25 12:14:49,"Onibus chegou no horario hoje, que surpresa agradavel.",0.1007
PA007386,2023-09-25 14:00:00,"Acai gelado essa tarde, refrescante demais.",0.0441
PA007387,2023-09-25 14:14:48,"Fui num restaurante novo, a pizza estava espetacular.",0.0
PA007388,2023-09-25 16:06:12,"Estrada livre, cheguei no trabalho rapido hoje.",0.0587
PA007389,2023-09-25 16:06:26,"Apresentacao correu muito bem, todos gostaram.",0.0287
PA007390,2023-09-25 16:18:01,Atualizacao deixou o sistema muito mais rapido.,0.1003
PA007391,2023-09-25 16:35:04,"Notebook novo chegou, que desempenho incrivel.",0.1253
PA007392,2023-09-25 19:41:59,"Domingo em familia, melhor dia da semana.",0.1245
PA007393,2023-09-25 21:56:43,"Plantei temperos na sacada, que satisfacao.",0.0251
PA007394,2023-09-25 23:56:32,"Museu da cidade muito interessante, aprendi bastante.",0.0476
PA007395,2023-09-26 00:40:44,"Serie nova incrivel, amei o primeiro episodio.",0.1208
PA007396,2023-09-26 01:07:06,"Trilha ecologica incrivel, natureza pura.",0.0559
PA007397,2023-09-26 01:51:15,"Cuidando das plantas em casa, muito terapeutico.",0.0887
PA007398,2023-09-26 02:38:55,Cafe da manha caprichado: tapioca com ovo e suco de laranja.,0.0471
PA007399,2023-09-26 02:41:04,Brigadeiro de panela saiu incrivel hoje.,0.117
PA007400,2023-09-26 04:06:48,Atualizacao deixou o sistema muito mais rapido.,0.0
PA007401,2023-09-26 05:34:01,"Pausa pro cafe com os colegas, bate-papo otimo.",0.1113
PA007402,2023-09-26 06:22:16,"Cuidando das plantas em casa, muito terapeutico.",0.0817
PA007403,2023-09-26 07:26:28,"Home office com cafe fresquinho do lado, otimo.",0.1943
PA007404,2023-09-26 08:55:35,"Passei na certificacao, muito feliz com o resultado.",0.1849
PA007405,2023-09-26 10:16:37,"Home office com cafe fresquinho do lado, otimo.",0.0447
PA007406,2023-09-26 10:36:00,"Fui de bike hoje, que exercicio agradavel de manha.",0.0618
PA007407,2023-09-26 10:37:04,"Estudando para a prova de amanha, bem concentrado.",0.1242
PA007408,2023-09-26 10:46:01,"Tarefa dificil concluida com sucesso, que satisfacao.",0.1367
PA007409,2023-09-26 10:49:17,"Reencontrei um amigo antigo por acaso, que alegria.",0.0953
PA007410,2023-09-26 12:00:35,Aplicativo de carona funcionou perfeitamente.,0.1167
PA007411,2023-09-26 12:14:04,"Fui de bike hoje, que exercicio agradavel de manha.",0.0536
PA007412,2023-09-26 12:38:24,"Biblioteca da universidade, ambiente otimo para estudar.",0.1499
PA007413,2023-09-26 13:35:04,"Maratonei a temporada completa, valeu cada minuto.",0.202
PA007414,2023-09-26 15:02:04,"Churrasco com a familia no final de semana, delicioso.",0.0121
PA007415,2023-09-26 16:35:19,Jantar simples mas gostoso com a familia.,0.079
PA007416,2023-09-26 17:00:32,"Sol lindo hoje, cafe na varanda foi otimo.",0.0937
PA007417,2023-09-26 18:21:31,"Notebook novo chegou, que desempenho incrivel.",0.0245
PA007418,2023-09-26 18:52:13,"Pausa pro cafe com os colegas, bate-papo otimo.",0.0685
PA007419,2023-09-26 22:32:07,"Academia hoje, treino puxado mas valeu muito.",0.1009
PA007420,2023-09-26 23:03:00,"Museu da cidade muito interessante, aprendi bastante.",0.0984
PA007421,2023-09-26 23:41:16,Nao aguento mais reclamacao sem solucao pratica.,0.373
PA007422,2023-09-27 00:43:18,Leitura no jardim com tempo agradavel.,0.0405
PA007423,2023-09-27 01:02:32,"Testei IA para ajudar com codigo, funcionou bem.",0.151
PA007424,2023-09-27 01:28:05,"Volei com os amigos, muita risada e diversao.",0.0559
PA007425,2023-09-27 01:33:09,"Consegui estacionamento logo de cara, dia de sorte mesmo.",0.1017
PA007426,2023-09-27 06:11:46,"Churrasco com a familia no final de semana, delicioso.",0.1545
PA007427,2023-09-27 06:20:47,Que manha fresca e agradavel para uma caminhada.,0.0679
PA007428,2023-09-27 06:45:04,Caminhada ate a estacao foi otima hoje.,0.1049
PA007429,2023-09-27 06:53:55,"Pausa pro cafe com os colegas, bate-papo otimo.",0.0847
PA007430,2023-09-27 07:42:57,"Tarefa dificil concluida com sucesso, que satisfacao.",0.0927
PA007431,2023-09-27 07:49:24,"Chuva passageira a tarde, depois o tempo abriu lindo.",0.0513
PA007432,2023-09-27 08:04:56,"Tentei receita nova de bolo de cenoura, ficou fofinho.",0.0693
PA007433,2023-09-27 08:44:10,Terminei o trabalho da faculdade com antecedencia.,0.0547
PA007434,2023-09-27 09:05:18,"Reencontrei um amigo antigo por acaso, que alegria.",0.0468
PA007435,2023-09-27 10:44:19,"Tarefa dificil concluida com sucesso, que satisfacao.",0.0226
PA007436,2023-09-27 11:03:07,Que manha fresca e agradavel para uma caminhada.,0.0799
PA007437,2023-09-27 11:13:14,"Pipoca e serie boa na sexta, programa perfeito.",0.1123
PA007438,2023-09-27 11:16:40,Finalmente entendi aquele conceito que me travava.,0.1046
PA007439,2023-09-27 11:26:07,"Trilha ecologica incrivel, natureza pura.",0.1158
PA007440,2023-09-27 11:35:08,"Musica nova do meu artista favorito, de outro nivel.",0.0151
PA007441,2023-09-27 11:43:14,Semana intensa mas muito satisfatoria no trabalho.,0.1736
PA007442,2023-09-27 12:15:31,"Que calor hoje, tive que ligar o ar condicionado logo cedo.",0.055
PA007443,2023-09-27 13:00:05,Cafe da manha caprichado: tapioca com ovo e suco de laranja.,0.144
PA007444,2023-09-27 13:10:21,Leitura no jardim com tempo agradavel.,0.0
PA007445,2023-09-27 14:59:04,"Passei na certificacao, muito feliz com o resultado.",0.0203
PA007446,2023-09-27 15:14:08,Politico corrupto aparecendo na midia de novo.,0.8155
PA007447,2023-09-27 16:06:23,Pedalada de tarde com vista incrivel do parque.,0.1032
PA007448,2023-09-27 16:27:01,"Tarefa dificil concluida com sucesso, que satisfacao.",0.1101
PA007449,2023-09-27 17:37:28,Show ao vivo incrivel no fim de semana.,0.0
PA007450,2023-09-27 18:14:05,"Pausa pro cafe com os colegas, bate-papo otimo.",0.0931
PA007451,2023-09-27 19:28:19,"Academia hoje, treino puxado mas valeu muito.",0.0341
PA007452,2023-09-27 20:16:36,"Pipoca e serie boa na sexta, programa perfeito.",0.1391
PA007453,2023-09-27 20:20:34,Atualizacao deixou o sistema muito mais rapido.,0.1295
PA007454,2023-09-27 21:06:01,"Minha mae fez feijao com arroz e linguica, classico perfeito.",0.0386
PA007455,2023-09-27 21:25:37,"Biblioteca da universidade, ambiente otimo para estudar.",0.0
PA007456,2023-09-27 23:02:15,"Cuidando das plantas em casa, muito terapeutico.",0.1446
PA007457,2023-09-27 23:23:00,"Onibus chegou no horario hoje, que surpresa agradavel.",0.065
PA007458,2023-09-28 00:33:41,"Estrada livre, cheguei no trabalho rapido hoje.",0.1307
PA007459,2023-09-28 00:34:50,"Corri 5km de manha, semana otima de treino.",0.114
PA007460,2023-09-28 01:37:05,"Sopa de legumes no frio, reconfortante e gostosa.",0.0
PA007461,2023-09-28 02:10:11,"Meu time ganhou hoje, que jogo bonito foi.",0.0295
PA007462,2023-09-28 02:59:21,"Notebook novo chegou, que desempenho incrivel.",0.109
PA007463,2023-09-28 03:50:25,Leitura no jardim com tempo agradavel.,0.2056
PA007464,2023-09-28 04:39:05,Grupo de estudos foi muito produtivo hoje.,0.106
PA007465,2023-09-28 05:02:32,"Cuidando das plantas em casa, muito terapeutico.",0.1572
PA007466,2023-09-28 05:46:41,"Estrada livre, cheguei no trabalho rapido hoje.",0.0236
PA007467,2023-09-28 07:49:08,"Servico contratado nao foi entregue no prazo, absurdo.",0.8631
PA007468,2023-09-28 08:10:23,"Maratonei a temporada completa, valeu cada minuto.",0.0615
PA007469,2023-09-28 08:30:03,Caminhada ate a estacao foi otima hoje.,0.0225
PA007470,2023-09-28 10:22:55,Caminhada ate a estacao foi otima hoje.,0.0681
PA007471,2023-09-28 10:51:46,"Configurei o home office com setup novo, otimo.",0.0977
PA007472,2023-09-28 11:20:24,"Apresentacao correu muito bem, todos gostaram.",0.0122
PA007473,2023-09-28 12:39:23,"Livro excelente sobre ciencia de dados, recomendo muito.",0.0285
PA007474,2023-09-28 13:06:22,"Passeio no interior no fim de semana, natureza linda.",0.0645
PA007475,2023-09-28 13:17:25,"Tarefa dificil concluida com sucesso, que satisfacao.",0.0518
PA007476,2023-09-28 14:27:39,"Minha mae fez feijao com arroz e linguica, classico perfeito.",0.0029
PA007477,2023-09-28 15:54:55,"Apresentacao correu muito bem, todos gostaram.",0.0684
PA007478,2023-09-28 16:01:47,"Sopa de legumes no frio, reconfortante e gostosa.",0.0968
PA007479,2023-09-28 16:18:48,"Padaria da esquina lancou sabor novo, recomendo.",0.0864
PA007480,2023-09-28 16:55:36,"Fila do hospital andando devagar, sistema falido.",0.0783
PA007481,2023-09-28 16:59:41,"Acai gelado essa tarde, refrescante demais.",0.0681
PA007482,2023-09-28 17:57:26,"Vento agradavel hoje, aproveitei para caminhar no parque.",0.0
PA007483,2023-09-28 19:05:52,"Notebook novo chegou, que desempenho incrivel.",0.1281
PA007484,2023-09-28 19:17:11,"Chuva passageira a tarde, depois o tempo abriu lindo.",0.1029
PA007485,2023-09-28 19:38:32,Jogo novo me viciou de um jeito bom.,0.0406
PA007486,2023-09-28 19:40:54,"Praia tranquila, sol perfeito, descanso total.",0.0974
PA007487,2023-09-28 19:52:05,"Passei na certificacao, muito feliz com o resultado.",0.1241
PA007488,2023-09-28 20:53:06,"Reuniao produtiva hoje, saimos com otimas ideias.",0.127
PA007489,2023-09-28 21:16:52,"Fui de bike hoje, que exercicio agradavel de manha.",0.0662
PA007490,2023-09-28 21:28:09,"Corri 5km de manha, semana otima de treino.",0.0614
PA007491,2023-09-28 21:28:52,"Almoco incrivel hoje, fiz lasanha caseira do zero.",0.1206
PA007492,2023-09-28 21:50:01,"Meditacao de manha, comecando o dia muito bem.",0.0
PA007493,2023-09-28 22:17:46,Tarde produtiva organizando e limpando a casa.,0.0664
PA007494,2023-09-28 23:00:04,Brigadeiro de panela saiu incrivel hoje.,0.1029
PA007495,2023-09-29 00:10:36,"Volei com os amigos, muita risada e diversao.",0.0498
PA007496,2023-09-29 02:02:11,"Notebook novo chegou, que desempenho incrivel.",0.02
PA007497,2023-09-29 06:05:54,Barulho da rua me deixou irritado o dia todo.,0.4813
PA007498,2023-09-29 07:22:23,"Pausa pro cafe com os colegas, bate-papo otimo.",0.0951
PA007499,2023-09-29 09:10:30,"Museu da cidade muito interessante, aprendi bastante.",0.1185
PA007500,2023-09-29 09:55:25,"Praia tranquila, sol perfeito, descanso total.",0.0972
PA007501,2023-09-29 10:48:39,"Serie nova incrivel, amei o primeiro episodio.",0.083
PA007502,2023-09-29 11:05:46,"Vizinho fazendo barulho ate tarde da noite, falta de respeito.",0.6658
PA007503,2023-09-29 11:16:26,"Sol lindo hoje, cafe na varanda foi otimo.",0.0327
PA007504,2023-09-29 12:49:17,"Maratonei a temporada completa, valeu cada minuto.",0.1072
PA007505,2023-09-29 13:55:51,"Fechei projeto importante essa semana, que alegria.",0.0905
PA007506,2023-09-29 13:58:08,"Almoco incrivel hoje, fiz lasanha caseira do zero.",0.177
PA007507,2023-09-29 14:02:32,"Sopa de legumes no frio, reconfortante e gostosa.",0.1613
PA007508,2023-09-29 16:35:46,"Cuidando das plantas em casa, muito terapeutico.",0.0
PA007509,2023-09-29 16:47:31,"Reuniao produtiva hoje, saimos com otimas ideias.",0.1937
PA007510,2023-09-29 17:11:38,Atualizacao deixou o sistema muito mais rapido.,0.0928
PA007511,2023-09-29 17:17:51,"Tarefa dificil concluida com sucesso, que satisfacao.",0.0975
PA007512,2023-09-29 17:26:37,Jantar simples mas gostoso com a familia.,0.0833
PA007513,2023-09-29 20:58:40,Jogo novo me viciou de um jeito bom.,0.0741
PA007514,2023-09-29 21:35:04,"Serie nova incrivel, amei o primeiro episodio.",0.0012
PA007515,2023-09-30 01:53:01,"Metro bem tranquilo essa manha, cheguei bem.",0.1277
PA007516,2023-09-30 03:43:58,"Estudando para a prova de amanha, bem concentrado.",0.1663
PA007517,2023-09-30 04:16:14,"Minha mae fez feijao com arroz e linguica, classico perfeito.",0.1047
PA007518,2023-09-30 04:29:56,"Vento agradavel hoje, aproveitei para caminhar no parque.",0.0209
PA007519,2023-09-30 06:12:30,Aplicativo de carona funcionou perfeitamente.,0.0
PA007520,2023-09-30 08:14:08,"Mais um dia de transito horrivel, situacao absurda.",0.6463
PA007521,2023-09-30 08:40:05,Aplicativo de carona funcionou perfeitamente.,0.0958
PA007522,2023-09-30 09:21:00,"Pausa pro cafe com os colegas, bate-papo otimo.",0.12
PA007523,2023-09-30 10:55:18,"Estudando para a prova de amanha, bem concentrado.",0.1031
PA007524,2023-09-30 11:08:09,"Natacao de manha, melhor inicio de dia possivel.",0.0
PA007525,2023-09-30 15:01:20,"Domingo em familia, melhor dia da semana.",0.0669
PA007526,2023-09-30 15:17:52,"Novo celular chegou, a camera e impressionante.",0.0207
PA007527,2023-09-30 15:38:20,"Maratonei a temporada completa, valeu cada minuto.",0.142
PA007528,2023-09-30 16:01:41,"Biblioteca da universidade, ambiente otimo para estudar.",0.105
PA007529,2023-09-30 17:50:48,"Praia tranquila, sol perfeito, descanso total.",0.0015
PA007530,2023-09-30 18:18:28,"Teatro incrivel ontem, peca muito bem dirigida.",0.0211
PA007531,2023-09-30 18:51:45,"Cuidando das plantas em casa, muito terapeutico.",0.1012
PA007532,2023-09-30 21:59:28,"Serie nova incrivel, amei o primeiro episodio.",0.0963
PA007533,2023-09-30 23:35:53,"Passei na certificacao, muito feliz com o resultado.",0.0978
PA007534,2023-10-01 01:04:41,"Meu time ganhou hoje, que jogo bonito foi.",0.0
PA007535,2023-10-01 02:35:21,"Que semana frustrante, precisava que as coisas dessem certo.",0.2122
PA007536,2023-10-01 04:20:16,Finalmente entendi aquele conceito que me travava.,0.0697
PA007537,2023-10-01 05:51:01,"Fui num restaurante novo, a pizza estava espetacular.",0.0
PA007538,2023-10-01 07:41:07,"Meditacao de manha, comecando o dia muito bem.",0.1259
PA007539,2023-10-01 07:41:56,Que tarde relaxante lendo na rede.,0.1728
PA007540,2023-10-01 08:09:07,"Fui num restaurante novo, a pizza estava espetacular.",0.0767
PA007541,2023-10-01 08:31:26,"Que calor hoje, tive que ligar o ar condicionado logo cedo.",0.1228
PA007542,2023-10-01 09:12:11,"Consegui estacionamento logo de cara, dia de sorte mesmo.",0.0693
PA007543,2023-10-01 09:27:19,Que tarde relaxante lendo na rede.,0.0982
PA007544,2023-10-01 10:06:35,"Viagem de fim de semana para cidade historica, valeu.",0.145
PA007545,2023-10-01 11:34:06,"Maratonei a temporada completa, valeu cada minuto.",0.0023
PA007546,2023-10-01 15:22:55,"Onibus chegou no horario hoje, que surpresa agradavel.",0.001
PA007547,2023-10-01 16:46:53,"Meditacao de manha, comecando o dia muito bem.",0.0525
PA007548,2023-10-01 16:58:28,"Configurei o home office com setup novo, otimo.",0.0865
PA007549,2023-10-01 17:05:49,"Passeio no interior no fim de semana, natureza linda.",0.085
PA007550,2023-10-01 17:21:15,"Serie nova incrivel, amei o primeiro episodio.",0.1088
PA007551,2023-10-01 18:13:27,Show ao vivo incrivel no fim de semana.,0.0
PA007552,2023-10-01 18:31:31,"Trilha ecologica incrivel, natureza pura.",0.0595
PA007553,2023-10-01 19:10:50,"Aprendi receita nova no youtube, ficou otimo.",0.0
PA007554,2023-10-01 20:26:54,"Novo celular chegou, a camera e impressionante.",0.0486
PA007555,2023-10-01 22:03:56,"Sol lindo hoje, cafe na varanda foi otimo.",0.1199
PA007556,2023-10-01 23:27:52,"Reuniao produtiva hoje, saimos com otimas ideias.",0.1413
PA007557,2023-10-02 01:33:12,Grupo de estudos foi muito produtivo hoje.,0.0466
PA007558,2023-10-02 01:46:49,"Consegui estacionamento logo de cara, dia de sorte mesmo.",0.0211
PA007559,2023-10-02 02:16:46,Que tarde relaxante lendo na rede.,0.0301
PA007560,2023-10-02 02:45:47,"Que frustracao, meu time perdeu mais uma vez.",0.9173
PA007561,2023-10-02 03:29:01,Leitura no jardim com tempo agradavel.,0.0692
PA007562,2023-10-02 04:44:48,Que manha fresca e agradavel para uma caminhada.,0.0719
PA007563,2023-10-02 04:47:44,"Testei IA para ajudar com codigo, funcionou bem.",0.0799
PA007564,2023-10-02 07:40:40,"Academia hoje, treino puxado mas valeu muito.",0.0692
PA007565,2023-10-02 08:46:31,Feira de artesanato gostosa de passear.,0.0212
PA007566,2023-10-02 10:31:43,"Fechei projeto importante essa semana, que alegria.",0.0683
PA007567,2023-10-02 12:55:45,"Praia tranquila, sol perfeito, descanso total.",0.072
PA007568,2023-10-02 13:17:19,"Estudando para a prova de amanha, bem concentrado.",0.1199
PA007569,2023-10-02 13:40:17,Cansado desse sistema publico que nao funciona.,0.8385
PA007570,2023-10-02 13:53:31,Cafe da manha caprichado: tapioca com ovo e suco de laranja.,0.0577
PA007571,2023-10-02 14:33:44,"Acai gelado essa tarde, refrescante demais.",0.066
PA007572,2023-10-02 14:55:32,"Estrada livre, cheguei no trabalho rapido hoje.",0.1214
PA007573,2023-10-02 15:17:41,"Saturado desse emprego, preciso mudar de vida.",0.9714
PA007574,2023-10-02 15:37:01,"Yoga pela manha, comecei o dia muito bem.",0.0281
PA007575,2023-10-02 16:51:53,Aplicativo de carona funcionou perfeitamente.,0.0907
PA007576,2023-10-02 17:15:39,"Meditacao de manha, comecando o dia muito bem.",0.1077
PA007577,2023-10-02 18:43:59,"Passei na certificacao, muito feliz com o resultado.",0.0222
PA007578,2023-10-02 19:07:08,"Choveu a tarde toda, dia perfeito pra ficar em casa lendo.",0.0589
PA007579,2023-10-02 19:40:04,"Volei com os amigos, muita risada e diversao.",0.1029
PA007580,2023-10-02 20:31:00,"Estrada livre, cheguei no trabalho rapido hoje.",0.1652
PA007581,2023-10-02 20:52:19,"Domingo em familia, melhor dia da semana.",0.0832
PA007582,2023-10-02 23:53:14,"Academia hoje, treino puxado mas valeu muito.",0.0905
PA007583,2023-10-03 00:01:19,Feira de artesanato gostosa de passear.,0.0583
PA007584,2023-10-03 01:08:39,"Chuva passageira a tarde, depois o tempo abriu lindo.",0.1519
PA007585,2023-10-03 01:28:54,"Meditacao de manha, comecando o dia muito bem.",0.104
PA007586,2023-10-03 01:55:57,"Estrada livre, cheguei no trabalho rapido hoje.",0.101
PA007587,2023-10-03 03:55:55,"Serie nova incrivel, amei o primeiro episodio.",0.0011
PA007588,2023-10-03 04:05:50,"Teatro incrivel ontem, peca muito bem dirigida.",0.0004
PA007589,2023-10-03 04:37:05,"Corri 5km de manha, semana otima de treino.",0.0772
PA007590,2023-10-03 05:17:07,"Pausa pro cafe com os colegas, bate-papo otimo.",0.0304
PA007591,2023-10-03 07:09:46,"Consegui estacionamento logo de cara, dia de sorte mesmo.",0.1352
PA007592,2023-10-03 07:21:48,Semana intensa mas muito satisfatoria no trabalho.,0.0852
PA007593,2023-10-03 07:58:26,"Governo aumentando imposto de novo, inacreditavel.",0.3569
PA007594,2023-10-03 08:33:27,Brigadeiro de panela saiu incrivel hoje.,0.05
PA007595,2023-10-03 12:17:18,"Passei na certificacao, muito feliz com o resultado.",0.0246
PA007596,2023-10-03 12:28:51,"Reencontrei um amigo antigo por acaso, que alegria.",0.0898
PA007597,2023-10-03 14:07:21,"Pipoca e serie boa na sexta, programa perfeito.",0.1271
PA007598,2023-10-03 15:13:54,"Fui de bike hoje, que exercicio agradavel de manha.",0.0
PA007599,2023-10-03 17:18:08,Finalmente entendi aquele conceito que me travava.,0.1117
PA007600,2023-10-03 17:38:05,"Reuniao produtiva hoje, saimos com otimas ideias.",0.0
PA007601,2023-10-03 18:18:25,"Volei com os amigos, muita risada e diversao.",0.0907
PA007602,2023-10-03 19:12:41,"Corri 5km de manha, semana otima de treino.",0.0846
PA007603,2023-10-03 20:02:30,"Testei IA para ajudar com codigo, funcionou bem.",0.1594
PA007604,2023-10-03 20:09:30,"Serie nova incrivel, amei o primeiro episodio.",0.0741
PA007605,2023-10-03 20:45:38,"Padaria da esquina lancou sabor novo, recomendo.",0.1336
PA007606,2023-10-03 21:35:11,"Que calor hoje, tive que ligar o ar condicionado logo cedo.",0.0144
PA007607,2023-10-03 22:43:57,Podcast sobre tecnologia muito interessante.,0.131
PA007608,2023-10-03 23:47:18,"Biblioteca da universidade, ambiente otimo para estudar.",0.0792
PA007609,2023-10-03 23:57:50,"Fechei projeto importante essa semana, que alegria.",0.0873
PA007610,2023-10-03 23:58:28,"Onibus chegou no horario hoje, que surpresa agradavel.",0.0582
PA007611,2023-10-04 01:47:18,"O outono chegou cedo esse ano, que frio gostoso de manha.",0.1233
PA007612,2023-10-04 02:03:34,"Dia nublado mas tranquilo, bom para estudar sem distracao.",0.1141
PA007613,2023-10-04 02:26:44,"Chuva passageira a tarde, depois o tempo abriu lindo.",0.055
PA007614,2023-10-04 02:52:34,Jantar simples mas gostoso com a familia.,0.0738
PA007615,2023-10-04 03:05:22,"Minha mae fez feijao com arroz e linguica, classico perfeito.",0.0718
PA007616,2023-10-04 03:31:58,Pedalada de tarde com vista incrivel do parque.,0.0537
PA007617,2023-10-04 04:44:22,"Novo celular chegou, a camera e impressionante.",0.0423
PA007618,2023-10-04 05:18:44,"Que calor hoje, tive que ligar o ar condicionado logo cedo.",0.0482
PA007619,2023-10-04 06:36:32,Feira de artesanato gostosa de passear.,0.024
PA007620,2023-10-04 08:35:12,Cafe da manha caprichado: tapioca com ovo e suco de laranja.,0.121
PA007621,2023-10-04 08:36:06,"Home office com cafe fresquinho do lado, otimo.",0.0843
PA007622,2023-10-04 08:44:29,"Home office com cafe fresquinho do lado, otimo.",0.0026
PA007623,2023-10-04 09:03:01,"Consegui estacionamento logo de cara, dia de sorte mesmo.",0.1461
PA007624,2023-10-04 10:00:17,"Acai gelado essa tarde, refrescante demais.",0.0918
PA007625,2023-10-04 10:19:20,Semana intensa mas muito satisfatoria no trabalho.,0.1226
PA007626,2023-10-04 15:43:10,Que manha fresca e agradavel para uma caminhada.,0.1267
PA007627,2023-10-04 18:29:39,"Corri 5km de manha, semana otima de treino.",0.0882
PA007628,2023-10-04 18:55:58,"Praia tranquila, sol perfeito, descanso total.",0.2196
PA007629,2023-10-04 19:21:49,Que tarde relaxante lendo na rede.,0.0342
PA007630,2023-10-04 19:31:53,Que manha fresca e agradavel para uma caminhada.,0.1224
PA007631,2023-10-04 20:42:14,"Acai gelado essa tarde, refrescante demais.",0.0442
PA007632,2023-10-04 21:43:05,"Padaria da esquina lancou sabor novo, recomendo.",0.1553
PA007633,2023-10-04 23:33:56,"Governo aumentando imposto de novo, inacreditavel.",0.8165
PA007634,2023-10-04 23:42:27,"Passeio com o cachorro no parque, ele adorou.",0.0751
PA007635,2023-10-05 00:18:46,"Aprendi receita nova no youtube, ficou otimo.",0.1022
PA007636,2023-10-05 01:26:31,"Configurei o home office com setup novo, otimo.",0.1054
PA007637,2023-10-05 03:02:46,"Filme otimo ontem, fui ao cinema com a familia.",0.0458
PA007638,2023-10-05 06:11:34,"Meditacao de manha, comecando o dia muito bem.",0.0241
PA007639,2023-10-05 06:48:15,"Pipoca e serie boa na sexta, programa perfeito.",0.1919
PA007640,2023-10-05 06:58:43,"Apresentacao correu muito bem, todos gostaram.",0.029
PA007641,2023-10-05 08:44:20,Cafe da manha caprichado: tapioca com ovo e suco de laranja.,0.0703
PA007642,2023-10-05 08:58:22,"Consegui estacionamento logo de cara, dia de sorte mesmo.",0.0433
PA007643,2023-10-05 08:59:03,"O outono chegou cedo esse ano, que frio gostoso de manha.",0.0902
PA007644,2023-10-05 10:43:16,"Pipoca e serie boa na sexta, programa perfeito.",0.0893
PA007645,2023-10-05 11:49:59,"Acai gelado essa tarde, refrescante demais.",0.0131
PA007646,2023-10-05 12:20:24,"Pipoca e serie boa na sexta, programa perfeito.",0.0963
PA007647,2023-10-05 12:24:39,Finalmente entendi aquele conceito que me travava.,0.1016
PA007648,2023-10-05 12:31:03,"Que calor hoje, tive que ligar o ar condicionado logo cedo.",0.0928
PA007649,2023-10-05 12:32:41,Cafe da manha caprichado: tapioca com ovo e suco de laranja.,0.113
PA007650,2023-10-05 13:04:32,"Estudando para a prova de amanha, bem concentrado.",0.0988
PA007651,2023-10-05 13:06:36,App de produtividade novo que encontrei e otimo.,0.034
PA007652,2023-10-05 13:47:57,"Que calor hoje, tive que ligar o ar condicionado logo cedo.",0.1855
PA007653,2023-10-05 14:30:29,"Meu time ganhou hoje, que jogo bonito foi.",0.1174
PA007654,2023-10-05 14:36:50,"Corri 5km de manha, semana otima de treino.",0.0787
PA007655,2023-10-05 15:31:03,"Biblioteca da universidade, ambiente otimo para estudar.",0.0531
PA007656,2023-10-05 16:06:40,"Reencontrei um amigo antigo por acaso, que alegria.",0.22
PA007657,2023-10-05 16:30:31,"Metro bem tranquilo essa manha, cheguei bem.",0.0639
PA007658,2023-10-05 19:29:39,"Minha mae fez feijao com arroz e linguica, classico perfeito.",0.0012
PA007659,2023-10-05 19:50:17,"Passeio com o cachorro no parque, ele adorou.",0.0895
PA007660,2023-10-05 21:19:40,"Plantei temperos na sacada, que satisfacao.",0.137
PA007661,2023-10-05 23:07:41,"Chuva passageira a tarde, depois o tempo abriu lindo.",0.0903
PA007662,2023-10-05 23:40:15,"Serie nova incrivel, amei o primeiro episodio.",0.0807
PA007663,2023-10-05 23:48:24,Aplicativo travou bem na hora da reuniao importante.,0.2827
PA007664,2023-10-06 03:30:45,"Pipoca e serie boa na sexta, programa perfeito.",0.086
PA007665,2023-10-06 03:59:46,"Consegui estacionamento logo de cara, dia de sorte mesmo.",0.0664
PA007666,2023-10-06 04:08:58,"Yoga pela manha, comecei o dia muito bem.",0.1285
PA007667,2023-10-06 04:55:23,"Apresentacao correu muito bem, todos gostaram.",0.0464
PA007668,2023-10-06 05:36:15,"Home office com cafe fresquinho do lado, otimo.",0.0
PA007669,2023-10-06 06:13:00,"Pausa pro cafe com os colegas, bate-papo otimo.",0.0188
PA007670,2023-10-06 07:35:31,"Aprendi receita nova no youtube, ficou otimo.",0.1859
PA007671,2023-10-06 07:41:42,Pedalada de tarde com vista incrivel do parque.,0.001
PA007672,2023-10-06 08:38:44,"Fui num restaurante novo, a pizza estava espetacular.",0.0708
PA007673,2023-10-06 09:40:25,"Home office com cafe fresquinho do lado, otimo.",0.1263
PA007674,2023-10-06 10:07:24,Jantar simples mas gostoso com a familia.,0.1178
PA007675,2023-10-06 10:45:36,"Minha mae fez feijao com arroz e linguica, classico perfeito.",0.0
PA007676,2023-10-06 10:51:27,"Filme otimo ontem, fui ao cinema com a familia.",0.1423
PA007677,2023-10-06 11:24:48,"Apresentacao correu muito bem, todos gostaram.",0.0937
PA007678,2023-10-06 11:57:59,Aula incrivel sobre estatistica aplicada hoje.,0.0783
PA007679,2023-10-06 12:24:27,"Metro bem tranquilo essa manha, cheguei bem.",0.0993
PA007680,2023-10-06 12:43:37,"Churrasco com a familia no final de semana, delicioso.",0.0957
PA007681,2023-10-06 13:23:01,Jantar simples mas gostoso com a familia.,0.0902
PA007682,2023-10-06 14:35:04,"Metro bem tranquilo essa manha, cheguei bem.",0.0716
PA007683,2023-10-06 16:33:08,"Onibus chegou no horario hoje, que surpresa agradavel.",0.038
PA007684,2023-10-06 18:59:17,"Minha mae fez feijao com arroz e linguica, classico perfeito.",0.1162
PA007685,2023-10-06 20:44:51,"Teatro incrivel ontem, peca muito bem dirigida.",0.0615
PA007686,2023-10-06 21:23:59,"Teatro incrivel ontem, peca muito bem dirigida.",0.1672
PA007687,2023-10-06 22:49:24,"Filme otimo ontem, fui ao cinema com a familia.",0.0712
PA007688,2023-10-06 22:52:33,"Maratonei a temporada completa, valeu cada minuto.",0.0498
PA007689,2023-10-06 23:53:31,"Trilha ecologica incrivel, natureza pura.",0.0942
PA007690,2023-10-07 00:13:06,Show ao vivo incrivel no fim de semana.,0.0857
PA007691,2023-10-07 00:44:30,Nao consigo entender como essa situacao ainda nao mudou.,0.4873
PA007692,2023-10-07 01:08:52,"Filme otimo ontem, fui ao cinema com a familia.",0.1221
PA007693,2023-10-07 01:16:31,"Churrasco com a familia no final de semana, delicioso.",0.0479
PA007694,2023-10-07 04:18:55,"Tarefa dificil concluida com sucesso, que satisfacao.",0.0298
PA007695,2023-10-07 04:35:42,Atualizacao deixou o sistema muito mais rapido.,0.1119
PA007696,2023-10-07 04:52:25,"Pausa pro cafe com os colegas, bate-papo otimo.",0.0138
PA007697,2023-10-07 04:59:58,Aula incrivel sobre estatistica aplicada hoje.,0.0
PA007698,2023-10-07 06:08:07,"Filme otimo ontem, fui ao cinema com a familia.",0.0518
PA007699,2023-10-07 06:37:37,"Tarefa dificil concluida com sucesso, que satisfacao.",0.0541
PA007700,2023-10-07 07:21:19,"Configurei o home office com setup novo, otimo.",0.0246
PA007701,2023-10-07 07:28:55,"Trilha ecologica incrivel, natureza pura.",0.0893
PA007702,2023-10-07 08:44:55,"Churrasco com a familia no final de semana, delicioso.",0.132
PA007703,2023-10-07 08:48:37,"Consegui estacionamento logo de cara, dia de sorte mesmo.",0.0441
PA007704,2023-10-07 09:52:08,"Biblioteca da universidade, ambiente otimo para estudar.",0.1086
PA007705,2023-10-07 09:52:36,"Estrada livre, cheguei no trabalho rapido hoje.",0.1043
PA007706,2023-10-07 11:18:34,Que manha fresca e agradavel para uma caminhada.,0.1641
PA007707,2023-10-07 12:18:09,"Pausa pro cafe com os colegas, bate-papo otimo.",0.0289
PA007708,2023-10-07 12:27:20,Brigadeiro de panela saiu incrivel hoje.,0.0677
PA007709,2023-10-07 13:08:19,"Dia nublado mas tranquilo, bom para estudar sem distracao.",0.1223
PA007710,2023-10-07 14:13:07,Pedalada de tarde com vista incrivel do parque.,0.058
PA007711,2023-10-07 15:26:58,"Praia tranquila, sol perfeito, descanso total.",0.0
PA007712,2023-10-07 16:01:13,"Fila do hospital andando devagar, sistema falido.",0.5462
PA007713,2023-10-07 19:19:53,Que tarde relaxante lendo na rede.,0.1045
PA007714,2023-10-07 19:29:37,"Cuidando das plantas em casa, muito terapeutico.",0.0626
PA007715,2023-10-07 19:36:51,"Plantei temperos na sacada, que satisfacao.",0.106
PA007716,2023-10-07 19:48:01,Grupo de estudos foi muito produtivo hoje.,0.1295
PA007717,2023-10-07 20:07:45,"Metro bem tranquilo essa manha, cheguei bem.",0.0271
PA007718,2023-10-07 20:48:24,"Meditacao de manha, comecando o dia muito bem.",0.107
PA007719,2023-10-07 20:54:35,"Volei com os amigos, muita risada e diversao.",0.1016
PA007720,2023-10-07 21:51:09,"Fui num restaurante novo, a pizza estava espetacular.",0.0615
PA007721,2023-10-07 23:10:03,"Passei na certificacao, muito feliz com o resultado.",0.0704
PA007722,2023-10-08 00:03:44,"Minha mae fez feijao com arroz e linguica, classico perfeito.",0.0642
PA007723,2023-10-08 01:24:28,Cafe da manha caprichado: tapioca com ovo e suco de laranja.,0.1378
PA007724,2023-10-08 03:35:47,"Estrada livre, cheguei no trabalho rapido hoje.",0.1408
PA007725,2023-10-08 04:18:57,"Museu da cidade muito interessante, aprendi bastante.",0.0657
PA007726,2023-10-08 07:05:43,"Que calor hoje, tive que ligar o ar condicionado logo cedo.",0.1507
PA007727,2023-10-08 07:54:58,Tarde produtiva organizando e limpando a casa.,0.0509
PA007728,2023-10-08 09:27:42,"Museu da cidade muito interessante, aprendi bastante.",0.1015
PA007729,2023-10-08 09:33:20,"Passei na certificacao, muito feliz com o resultado.",0.0577
PA007730,2023-10-08 10:33:54,"Almoco incrivel hoje, fiz lasanha caseira do zero.",0.1317
PA007731,2023-10-08 11:04:38,"Filme otimo ontem, fui ao cinema com a familia.",0.0861
PA007732,2023-10-08 13:13:26,"Passeio com o cachorro no parque, ele adorou.",0.0989
PA007733,2023-10-08 13:39:13,Tarde produtiva organizando e limpando a casa.,0.0333
PA007734,2023-10-08 13:50:22,"Onibus chegou no horario hoje, que surpresa agradavel.",0.0318
PA007735,2023-10-08 14:10:20,"Fechei projeto importante essa semana, que alegria.",0.1401
PA007736,2023-10-08 15:26:27,"Teatro incrivel ontem, peca muito bem dirigida.",0.1081
PA007737,2023-10-08 16:39:12,Podcast sobre tecnologia muito interessante.,0.1319
PA007738,2023-10-08 16:50:06,Que tarde relaxante lendo na rede.,0.0773
PA007739,2023-10-08 17:12:49,"Meditacao de manha, comecando o dia muito bem.",0.0285
PA007740,2023-10-08 17:48:40,"Almoco incrivel hoje, fiz lasanha caseira do zero.",0.1785
PA007741,2023-10-08 17:52:04,"Fui num restaurante novo, a pizza estava espetacular.",0.0612
PA007742,2023-10-08 18:25:43,"Museu da cidade muito interessante, aprendi bastante.",0.1376
PA007743,2023-10-08 22:53:31,"Estudando para a prova de amanha, bem concentrado.",0.0392
PA007744,2023-10-08 23:44:17,Podcast sobre tecnologia muito interessante.,0.0738
PA007745,2023-10-09 00:57:41,"Sol lindo hoje, cafe na varanda foi otimo.",0.0803
PA007746,2023-10-09 02:56:53,"Passeio no interior no fim de semana, natureza linda.",0.1603
PA007747,2023-10-09 06:47:14,"Metro bem tranquilo essa manha, cheguei bem.",0.0872
PA007748,2023-10-09 07:41:36,"Calor absurdo com falta de agua, descaso total.",0.2523
PA007749,2023-10-09 08:48:37,"Viagem de fim de semana para cidade historica, valeu.",0.0651
PA007750,2023-10-09 09:09:53,Brigadeiro de panela saiu incrivel hoje.,0.1247
PA007751,2023-10-09 09:34:13,"Musica nova do meu artista favorito, de outro nivel.",0.09
PA007752,2023-10-09 10:06:47,"Reuniao produtiva hoje, saimos com otimas ideias.",0.0494
PA007753,2023-10-09 10:25:51,"Fui de bike hoje, que exercicio agradavel de manha.",0.0
PA007754,2023-10-09 10:54:53,"Volei com os amigos, muita risada e diversao.",0.0648
PA007755,2023-10-09 11:21:31,Show ao vivo incrivel no fim de semana.,0.0326
PA007756,2023-10-09 13:28:58,Cafe da manha caprichado: tapioca com ovo e suco de laranja.,0.1689
PA007757,2023-10-09 15:03:11,"Yoga pela manha, comecei o dia muito bem.",0.0587
PA007758,2023-10-09 15:20:08,Show ao vivo incrivel no fim de semana.,0.0277
PA007759,2023-10-09 17:52:48,Que tarde relaxante lendo na rede.,0.0862
PA007760,2023-10-09 18:06:55,"Choveu a tarde toda, dia perfeito pra ficar em casa lendo.",0.0
PA007761,2023-10-09 18:24:52,"Livro excelente sobre ciencia de dados, recomendo muito.",0.1233
PA007762,2023-10-09 19:33:46,"Atendimento pessimo no banco, perdi a tarde toda.",0.7641
PA007763,2023-10-09 21:06:21,"Plantei temperos na sacada, que satisfacao.",0.0318
PA007764,2023-10-09 21:53:50,Pedalada de tarde com vista incrivel do parque.,0.1676
PA007765,2023-10-09 22:56:50,Tarde produtiva organizando e limpando a casa.,0.0639
PA007766,2023-10-09 23:41:50,"Filme otimo ontem, fui ao cinema com a familia.",0.0285
PA007767,2023-10-10 02:43:37,"Home office com cafe fresquinho do lado, otimo.",0.15
PA007768,2023-10-10 03:17:43,Terminei o trabalho da faculdade com antecedencia.,0.0878
PA007769,2023-10-10 04:28:52,Que tarde relaxante lendo na rede.,0.0
PA007770,2023-10-10 05:15:04,"Consegui estacionamento logo de cara, dia de sorte mesmo.",0.0677
PA007771,2023-10-10 06:50:12,Finalmente entendi aquele conceito que me travava.,0.0
PA007772,2023-10-10 07:11:57,Tarde produtiva organizando e limpando a casa.,0.0574
PA007773,2023-10-10 09:16:40,"Plantei temperos na sacada, que satisfacao.",0.0864
PA007774,2023-10-10 09:35:56,"Configurei o home office com setup novo, otimo.",0.1239
PA007775,2023-10-10 10:33:27,"Servico contratado nao foi entregue no prazo, absurdo.",0.5685
PA007776,2023-10-10 10:36:10,Que tarde relaxante lendo na rede.,0.0351
PA007777,2023-10-10 11:39:18,"Passeio no interior no fim de semana, natureza linda.",0.0563
PA007778,2023-10-10 14:31:57,"Viagem de fim de semana para cidade historica, valeu.",0.1162
PA007779,2023-10-10 15:45:16,Que manha fresca e agradavel para uma caminhada.,0.1032
PA007780,2023-10-10 17:04:34,"Museu da cidade muito interessante, aprendi bastante.",0.0921
PA007781,2023-10-10 17:57:38,Finalmente entendi aquele conceito que me travava.,0.0587
PA007782,2023-10-10 20:59:06,"Testei IA para ajudar com codigo, funcionou bem.",0.0758
PA007783,2023-10-10 22:37:20,"Churrasco com a familia no final de semana, delicioso.",0.0377
PA007784,2023-10-11 00:11:27,"Tarefa dificil concluida com sucesso, que satisfacao.",0.0914
PA007785,2023-10-11 01:33:10,"O outono chegou cedo esse ano, que frio gostoso de manha.",0.1103
PA007786,2023-10-11 01:43:53,"Home office com cafe fresquinho do lado, otimo.",0.0782
PA007787,2023-10-11 01:49:31,Tarde produtiva organizando e limpando a casa.,0.051
PA007788,2023-10-11 02:04:29,"Consegui estacionamento logo de cara, dia de sorte mesmo.",0.0328
PA007789,2023-10-11 02:56:52,"Fechei projeto importante essa semana, que alegria.",0.1279
PA007790,2023-10-11 04:07:13,"Livro excelente sobre ciencia de dados, recomendo muito.",0.1412
PA007791,2023-10-11 04:51:08,"Fui num restaurante novo, a pizza estava espetacular.",0.1475
PA007792,2023-10-11 07:03:01,"Fui de bike hoje, que exercicio agradavel de manha.",0.0
PA007793,2023-10-11 07:39:59,Feira de artesanato gostosa de passear.,0.0229
PA007794,2023-10-11 07:51:31,"Dia nublado mas tranquilo, bom para estudar sem distracao.",0.04
PA007795,2023-10-11 09:55:34,Cafe da manha caprichado: tapioca com ovo e suco de laranja.,0.0776
PA007796,2023-10-11 10:48:37,"Fui num restaurante novo, a pizza estava espetacular.",0.0461
PA007797,2023-10-11 10:52:48,"Atendimento pessimo no banco, perdi a tarde toda.",0.7284
PA007798,2023-10-11 11:22:25,"Passeio no interior no fim de semana, natureza linda.",0.0985
PA007799,2023-10-11 11:31:03,Aula incrivel sobre estatistica aplicada hoje.,0.0787
PA007800,2023-10-11 11:38:38,"Dia completamente perdido, muita raiva acumulada.",0.9397
PA007801,2023-10-11 12:55:23,"Reuniao produtiva hoje, saimos com otimas ideias.",0.1565
PA007802,2023-10-11 13:40:24,"Choveu a tarde toda, dia perfeito pra ficar em casa lendo.",0.0821
PA007803,2023-10-11 14:07:57,"Fui num restaurante novo, a pizza estava espetacular.",0.0272
PA007804,2023-10-11 14:45:53,"Musica nova do meu artista favorito, de outro nivel.",0.0633
PA007805,2023-10-11 15:13:46,Caminhada ate a estacao foi otima hoje.,0.0019
PA007806,2023-10-11 15:16:17,"Sol lindo hoje, cafe na varanda foi otimo.",0.0834
PA007807,2023-10-11 15:32:21,"Padaria da esquina lancou sabor novo, recomendo.",0.1509
PA007808,2023-10-11 15:40:24,"Sopa de legumes no frio, reconfortante e gostosa.",0.0527
PA007809,2023-10-11 16:05:50,"Onibus chegou no horario hoje, que surpresa agradavel.",0.0805
PA007810,2023-10-11 16:13:02,Leitura no jardim com tempo agradavel.,0.0734
PA007811,2023-10-11 20:17:20,Atualizacao deixou o sistema muito mais rapido.,0.0764
PA007812,2023-10-11 20:46:22,"Praia tranquila, sol perfeito, descanso total.",0.0412
PA007813,2023-10-11 21:57:07,"Acai gelado essa tarde, refrescante demais.",0.0
PA007814,2023-10-11 23:42:05,"Academia hoje, treino puxado mas valeu muito.",0.194
PA007815,2023-10-12 00:55:27,"Notebook novo chegou, que desempenho incrivel.",0.0
PA007816,2023-10-12 02:07:38,"Viagem de fim de semana para cidade historica, valeu.",0.0465
PA007817,2023-10-12 03:35:12,Atualizacao deixou o sistema muito mais rapido.,0.0911
PA007818,2023-10-12 03:35:16,Leitura no jardim com tempo agradavel.,0.1123
PA007819,2023-10-12 05:02:12,Finalmente entendi aquele conceito que me travava.,0.0475
PA007820,2023-10-12 05:43:51,App de produtividade novo que encontrei e otimo.,0.0
PA007821,2023-10-12 06:00:33,"Maratonei a temporada completa, valeu cada minuto.",0.0595
PA007822,2023-10-12 06:02:37,"Natacao de manha, melhor inicio de dia possivel.",0.0766
PA007823,2023-10-12 07:36:28,"Estudando para a prova de amanha, bem concentrado.",0.1034
PA007824,2023-10-12 08:28:57,"Musica nova do meu artista favorito, de outro nivel.",0.0827
PA007825,2023-10-12 09:04:25,"Notebook novo chegou, que desempenho incrivel.",0.0891
PA007826,2023-10-12 10:42:09,"Aprendi receita nova no youtube, ficou otimo.",0.1013
PA007827,2023-10-12 10:46:18,"Apresentacao correu muito bem, todos gostaram.",0.1721
PA007828,2023-10-12 12:05:57,Politico corrupto aparecendo na midia de novo.,0.6193
PA007829,2023-10-12 12:31:36,"Passei na certificacao, muito feliz com o resultado.",0.044
PA007830,2023-10-12 13:11:37,"Filme otimo ontem, fui ao cinema com a familia.",0.1252
PA007831,2023-10-12 13:27:01,"Metro bem tranquilo essa manha, cheguei bem.",0.0892
PA007832,2023-10-12 13:29:52,Pedalada de tarde com vista incrivel do parque.,0.0749
PA007833,2023-10-12 17:01:34,"Chuva passageira a tarde, depois o tempo abriu lindo.",0.0396
PA007834,2023-10-12 17:06:12,"Natacao de manha, melhor inicio de dia possivel.",0.049
PA007835,2023-10-12 18:06:52,"Fui num restaurante novo, a pizza estava espetacular.",0.016
PA007836,2023-10-12 22:20:04,Show ao vivo incrivel no fim de semana.,0.0506
PA007837,2023-10-12 22:35:50,"Estrada livre, cheguei no trabalho rapido hoje.",0.1081
PA007838,2023-10-12 22:43:30,"Novo celular chegou, a camera e impressionante.",0.1135
PA007839,2023-10-12 23:20:06,"Novo celular chegou, a camera e impressionante.",0.0972
PA007840,2023-10-12 23:23:10,"Academia hoje, treino puxado mas valeu muito.",0.032
PA007841,2023-10-13 01:06:08,"Fechei projeto importante essa semana, que alegria.",0.086
PA007842,2023-10-13 01:30:48,"Cuidando das plantas em casa, muito terapeutico.",0.082
PA007843,2023-10-13 05:13:32,"Estrada livre, cheguei no trabalho rapido hoje.",0.0115
PA007844,2023-10-13 05:13:59,"Dia nublado mas tranquilo, bom para estudar sem distracao.",0.1299
PA007845,2023-10-13 05:30:43,"Fui de bike hoje, que exercicio agradavel de manha.",0.0783
PA007846,2023-10-13 05:57:27,Aplicativo de carona funcionou perfeitamente.,0.0356
PA007847,2023-10-13 06:39:24,"Passeio no interior no fim de semana, natureza linda.",0.0441
PA007848,2023-10-13 06:42:16,"Consegui estacionamento logo de cara, dia de sorte mesmo.",0.1225
PA007849,2023-10-13 07:39:23,"Configurei o home office com setup novo, otimo.",0.08
PA007850,2023-10-13 08:45:10,"Natacao de manha, melhor inicio de dia possivel.",0.0758
PA007851,2023-10-13 09:03:33,"Domingo em familia, melhor dia da semana.",0.042
PA007852,2023-10-13 09:06:58,"Apresentacao correu muito bem, todos gostaram.",0.0
PA007853,2023-10-13 10:03:35,"Estrada livre, cheguei no trabalho rapido hoje.",0.1045
PA007854,2023-10-13 11:11:12,"Choveu a tarde toda, dia perfeito pra ficar em casa lendo.",0.0724
PA007855,2023-10-13 12:15:42,"Meditacao de manha, comecando o dia muito bem.",0.106
PA007856,2023-10-13 12:20:46,"Padaria da esquina lancou sabor novo, recomendo.",0.0802
PA007857,2023-10-13 12:35:04,"Vento agradavel hoje, aproveitei para caminhar no parque.",0.0741
PA007858,2023-10-13 12:44:54,"Vento agradavel hoje, aproveitei para caminhar no parque.",0.0
PA007859,2023-10-13 13:26:20,Pedalada de tarde com vista incrivel do parque.,0.1084
PA007860,2023-10-13 14:09:50,"Plantei temperos na sacada, que satisfacao.",0.0425
PA007861,2023-10-13 16:02:42,Jogo novo me viciou de um jeito bom.,0.0539
PA007862,2023-10-13 17:23:16,"Serie nova incrivel, amei o primeiro episodio.",0.0832
PA007863,2023-10-13 17:44:46,Finalmente entendi aquele conceito que me travava.,0.1796
PA007864,2023-10-13 19:08:00,"Corri 5km de manha, semana otima de treino.",0.0964
PA007865,2023-10-13 20:17:55,Atualizacao deixou o sistema muito mais rapido.,0.0627
PA007866,2023-10-13 20:44:36,Que manha fresca e agradavel para uma caminhada.,0.0946
PA007867,2023-10-13 20:56:37,"Que calor hoje, tive que ligar o ar condicionado logo cedo.",0.0588
PA007868,2023-10-13 21:32:29,"Plantei temperos na sacada, que satisfacao.",0.1937
PA007869,2023-10-13 22:29:16,"Fui de bike hoje, que exercicio agradavel de manha.",0.0559
PA007870,2023-10-14 01:09:19,"Natacao de manha, melhor inicio de dia possivel.",0.087
PA007871,2023-10-14 01:47:13,"Corri 5km de manha, semana otima de treino.",0.1275
PA007872,2023-10-14 02:04:27,"Notebook novo chegou, que desempenho incrivel.",0.0123
PA007873,2023-10-14 02:18:25,"Cuidando das plantas em casa, muito terapeutico.",0.0856
PA007874,2023-10-14 03:07:41,Aplicativo de carona funcionou perfeitamente.,0.1056
PA007875,2023-10-14 03:12:29,"Plantei temperos na sacada, que satisfacao.",0.0902
PA007876,2023-10-14 04:11:03,Burocracia excessiva impossibilitando qualquer coisa.,0.5563
PA007877,2023-10-14 04:25:08,"Dia nublado mas tranquilo, bom para estudar sem distracao.",0.1013
PA007878,2023-10-14 05:02:43,Brigadeiro de panela saiu incrivel hoje.,0.0897
PA007879,2023-10-14 05:33:38,Brigadeiro de panela saiu incrivel hoje.,0.0736
PA007880,2023-10-14 05:36:28,"Atendimento pessimo no banco, perdi a tarde toda.",0.9346
PA007881,2023-10-14 07:41:50,Feira de artesanato gostosa de passear.,0.1466
PA007882,2023-10-14 09:23:11,"Almoco incrivel hoje, fiz lasanha caseira do zero.",0.0774
PA007883,2023-10-14 10:21:25,"Onibus chegou no horario hoje, que surpresa agradavel.",0.0
PA007884,2023-10-14 10:29:18,Show ao vivo incrivel no fim de semana.,0.1069
PA007885,2023-10-14 10:44:17,Aplicativo de carona funcionou perfeitamente.,0.1059
PA007886,2023-10-14 11:43:09,"Passei na certificacao, muito feliz com o resultado.",0.0844
PA007887,2023-10-14 12:30:28,"Que calor hoje, tive que ligar o ar condicionado logo cedo.",0.123
PA007888,2023-10-14 12:47:39,"Calor absurdo com falta de agua, descaso total.",0.3384
PA007889,2023-10-14 12:52:23,"Reuniao produtiva hoje, saimos com otimas ideias.",0.1091
PA007890,2023-10-14 13:35:43,"Corri 5km de manha, semana otima de treino.",0.0109
PA007891,2023-10-14 14:48:09,Jogo novo me viciou de um jeito bom.,0.0868
PA007892,2023-10-14 15:12:43,Aula incrivel sobre estatistica aplicada hoje.,0.1119
PA007893,2023-10-14 15:22:32,"Maratonei a temporada completa, valeu cada minuto.",0.0721
PA007894,2023-10-14 15:34:48,"Que calor hoje, tive que ligar o ar condicionado logo cedo.",0.0229
PA007895,2023-10-14 16:01:49,Aplicativo travou bem na hora da reuniao importante.,0.2644
PA007896,2023-10-14 16:45:31,"Fui de bike hoje, que exercicio agradavel de manha.",0.0955
PA007897,2023-10-14 17:17:39,"Sopa de legumes no frio, reconfortante e gostosa.",0.0775
PA007898,2023-10-14 18:01:05,"Viagem de fim de semana para cidade historica, valeu.",0.0371
PA007899,2023-10-14 18:24:50,"Apresentacao correu muito bem, todos gostaram.",0.0606
PA007900,2023-10-14 20:18:49,Aula incrivel sobre estatistica aplicada hoje.,0.1306
PA007901,2023-10-14 21:38:19,"Acai gelado essa tarde, refrescante demais.",0.0202
PA007902,2023-10-14 22:43:21,"Consegui estacionamento logo de cara, dia de sorte mesmo.",0.0313
PA007903,2023-10-15 00:12:35,"Cuidando das plantas em casa, muito terapeutico.",0.018
PA007904,2023-10-15 01:15:03,Que tarde relaxante lendo na rede.,0.1263
PA007905,2023-10-15 01:15:14,"Meditacao de manha, comecando o dia muito bem.",0.185
PA007906,2023-10-15 01:56:05,"Maratonei a temporada completa, valeu cada minuto.",0.0298
PA007907,2023-10-15 02:24:06,Que tarde relaxante lendo na rede.,0.0824
PA007908,2023-10-15 03:08:19,Cafe da manha caprichado: tapioca com ovo e suco de laranja.,0.0195
PA007909,2023-10-15 04:38:08,Leitura no jardim com tempo agradavel.,0.1092
PA007910,2023-10-15 04:49:48,Brigadeiro de panela saiu incrivel hoje.,0.0549
PA007911,2023-10-15 06:58:21,"Musica nova do meu artista favorito, de outro nivel.",0.1227
PA007912,2023-10-15 07:53:26,"Metro bem tranquilo essa manha, cheguei bem.",0.0331
PA007913,2023-10-15 08:15:36,"Domingo em familia, melhor dia da semana.",0.152
PA007914,2023-10-15 08:48:47,"Reuniao produtiva hoje, saimos com otimas ideias.",0.0831
PA007915,2023-10-15 09:07:22,"Teatro incrivel ontem, peca muito bem dirigida.",0.0528
PA007916,2023-10-15 09:38:01,"Que bagunca, nada funcionando direito.",0.6099
PA007917,2023-10-15 10:47:44,"Livro excelente sobre ciencia de dados, recomendo muito.",0.0669
PA007918,2023-10-15 11:16:21,Semana intensa mas muito satisfatoria no trabalho.,0.0257
PA007919,2023-10-15 13:58:25,"Fui num restaurante novo, a pizza estava espetacular.",0.0387
PA007920,2023-10-15 13:58:57,Leitura no jardim com tempo agradavel.,0.0341
PA007921,2023-10-15 14:06:59,Cafe da manha caprichado: tapioca com ovo e suco de laranja.,0.0439
PA007922,2023-10-15 14:48:52,"Testei IA para ajudar com codigo, funcionou bem.",0.1343
PA007923,2023-10-15 14:49:49,"Livro excelente sobre ciencia de dados, recomendo muito.",0.0754
PA007924,2023-10-15 15:33:52,"Volei com os amigos, muita risada e diversao.",0.0419
PA007925,2023-10-15 15:45:43,"Pausa pro cafe com os colegas, bate-papo otimo.",0.0056
PA007926,2023-10-15 17:22:18,App de produtividade novo que encontrei e otimo.,0.1432
PA007927,2023-10-15 18:29:53,"Estrada livre, cheguei no trabalho rapido hoje.",0.0682
PA007928,2023-10-15 18:38:11,"Vizinho fazendo barulho ate tarde da noite, falta de respeito.",0.5431
PA007929,2023-10-15 19:56:52,"Livro excelente sobre ciencia de dados, recomendo muito.",0.1338
PA007930,2023-10-15 20:23:11,"Onibus chegou no horario hoje, que surpresa agradavel.",0.0363
PA007931,2023-10-15 21:14:40,"Vento agradavel hoje, aproveitei para caminhar no parque.",0.0404
PA007932,2023-10-15 22:51:33,"Testei IA para ajudar com codigo, funcionou bem.",0.1473
PA007933,2023-10-16 00:13:30,"Estudando para a prova de amanha, bem concentrado.",0.1104
PA007934,2023-10-16 00:19:34,Semana intensa mas muito satisfatoria no trabalho.,0.1241
PA007935,2023-10-16 01:56:35,"Fechei projeto importante essa semana, que alegria.",0.0923
PA007936,2023-10-16 02:28:37,"Tentei receita nova de bolo de cenoura, ficou fofinho.",0.0778
PA007937,2023-10-16 03:18:09,Que tarde relaxante lendo na rede.,0.1124
PA007938,2023-10-16 03:26:19,Pedalada de tarde com vista incrivel do parque.,0.0858
PA007939,2023-10-16 03:36:57,"Maratonei a temporada completa, valeu cada minuto.",0.1335
PA007940,2023-10-16 04:49:01,"Sopa de legumes no frio, reconfortante e gostosa.",0.1848
PA007941,2023-10-16 05:09:59,"Filme otimo ontem, fui ao cinema com a familia.",0.0233
PA007942,2023-10-16 06:20:16,"Dia nublado mas tranquilo, bom para estudar sem distracao.",0.1155
PA007943,2023-10-16 07:25:00,"Passeio no interior no fim de semana, natureza linda.",0.0488
PA007944,2023-10-16 07:49:29,"Choveu a tarde toda, dia perfeito pra ficar em casa lendo.",0.0669
PA007945,2023-10-16 09:02:18,"Fechei projeto importante essa semana, que alegria.",0.1782
PA007946,2023-10-16 09:46:33,"Novo celular chegou, a camera e impressionante.",0.0763
PA007947,2023-10-16 10:34:12,"Pausa pro cafe com os colegas, bate-papo otimo.",0.154
PA007948,2023-10-16 11:30:01,Cafe da manha caprichado: tapioca com ovo e suco de laranja.,0.0263
PA007949,2023-10-16 12:23:21,"Reuniao produtiva hoje, saimos com otimas ideias.",0.1437
PA007950,2023-10-16 13:02:35,Caminhada ate a estacao foi otima hoje.,0.0123
PA007951,2023-10-16 13:11:57,Que tarde relaxante lendo na rede.,0.0973
PA007952,2023-10-16 13:55:14,"Plantei temperos na sacada, que satisfacao.",0.1831
PA007953,2023-10-16 16:33:34,Brigadeiro de panela saiu incrivel hoje.,0.0929
PA007954,2023-10-16 18:38:23,"Minha mae fez feijao com arroz e linguica, classico perfeito.",0.042
PA007955,2023-10-16 20:29:20,"Volei com os amigos, muita risada e diversao.",0.0869
PA007956,2023-10-16 20:33:13,"Passeio no interior no fim de semana, natureza linda.",0.1105
PA007957,2023-10-16 22:51:58,"Novo celular chegou, a camera e impressionante.",0.1438
PA007958,2023-10-16 23:25:36,"Apresentacao correu muito bem, todos gostaram.",0.0846
PA007959,2023-10-17 03:13:49,"Serie nova incrivel, amei o primeiro episodio.",0.0649
PA007960,2023-10-17 03:59:00,"Yoga pela manha, comecei o dia muito bem.",0.1014
PA007961,2023-10-17 04:23:01,"Internet caindo toda hora, impossivel trabalhar assim.",0.7856
PA007962,2023-10-17 04:36:14,Tarde produtiva organizando e limpando a casa.,0.1814
PA007963,2023-10-17 06:38:28,Que manha fresca e agradavel para uma caminhada.,0.0426
PA007964,2023-10-17 08:25:56,Caminhada ate a estacao foi otima hoje.,0.1133
PA007965,2023-10-17 09:02:04,"Choveu a tarde toda, dia perfeito pra ficar em casa lendo.",0.0112
PA007966,2023-10-17 09:05:26,Que manha fresca e agradavel para uma caminhada.,0.1853
PA007967,2023-10-17 09:51:48,Aula incrivel sobre estatistica aplicada hoje.,0.0056
PA007968,2023-10-17 11:17:27,Aula incrivel sobre estatistica aplicada hoje.,0.0899
PA007969,2023-10-17 13:37:53,"Onibus chegou no horario hoje, que surpresa agradavel.",0.0488
PA007970,2023-10-17 14:38:54,Semana intensa mas muito satisfatoria no trabalho.,0.0354
PA007971,2023-10-17 15:43:43,"Corri 5km de manha, semana otima de treino.",0.0981
PA007972,2023-10-17 15:52:47,Show ao vivo incrivel no fim de semana.,0.0
PA007973,2023-10-17 17:21:16,"O outono chegou cedo esse ano, que frio gostoso de manha.",0.0
PA007974,2023-10-17 17:39:02,"Meditacao de manha, comecando o dia muito bem.",0.1346
PA007975,2023-10-17 18:27:00,"Almoco incrivel hoje, fiz lasanha caseira do zero.",0.1286
PA007976,2023-10-17 19:06:30,Feira de artesanato gostosa de passear.,0.059
PA007977,2023-10-17 19:16:33,"Praia tranquila, sol perfeito, descanso total.",0.0974
PA007978,2023-10-17 19:50:04,"Dia nublado mas tranquilo, bom para estudar sem distracao.",0.0926
PA007979,2023-10-17 20:02:22,"Sopa de legumes no frio, reconfortante e gostosa.",0.0352
PA007980,2023-10-17 20:07:33,Leitura no jardim com tempo agradavel.,0.0776
PA007981,2023-10-17 20:27:27,"Pipoca e serie boa na sexta, programa perfeito.",0.0904
PA007982,2023-10-17 20:47:02,"Acai gelado essa tarde, refrescante demais.",0.0665
PA007983,2023-10-17 22:02:08,"Passei na certificacao, muito feliz com o resultado.",0.1024
PA007984,2023-10-18 00:18:00,"Natacao de manha, melhor inicio de dia possivel.",0.0987
PA007985,2023-10-18 01:20:36,Podcast sobre tecnologia muito interessante.,0.0
PA007986,2023-10-18 03:02:07,"Testei IA para ajudar com codigo, funcionou bem.",0.0736
PA007987,2023-10-18 03:06:33,"Choveu a tarde toda, dia perfeito pra ficar em casa lendo.",0.0649
PA007988,2023-10-18 03:10:44,"Sopa de legumes no frio, reconfortante e gostosa.",0.0373
PA007989,2023-10-18 03:45:54,"Almoco incrivel hoje, fiz lasanha caseira do zero.",0.0762
PA007990,2023-10-18 04:28:55,Semana intensa mas muito satisfatoria no trabalho.,0.1192
PA007991,2023-10-18 05:21:50,Brigadeiro de panela saiu incrivel hoje.,0.0647
PA007992,2023-10-18 07:30:28,"Livro excelente sobre ciencia de dados, recomendo muito.",0.0186
PA007993,2023-10-18 11:20:42,"Almoco incrivel hoje, fiz lasanha caseira do zero.",0.0666
PA007994,2023-10-18 12:45:02,Jantar simples mas gostoso com a familia.,0.135
PA007995,2023-10-18 12:51:06,"Padaria da esquina lancou sabor novo, recomendo.",0.1166
PA007996,2023-10-18 13:20:40,"O outono chegou cedo esse ano, que frio gostoso de manha.",0.0
PA007997,2023-10-18 14:03:20,"Padaria da esquina lancou sabor novo, recomendo.",0.1178
PA007998,2023-10-18 14:45:34,Atualizacao deixou o sistema muito mais rapido.,0.003
PA007999,2023-10-18 15:16:23,"Minha mae fez feijao com arroz e linguica, classico perfeito.",0.1077
PA008000,2023-10-18 15:51:15,Semana intensa mas muito satisfatoria no trabalho.,0.0925
PA008001,2023-10-18 16:03:53,"Pausa pro cafe com os colegas, bate-papo otimo.",0.0974
PA008002,2023-10-18 16:50:40,Finalmente entendi aquele conceito que me travava.,0.075
PA008003,2023-10-19 01:40:36,"Vento agradavel hoje, aproveitei para caminhar no parque.",0.1107
PA008004,2023-10-19 03:00:50,"Livro excelente sobre ciencia de dados, recomendo muito.",0.0877
PA008005,2023-10-19 04:06:48,"Estudando para a prova de amanha, bem concentrado.",0.1185
PA008006,2023-10-19 04:16:35,"Passeio no interior no fim de semana, natureza linda.",0.079
PA008007,2023-10-19 04:17:20,Burocracia excessiva impossibilitando qualquer coisa.,0.1761
PA008008,2023-10-19 04:19:27,Caminhada ate a estacao foi otima hoje.,0.056
PA008009,2023-10-19 04:27:36,"Almoco incrivel hoje, fiz lasanha caseira do zero.",0.1211
PA008010,2023-10-19 04:59:31,"Almoco incrivel hoje, fiz lasanha caseira do zero.",0.0597
PA008011,2023-10-19 05:08:17,"Viagem de fim de semana para cidade historica, valeu.",0.0671
PA008012,2023-10-19 06:21:07,"Academia hoje, treino puxado mas valeu muito.",0.1012
PA008013,2023-10-19 07:38:48,"Fui num restaurante novo, a pizza estava espetacular.",0.0762
PA008014,2023-10-19 07:53:37,"Passeio no interior no fim de semana, natureza linda.",0.0309
PA008015,2023-10-19 08:39:25,"Churrasco com a familia no final de semana, delicioso.",0.0874
PA008016,2023-10-19 08:50:55,"Mais um dia de transito horrivel, situacao absurda.",0.2631
PA008017,2023-10-19 08:57:11,"Acai gelado essa tarde, refrescante demais.",0.067
PA008018,2023-10-19 09:02:08,"Natacao de manha, melhor inicio de dia possivel.",0.0844
PA008019,2023-10-19 09:42:30,"Plantei temperos na sacada, que satisfacao.",0.1126
PA008020,2023-10-19 10:20:57,"Almoco incrivel hoje, fiz lasanha caseira do zero.",0.1256
PA008021,2023-10-19 10:27:14,"Meu time ganhou hoje, que jogo bonito foi.",0.0483
PA008022,2023-10-19 10:43:30,"Museu da cidade muito interessante, aprendi bastante.",0.0296
PA008023,2023-10-19 11:13:24,"Reencontrei um amigo antigo por acaso, que alegria.",0.1845
PA008024,2023-10-19 11:25:17,"Estrada livre, cheguei no trabalho rapido hoje.",0.0592
PA008025,2023-10-19 13:07:57,"Almoco incrivel hoje, fiz lasanha caseira do zero.",0.079
PA008026,2023-10-19 15:46:47,"Viagem de fim de semana para cidade historica, valeu.",0.0635
PA008027,2023-10-19 16:17:27,Finalmente entendi aquele conceito que me travava.,0.0721
PA008028,2023-10-19 16:29:44,Nao consigo entender como essa situacao ainda nao mudou.,0.602
PA008029,2023-10-19 17:30:41,"Passei na certificacao, muito feliz com o resultado.",0.0519
PA008030,2023-10-19 18:13:26,"Musica nova do meu artista favorito, de outro nivel.",0.0615
PA008031,2023-10-19 18:20:53,Show ao vivo incrivel no fim de semana.,0.0807
PA008032,2023-10-19 18:21:46,"Dia nublado mas tranquilo, bom para estudar sem distracao.",0.0229
PA008033,2023-10-19 18:39:00,"Academia hoje, treino puxado mas valeu muito.",0.0668
PA008034,2023-10-19 18:53:36,"Vento agradavel hoje, aproveitei para caminhar no parque.",0.1068
PA008035,2023-10-19 19:15:58,"Passeio com o cachorro no parque, ele adorou.",0.1357
PA008036,2023-10-19 19:31:50,"Estudando para a prova de amanha, bem concentrado.",0.1103
PA008037,2023-10-19 20:22:06,"Natacao de manha, melhor inicio de dia possivel.",0.0975
PA008038,2023-10-19 22:23:56,"Yoga pela manha, comecei o dia muito bem.",0.0629
PA008039,2023-10-20 00:53:04,Aula incrivel sobre estatistica aplicada hoje.,0.1908
PA008040,2023-10-20 01:00:01,"Livro excelente sobre ciencia de dados, recomendo muito.",0.0863
PA008041,2023-10-20 01:23:43,"Churrasco com a familia no final de semana, delicioso.",0.0687
PA008042,2023-10-20 01:25:12,"Meu time ganhou hoje, que jogo bonito foi.",0.0797
PA008043,2023-10-20 02:00:00,"Sopa de legumes no frio, reconfortante e gostosa.",0.0172
PA008044,2023-10-20 02:23:05,"Volei com os amigos, muita risada e diversao.",0.0244
PA008045,2023-10-20 03:39:25,"Acai gelado essa tarde, refrescante demais.",0.0
PA008046,2023-10-20 06:59:38,App de produtividade novo que encontrei e otimo.,0.1248
PA008047,2023-10-20 07:24:01,"Aprendi receita nova no youtube, ficou otimo.",0.0805
PA008048,2023-10-20 08:52:41,"Metro bem tranquilo essa manha, cheguei bem.",0.0294
PA008049,2023-10-20 09:39:53,App de produtividade novo que encontrei e otimo.,0.1326
PA008050,2023-10-20 10:13:02,"Passeio com o cachorro no parque, ele adorou.",0.1159
PA008051,2023-10-20 10:27:54,Grupo de estudos foi muito produtivo hoje.,0.0608
PA008052,2023-10-20 10:36:23,"Natacao de manha, melhor inicio de dia possivel.",0.0374
PA008053,2023-10-20 11:03:50,"Livro excelente sobre ciencia de dados, recomendo muito.",0.1728
PA008054,2023-10-20 11:29:56,"Vizinho fazendo barulho ate tarde da noite, falta de respeito.",0.105
PA008055,2023-10-20 11:42:04,Podcast sobre tecnologia muito interessante.,0.156
PA008056,2023-10-20 11:51:53,Caminhada ate a estacao foi otima hoje.,0.036
PA008057,2023-10-20 13:10:29,Show ao vivo incrivel no fim de semana.,0.0802
PA008058,2023-10-20 14:52:09,"Serie nova incrivel, amei o primeiro episodio.",0.0336
PA008059,2023-10-20 14:52:57,Que tarde relaxante lendo na rede.,0.084
PA008060,2023-10-20 15:12:13,"Meu time ganhou hoje, que jogo bonito foi.",0.1969
PA008061,2023-10-20 16:14:10,"Apresentacao correu muito bem, todos gostaram.",0.0547
PA008062,2023-10-20 17:12:22,"Aprendi receita nova no youtube, ficou otimo.",0.1151
PA008063,2023-10-20 17:13:35,"Configurei o home office com setup novo, otimo.",0.0156
PA008064,2023-10-20 17:53:43,"Onibus chegou no horario hoje, que surpresa agradavel.",0.1552
PA008065,2023-10-20 19:15:17,"Livro excelente sobre ciencia de dados, recomendo muito.",0.0933
PA008066,2023-10-20 19:21:01,"Churrasco com a familia no final de semana, delicioso.",0.1151
PA008067,2023-10-20 19:55:27,Semana intensa mas muito satisfatoria no trabalho.,0.1291
PA008068,2023-10-20 22:57:13,"Pausa pro cafe com os colegas, bate-papo otimo.",0.1104
PA008069,2023-10-20 23:55:14,"Vento agradavel hoje, aproveitei para caminhar no parque.",0.107
PA008070,2023-10-20 23:57:52,"Vento agradavel hoje, aproveitei para caminhar no parque.",0.2143
PA008071,2023-10-21 01:01:05,"Fui de bike hoje, que exercicio agradavel de manha.",0.098
PA008072,2023-10-21 02:07:13,Brigadeiro de panela saiu incrivel hoje.,0.0
PA008073,2023-10-21 02:42:51,"Mais um dia de transito horrivel, situacao absurda.",0.207
PA008074,2023-10-21 03:32:23,"Dia nublado mas tranquilo, bom para estudar sem distracao.",0.0589
PA008075,2023-10-21 06:17:58,"Natacao de manha, melhor inicio de dia possivel.",0.006
PA008076,2023-10-21 06:18:30,"Tarefa dificil concluida com sucesso, que satisfacao.",0.0341
PA008077,2023-10-21 06:54:54,"Filme otimo ontem, fui ao cinema com a familia.",0.043
PA008078,2023-10-21 07:22:17,"Sol lindo hoje, cafe na varanda foi otimo.",0.0443
PA008079,2023-10-21 07:22:29,"Viagem de fim de semana para cidade historica, valeu.",0.0853
PA008080,2023-10-21 09:52:19,"Padaria da esquina lancou sabor novo, recomendo.",0.1935
PA008081,2023-10-21 11:12:00,Aplicativo de carona funcionou perfeitamente.,0.006
PA008082,2023-10-21 12:46:56,"Yoga pela manha, comecei o dia muito bem.",0.0119
PA008083,2023-10-21 13:44:12,"Serie nova incrivel, amei o primeiro episodio.",0.058
PA008084,2023-10-21 14:24:13,Aula incrivel sobre estatistica aplicada hoje.,0.0948
PA008085,2023-10-21 15:26:22,"Praia tranquila, sol perfeito, descanso total.",0.0838
PA008086,2023-10-21 15:41:00,"Configurei o home office com setup novo, otimo.",0.1182
PA008087,2023-10-21 16:02:09,Jogo novo me viciou de um jeito bom.,0.1224
PA008088,2023-10-21 16:03:36,Feira de artesanato gostosa de passear.,0.0715
PA008089,2023-10-21 17:55:43,"Trilha ecologica incrivel, natureza pura.",0.0994
PA008090,2023-10-21 20:43:30,"Meditacao de manha, comecando o dia muito bem.",0.0869
PA008091,2023-10-21 22:32:22,Tarde produtiva organizando e limpando a casa.,0.0489
PA008092,2023-10-21 22:57:27,"Fui num restaurante novo, a pizza estava espetacular.",0.0256
PA008093,2023-10-22 00:44:19,"Configurei o home office com setup novo, otimo.",0.1388
PA008094,2023-10-22 00:47:45,"Fechei projeto importante essa semana, que alegria.",0.1599
PA008095,2023-10-22 02:24:09,"Reencontrei um amigo antigo por acaso, que alegria.",0.072
PA008096,2023-10-22 02:53:06,Aplicativo de carona funcionou perfeitamente.,0.1525
PA008097,2023-10-22 03:41:59,"O outono chegou cedo esse ano, que frio gostoso de manha.",0.1181
PA008098,2023-10-22 04:46:27,"O outono chegou cedo esse ano, que frio gostoso de manha.",0.0673
PA008099,2023-10-22 05:33:49,Grupo de estudos foi muito produtivo hoje.,0.1245
PA008100,2023-10-22 05:34:24,Nao aguento mais essas politicas que nao funcionam.,0.5337
PA008101,2023-10-22 08:28:15,"Pipoca e serie boa na sexta, programa perfeito.",0.0418
PA008102,2023-10-22 08:57:20,"Dia nublado mas tranquilo, bom para estudar sem distracao.",0.1023
PA008103,2023-10-22 09:18:22,Cafe da manha caprichado: tapioca com ovo e suco de laranja.,0.0526
PA008104,2023-10-22 09:29:42,"Tentei receita nova de bolo de cenoura, ficou fofinho.",0.0
PA008105,2023-10-22 14:24:24,"Que calor hoje, tive que ligar o ar condicionado logo cedo.",0.149
PA008106,2023-10-22 15:47:34,"O outono chegou cedo esse ano, que frio gostoso de manha.",0.111
PA008107,2023-10-22 17:08:04,Semana intensa mas muito satisfatoria no trabalho.,0.0692
PA008108,2023-10-22 17:14:33,"Testei IA para ajudar com codigo, funcionou bem.",0.0231
PA008109,2023-10-22 17:17:26,"Home office com cafe fresquinho do lado, otimo.",0.0592
PA008110,2023-10-22 18:20:14,Pacote atrasado pelos correios pela terceira vez.,0.1867
PA008111,2023-10-22 19:25:47,"Sopa de legumes no frio, reconfortante e gostosa.",0.1144
PA008112,2023-10-22 20:13:22,"Estrada livre, cheguei no trabalho rapido hoje.",0.1168
PA008113,2023-10-22 20:30:24,"Minha mae fez feijao com arroz e linguica, classico perfeito.",0.1521
PA008114,2023-10-22 20:43:07,Finalmente entendi aquele conceito que me travava.,0.0957
PA008115,2023-10-22 20:57:09,"Tentei receita nova de bolo de cenoura, ficou fofinho.",0.0
PA008116,2023-10-22 21:42:17,"Passeio com o cachorro no parque, ele adorou.",0.0544
PA008117,2023-10-22 22:21:28,Brigadeiro de panela saiu incrivel hoje.,0.1098
PA008118,2023-10-22 23:21:05,"Praia tranquila, sol perfeito, descanso total.",0.1697
PA008119,2023-10-22 23:21:25,Show ao vivo incrivel no fim de semana.,0.1655
PA008120,2023-10-22 23:22:18,"Notebook novo chegou, que desempenho incrivel.",0.0
PA008121,2023-10-23 00:09:12,"Estrada livre, cheguei no trabalho rapido hoje.",0.0667
PA008122,2023-10-23 02:12:13,"Sol lindo hoje, cafe na varanda foi otimo.",0.0636
PA008123,2023-10-23 02:13:48,"Acai gelado essa tarde, refrescante demais.",0.0366
PA008124,2023-10-23 03:19:32,"Churrasco com a familia no final de semana, delicioso.",0.0578
PA008125,2023-10-23 05:03:58,Atualizacao deixou o sistema muito mais rapido.,0.0809
PA008126,2023-10-23 07:17:16,Semana intensa mas muito satisfatoria no trabalho.,0.132
PA008127,2023-10-23 08:39:13,"Que dia difícil, nada saiu como eu havia planejado.",0.3422
PA008128,2023-10-23 09:15:13,Que tarde relaxante lendo na rede.,0.1112
PA008129,2023-10-23 09:19:32,"Estudando para a prova de amanha, bem concentrado.",0.1631
PA008130,2023-10-23 11:30:34,"Multa de transito injusta, vou recorrer.",0.6765
PA008131,2023-10-23 12:39:25,"Almoco incrivel hoje, fiz lasanha caseira do zero.",0.0532
PA008132,2023-10-23 13:06:16,Finalmente entendi aquele conceito que me travava.,0.0013
PA008133,2023-10-23 13:39:43,"Fui num restaurante novo, a pizza estava espetacular.",0.2066
PA008134,2023-10-23 15:55:47,"Acai gelado essa tarde, refrescante demais.",0.0805
PA008135,2023-10-23 17:07:06,"Volei com os amigos, muita risada e diversao.",0.1327
PA008136,2023-10-23 20:58:20,"Pipoca e serie boa na sexta, programa perfeito.",0.088
PA008137,2023-10-23 21:31:06,"Notebook novo chegou, que desempenho incrivel.",0.063
PA008138,2023-10-23 21:49:42,Podcast sobre tecnologia muito interessante.,0.0
PA008139,2023-10-23 22:27:34,"Metro bem tranquilo essa manha, cheguei bem.",0.0209
PA008140,2023-10-23 23:17:27,App de produtividade novo que encontrei e otimo.,0.0338
PA008141,2023-10-23 23:31:12,"Cuidando das plantas em casa, muito terapeutico.",0.0
PA008142,2023-10-24 00:00:21,"Sol lindo hoje, cafe na varanda foi otimo.",0.0327
PA008143,2023-10-24 00:36:53,"Dia nublado mas tranquilo, bom para estudar sem distracao.",0.1038
PA008144,2023-10-24 00:50:02,"Reuniao produtiva hoje, saimos com otimas ideias.",0.0592
PA008145,2023-10-24 01:21:25,"Plantei temperos na sacada, que satisfacao.",0.2039
PA008146,2023-10-24 02:21:16,"Natacao de manha, melhor inicio de dia possivel.",0.1436
PA008147,2023-10-24 03:49:42,"Choveu a tarde toda, dia perfeito pra ficar em casa lendo.",0.0653
PA008148,2023-10-24 04:17:41,Aula incrivel sobre estatistica aplicada hoje.,0.079
PA008149,2023-10-24 04:38:39,"Filme otimo ontem, fui ao cinema com a familia.",0.0481
PA008150,2023-10-24 05:26:30,"Passeio no interior no fim de semana, natureza linda.",0.1298
PA008151,2023-10-24 05:28:59,"Almoco incrivel hoje, fiz lasanha caseira do zero.",0.0709
PA008152,2023-10-24 06:36:16,Finalmente entendi aquele conceito que me travava.,0.0928
PA008153,2023-10-24 07:10:05,"Sol lindo hoje, cafe na varanda foi otimo.",0.0222
PA008154,2023-10-24 07:47:28,Finalmente entendi aquele conceito que me travava.,0.1432
PA008155,2023-10-24 09:17:49,"Fui de bike hoje, que exercicio agradavel de manha.",0.0568
PA008156,2023-10-24 09:26:57,Cafe da manha caprichado: tapioca com ovo e suco de laranja.,0.1758
PA008157,2023-10-24 10:02:06,Atualizacao deixou o sistema muito mais rapido.,0.1305
PA008158,2023-10-24 10:17:10,"Estudando para a prova de amanha, bem concentrado.",0.0842
PA008159,2023-10-24 11:26:05,"Fechei projeto importante essa semana, que alegria.",0.0609
PA008160,2023-10-24 12:28:43,"Consegui estacionamento logo de cara, dia de sorte mesmo.",0.0927
PA008161,2023-10-24 12:44:28,"Aprendi receita nova no youtube, ficou otimo.",0.085
PA008162,2023-10-24 12:51:00,"Natacao de manha, melhor inicio de dia possivel.",0.0374
PA008163,2023-10-24 13:09:40,Feira de artesanato gostosa de passear.,0.0647
PA008164,2023-10-24 13:10:38,Grupo de estudos foi muito produtivo hoje.,0.0479
PA008165,2023-10-24 13:14:40,"Apresentacao correu muito bem, todos gostaram.",0.0396
PA008166,2023-10-24 14:55:07,Que manha fresca e agradavel para uma caminhada.,0.0291
PA008167,2023-10-24 14:55:52,App de produtividade novo que encontrei e otimo.,0.123
PA008168,2023-10-24 15:29:40,"Passei na certificacao, muito feliz com o resultado.",0.132
PA008169,2023-10-24 16:27:12,Terminei o trabalho da faculdade com antecedencia.,0.09
PA008170,2023-10-24 17:01:48,Burocracia excessiva impossibilitando qualquer coisa.,0.7042
PA008171,2023-10-24 17:01:55,Show ao vivo incrivel no fim de semana.,0.0723
PA008172,2023-10-24 18:40:56,Tarde produtiva organizando e limpando a casa.,0.1528
PA008173,2023-10-24 18:50:44,"Biblioteca da universidade, ambiente otimo para estudar.",0.0819
PA008174,2023-10-24 19:34:06,Semana intensa mas muito satisfatoria no trabalho.,0.1139
PA008175,2023-10-24 20:53:33,"Sopa de legumes no frio, reconfortante e gostosa.",0.1065
PA008176,2023-10-24 21:00:43,"Biblioteca da universidade, ambiente otimo para estudar.",0.0933
PA008177,2023-10-24 21:25:57,"Praia tranquila, sol perfeito, descanso total.",0.1527
PA008178,2023-10-24 22:44:32,"O outono chegou cedo esse ano, que frio gostoso de manha.",0.1741
PA008179,2023-10-25 00:44:24,"Onibus chegou no horario hoje, que surpresa agradavel.",0.0
PA008180,2023-10-25 03:16:04,"Meu time ganhou hoje, que jogo bonito foi.",0.1602
PA008181,2023-10-25 03:30:15,"Reuniao produtiva hoje, saimos com otimas ideias.",0.0686
PA008182,2023-10-25 04:57:53,"Reuniao produtiva hoje, saimos com otimas ideias.",0.1687
PA008183,2023-10-25 07:13:30,"Configurei o home office com setup novo, otimo.",0.0783
PA008184,2023-10-25 07:51:41,Nao aguento mais reclamacao sem solucao pratica.,0.1962
PA008185,2023-10-25 10:46:26,"Que bagunca, nada funcionando direito.",0.4124
PA008186,2023-10-25 11:07:49,"Vento agradavel hoje, aproveitei para caminhar no parque.",0.036
PA008187,2023-10-25 11:16:24,Atualizacao deixou o sistema muito mais rapido.,0.1025
PA008188,2023-10-25 12:25:42,"Cuidando das plantas em casa, muito terapeutico.",0.0475
PA008189,2023-10-25 13:02:39,"Minha mae fez feijao com arroz e linguica, classico perfeito.",0.1004
PA008190,2023-10-25 13:15:48,"Choveu a tarde toda, dia perfeito pra ficar em casa lendo.",0.1761
PA008191,2023-10-25 13:34:15,"Reencontrei um amigo antigo por acaso, que alegria.",0.05
PA008192,2023-10-25 14:10:51,"Testei IA para ajudar com codigo, funcionou bem.",0.0497
PA008193,2023-10-25 14:39:26,Podcast sobre tecnologia muito interessante.,0.0752
PA008194,2023-10-25 14:44:07,"Acai gelado essa tarde, refrescante demais.",0.0454
PA008195,2023-10-25 17:15:52,"Cuidando das plantas em casa, muito terapeutico.",0.0892
PA008196,2023-10-25 18:11:40,"Praia tranquila, sol perfeito, descanso total.",0.0034
PA008197,2023-10-25 18:18:51,"Testei IA para ajudar com codigo, funcionou bem.",0.0569
PA008198,2023-10-25 18:40:55,"Que bagunca, nada funcionando direito.",0.4408
PA008199,2023-10-25 20:52:57,"Passeio com o cachorro no parque, ele adorou.",0.1268
PA008200,2023-10-25 21:45:46,"Musica nova do meu artista favorito, de outro nivel.",0.1447
PA008201,2023-10-25 23:40:07,"Praia tranquila, sol perfeito, descanso total.",0.0
PA008202,2023-10-26 00:24:18,"Passeio no interior no fim de semana, natureza linda.",0.1953
PA008203,2023-10-26 01:37:28,Que tarde relaxante lendo na rede.,0.0223
PA008204,2023-10-26 04:20:52,"Acai gelado essa tarde, refrescante demais.",0.0617
PA008205,2023-10-26 05:19:40,"Pipoca e serie boa na sexta, programa perfeito.",0.1992
PA008206,2023-10-26 07:05:30,"Academia hoje, treino puxado mas valeu muito.",0.0609
PA008207,2023-10-26 07:27:23,"Fila do hospital andando devagar, sistema falido.",0.9364
PA008208,2023-10-26 08:32:05,"Academia hoje, treino puxado mas valeu muito.",0.0651
PA008209,2023-10-26 08:38:26,"Trilha ecologica incrivel, natureza pura.",0.0372
PA008210,2023-10-26 09:04:27,"Volei com os amigos, muita risada e diversao.",0.0262
PA008211,2023-10-26 09:22:15,"Viagem de fim de semana para cidade historica, valeu.",0.097
PA008212,2023-10-26 09:39:54,"Passeio no interior no fim de semana, natureza linda.",0.0543
PA008213,2023-10-26 09:52:22,"Yoga pela manha, comecei o dia muito bem.",0.113
PA008214,2023-10-26 10:12:31,"Sol lindo hoje, cafe na varanda foi otimo.",0.0193
PA008215,2023-10-26 11:53:28,"Serie nova incrivel, amei o primeiro episodio.",0.1248
PA008216,2023-10-26 14:06:04,"Maratonei a temporada completa, valeu cada minuto.",0.173
PA008217,2023-10-26 14:43:24,"Chuva passageira a tarde, depois o tempo abriu lindo.",0.023
PA008218,2023-10-26 15:04:19,"Fechei projeto importante essa semana, que alegria.",0.121
PA008219,2023-10-26 15:22:40,"Configurei o home office com setup novo, otimo.",0.0695
PA008220,2023-10-26 15:37:02,Feira de artesanato gostosa de passear.,0.0469
PA008221,2023-10-26 15:40:15,"Meu time ganhou hoje, que jogo bonito foi.",0.1266
PA008222,2023-10-26 15:44:32,Show ao vivo incrivel no fim de semana.,0.0448
PA008223,2023-10-26 16:13:52,"Testei IA para ajudar com codigo, funcionou bem.",0.1003
PA008224,2023-10-26 17:01:08,"Reuniao produtiva hoje, saimos com otimas ideias.",0.1158
PA008225,2023-10-26 18:46:42,Leitura no jardim com tempo agradavel.,0.0982
PA008226,2023-10-26 20:56:47,"Pausa pro cafe com os colegas, bate-papo otimo.",0.0728
PA008227,2023-10-26 22:04:14,Atualizacao deixou o sistema muito mais rapido.,0.0617
PA008228,2023-10-26 22:23:09,Atualizacao deixou o sistema muito mais rapido.,0.1751
PA008229,2023-10-26 23:19:07,"Minha mae fez feijao com arroz e linguica, classico perfeito.",0.0879
PA008230,2023-10-27 00:10:50,"Plantei temperos na sacada, que satisfacao.",0.0471
PA008231,2023-10-27 01:09:27,"Estrada livre, cheguei no trabalho rapido hoje.",0.0689
PA008232,2023-10-27 01:12:15,Jantar simples mas gostoso com a familia.,0.0583
PA008233,2023-10-27 01:42:23,"Domingo em familia, melhor dia da semana.",0.0729
PA008234,2023-10-27 01:50:44,"Reuniao produtiva hoje, saimos com otimas ideias.",0.0508
PA008235,2023-10-27 02:37:21,"Viagem de fim de semana para cidade historica, valeu.",0.1048
PA008236,2023-10-27 03:23:52,"Sopa de legumes no frio, reconfortante e gostosa.",0.0
PA008237,2023-10-27 03:46:36,"Fui de bike hoje, que exercicio agradavel de manha.",0.1903
PA008238,2023-10-27 04:06:38,Cafe da manha caprichado: tapioca com ovo e suco de laranja.,0.0
PA008239,2023-10-27 04:46:15,"O outono chegou cedo esse ano, que frio gostoso de manha.",0.1313
PA008240,2023-10-27 05:05:41,"Meu time ganhou hoje, que jogo bonito foi.",0.0463
PA008241,2023-10-27 05:29:32,"Praia tranquila, sol perfeito, descanso total.",0.0615
PA008242,2023-10-27 06:59:38,"Apresentacao correu muito bem, todos gostaram.",0.0572
PA008243,2023-10-27 07:08:14,"Dia nublado mas tranquilo, bom para estudar sem distracao.",0.084
PA008244,2023-10-27 07:42:37,"Livro excelente sobre ciencia de dados, recomendo muito.",0.1292
PA008245,2023-10-27 08:53:11,"Volei com os amigos, muita risada e diversao.",0.0646
PA008246,2023-10-27 08:56:14,"Vento agradavel hoje, aproveitei para caminhar no parque.",0.1004
PA008247,2023-10-27 11:11:58,"Fui num restaurante novo, a pizza estava espetacular.",0.0788
PA008248,2023-10-27 13:00:25,Atualizacao deixou o sistema muito mais rapido.,0.0409
PA008249,2023-10-27 13:24:11,"Apresentacao correu muito bem, todos gostaram.",0.0924
PA008250,2023-10-27 16:36:12,"Sol lindo hoje, cafe na varanda foi otimo.",0.116
PA008251,2023-10-27 17:52:23,Terminei o trabalho da faculdade com antecedencia.,0.0223
PA008252,2023-10-27 18:37:06,"Viagem de fim de semana para cidade historica, valeu.",0.0974
PA008253,2023-10-27 18:47:38,"Internet caindo toda hora, impossivel trabalhar assim.",0.4283
PA008254,2023-10-27 19:04:31,"Chuva passageira a tarde, depois o tempo abriu lindo.",0.0301
PA008255,2023-10-27 19:24:16,"Museu da cidade muito interessante, aprendi bastante.",0.0
PA008256,2023-10-27 20:42:37,Brigadeiro de panela saiu incrivel hoje.,0.1041
PA008257,2023-10-27 21:36:22,"Home office com cafe fresquinho do lado, otimo.",0.0422
PA008258,2023-10-27 22:44:59,App de produtividade novo que encontrei e otimo.,0.0787
PA008259,2023-10-27 22:46:13,"Apresentacao correu muito bem, todos gostaram.",0.0347
PA008260,2023-10-28 02:49:05,"Meditacao de manha, comecando o dia muito bem.",0.136
PA008261,2023-10-28 02:56:39,"Choveu a tarde toda, dia perfeito pra ficar em casa lendo.",0.084
PA008262,2023-10-28 03:32:23,Semana intensa mas muito satisfatoria no trabalho.,0.0787
PA008263,2023-10-28 04:48:10,"Tarefa dificil concluida com sucesso, que satisfacao.",0.1561
PA008264,2023-10-28 05:36:09,Que tarde relaxante lendo na rede.,0.1957
PA008265,2023-10-28 05:52:44,Terminei o trabalho da faculdade com antecedencia.,0.0841
PA008266,2023-10-28 06:10:53,"Novo celular chegou, a camera e impressionante.",0.0787
PA008267,2023-10-28 06:56:51,"Notebook novo chegou, que desempenho incrivel.",0.0
PA008268,2023-10-28 07:43:18,"Configurei o home office com setup novo, otimo.",0.128
PA008269,2023-10-28 07:59:33,"Musica nova do meu artista favorito, de outro nivel.",0.1181
PA008270,2023-10-28 08:58:18,"Meu time ganhou hoje, que jogo bonito foi.",0.0986
PA008271,2023-10-28 09:12:06,Brigadeiro de panela saiu incrivel hoje.,0.1427
PA008272,2023-10-28 10:02:22,"Musica nova do meu artista favorito, de outro nivel.",0.0706
PA008273,2023-10-28 10:13:44,"Domingo em familia, melhor dia da semana.",0.1015
PA008274,2023-10-28 10:33:08,Podcast sobre tecnologia muito interessante.,0.087
PA008275,2023-10-28 10:45:03,"Vento agradavel hoje, aproveitei para caminhar no parque.",0.0646
PA008276,2023-10-28 11:22:22,"Viagem de fim de semana para cidade historica, valeu.",0.1366
PA008277,2023-10-28 11:26:32,"Reencontrei um amigo antigo por acaso, que alegria.",0.1799
PA008278,2023-10-28 12:36:24,"Livro excelente sobre ciencia de dados, recomendo muito.",0.0865
PA008279,2023-10-28 13:05:24,"Yoga pela manha, comecei o dia muito bem.",0.1276
PA008280,2023-10-28 13:49:50,Cafe da manha caprichado: tapioca com ovo e suco de laranja.,0.0079
PA008281,2023-10-28 13:57:52,Feira de artesanato gostosa de passear.,0.0535
PA008282,2023-10-28 14:23:08,"Reencontrei um amigo antigo por acaso, que alegria.",0.1102
PA008283,2023-10-28 14:29:24,"Apresentacao correu muito bem, todos gostaram.",0.0
PA008284,2023-10-28 16:31:32,"Corri 5km de manha, semana otima de treino.",0.168
PA008285,2023-10-28 18:31:25,Cafe da manha caprichado: tapioca com ovo e suco de laranja.,0.1233
PA008286,2023-10-28 20:49:07,Cafe da manha caprichado: tapioca com ovo e suco de laranja.,0.1136
PA008287,2023-10-28 21:19:28,Aula incrivel sobre estatistica aplicada hoje.,0.0254
PA008288,2023-10-28 23:12:17,Pedalada de tarde com vista incrivel do parque.,0.0
PA008289,2023-10-28 23:19:41,"Plantei temperos na sacada, que satisfacao.",0.1535
PA008290,2023-10-28 23:47:39,"Viagem de fim de semana para cidade historica, valeu.",0.0443
PA008291,2023-10-28 23:47:48,Brigadeiro de panela saiu incrivel hoje.,0.0691
PA008292,2023-10-28 23:54:39,"Minha mae fez feijao com arroz e linguica, classico perfeito.",0.0128
PA008293,2023-10-29 01:52:18,"Praia tranquila, sol perfeito, descanso total.",0.0717
PA008294,2023-10-29 03:10:04,Feira de artesanato gostosa de passear.,0.0172
PA008295,2023-10-29 05:19:00,"Museu da cidade muito interessante, aprendi bastante.",0.0696
PA008296,2023-10-29 05:25:43,"Plantei temperos na sacada, que satisfacao.",0.1239
PA008297,2023-10-29 08:43:39,"Reuniao produtiva hoje, saimos com otimas ideias.",0.1008
PA008298,2023-10-29 08:47:33,Brigadeiro de panela saiu incrivel hoje.,0.0685
PA008299,2023-10-29 11:21:37,"Passeio no interior no fim de semana, natureza linda.",0.119
PA008300,2023-10-29 11:27:46,Aplicativo de carona funcionou perfeitamente.,0.111
PA008301,2023-10-29 15:08:17,App de produtividade novo que encontrei e otimo.,0.0614
PA008302,2023-10-29 17:16:43,Atualizacao deixou o sistema muito mais rapido.,0.1211
PA008303,2023-10-29 18:29:53,App de produtividade novo que encontrei e otimo.,0.0273
PA008304,2023-10-29 18:32:07,"Filme otimo ontem, fui ao cinema com a familia.",0.0479
PA008305,2023-10-29 19:58:24,Semana intensa mas muito satisfatoria no trabalho.,0.0344
PA008306,2023-10-29 20:02:47,"Fui num restaurante novo, a pizza estava espetacular.",0.0616
PA008307,2023-10-29 21:06:29,"Aprendi receita nova no youtube, ficou otimo.",0.0605
PA008308,2023-10-29 21:54:56,Terminei o trabalho da faculdade com antecedencia.,0.0339
PA008309,2023-10-30 00:10:09,Caminhada ate a estacao foi otima hoje.,0.0
PA008310,2023-10-30 01:14:56,"Metro bem tranquilo essa manha, cheguei bem.",0.045
PA008311,2023-10-30 02:06:17,"Meditacao de manha, comecando o dia muito bem.",0.0927
PA008312,2023-10-30 02:13:01,"Choveu a tarde toda, dia perfeito pra ficar em casa lendo.",0.0874
PA008313,2023-10-30 04:53:41,"Estrada livre, cheguei no trabalho rapido hoje.",0.0
PA008314,2023-10-30 04:57:10,Cafe da manha caprichado: tapioca com ovo e suco de laranja.,0.0774
PA008315,2023-10-30 05:15:50,Podcast sobre tecnologia muito interessante.,0.0558
PA008316,2023-10-30 05:31:24,"Sopa de legumes no frio, reconfortante e gostosa.",0.156
PA008317,2023-10-30 07:03:40,App de produtividade novo que encontrei e otimo.,0.1783
PA008318,2023-10-30 08:10:32,Semana intensa mas muito satisfatoria no trabalho.,0.0173
PA008319,2023-10-30 08:11:37,"Fechei projeto importante essa semana, que alegria.",0.1169
PA008320,2023-10-30 08:40:21,Grupo de estudos foi muito produtivo hoje.,0.0771
PA008321,2023-10-30 09:00:32,"Apresentacao correu muito bem, todos gostaram.",0.0
PA008322,2023-10-30 09:56:10,"Aprendi receita nova no youtube, ficou otimo.",0.0
PA008323,2023-10-30 10:37:05,Caminhada ate a estacao foi otima hoje.,0.0
PA008324,2023-10-30 11:38:02,"Passei na certificacao, muito feliz com o resultado.",0.1693
PA008325,2023-10-30 11:44:09,"Padaria da esquina lancou sabor novo, recomendo.",0.0187
PA008326,2023-10-30 13:18:23,"Acai gelado essa tarde, refrescante demais.",0.0915
PA008327,2023-10-30 14:55:25,"Vento agradavel hoje, aproveitei para caminhar no parque.",0.0318
PA008328,2023-10-30 15:16:15,Cafe da manha caprichado: tapioca com ovo e suco de laranja.,0.089
PA008329,2023-10-30 16:40:34,"Natacao de manha, melhor inicio de dia possivel.",0.0791
PA008330,2023-10-30 18:01:36,"Museu da cidade muito interessante, aprendi bastante.",0.2034
PA008331,2023-10-30 18:08:17,"O outono chegou cedo esse ano, que frio gostoso de manha.",0.1027
PA008332,2023-10-30 18:54:23,"Configurei o home office com setup novo, otimo.",0.0558
PA008333,2023-10-30 19:10:13,App de produtividade novo que encontrei e otimo.,0.0226
PA008334,2023-10-30 20:12:29,"Onibus chegou no horario hoje, que surpresa agradavel.",0.0476
PA008335,2023-10-30 20:15:14,Semana intensa mas muito satisfatoria no trabalho.,0.1342
PA008336,2023-10-30 20:31:54,"Chuva passageira a tarde, depois o tempo abriu lindo.",0.0652
PA008337,2023-10-30 20:45:14,"Serie nova incrivel, amei o primeiro episodio.",0.0633
PA008338,2023-10-30 22:15:55,"Notebook novo chegou, que desempenho incrivel.",0.0617
PA008339,2023-10-30 23:39:12,"Praia tranquila, sol perfeito, descanso total.",0.0414
PA008340,2023-10-31 00:52:14,"Churrasco com a familia no final de semana, delicioso.",0.0939
PA008341,2023-10-31 01:02:26,"Home office com cafe fresquinho do lado, otimo.",0.1019
PA008342,2023-10-31 01:11:04,"Chuva passageira a tarde, depois o tempo abriu lindo.",0.0722
PA008343,2023-10-31 04:32:37,App de produtividade novo que encontrei e otimo.,0.0629
PA008344,2023-10-31 05:01:47,Brigadeiro de panela saiu incrivel hoje.,0.1063
PA008345,2023-10-31 05:09:45,"Serie nova incrivel, amei o primeiro episodio.",0.1362
PA008346,2023-10-31 05:32:37,"Pipoca e serie boa na sexta, programa perfeito.",0.1191
PA008347,2023-10-31 06:38:46,"Passei na certificacao, muito feliz com o resultado.",0.1775
PA008348,2023-10-31 06:53:17,"Sol lindo hoje, cafe na varanda foi otimo.",0.0619
PA008349,2023-10-31 07:08:34,Leitura no jardim com tempo agradavel.,0.0945
PA008350,2023-10-31 07:13:04,"Tarefa dificil concluida com sucesso, que satisfacao.",0.0605
PA008351,2023-10-31 09:04:02,"Biblioteca da universidade, ambiente otimo para estudar.",0.0948
PA008352,2023-10-31 09:33:03,Finalmente entendi aquele conceito que me travava.,0.1292
PA008353,2023-10-31 11:25:00,"Passeio no interior no fim de semana, natureza linda.",0.0457
PA008354,2023-10-31 11:54:03,"Tentei receita nova de bolo de cenoura, ficou fofinho.",0.0492
PA008355,2023-10-31 13:32:32,"O outono chegou cedo esse ano, que frio gostoso de manha.",0.061
PA008356,2023-10-31 13:41:47,"Viagem de fim de semana para cidade historica, valeu.",0.1068
PA008357,2023-10-31 13:50:48,"O outono chegou cedo esse ano, que frio gostoso de manha.",0.0313
PA008358,2023-10-31 14:33:22,"Almoco incrivel hoje, fiz lasanha caseira do zero.",0.0716
PA008359,2023-10-31 15:04:44,"Churrasco com a familia no final de semana, delicioso.",0.0333
PA008360,2023-10-31 15:33:10,"Pipoca e serie boa na sexta, programa perfeito.",0.1426
PA008361,2023-10-31 15:38:59,Show ao vivo incrivel no fim de semana.,0.0562
PA008362,2023-10-31 16:25:12,"O outono chegou cedo esse ano, que frio gostoso de manha.",0.0962
PA008363,2023-10-31 17:04:25,"Filme otimo ontem, fui ao cinema com a familia.",0.0413
PA008364,2023-10-31 17:55:07,"Acai gelado essa tarde, refrescante demais.",0.0776
PA008365,2023-10-31 18:27:34,"Saturado desse emprego, preciso mudar de vida.",0.2876
PA008366,2023-10-31 19:42:29,"Consegui estacionamento logo de cara, dia de sorte mesmo.",0.089
PA008367,2023-10-31 21:48:36,"Aprendi receita nova no youtube, ficou otimo.",0.1118
PA008368,2023-10-31 21:58:55,"Vento agradavel hoje, aproveitei para caminhar no parque.",0.0599
PA008369,2023-10-31 22:12:27,Que tarde relaxante lendo na rede.,0.0005
PA008370,2023-10-31 23:44:02,"Chuva passageira a tarde, depois o tempo abriu lindo.",0.0651
PA008371,2023-11-01 03:10:50,"Yoga pela manha, comecei o dia muito bem.",0.1114
PA008372,2023-11-01 03:27:57,"Chuva passageira a tarde, depois o tempo abriu lindo.",0.0829
PA008373,2023-11-01 04:28:19,"Meditacao de manha, comecando o dia muito bem.",0.1568
PA008374,2023-11-01 06:27:09,"Onibus chegou no horario hoje, que surpresa agradavel.",0.1905
PA008375,2023-11-01 07:52:45,"Fui de bike hoje, que exercicio agradavel de manha.",0.1141
PA008376,2023-11-01 08:49:37,"O outono chegou cedo esse ano, que frio gostoso de manha.",0.119
PA008377,2023-11-01 11:18:39,Jantar simples mas gostoso com a familia.,0.0584
PA008378,2023-11-01 11:48:51,"Academia hoje, treino puxado mas valeu muito.",0.0
PA008379,2023-11-01 15:33:01,Cafe da manha caprichado: tapioca com ovo e suco de laranja.,0.0712
PA008380,2023-11-01 15:55:07,"Fui num restaurante novo, a pizza estava espetacular.",0.1649
PA008381,2023-11-01 16:29:47,"Cuidando das plantas em casa, muito terapeutico.",0.0576
PA008382,2023-11-01 17:02:36,Caminhada ate a estacao foi otima hoje.,0.0366
PA008383,2023-11-01 18:54:15,Aula incrivel sobre estatistica aplicada hoje.,0.1134
PA008384,2023-11-01 19:29:50,"Meu time ganhou hoje, que jogo bonito foi.",0.0598
PA008385,2023-11-01 22:26:58,"Acai gelado essa tarde, refrescante demais.",0.0645
PA008386,2023-11-01 23:10:01,"Cuidando das plantas em casa, muito terapeutico.",0.0696
PA008387,2023-11-01 23:43:57,"Apresentacao correu muito bem, todos gostaram.",0.0818
PA008388,2023-11-02 01:45:58,"Apresentacao correu muito bem, todos gostaram.",0.1671
PA008389,2023-11-02 01:56:48,"Domingo em familia, melhor dia da semana.",0.1382
PA008390,2023-11-02 03:42:55,"Trilha ecologica incrivel, natureza pura.",0.0251
PA008391,2023-11-02 04:04:11,"Trilha ecologica incrivel, natureza pura.",0.047
PA008392,2023-11-02 04:37:09,"Passei na certificacao, muito feliz com o resultado.",0.0802
PA008393,2023-11-02 05:22:36,Leitura no jardim com tempo agradavel.,0.1383
PA008394,2023-11-02 06:35:11,"Museu da cidade muito interessante, aprendi bastante.",0.054
PA008395,2023-11-02 07:43:32,"O outono chegou cedo esse ano, que frio gostoso de manha.",0.0917
PA008396,2023-11-02 08:30:19,"Home office com cafe fresquinho do lado, otimo.",0.1115
PA008397,2023-11-02 09:10:15,"Sol lindo hoje, cafe na varanda foi otimo.",0.0451
PA008398,2023-11-02 11:22:48,Grupo de estudos foi muito produtivo hoje.,0.1074
PA008399,2023-11-02 12:24:42,"Estrada livre, cheguei no trabalho rapido hoje.",0.0867
PA008400,2023-11-02 12:34:54,"Acai gelado essa tarde, refrescante demais.",0.0961
PA008401,2023-11-02 12:36:16,Caminhada ate a estacao foi otima hoje.,0.1075
PA008402,2023-11-02 14:20:28,"Testei IA para ajudar com codigo, funcionou bem.",0.062
PA008403,2023-11-02 14:52:40,Feira de artesanato gostosa de passear.,0.1024
PA008404,2023-11-02 14:54:18,Brigadeiro de panela saiu incrivel hoje.,0.0522
PA008405,2023-11-02 15:23:45,"Passeio no interior no fim de semana, natureza linda.",0.1109
PA008406,2023-11-02 15:25:45,Show ao vivo incrivel no fim de semana.,0.0364
PA008407,2023-11-02 17:02:28,"Natacao de manha, melhor inicio de dia possivel.",0.0789
PA008408,2023-11-02 17:04:06,Que manha fresca e agradavel para uma caminhada.,0.081
PA008409,2023-11-02 17:06:56,"Chuva passageira a tarde, depois o tempo abriu lindo.",0.0
PA008410,2023-11-02 17:19:51,"Apresentacao correu muito bem, todos gostaram.",0.0962
PA008411,2023-11-02 17:21:35,Jantar simples mas gostoso com a familia.,0.0873
PA008412,2023-11-02 19:36:05,Jogo novo me viciou de um jeito bom.,0.0325
PA008413,2023-11-02 19:51:09,"Estrada livre, cheguei no trabalho rapido hoje.",0.016
PA008414,2023-11-02 21:42:44,"Padaria da esquina lancou sabor novo, recomendo.",0.1213
PA008415,2023-11-02 22:18:54,"Passei na certificacao, muito feliz com o resultado.",0.0514
PA008416,2023-11-02 22:22:37,Jantar simples mas gostoso com a familia.,0.0585
PA008417,2023-11-02 22:29:58,"Museu da cidade muito interessante, aprendi bastante.",0.1254
PA008418,2023-11-02 22:31:26,"Biblioteca da universidade, ambiente otimo para estudar.",0.0076
PA008419,2023-11-02 22:35:25,"Yoga pela manha, comecei o dia muito bem.",0.0029
PA008420,2023-11-02 23:14:23,"Home office com cafe fresquinho do lado, otimo.",0.1131
PA008421,2023-11-03 00:32:09,"Sopa de legumes no frio, reconfortante e gostosa.",0.0263
PA008422,2023-11-03 01:12:57,Leitura no jardim com tempo agradavel.,0.0737
PA008423,2023-11-03 02:29:37,"Trilha ecologica incrivel, natureza pura.",0.0636
PA008424,2023-11-03 04:20:08,App de produtividade novo que encontrei e otimo.,0.0671
PA008425,2023-11-03 05:04:19,"Acai gelado essa tarde, refrescante demais.",0.0255
PA008426,2023-11-03 05:08:03,Grupo de estudos foi muito produtivo hoje.,0.0893
PA008427,2023-11-03 07:46:09,"Passei na certificacao, muito feliz com o resultado.",0.0313
PA008428,2023-11-03 09:11:36,"Maratonei a temporada completa, valeu cada minuto.",0.107
PA008429,2023-11-03 09:50:38,"Natacao de manha, melhor inicio de dia possivel.",0.0926
PA008430,2023-11-03 10:11:29,"Apresentacao correu muito bem, todos gostaram.",0.1094
PA008431,2023-11-03 10:59:46,"Pipoca e serie boa na sexta, programa perfeito.",0.052
PA008432,2023-11-03 11:04:27,"Fila do hospital andando devagar, sistema falido.",0.7998
PA008433,2023-11-03 11:07:14,Caminhada ate a estacao foi otima hoje.,0.0752
PA008434,2023-11-03 12:18:48,"Tentei receita nova de bolo de cenoura, ficou fofinho.",0.1016
PA008435,2023-11-03 12:37:19,"Testei IA para ajudar com codigo, funcionou bem.",0.1229
PA008436,2023-11-03 13:21:06,"Consegui estacionamento logo de cara, dia de sorte mesmo.",0.0456
PA008437,2023-11-03 15:08:48,"Estudando para a prova de amanha, bem concentrado.",0.0
PA008438,2023-11-03 16:23:14,Semana intensa mas muito satisfatoria no trabalho.,0.0195
PA008439,2023-11-03 16:41:49,Grupo de estudos foi muito produtivo hoje.,0.1485
PA008440,2023-11-03 16:59:26,Terminei o trabalho da faculdade com antecedencia.,0.1357
PA008441,2023-11-03 17:12:39,Aplicativo de carona funcionou perfeitamente.,0.0204
PA008442,2023-11-03 17:23:04,Jogo novo me viciou de um jeito bom.,0.0831
PA008443,2023-11-03 17:53:08,Nao acredito mais nessa politica que nao resolve.,0.3004
PA008444,2023-11-03 18:22:31,Que tarde relaxante lendo na rede.,0.0968
PA008445,2023-11-03 18:30:28,Grupo de estudos foi muito produtivo hoje.,0.0779
PA008446,2023-11-03 18:38:54,"Biblioteca da universidade, ambiente otimo para estudar.",0.0559
PA008447,2023-11-03 18:59:59,"Natacao de manha, melhor inicio de dia possivel.",0.1078
PA008448,2023-11-03 21:05:19,Brigadeiro de panela saiu incrivel hoje.,0.0769
PA008449,2023-11-03 21:30:42,"Filme otimo ontem, fui ao cinema com a familia.",0.0606
PA008450,2023-11-03 23:48:06,Jogo novo me viciou de um jeito bom.,0.1499
PA008451,2023-11-04 00:50:28,"Academia hoje, treino puxado mas valeu muito.",0.0154
PA008452,2023-11-04 02:10:41,"Musica nova do meu artista favorito, de outro nivel.",0.0613
PA008453,2023-11-04 02:24:41,"Dia nublado mas tranquilo, bom para estudar sem distracao.",0.0144
PA008454,2023-11-04 04:29:02,"Livro excelente sobre ciencia de dados, recomendo muito.",0.0552
PA008455,2023-11-04 06:18:47,Que manha fresca e agradavel para uma caminhada.,0.0767
PA008456,2023-11-04 07:08:54,"Domingo em familia, melhor dia da semana.",0.0
PA008457,2023-11-04 07:18:18,"Pipoca e serie boa na sexta, programa perfeito.",0.1553
PA008458,2023-11-04 09:56:05,"Home office com cafe fresquinho do lado, otimo.",0.0631
PA008459,2023-11-04 11:29:59,"Meu time ganhou hoje, que jogo bonito foi.",0.1086
PA008460,2023-11-04 12:20:20,Jogo novo me viciou de um jeito bom.,0.084
PA008461,2023-11-04 12:20:26,"Cuidando das plantas em casa, muito terapeutico.",0.0291
PA008462,2023-11-04 14:01:13,"Chega de promessa vazia, quero resultado de verdade.",0.5527
PA008463,2023-11-04 14:33:45,"Meditacao de manha, comecando o dia muito bem.",0.0383
PA008464,2023-11-04 15:44:18,"Reencontrei um amigo antigo por acaso, que alegria.",0.093
PA008465,2023-11-04 16:23:57,"Passei na certificacao, muito feliz com o resultado.",0.0
PA008466,2023-11-04 17:18:02,"Museu da cidade muito interessante, aprendi bastante.",0.0808
PA008467,2023-11-04 18:19:28,"Musica nova do meu artista favorito, de outro nivel.",0.0684
PA008468,2023-11-04 18:42:03,"Maratonei a temporada completa, valeu cada minuto.",0.0271
PA008469,2023-11-04 19:20:14,Aplicativo de carona funcionou perfeitamente.,0.1191
PA008470,2023-11-04 20:08:16,"Apresentacao correu muito bem, todos gostaram.",0.0914
PA008471,2023-11-04 20:28:13,"Biblioteca da universidade, ambiente otimo para estudar.",0.08
PA008472,2023-11-04 21:19:43,Semana intensa mas muito satisfatoria no trabalho.,0.1158
PA008473,2023-11-04 23:09:37,Atualizacao deixou o sistema muito mais rapido.,0.0776
PA008474,2023-11-04 23:55:59,"Academia hoje, treino puxado mas valeu muito.",0.113
PA008475,2023-11-05 00:48:18,"Maratonei a temporada completa, valeu cada minuto.",0.1048
PA008476,2023-11-05 02:24:53,Brigadeiro de panela saiu incrivel hoje.,0.1411
PA008477,2023-11-05 05:37:57,"Viagem de fim de semana para cidade historica, valeu.",0.0987
PA008478,2023-11-05 06:11:18,"Fechei projeto importante essa semana, que alegria.",0.1245
PA008479,2023-11-05 09:02:54,"Pipoca e serie boa na sexta, programa perfeito.",0.1505
PA008480,2023-11-05 12:13:04,"Reuniao produtiva hoje, saimos com otimas ideias.",0.1039
PA008481,2023-11-05 12:51:02,"Passei na certificacao, muito feliz com o resultado.",0.0848
PA008482,2023-11-05 13:18:05,"Serie nova incrivel, amei o primeiro episodio.",0.1092
PA008483,2023-11-05 13:56:19,"Onibus chegou no horario hoje, que surpresa agradavel.",0.1554
PA008484,2023-11-05 14:42:05,"Chuva passageira a tarde, depois o tempo abriu lindo.",0.0
PA008485,2023-11-05 16:12:23,"Museu da cidade muito interessante, aprendi bastante.",0.0897
PA008486,2023-11-05 16:45:40,Aula incrivel sobre estatistica aplicada hoje.,0.1562
PA008487,2023-11-05 16:54:33,"Maratonei a temporada completa, valeu cada minuto.",0.0979
PA008488,2023-11-05 17:28:18,Podcast sobre tecnologia muito interessante.,0.14
PA008489,2023-11-05 17:37:55,"Minha mae fez feijao com arroz e linguica, classico perfeito.",0.1234
PA008490,2023-11-05 18:06:53,Grupo de estudos foi muito produtivo hoje.,0.0828
PA008491,2023-11-05 18:13:42,App de produtividade novo que encontrei e otimo.,0.0489
PA008492,2023-11-05 19:11:37,Brigadeiro de panela saiu incrivel hoje.,0.1319
PA008493,2023-11-05 20:36:43,"Aprendi receita nova no youtube, ficou otimo.",0.1131
PA008494,2023-11-05 20:47:39,Brigadeiro de panela saiu incrivel hoje.,0.0413
PA008495,2023-11-05 20:58:27,"Fui num restaurante novo, a pizza estava espetacular.",0.0133
PA008496,2023-11-05 22:56:10,Nao aguento mais reclamacao sem solucao pratica.,0.7841
PA008497,2023-11-06 00:32:24,Atualizacao deixou o sistema muito mais rapido.,0.075
PA008498,2023-11-06 02:27:51,"Multa de transito injusta, vou recorrer.",0.4146
PA008499,2023-11-06 03:30:52,"Home office com cafe fresquinho do lado, otimo.",0.0682
PA008500,2023-11-06 05:06:39,"Teatro incrivel ontem, peca muito bem dirigida.",0.1911
PA008501,2023-11-06 05:17:37,"Passeio no interior no fim de semana, natureza linda.",0.0905
PA008502,2023-11-06 05:41:43,"Passeio no interior no fim de semana, natureza linda.",0.1175
PA008503,2023-11-06 05:49:40,"Padaria da esquina lancou sabor novo, recomendo.",0.0
PA008504,2023-11-06 05:58:16,"Passeio no interior no fim de semana, natureza linda.",0.0971
PA008505,2023-11-06 06:13:48,Cansado desse sistema publico que nao funciona.,0.1039
PA008506,2023-11-06 07:30:35,"Passeio no interior no fim de semana, natureza linda.",0.1215
PA008507,2023-11-06 11:15:12,"Trilha ecologica incrivel, natureza pura.",0.093
PA008508,2023-11-06 12:19:03,"Pipoca e serie boa na sexta, programa perfeito.",0.1413
PA008509,2023-11-06 13:03:38,Finalmente entendi aquele conceito que me travava.,0.1745
PA008510,2023-11-06 13:16:40,Aplicativo de carona funcionou perfeitamente.,0.0324
PA008511,2023-11-06 13:20:49,"Volei com os amigos, muita risada e diversao.",0.1521
PA008512,2023-11-06 13:23:16,"Onibus chegou no horario hoje, que surpresa agradavel.",0.0
PA008513,2023-11-06 15:52:50,"Reencontrei um amigo antigo por acaso, que alegria.",0.1952
PA008514,2023-11-06 16:30:00,"Estrada livre, cheguei no trabalho rapido hoje.",0.0446
PA008515,2023-11-06 16:40:25,"Vento agradavel hoje, aproveitei para caminhar no parque.",0.0934
PA008516,2023-11-06 16:45:59,Show ao vivo incrivel no fim de semana.,0.0439
PA008517,2023-11-06 17:56:02,"Aprendi receita nova no youtube, ficou otimo.",0.0158
PA008518,2023-11-06 18:31:12,Podcast sobre tecnologia muito interessante.,0.0605
PA008519,2023-11-06 19:23:47,Finalmente entendi aquele conceito que me travava.,0.0162
PA008520,2023-11-06 21:26:44,"Que calor hoje, tive que ligar o ar condicionado logo cedo.",0.0998
PA008521,2023-11-06 22:56:11,Que tarde relaxante lendo na rede.,0.0334
PA008522,2023-11-06 23:38:07,"Padaria da esquina lancou sabor novo, recomendo.",0.083
PA008523,2023-11-06 23:55:43,"Que frustracao, meu time perdeu mais uma vez.",0.6767
PA008524,2023-11-07 00:53:56,Pedalada de tarde com vista incrivel do parque.,0.0308
PA008525,2023-11-07 04:44:51,"Reencontrei um amigo antigo por acaso, que alegria.",0.0945
PA008526,2023-11-07 05:08:56,"Notebook novo chegou, que desempenho incrivel.",0.1194
PA008527,2023-11-07 05:24:31,"Reuniao produtiva hoje, saimos com otimas ideias.",0.0381
PA008528,2023-11-07 06:24:19,"Sopa de legumes no frio, reconfortante e gostosa.",0.1914
PA008529,2023-11-07 07:26:58,"Padaria da esquina lancou sabor novo, recomendo.",0.0588
PA008530,2023-11-07 08:56:40,Grupo de estudos foi muito produtivo hoje.,0.1531
PA008531,2023-11-07 09:03:57,"Natacao de manha, melhor inicio de dia possivel.",0.062
PA008532,2023-11-07 09:18:57,"Viagem de fim de semana para cidade historica, valeu.",0.0532
PA008533,2023-11-07 10:13:36,Show ao vivo incrivel no fim de semana.,0.0617
PA008534,2023-11-07 10:37:44,Brigadeiro de panela saiu incrivel hoje.,0.0396
PA008535,2023-11-07 10:42:06,Podcast sobre tecnologia muito interessante.,0.0657
PA008536,2023-11-07 11:00:49,"Testei IA para ajudar com codigo, funcionou bem.",0.1129
PA008537,2023-11-07 11:56:15,Jantar simples mas gostoso com a familia.,0.1613
PA008538,2023-11-07 13:05:44,Show ao vivo incrivel no fim de semana.,0.1184
PA008539,2023-11-07 15:47:32,"Museu da cidade muito interessante, aprendi bastante.",0.1185
PA008540,2023-11-07 17:40:00,"Reencontrei um amigo antigo por acaso, que alegria.",0.1218
PA008541,2023-11-07 17:58:14,"Estudando para a prova de amanha, bem concentrado.",0.0871
PA008542,2023-11-07 18:07:15,Pedalada de tarde com vista incrivel do parque.,0.0415
PA008543,2023-11-07 18:57:09,"Viagem de fim de semana para cidade historica, valeu.",0.2005
PA008544,2023-11-07 19:21:01,"Filme otimo ontem, fui ao cinema com a familia.",0.0779
PA008545,2023-11-07 19:43:15,"Pausa pro cafe com os colegas, bate-papo otimo.",0.0793
PA008546,2023-11-07 20:48:02,"Vento agradavel hoje, aproveitei para caminhar no parque.",0.0795
PA008547,2023-11-07 22:02:35,"Teatro incrivel ontem, peca muito bem dirigida.",0.1202
PA008548,2023-11-07 22:31:21,"Vento agradavel hoje, aproveitei para caminhar no parque.",0.0576
PA008549,2023-11-08 00:07:55,"Acai gelado essa tarde, refrescante demais.",0.0927
PA008550,2023-11-08 00:29:57,Pedalada de tarde com vista incrivel do parque.,0.0892
PA008551,2023-11-08 01:16:19,"Passeio com o cachorro no parque, ele adorou.",0.1289
PA008552,2023-11-08 02:13:42,Show ao vivo incrivel no fim de semana.,0.0837
PA008553,2023-11-08 02:21:54,"Chuva passageira a tarde, depois o tempo abriu lindo.",0.0038
PA008554,2023-11-08 04:49:15,"Notebook novo chegou, que desempenho incrivel.",0.0708
PA008555,2023-11-08 05:09:59,"Fechei projeto importante essa semana, que alegria.",0.1029
PA008556,2023-11-08 06:16:15,"Onibus chegou no horario hoje, que surpresa agradavel.",0.0955
PA008557,2023-11-08 07:11:03,"Estudando para a prova de amanha, bem concentrado.",0.0643
PA008558,2023-11-08 07:44:45,"Tentei receita nova de bolo de cenoura, ficou fofinho.",0.0792
PA008559,2023-11-08 08:01:41,"O outono chegou cedo esse ano, que frio gostoso de manha.",0.011
PA008560,2023-11-08 08:23:40,"Churrasco com a familia no final de semana, delicioso.",0.06
PA008561,2023-11-08 09:38:46,"Praia tranquila, sol perfeito, descanso total.",0.1005
PA008562,2023-11-08 10:01:28,"Home office com cafe fresquinho do lado, otimo.",0.0985
PA008563,2023-11-08 10:09:37,"Choveu a tarde toda, dia perfeito pra ficar em casa lendo.",0.1221
PA008564,2023-11-08 13:03:09,"Biblioteca da universidade, ambiente otimo para estudar.",0.0312
PA008565,2023-11-08 13:52:41,"Pipoca e serie boa na sexta, programa perfeito.",0.0997
PA008566,2023-11-08 15:39:06,"Fui de bike hoje, que exercicio agradavel de manha.",0.1329
PA008567,2023-11-08 15:50:57,Aplicativo de carona funcionou perfeitamente.,0.0894
PA008568,2023-11-08 15:54:56,"Passeio com o cachorro no parque, ele adorou.",0.0
PA008569,2023-11-08 17:04:07,Pedalada de tarde com vista incrivel do parque.,0.0893
PA008570,2023-11-08 17:41:34,"Acai gelado essa tarde, refrescante demais.",0.0962
PA008571,2023-11-08 19:28:27,"Home office com cafe fresquinho do lado, otimo.",0.0809
PA008572,2023-11-08 20:13:22,"Passeio com o cachorro no parque, ele adorou.",0.1241
PA008573,2023-11-08 20:43:38,Leitura no jardim com tempo agradavel.,0.0779
PA008574,2023-11-08 21:50:37,"Yoga pela manha, comecei o dia muito bem.",0.0637
PA008575,2023-11-08 22:10:27,Podcast sobre tecnologia muito interessante.,0.0443
PA008576,2023-11-08 23:10:39,"Estudando para a prova de amanha, bem concentrado.",0.1165
PA008577,2023-11-08 23:11:41,Semana intensa mas muito satisfatoria no trabalho.,0.0711
PA008578,2023-11-09 01:33:11,Brigadeiro de panela saiu incrivel hoje.,0.0785
PA008579,2023-11-09 01:59:13,"Pipoca e serie boa na sexta, programa perfeito.",0.0482
PA008580,2023-11-09 02:33:04,"Teatro incrivel ontem, peca muito bem dirigida.",0.1415
PA008581,2023-11-09 05:45:42,Atualizacao deixou o sistema muito mais rapido.,0.0804
PA008582,2023-11-09 07:18:21,"Tentei receita nova de bolo de cenoura, ficou fofinho.",0.1194
PA008583,2023-11-09 08:26:25,"Saturado desse emprego, preciso mudar de vida.",0.3655
PA008584,2023-11-09 09:44:37,"Musica nova do meu artista favorito, de outro nivel.",0.0629
PA008585,2023-11-09 10:12:42,"Sol lindo hoje, cafe na varanda foi otimo.",0.0901
PA008586,2023-11-09 11:56:51,"Chuva passageira a tarde, depois o tempo abriu lindo.",0.085
PA008587,2023-11-09 14:22:19,Finalmente entendi aquele conceito que me travava.,0.1494
PA008588,2023-11-09 15:01:24,App de produtividade novo que encontrei e otimo.,0.065
PA008589,2023-11-09 16:20:20,Tudo caro e qualidade cada vez pior.,0.4698
PA008590,2023-11-09 16:22:32,"Yoga pela manha, comecei o dia muito bem.",0.0415
PA008591,2023-11-09 19:16:19,"Domingo em familia, melhor dia da semana.",0.0754
PA008592,2023-11-09 21:12:46,"Sopa de legumes no frio, reconfortante e gostosa.",0.0732
PA008593,2023-11-09 21:19:43,Jantar simples mas gostoso com a familia.,0.0662
PA008594,2023-11-09 21:44:39,Jogo novo me viciou de um jeito bom.,0.1373
PA008595,2023-11-09 21:51:33,"Onibus chegou no horario hoje, que surpresa agradavel.",0.0753
PA008596,2023-11-09 22:08:37,"Fechei projeto importante essa semana, que alegria.",0.0235
PA008597,2023-11-09 22:16:41,"Corri 5km de manha, semana otima de treino.",0.1379
PA008598,2023-11-09 23:30:33,"Minha mae fez feijao com arroz e linguica, classico perfeito.",0.0337
PA008599,2023-11-09 23:40:33,"Cuidando das plantas em casa, muito terapeutico.",0.0229
PA008600,2023-11-10 01:02:23,Grupo de estudos foi muito produtivo hoje.,0.0303
PA008601,2023-11-10 02:35:52,"Sopa de legumes no frio, reconfortante e gostosa.",0.1238
PA008602,2023-11-10 03:15:11,Caminhada ate a estacao foi otima hoje.,0.0539
PA008603,2023-11-10 03:19:01,Que tarde relaxante lendo na rede.,0.0575
PA008604,2023-11-10 05:23:41,Grupo de estudos foi muito produtivo hoje.,0.0058
PA008605,2023-11-10 05:45:55,Finalmente entendi aquele conceito que me travava.,0.074
PA008606,2023-11-10 06:22:07,"O outono chegou cedo esse ano, que frio gostoso de manha.",0.0804
PA008607,2023-11-10 07:37:13,Show ao vivo incrivel no fim de semana.,0.0402
PA008608,2023-11-10 08:03:15,Barulho da rua me deixou irritado o dia todo.,0.9885
PA008609,2023-11-10 08:08:40,"Aprendi receita nova no youtube, ficou otimo.",0.0133
PA008610,2023-11-10 09:51:53,Podcast sobre tecnologia muito interessante.,0.1254
PA008611,2023-11-10 09:55:58,Semana intensa mas muito satisfatoria no trabalho.,0.1003
PA008612,2023-11-10 10:24:27,"Biblioteca da universidade, ambiente otimo para estudar.",0.0479
PA008613,2023-11-10 11:17:43,"Sopa de legumes no frio, reconfortante e gostosa.",0.0594
PA008614,2023-11-10 11:25:38,Aula incrivel sobre estatistica aplicada hoje.,0.0616
PA008615,2023-11-10 11:42:09,Grupo de estudos foi muito produtivo hoje.,0.0736
PA008616,2023-11-10 11:44:04,Cafe da manha caprichado: tapioca com ovo e suco de laranja.,0.0886
PA008617,2023-11-10 13:10:36,Aula incrivel sobre estatistica aplicada hoje.,0.0742
PA008618,2023-11-10 13:46:15,"Padaria da esquina lancou sabor novo, recomendo.",0.0
PA008619,2023-11-10 14:54:51,"Cuidando das plantas em casa, muito terapeutico.",0.0489
PA008620,2023-11-10 16:28:46,"Corri 5km de manha, semana otima de treino.",0.0855
PA008621,2023-11-10 16:45:02,"Dia nublado mas tranquilo, bom para estudar sem distracao.",0.0696
PA008622,2023-11-10 18:42:54,Caminhada ate a estacao foi otima hoje.,0.0766
PA008623,2023-11-10 19:53:22,Podcast sobre tecnologia muito interessante.,0.0244
PA008624,2023-11-10 19:54:13,"Reuniao produtiva hoje, saimos com otimas ideias.",0.0872
PA008625,2023-11-10 20:37:12,"Meditacao de manha, comecando o dia muito bem.",0.1285
PA008626,2023-11-10 22:04:22,"Passei na certificacao, muito feliz com o resultado.",0.1537
PA008627,2023-11-10 22:11:56,"Notebook novo chegou, que desempenho incrivel.",0.1063
PA008628,2023-11-10 22:16:54,"Sopa de legumes no frio, reconfortante e gostosa.",0.0974
PA008629,2023-11-10 22:39:14,"O outono chegou cedo esse ano, que frio gostoso de manha.",0.0725
PA008630,2023-11-11 00:27:10,"Fechei projeto importante essa semana, que alegria.",0.0644
PA008631,2023-11-11 00:32:15,"Cuidando das plantas em casa, muito terapeutico.",0.0429
PA008632,2023-11-11 00:53:44,"Natacao de manha, melhor inicio de dia possivel.",0.0
PA008633,2023-11-11 01:24:27,Que tarde relaxante lendo na rede.,0.1087
PA008634,2023-11-11 05:31:20,Atualizacao deixou o sistema muito mais rapido.,0.0314
PA008635,2023-11-11 05:42:15,Cansado desse sistema publico que nao funciona.,0.6845
PA008636,2023-11-11 07:52:56,Que manha fresca e agradavel para uma caminhada.,0.0842
PA008637,2023-11-11 08:43:34,Show ao vivo incrivel no fim de semana.,0.1472
PA008638,2023-11-11 09:03:30,"O outono chegou cedo esse ano, que frio gostoso de manha.",0.0215
PA008639,2023-11-11 12:41:52,Tarde produtiva organizando e limpando a casa.,0.1467
PA008640,2023-11-11 13:26:09,App de produtividade novo que encontrei e otimo.,0.1841
PA008641,2023-11-11 14:47:38,App de produtividade novo que encontrei e otimo.,0.0842
PA008642,2023-11-11 16:27:34,"Acai gelado essa tarde, refrescante demais.",0.0766
PA008643,2023-11-11 17:42:36,"Domingo em familia, melhor dia da semana.",0.0178
PA008644,2023-11-11 17:54:02,"Reencontrei um amigo antigo por acaso, que alegria.",0.0433
PA008645,2023-11-11 17:54:38,"Reuniao produtiva hoje, saimos com otimas ideias.",0.0449
PA008646,2023-11-11 17:55:33,"Churrasco com a familia no final de semana, delicioso.",0.1019
PA008647,2023-11-11 18:02:39,"Museu da cidade muito interessante, aprendi bastante.",0.1162
PA008648,2023-11-11 20:30:43,"Tentei receita nova de bolo de cenoura, ficou fofinho.",0.0
PA008649,2023-11-11 21:09:33,"Configurei o home office com setup novo, otimo.",0.0895
PA008650,2023-11-11 22:44:40,"Maratonei a temporada completa, valeu cada minuto.",0.1864
PA008651,2023-11-11 22:45:25,App de produtividade novo que encontrei e otimo.,0.0793
PA008652,2023-11-11 23:05:39,Cafe da manha caprichado: tapioca com ovo e suco de laranja.,0.0435
PA008653,2023-11-11 23:16:35,Grupo de estudos foi muito produtivo hoje.,0.134
PA008654,2023-11-12 00:23:37,"Plantei temperos na sacada, que satisfacao.",0.0
PA008655,2023-11-12 01:21:54,Brigadeiro de panela saiu incrivel hoje.,0.0763
PA008656,2023-11-12 01:44:48,Brigadeiro de panela saiu incrivel hoje.,0.0674
PA008657,2023-11-12 02:49:33,"Dia nublado mas tranquilo, bom para estudar sem distracao.",0.1154
PA008658,2023-11-12 03:08:42,"Filme otimo ontem, fui ao cinema com a familia.",0.1342
PA008659,2023-11-12 03:08:54,Terminei o trabalho da faculdade com antecedencia.,0.0771
PA008660,2023-11-12 04:45:56,"Trilha ecologica incrivel, natureza pura.",0.0
PA008661,2023-11-12 05:58:25,Cansado desse sistema publico que nao funciona.,0.8963
PA008662,2023-11-12 07:11:15,"Metro bem tranquilo essa manha, cheguei bem.",0.0862
PA008663,2023-11-12 07:14:17,"Passei na certificacao, muito feliz com o resultado.",0.173
PA008664,2023-11-12 07:41:54,"Reuniao produtiva hoje, saimos com otimas ideias.",0.1253
PA008665,2023-11-12 10:07:50,"Fechei projeto importante essa semana, que alegria.",0.0992
PA008666,2023-11-12 10:39:53,"Filme otimo ontem, fui ao cinema com a familia.",0.0208
PA008667,2023-11-12 10:45:55,"Pausa pro cafe com os colegas, bate-papo otimo.",0.103
PA008668,2023-11-12 11:06:44,"Museu da cidade muito interessante, aprendi bastante.",0.0111
PA008669,2023-11-12 11:42:38,Aula incrivel sobre estatistica aplicada hoje.,0.0933
PA008670,2023-11-12 11:58:06,"Corri 5km de manha, semana otima de treino.",0.0944
PA008671,2023-11-12 12:01:28,Aula incrivel sobre estatistica aplicada hoje.,0.0578
PA008672,2023-11-12 14:59:30,"Saturado desse emprego, preciso mudar de vida.",0.3605
PA008673,2023-11-12 16:42:41,"Teatro incrivel ontem, peca muito bem dirigida.",0.0312
PA008674,2023-11-12 17:14:48,"Onibus chegou no horario hoje, que surpresa agradavel.",0.0362
PA008675,2023-11-12 18:04:50,"Reuniao produtiva hoje, saimos com otimas ideias.",0.0488
PA008676,2023-11-12 18:05:07,Show ao vivo incrivel no fim de semana.,0.0469
PA008677,2023-11-12 18:37:57,"Acai gelado essa tarde, refrescante demais.",0.1173
PA008678,2023-11-12 19:12:29,"Passei na certificacao, muito feliz com o resultado.",0.0681
PA008679,2023-11-12 19:35:30,"Novo celular chegou, a camera e impressionante.",0.0585
PA008680,2023-11-12 20:00:07,Podcast sobre tecnologia muito interessante.,0.0351
PA008681,2023-11-12 20:22:54,"Cuidando das plantas em casa, muito terapeutico.",0.1003
PA008682,2023-11-12 21:31:55,"Novo celular chegou, a camera e impressionante.",0.0626
PA008683,2023-11-12 22:42:28,"Meditacao de manha, comecando o dia muito bem.",0.1075
PA008684,2023-11-12 23:45:02,"Sopa de legumes no frio, reconfortante e gostosa.",0.056
PA008685,2023-11-13 00:56:36,Cafe da manha caprichado: tapioca com ovo e suco de laranja.,0.0483
PA008686,2023-11-13 01:17:09,"Yoga pela manha, comecei o dia muito bem.",0.0249
PA008687,2023-11-13 01:47:08,"Estudando para a prova de amanha, bem concentrado.",0.1381
PA008688,2023-11-13 02:33:13,"Domingo em familia, melhor dia da semana.",0.0
PA008689,2023-11-13 02:48:15,Terminei o trabalho da faculdade com antecedencia.,0.063
PA008690,2023-11-13 03:05:01,"Aprendi receita nova no youtube, ficou otimo.",0.0282
PA008691,2023-11-13 03:53:41,"Meu time ganhou hoje, que jogo bonito foi.",0.138
PA008692,2023-11-13 04:41:20,"Almoco incrivel hoje, fiz lasanha caseira do zero.",0.1821
PA008693,2023-11-13 05:33:45,App de produtividade novo que encontrei e otimo.,0.0983
PA008694,2023-11-13 06:16:43,"Sopa de legumes no frio, reconfortante e gostosa.",0.0545
PA008695,2023-11-13 07:26:59,"Que bagunca, nada funcionando direito.",0.226
PA008696,2023-11-13 08:02:14,"Museu da cidade muito interessante, aprendi bastante.",0.0441
PA008697,2023-11-13 08:27:54,Podcast sobre tecnologia muito interessante.,0.0808
PA008698,2023-11-13 08:38:31,"Configurei o home office com setup novo, otimo.",0.0735
PA008699,2023-11-13 09:31:13,"Praia tranquila, sol perfeito, descanso total.",0.0337
PA008700,2023-11-13 09:38:59,"Passeio no interior no fim de semana, natureza linda.",0.0084
PA008701,2023-11-13 09:44:17,Terminei o trabalho da faculdade com antecedencia.,0.1266
PA008702,2023-11-13 11:46:22,Atualizacao deixou o sistema muito mais rapido.,0.0372
PA008703,2023-11-13 11:59:06,"Almoco incrivel hoje, fiz lasanha caseira do zero.",0.1253
PA008704,2023-11-13 12:28:25,Grupo de estudos foi muito produtivo hoje.,0.0993
PA008705,2023-11-13 13:30:58,"Trilha ecologica incrivel, natureza pura.",0.076
PA008706,2023-11-13 17:15:10,Finalmente entendi aquele conceito que me travava.,0.0698
PA008707,2023-11-13 17:17:31,"Reuniao produtiva hoje, saimos com otimas ideias.",0.0873
PA008708,2023-11-13 18:08:11,"Apresentacao correu muito bem, todos gostaram.",0.0362
PA008709,2023-11-13 19:49:42,"Estrada livre, cheguei no trabalho rapido hoje.",0.1488
PA008710,2023-11-13 20:42:13,"Passei na certificacao, muito feliz com o resultado.",0.1167
PA008711,2023-11-13 20:55:01,"Serie nova incrivel, amei o primeiro episodio.",0.0685
PA008712,2023-11-13 20:57:16,Que manha fresca e agradavel para uma caminhada.,0.0788
PA008713,2023-11-13 21:36:44,"Mais um dia de transito horrivel, situacao absurda.",0.2233
PA008714,2023-11-13 23:10:36,"Consegui estacionamento logo de cara, dia de sorte mesmo.",0.0577
PA008715,2023-11-14 01:08:11,Atualizacao deixou o sistema muito mais rapido.,0.0419
PA008716,2023-11-14 01:36:59,"Reuniao produtiva hoje, saimos com otimas ideias.",0.1583
PA008717,2023-11-14 02:34:12,"Estudando para a prova de amanha, bem concentrado.",0.0
PA008718,2023-11-14 03:45:37,Cafe da manha caprichado: tapioca com ovo e suco de laranja.,0.0537
PA008719,2023-11-14 04:13:19,"Plantei temperos na sacada, que satisfacao.",0.1269
PA008720,2023-11-14 04:44:39,"Tarefa dificil concluida com sucesso, que satisfacao.",0.0316
PA008721,2023-11-14 06:26:24,App de produtividade novo que encontrei e otimo.,0.0253
PA008722,2023-11-14 06:50:57,"Filme otimo ontem, fui ao cinema com a familia.",0.1109
PA008723,2023-11-14 09:15:49,"Trilha ecologica incrivel, natureza pura.",0.0272
PA008724,2023-11-14 09:28:47,Podcast sobre tecnologia muito interessante.,0.1039
PA008725,2023-11-14 09:30:17,"Domingo em familia, melhor dia da semana.",0.048
PA008726,2023-11-14 10:20:05,Mais um acidente por causa de imprudencia no transito.,0.2748
PA008727,2023-11-14 12:10:18,"Pipoca e serie boa na sexta, programa perfeito.",0.029
PA008728,2023-11-14 12:28:37,Show ao vivo incrivel no fim de semana.,0.0444
PA008729,2023-11-14 13:43:48,"Musica nova do meu artista favorito, de outro nivel.",0.0773
PA008730,2023-11-14 13:56:58,"Novo celular chegou, a camera e impressionante.",0.0765
PA008731,2023-11-14 14:31:26,"Testei IA para ajudar com codigo, funcionou bem.",0.0895
PA008732,2023-11-14 15:52:25,"Passeio com o cachorro no parque, ele adorou.",0.0948
PA008733,2023-11-14 16:07:06,"Home office com cafe fresquinho do lado, otimo.",0.1293
PA008734,2023-11-14 17:02:16,"Filme otimo ontem, fui ao cinema com a familia.",0.0753
PA008735,2023-11-14 17:26:41,"O outono chegou cedo esse ano, que frio gostoso de manha.",0.0936
PA008736,2023-11-14 17:43:36,"Estrada livre, cheguei no trabalho rapido hoje.",0.0785
PA008737,2023-11-14 21:06:36,"Novo celular chegou, a camera e impressionante.",0.1391
PA008738,2023-11-14 21:18:39,"Musica nova do meu artista favorito, de outro nivel.",0.0138
PA008739,2023-11-14 21:47:38,Brigadeiro de panela saiu incrivel hoje.,0.0039
PA008740,2023-11-14 22:10:55,"Pipoca e serie boa na sexta, programa perfeito.",0.0
PA008741,2023-11-14 22:33:03,"Natacao de manha, melhor inicio de dia possivel.",0.1025
PA008742,2023-11-15 03:41:38,Podcast sobre tecnologia muito interessante.,0.1201
PA008743,2023-11-15 03:42:01,"Dia nublado mas tranquilo, bom para estudar sem distracao.",0.1085
PA008744,2023-11-15 04:06:26,"Servico publico uma vergonha, esperei horas na fila.",0.5504
PA008745,2023-11-15 05:14:06,"Domingo em familia, melhor dia da semana.",0.0633
PA008746,2023-11-15 05:44:37,"Almoco incrivel hoje, fiz lasanha caseira do zero.",0.0714
PA008747,2023-11-15 06:40:02,"O outono chegou cedo esse ano, que frio gostoso de manha.",0.1048
PA008748,2023-11-15 09:00:20,"Minha mae fez feijao com arroz e linguica, classico perfeito.",0.0673
PA008749,2023-11-15 14:05:22,"Yoga pela manha, comecei o dia muito bem.",0.0954
PA008750,2023-11-15 14:41:06,Que tarde relaxante lendo na rede.,0.0748
PA008751,2023-11-15 15:15:48,"Que calor hoje, tive que ligar o ar condicionado logo cedo.",0.0
PA008752,2023-11-15 15:56:35,"Yoga pela manha, comecei o dia muito bem.",0.077
PA008753,2023-11-15 19:05:53,"Musica nova do meu artista favorito, de outro nivel.",0.0508
PA008754,2023-11-15 19:08:51,"Almoco incrivel hoje, fiz lasanha caseira do zero.",0.1161
PA008755,2023-11-15 19:33:56,Que manha fresca e agradavel para uma caminhada.,0.0971
PA008756,2023-11-15 19:50:58,"Sol lindo hoje, cafe na varanda foi otimo.",0.1016
PA008757,2023-11-15 20:05:00,"Testei IA para ajudar com codigo, funcionou bem.",0.0625
PA008758,2023-11-15 20:16:42,Jogo novo me viciou de um jeito bom.,0.0529
PA008759,2023-11-15 20:51:21,"Fechei projeto importante essa semana, que alegria.",0.0659
PA008760,2023-11-15 21:22:44,Aula incrivel sobre estatistica aplicada hoje.,0.0661
PA008761,2023-11-15 21:46:31,"Servico contratado nao foi entregue no prazo, absurdo.",0.4185
PA008762,2023-11-15 21:47:36,Caminhada ate a estacao foi otima hoje.,0.0217
PA008763,2023-11-16 00:09:03,Feira de artesanato gostosa de passear.,0.1856
PA008764,2023-11-16 01:11:15,"Sopa de legumes no frio, reconfortante e gostosa.",0.1273
PA008765,2023-11-16 01:11:29,"Fui de bike hoje, que exercicio agradavel de manha.",0.0643
PA008766,2023-11-16 02:41:52,"Fui de bike hoje, que exercicio agradavel de manha.",0.0515
PA008767,2023-11-16 02:58:23,"Pipoca e serie boa na sexta, programa perfeito.",0.034
PA008768,2023-11-16 05:21:05,Atualizacao deixou o sistema muito mais rapido.,0.0089
PA008769,2023-11-16 06:44:21,"Fui de bike hoje, que exercicio agradavel de manha.",0.092
PA008770,2023-11-16 07:11:58,"Passeio com o cachorro no parque, ele adorou.",0.1555
PA008771,2023-11-16 07:24:22,"Estrada livre, cheguei no trabalho rapido hoje.",0.0557
PA008772,2023-11-16 07:41:35,"O outono chegou cedo esse ano, que frio gostoso de manha.",0.0714
PA008773,2023-11-16 11:41:50,Finalmente entendi aquele conceito que me travava.,0.0918
PA008774,2023-11-16 12:24:56,"Que calor hoje, tive que ligar o ar condicionado logo cedo.",0.1369
PA008775,2023-11-16 13:29:41,"Notebook novo chegou, que desempenho incrivel.",0.1476
PA008776,2023-11-16 13:38:20,Semana intensa mas muito satisfatoria no trabalho.,0.1451
PA008777,2023-11-16 13:38:43,"Meu time ganhou hoje, que jogo bonito foi.",0.0469
PA008778,2023-11-16 14:41:40,"Passeio com o cachorro no parque, ele adorou.",0.1399
PA008779,2023-11-16 15:11:34,"Que frustracao, meu time perdeu mais uma vez.",0.8497
PA008780,2023-11-16 16:12:15,Que manha fresca e agradavel para uma caminhada.,0.1426
PA008781,2023-11-16 16:32:15,"Choveu a tarde toda, dia perfeito pra ficar em casa lendo.",0.0325
PA008782,2023-11-16 16:33:21,"Fechei projeto importante essa semana, que alegria.",0.1082
PA008783,2023-11-16 17:06:41,"Fui de bike hoje, que exercicio agradavel de manha.",0.1255
PA008784,2023-11-16 17:58:57,"Estudando para a prova de amanha, bem concentrado.",0.0314
PA008785,2023-11-16 18:11:26,"Que calor hoje, tive que ligar o ar condicionado logo cedo.",0.1665
PA008786,2023-11-16 20:12:27,App de produtividade novo que encontrei e otimo.,0.0324
PA008787,2023-11-16 20:15:28,Caminhada ate a estacao foi otima hoje.,0.0942
PA008788,2023-11-16 20:53:39,"Consegui estacionamento logo de cara, dia de sorte mesmo.",0.0131
PA008789,2023-11-16 21:27:54,Tarde produtiva organizando e limpando a casa.,0.0033
PA008790,2023-11-16 22:34:03,Aplicativo de carona funcionou perfeitamente.,0.1118
PA008791,2023-11-17 00:08:40,Feira de artesanato gostosa de passear.,0.0597
PA008792,2023-11-17 00:36:10,"Onibus chegou no horario hoje, que surpresa agradavel.",0.0119
PA008793,2023-11-17 01:14:24,Tarde produtiva organizando e limpando a casa.,0.0
PA008794,2023-11-17 02:02:12,"Livro excelente sobre ciencia de dados, recomendo muito.",0.0166
PA008795,2023-11-17 02:09:08,"Testei IA para ajudar com codigo, funcionou bem.",0.0598
PA008796,2023-11-17 02:51:30,"Cuidando das plantas em casa, muito terapeutico.",0.0164
PA008797,2023-11-17 05:00:20,"Metro bem tranquilo essa manha, cheguei bem.",0.0861
PA008798,2023-11-17 05:16:05,Mais um acidente por causa de imprudencia no transito.,0.0646
PA008799,2023-11-17 05:36:14,Jogo novo me viciou de um jeito bom.,0.0296
PA008800,2023-11-17 05:53:42,"Filme otimo ontem, fui ao cinema com a familia.",0.0688
PA008801,2023-11-17 06:41:51,"Passeio no interior no fim de semana, natureza linda.",0.0482
PA008802,2023-11-17 09:13:42,"Filme otimo ontem, fui ao cinema com a familia.",0.0256
PA008803,2023-11-17 09:58:03,Feira de artesanato gostosa de passear.,0.1005
PA008804,2023-11-17 10:45:05,"Metro bem tranquilo essa manha, cheguei bem.",0.1114
PA008805,2023-11-17 10:57:01,"Teatro incrivel ontem, peca muito bem dirigida.",0.0548
PA008806,2023-11-17 11:46:21,"Corri 5km de manha, semana otima de treino.",0.1219
PA008807,2023-11-17 12:49:32,"Pausa pro cafe com os colegas, bate-papo otimo.",0.0791
PA008808,2023-11-17 12:54:11,Aula incrivel sobre estatistica aplicada hoje.,0.112
PA008809,2023-11-17 13:21:18,"Yoga pela manha, comecei o dia muito bem.",0.1206
PA008810,2023-11-17 13:59:49,"Meditacao de manha, comecando o dia muito bem.",0.0749
PA008811,2023-11-17 14:20:20,"Reencontrei um amigo antigo por acaso, que alegria.",0.0744
PA008812,2023-11-17 14:28:14,Tarde produtiva organizando e limpando a casa.,0.1184
PA008813,2023-11-17 14:47:54,"Tarefa dificil concluida com sucesso, que satisfacao.",0.0625
PA008814,2023-11-17 16:31:55,Caminhada ate a estacao foi otima hoje.,0.0866
PA008815,2023-11-17 17:29:38,"Musica nova do meu artista favorito, de outro nivel.",0.0972
PA008816,2023-11-17 20:34:28,Cafe da manha caprichado: tapioca com ovo e suco de laranja.,0.1307
PA008817,2023-11-17 22:44:39,Show ao vivo incrivel no fim de semana.,0.0661
PA008818,2023-11-18 00:00:31,"Meu time ganhou hoje, que jogo bonito foi.",0.1479
PA008819,2023-11-18 00:22:36,Que tarde relaxante lendo na rede.,0.0167
PA008820,2023-11-18 01:27:51,"Vento agradavel hoje, aproveitei para caminhar no parque.",0.0
PA008821,2023-11-18 01:51:52,Caminhada ate a estacao foi otima hoje.,0.1519
PA008822,2023-11-18 02:37:31,"Yoga pela manha, comecei o dia muito bem.",0.0
PA008823,2023-11-18 03:01:16,"Viagem de fim de semana para cidade historica, valeu.",0.0392
PA008824,2023-11-18 04:18:54,"Choveu a tarde toda, dia perfeito pra ficar em casa lendo.",0.0482
PA008825,2023-11-18 04:22:37,"Volei com os amigos, muita risada e diversao.",0.0833
PA008826,2023-11-18 04:52:47,"Novo celular chegou, a camera e impressionante.",0.0986
PA008827,2023-11-18 07:56:05,"Onibus chegou no horario hoje, que surpresa agradavel.",0.0303
PA008828,2023-11-18 08:30:58,"Corri 5km de manha, semana otima de treino.",0.1287
PA008829,2023-11-18 09:29:22,"Minha mae fez feijao com arroz e linguica, classico perfeito.",0.0953
PA008830,2023-11-18 09:56:56,"Biblioteca da universidade, ambiente otimo para estudar.",0.1387
PA008831,2023-11-18 11:30:27,Jantar simples mas gostoso com a familia.,0.0394
PA008832,2023-11-18 11:44:36,"Reencontrei um amigo antigo por acaso, que alegria.",0.101
PA008833,2023-11-18 12:43:49,"Configurei o home office com setup novo, otimo.",0.0536
PA008834,2023-11-18 16:04:57,"Reuniao produtiva hoje, saimos com otimas ideias.",0.1903
PA008835,2023-11-18 16:45:27,"Reencontrei um amigo antigo por acaso, que alegria.",0.1907
PA008836,2023-11-18 17:16:50,Atualizacao deixou o sistema muito mais rapido.,0.0774
PA008837,2023-11-18 18:12:18,"Que calor hoje, tive que ligar o ar condicionado logo cedo.",0.0889
PA008838,2023-11-18 22:19:01,"Passei na certificacao, muito feliz com o resultado.",0.0123
PA008839,2023-11-18 22:41:58,"O outono chegou cedo esse ano, que frio gostoso de manha.",0.0852
PA008840,2023-11-18 22:44:38,"Testei IA para ajudar com codigo, funcionou bem.",0.0961
PA008841,2023-11-18 23:22:46,Nao aguento mais reclamacao sem solucao pratica.,0.828
PA008842,2023-11-18 23:53:06,"Reencontrei um amigo antigo por acaso, que alegria.",0.0606
PA008843,2023-11-19 01:14:32,"Que calor hoje, tive que ligar o ar condicionado logo cedo.",0.1102
PA008844,2023-11-19 02:03:57,"O outono chegou cedo esse ano, que frio gostoso de manha.",0.0
PA008845,2023-11-19 03:10:34,"Passei na certificacao, muito feliz com o resultado.",0.0618
PA008846,2023-11-19 04:42:51,Aula incrivel sobre estatistica aplicada hoje.,0.0685
PA008847,2023-11-19 04:56:42,Brigadeiro de panela saiu incrivel hoje.,0.135
PA008848,2023-11-19 05:47:55,"Filme otimo ontem, fui ao cinema com a familia.",0.0613
PA008849,2023-11-19 08:34:07,"Churrasco com a familia no final de semana, delicioso.",0.073
PA008850,2023-11-19 08:59:39,Brigadeiro de panela saiu incrivel hoje.,0.0182
PA008851,2023-11-19 09:14:51,"Choveu a tarde toda, dia perfeito pra ficar em casa lendo.",0.0789
PA008852,2023-11-19 09:40:37,"Configurei o home office com setup novo, otimo.",0.1149
PA008853,2023-11-19 10:35:43,"Dia nublado mas tranquilo, bom para estudar sem distracao.",0.0768
PA008854,2023-11-19 10:53:31,"Passeio com o cachorro no parque, ele adorou.",0.0465
PA008855,2023-11-19 11:13:35,Jantar simples mas gostoso com a familia.,0.174
PA008856,2023-11-19 11:58:28,Feira de artesanato gostosa de passear.,0.0692
PA008857,2023-11-19 14:43:32,"Preco de tudo subindo e salario parado, e muita coisa.",0.6379
PA008858,2023-11-19 14:54:43,"Estrada livre, cheguei no trabalho rapido hoje.",0.1387
PA008859,2023-11-19 15:23:07,"Chuva passageira a tarde, depois o tempo abriu lindo.",0.0262
PA008860,2023-11-19 15:42:51,"Metro bem tranquilo essa manha, cheguei bem.",0.0814
PA008861,2023-11-19 15:58:20,"Sopa de legumes no frio, reconfortante e gostosa.",0.1266
PA008862,2023-11-19 16:14:30,Feira de artesanato gostosa de passear.,0.1192
PA008863,2023-11-19 16:35:57,Pedalada de tarde com vista incrivel do parque.,0.0829
PA008864,2023-11-19 16:38:40,"Acai gelado essa tarde, refrescante demais.",0.0
PA008865,2023-11-19 16:57:01,"Maratonei a temporada completa, valeu cada minuto.",0.0634
PA008866,2023-11-19 17:36:26,"Chuva passageira a tarde, depois o tempo abriu lindo.",0.0963
PA008867,2023-11-19 18:09:40,"Consegui estacionamento logo de cara, dia de sorte mesmo.",0.1099
PA008868,2023-11-19 18:53:02,Feira de artesanato gostosa de passear.,0.0636
PA008869,2023-11-19 21:59:02,"Notebook novo chegou, que desempenho incrivel.",0.0377
PA008870,2023-11-19 22:57:20,"Trilha ecologica incrivel, natureza pura.",0.069
PA008871,2023-11-19 23:22:52,Leitura no jardim com tempo agradavel.,0.0836
PA008872,2023-11-19 23:58:10,"O outono chegou cedo esse ano, que frio gostoso de manha.",0.0726
PA008873,2023-11-20 00:47:57,"Museu da cidade muito interessante, aprendi bastante.",0.1062
PA008874,2023-11-20 01:26:18,Podcast sobre tecnologia muito interessante.,0.0596
PA008875,2023-11-20 01:33:30,"Cuidando das plantas em casa, muito terapeutico.",0.0
PA008876,2023-11-20 01:59:18,Semana intensa mas muito satisfatoria no trabalho.,0.1525
PA008877,2023-11-20 02:01:25,"Serie nova incrivel, amei o primeiro episodio.",0.0585
PA008878,2023-11-20 06:20:46,"Que calor hoje, tive que ligar o ar condicionado logo cedo.",0.0508
PA008879,2023-11-20 06:58:37,"Fui de bike hoje, que exercicio agradavel de manha.",0.0832
PA008880,2023-11-20 07:19:09,"Home office com cafe fresquinho do lado, otimo.",0.0
PA008881,2023-11-20 08:14:04,Aplicativo de carona funcionou perfeitamente.,0.0349
PA008882,2023-11-20 09:22:27,"Apresentacao correu muito bem, todos gostaram.",0.1117
PA008883,2023-11-20 10:20:55,"Fechei projeto importante essa semana, que alegria.",0.0683
PA008884,2023-11-20 11:27:17,"Estudando para a prova de amanha, bem concentrado.",0.0749
PA008885,2023-11-20 12:33:43,"Passeio com o cachorro no parque, ele adorou.",0.1149
PA008886,2023-11-20 13:06:28,Grupo de estudos foi muito produtivo hoje.,0.0408
PA008887,2023-11-20 17:14:58,"Pipoca e serie boa na sexta, programa perfeito.",0.0529
PA008888,2023-11-20 17:43:33,"Filme otimo ontem, fui ao cinema com a familia.",0.057
PA008889,2023-11-20 18:11:33,Atualizacao deixou o sistema muito mais rapido.,0.1056
PA008890,2023-11-20 18:42:06,"Passeio no interior no fim de semana, natureza linda.",0.0353
PA008891,2023-11-20 19:57:13,"Viagem de fim de semana para cidade historica, valeu.",0.0756
PA008892,2023-11-20 21:07:04,Finalmente entendi aquele conceito que me travava.,0.0904
PA008893,2023-11-20 22:36:11,Terminei o trabalho da faculdade com antecedencia.,0.0353
PA008894,2023-11-20 22:45:58,"Meditacao de manha, comecando o dia muito bem.",0.0581
PA008895,2023-11-20 22:46:40,"Passeio com o cachorro no parque, ele adorou.",0.0582
PA008896,2023-11-20 23:15:29,"Yoga pela manha, comecei o dia muito bem.",0.0429
PA008897,2023-11-20 23:42:43,"Academia hoje, treino puxado mas valeu muito.",0.1209
PA008898,2023-11-21 01:52:54,"Passei na certificacao, muito feliz com o resultado.",0.1668
PA008899,2023-11-21 04:45:35,"Tentei receita nova de bolo de cenoura, ficou fofinho.",0.0613
PA008900,2023-11-21 05:24:27,"Onibus chegou no horario hoje, que surpresa agradavel.",0.095
PA008901,2023-11-21 06:58:42,"Fui de bike hoje, que exercicio agradavel de manha.",0.0388
PA008902,2023-11-21 07:59:58,"Teatro incrivel ontem, peca muito bem dirigida.",0.0328
PA008903,2023-11-21 09:14:25,Atualizacao deixou o sistema muito mais rapido.,0.117
PA008904,2023-11-21 09:22:42,"Fechei projeto importante essa semana, que alegria.",0.0368
PA008905,2023-11-21 10:28:04,"Biblioteca da universidade, ambiente otimo para estudar.",0.0629
PA008906,2023-11-21 10:51:02,Pedalada de tarde com vista incrivel do parque.,0.0
PA008907,2023-11-21 11:23:01,"Que calor hoje, tive que ligar o ar condicionado logo cedo.",0.1274
PA008908,2023-11-21 11:31:12,"Que frustracao, meu time perdeu mais uma vez.",0.0644
PA008909,2023-11-21 11:47:26,"O outono chegou cedo esse ano, que frio gostoso de manha.",0.0
PA008910,2023-11-21 12:57:36,"Pipoca e serie boa na sexta, programa perfeito.",0.0
PA008911,2023-11-21 13:33:15,"Biblioteca da universidade, ambiente otimo para estudar.",0.0792
PA008912,2023-11-21 13:47:21,Grupo de estudos foi muito produtivo hoje.,0.1008
PA008913,2023-11-21 15:38:44,"O outono chegou cedo esse ano, que frio gostoso de manha.",0.0482
PA008914,2023-11-21 15:44:30,"Churrasco com a familia no final de semana, delicioso.",0.1166
PA008915,2023-11-21 16:32:01,Leitura no jardim com tempo agradavel.,0.1056
PA008916,2023-11-21 16:41:18,"Corri 5km de manha, semana otima de treino.",0.1264
PA008917,2023-11-21 17:11:23,"Viagem de fim de semana para cidade historica, valeu.",0.1624
PA008918,2023-11-21 17:38:33,"Estudando para a prova de amanha, bem concentrado.",0.1096
PA008919,2023-11-21 21:05:48,Jogo novo me viciou de um jeito bom.,0.1264
PA008920,2023-11-21 21:14:10,"Novo celular chegou, a camera e impressionante.",0.1887
PA008921,2023-11-22 00:39:36,"Fui num restaurante novo, a pizza estava espetacular.",0.0
PA008922,2023-11-22 00:45:35,Cansado desse sistema publico que nao funciona.,0.2161
PA008923,2023-11-22 02:30:46,Que tarde relaxante lendo na rede.,0.0338
PA008924,2023-11-22 03:42:58,"Fechei projeto importante essa semana, que alegria.",0.0948
PA008925,2023-11-22 06:41:45,"Livro excelente sobre ciencia de dados, recomendo muito.",0.0899
PA008926,2023-11-22 08:15:10,"Passeio com o cachorro no parque, ele adorou.",0.1789
PA008927,2023-11-22 10:19:02,"Praia tranquila, sol perfeito, descanso total.",0.0796
PA008928,2023-11-22 10:24:25,Semana intensa mas muito satisfatoria no trabalho.,0.0524
PA008929,2023-11-22 11:07:16,Grupo de estudos foi muito produtivo hoje.,0.0915
PA008930,2023-11-22 11:21:22,"Tarefa dificil concluida com sucesso, que satisfacao.",0.0842
PA008931,2023-11-22 12:00:29,"Acai gelado essa tarde, refrescante demais.",0.064
PA008932,2023-11-22 15:35:08,"Tentei receita nova de bolo de cenoura, ficou fofinho.",0.1048
PA008933,2023-11-22 15:41:41,"Musica nova do meu artista favorito, de outro nivel.",0.0835
PA008934,2023-11-22 16:27:45,"Sol lindo hoje, cafe na varanda foi otimo.",0.1562
PA008935,2023-11-22 18:44:49,"Teatro incrivel ontem, peca muito bem dirigida.",0.0918
PA008936,2023-11-22 19:02:14,"Plantei temperos na sacada, que satisfacao.",0.0061
PA008937,2023-11-22 19:52:10,"Natacao de manha, melhor inicio de dia possivel.",0.0602
PA008938,2023-11-22 22:10:33,"Filme otimo ontem, fui ao cinema com a familia.",0.1086
PA008939,2023-11-22 22:39:57,"Configurei o home office com setup novo, otimo.",0.1335
PA008940,2023-11-22 23:06:48,"Academia hoje, treino puxado mas valeu muito.",0.0011
PA008941,2023-11-22 23:18:41,"Mais um dia de transito horrivel, situacao absurda.",0.0116
PA008942,2023-11-23 01:45:47,"Fui num restaurante novo, a pizza estava espetacular.",0.1187
PA008943,2023-11-23 02:13:16,"Aprendi receita nova no youtube, ficou otimo.",0.0321
PA008944,2023-11-23 02:32:11,"Minha mae fez feijao com arroz e linguica, classico perfeito.",0.0
PA008945,2023-11-23 02:42:49,"Que bagunca, nada funcionando direito.",0.9074
PA008946,2023-11-23 02:43:56,"Sopa de legumes no frio, reconfortante e gostosa.",0.0105
PA008947,2023-11-23 02:54:36,"Yoga pela manha, comecei o dia muito bem.",0.0306
PA008948,2023-11-23 03:56:57,"Notebook novo chegou, que desempenho incrivel.",0.1238
PA008949,2023-11-23 03:58:09,"Museu da cidade muito interessante, aprendi bastante.",0.0872
PA008950,2023-11-23 05:43:27,"Novo celular chegou, a camera e impressionante.",0.0934
PA008951,2023-11-23 07:00:12,Que tarde relaxante lendo na rede.,0.0699
PA008952,2023-11-23 08:27:34,"Reuniao produtiva hoje, saimos com otimas ideias.",0.0862
PA008953,2023-11-23 09:04:42,"Passeio no interior no fim de semana, natureza linda.",0.0955
PA008954,2023-11-23 09:49:17,"Domingo em familia, melhor dia da semana.",0.1135
PA008955,2023-11-23 10:30:14,"Passei na certificacao, muito feliz com o resultado.",0.096
PA008956,2023-11-23 11:00:46,Feira de artesanato gostosa de passear.,0.1455
PA008957,2023-11-23 11:11:40,"Padaria da esquina lancou sabor novo, recomendo.",0.0319
PA008958,2023-11-23 12:36:21,"Yoga pela manha, comecei o dia muito bem.",0.0489
PA008959,2023-11-23 12:38:09,"Filme otimo ontem, fui ao cinema com a familia.",0.0682
PA008960,2023-11-23 12:55:01,"Passeio no interior no fim de semana, natureza linda.",0.0414
PA008961,2023-11-23 13:17:55,Jantar simples mas gostoso com a familia.,0.0539
PA008962,2023-11-23 14:54:13,"Natacao de manha, melhor inicio de dia possivel.",0.1297
PA008963,2023-11-23 17:07:06,"Meditacao de manha, comecando o dia muito bem.",0.0977
PA008964,2023-11-23 18:33:00,"Livro excelente sobre ciencia de dados, recomendo muito.",0.0713
PA008965,2023-11-23 18:46:39,"Dia nublado mas tranquilo, bom para estudar sem distracao.",0.0851
PA008966,2023-11-23 18:54:01,Terminei o trabalho da faculdade com antecedencia.,0.0654
PA008967,2023-11-24 00:17:07,"Reuniao produtiva hoje, saimos com otimas ideias.",0.0667
PA008968,2023-11-24 01:10:29,Que manha fresca e agradavel para uma caminhada.,0.1284
PA008969,2023-11-24 01:20:12,"Yoga pela manha, comecei o dia muito bem.",0.1017
PA008970,2023-11-24 03:45:14,"Viagem de fim de semana para cidade historica, valeu.",0.0966
PA008971,2023-11-24 04:42:36,"Reencontrei um amigo antigo por acaso, que alegria.",0.091
PA008972,2023-11-24 06:32:44,"Yoga pela manha, comecei o dia muito bem.",0.1243
PA008973,2023-11-24 07:04:45,"Notebook novo chegou, que desempenho incrivel.",0.023
PA008974,2023-11-24 07:39:53,"Passei na certificacao, muito feliz com o resultado.",0.0672
PA008975,2023-11-24 08:50:37,Aplicativo de carona funcionou perfeitamente.,0.0588
PA008976,2023-11-24 09:10:21,"Novo celular chegou, a camera e impressionante.",0.0
PA008977,2023-11-24 10:52:58,Caminhada ate a estacao foi otima hoje.,0.0648
PA008978,2023-11-24 11:00:44,"Meditacao de manha, comecando o dia muito bem.",0.1425
PA008979,2023-11-24 11:01:22,"Servico contratado nao foi entregue no prazo, absurdo.",0.0326
PA008980,2023-11-24 11:17:41,Pedalada de tarde com vista incrivel do parque.,0.0668
PA008981,2023-11-24 11:36:55,"Estrada livre, cheguei no trabalho rapido hoje.",0.0671
PA008982,2023-11-24 11:52:43,Atualizacao deixou o sistema muito mais rapido.,0.1684
PA008983,2023-11-24 12:33:13,Burocracia excessiva impossibilitando qualquer coisa.,0.0544
PA008984,2023-11-24 14:00:07,"Dia nublado mas tranquilo, bom para estudar sem distracao.",0.0863
PA008985,2023-11-24 14:38:08,"Volei com os amigos, muita risada e diversao.",0.0393
PA008986,2023-11-24 17:46:36,"Fui num restaurante novo, a pizza estava espetacular.",0.0
PA008987,2023-11-24 19:07:55,"Testei IA para ajudar com codigo, funcionou bem.",0.0
PA008988,2023-11-24 21:10:02,Tarde produtiva organizando e limpando a casa.,0.1548
PA008989,2023-11-24 21:13:43,"Tarefa dificil concluida com sucesso, que satisfacao.",0.0315
PA008990,2023-11-24 22:04:20,"Maratonei a temporada completa, valeu cada minuto.",0.1366
PA008991,2023-11-24 23:08:48,Aula incrivel sobre estatistica aplicada hoje.,0.1437
PA008992,2023-11-24 23:29:53,"Acai gelado essa tarde, refrescante demais.",0.0667
PA008993,2023-11-24 23:47:23,Brigadeiro de panela saiu incrivel hoje.,0.1121
PA008994,2023-11-25 01:52:58,"Filme otimo ontem, fui ao cinema com a familia.",0.1882
PA008995,2023-11-25 02:17:14,"Filme otimo ontem, fui ao cinema com a familia.",0.1895
PA008996,2023-11-25 02:35:03,"Teatro incrivel ontem, peca muito bem dirigida.",0.1438
PA008997,2023-11-25 04:07:32,"Estudando para a prova de amanha, bem concentrado.",0.0284
PA008998,2023-11-25 04:08:22,Leitura no jardim com tempo agradavel.,0.1531
PA008999,2023-11-25 04:51:49,"Biblioteca da universidade, ambiente otimo para estudar.",0.0884
PA009000,2023-11-25 04:55:44,Cansado desse sistema publico que nao funciona.,0.282
PA009001,2023-11-25 05:17:49,"Padaria da esquina lancou sabor novo, recomendo.",0.0334
PA009002,2023-11-25 05:26:28,"Natacao de manha, melhor inicio de dia possivel.",0.0907
PA009003,2023-11-25 06:08:21,"Acai gelado essa tarde, refrescante demais.",0.014
PA009004,2023-11-25 06:28:36,"Apresentacao correu muito bem, todos gostaram.",0.1694
PA009005,2023-11-25 07:01:36,"Home office com cafe fresquinho do lado, otimo.",0.1455
PA009006,2023-11-25 07:51:19,"Configurei o home office com setup novo, otimo.",0.1491
PA009007,2023-11-25 07:55:09,"Padaria da esquina lancou sabor novo, recomendo.",0.1189
PA009008,2023-11-25 08:35:05,"Praia tranquila, sol perfeito, descanso total.",0.022
PA009009,2023-11-25 09:56:18,Aplicativo de carona funcionou perfeitamente.,0.1132
PA009010,2023-11-25 11:25:55,"Biblioteca da universidade, ambiente otimo para estudar.",0.0813
PA009011,2023-11-25 11:26:09,Caminhada ate a estacao foi otima hoje.,0.0275
PA009012,2023-11-25 12:12:07,"Almoco incrivel hoje, fiz lasanha caseira do zero.",0.101
PA009013,2023-11-25 12:19:06,"Cuidando das plantas em casa, muito terapeutico.",0.0511
PA009014,2023-11-25 13:23:52,"Cuidando das plantas em casa, muito terapeutico.",0.0114
PA009015,2023-11-25 14:07:46,Podcast sobre tecnologia muito interessante.,0.0883
PA009016,2023-11-25 14:38:06,"Biblioteca da universidade, ambiente otimo para estudar.",0.0332
PA009017,2023-11-25 15:14:41,"Yoga pela manha, comecei o dia muito bem.",0.0
PA009018,2023-11-25 15:15:10,"Domingo em familia, melhor dia da semana.",0.0401
PA009019,2023-11-25 15:51:35,"Dia nublado mas tranquilo, bom para estudar sem distracao.",0.1787
PA009020,2023-11-25 16:51:09,Jantar simples mas gostoso com a familia.,0.0373
PA009021,2023-11-25 18:00:11,"Dia nublado mas tranquilo, bom para estudar sem distracao.",0.1036
PA009022,2023-11-25 18:18:17,"Musica nova do meu artista favorito, de outro nivel.",0.0377
PA009023,2023-11-25 18:54:35,"Viagem de fim de semana para cidade historica, valeu.",0.0812
PA009024,2023-11-25 18:56:12,"Plantei temperos na sacada, que satisfacao.",0.0005
PA009025,2023-11-25 19:43:05,"Teatro incrivel ontem, peca muito bem dirigida.",0.0237
PA009026,2023-11-25 22:17:56,"Estrada livre, cheguei no trabalho rapido hoje.",0.0436
PA009027,2023-11-25 22:41:28,"Testei IA para ajudar com codigo, funcionou bem.",0.1494
PA009028,2023-11-25 23:36:55,"Onibus chegou no horario hoje, que surpresa agradavel.",0.1085
PA009029,2023-11-26 00:46:19,Pedalada de tarde com vista incrivel do parque.,0.0776
PA009030,2023-11-26 01:22:23,"Natacao de manha, melhor inicio de dia possivel.",0.0681
PA009031,2023-11-26 01:24:31,Pedalada de tarde com vista incrivel do parque.,0.0967
PA009032,2023-11-26 03:01:25,"Cuidando das plantas em casa, muito terapeutico.",0.0411
PA009033,2023-11-26 03:28:26,"Metro bem tranquilo essa manha, cheguei bem.",0.0695
PA009034,2023-11-26 04:21:51,"Minha mae fez feijao com arroz e linguica, classico perfeito.",0.0337
PA009035,2023-11-26 05:41:57,"Que semana frustrante, precisava que as coisas dessem certo.",0.009
PA009036,2023-11-26 08:54:54,Brigadeiro de panela saiu incrivel hoje.,0.0956
PA009037,2023-11-26 09:06:14,"Biblioteca da universidade, ambiente otimo para estudar.",0.0424
PA009038,2023-11-26 10:43:53,"Novo celular chegou, a camera e impressionante.",0.0658
PA009039,2023-11-26 11:32:06,"Que dia difícil, nada saiu como eu havia planejado.",0.8297
PA009040,2023-11-26 13:03:54,Que manha fresca e agradavel para uma caminhada.,0.0869
PA009041,2023-11-26 13:04:33,"Maratonei a temporada completa, valeu cada minuto.",0.1039
PA009042,2023-11-26 13:09:09,Tarde produtiva organizando e limpando a casa.,0.0009
PA009043,2023-11-26 13:58:06,"Novo celular chegou, a camera e impressionante.",0.1136
PA009044,2023-11-26 14:44:10,"Que calor hoje, tive que ligar o ar condicionado logo cedo.",0.0656
PA009045,2023-11-26 14:49:19,Tarde produtiva organizando e limpando a casa.,0.0016
PA009046,2023-11-26 14:50:12,"Biblioteca da universidade, ambiente otimo para estudar.",0.1385
PA009047,2023-11-26 15:58:45,"Passei na certificacao, muito feliz com o resultado.",0.1158
PA009048,2023-11-26 16:05:07,"Museu da cidade muito interessante, aprendi bastante.",0.114
PA009049,2023-11-26 16:15:06,Jogo novo me viciou de um jeito bom.,0.0956
PA009050,2023-11-26 17:19:18,Politico corrupto aparecendo na midia de novo.,0.8945
PA009051,2023-11-26 17:19:42,"Choveu a tarde toda, dia perfeito pra ficar em casa lendo.",0.1419
PA009052,2023-11-26 17:34:15,"O outono chegou cedo esse ano, que frio gostoso de manha.",0.1047
PA009053,2023-11-26 19:31:05,"O outono chegou cedo esse ano, que frio gostoso de manha.",0.1411
PA009054,2023-11-26 19:34:44,Jogo novo me viciou de um jeito bom.,0.0389
PA009055,2023-11-26 20:16:16,"Servico contratado nao foi entregue no prazo, absurdo.",0.0586
PA009056,2023-11-26 20:38:15,Que tarde relaxante lendo na rede.,0.0814
PA009057,2023-11-26 20:47:50,"Dia nublado mas tranquilo, bom para estudar sem distracao.",0.1138
PA009058,2023-11-26 23:00:40,"Corri 5km de manha, semana otima de treino.",0.0553
PA009059,2023-11-26 23:31:47,"Vento agradavel hoje, aproveitei para caminhar no parque.",0.0738
PA009060,2023-11-26 23:35:08,"Padaria da esquina lancou sabor novo, recomendo.",0.103
PA009061,2023-11-27 00:11:17,"Fui num restaurante novo, a pizza estava espetacular.",0.0881
PA009062,2023-11-27 00:40:51,"Acai gelado essa tarde, refrescante demais.",0.0857
PA009063,2023-11-27 00:57:14,"Plantei temperos na sacada, que satisfacao.",0.0954
PA009064,2023-11-27 01:02:19,"Cuidando das plantas em casa, muito terapeutico.",0.0841
PA009065,2023-11-27 01:20:15,Brigadeiro de panela saiu incrivel hoje.,0.1396
PA009066,2023-11-27 02:20:50,"Trilha ecologica incrivel, natureza pura.",0.0574
PA009067,2023-11-27 05:19:55,"Reuniao produtiva hoje, saimos com otimas ideias.",0.1399
PA009068,2023-11-27 05:31:18,"Museu da cidade muito interessante, aprendi bastante.",0.1513
PA009069,2023-11-27 06:13:37,"Praia tranquila, sol perfeito, descanso total.",0.0746
PA009070,2023-11-27 06:28:08,"Atendimento pessimo no banco, perdi a tarde toda.",0.932
PA009071,2023-11-27 07:00:02,"Consegui estacionamento logo de cara, dia de sorte mesmo.",0.0893
PA009072,2023-11-27 07:05:51,Jantar simples mas gostoso com a familia.,0.0457
PA009073,2023-11-27 07:33:42,"Meditacao de manha, comecando o dia muito bem.",0.108
PA009074,2023-11-27 09:14:23,Pacote atrasado pelos correios pela terceira vez.,0.861
PA009075,2023-11-27 09:57:35,"Volei com os amigos, muita risada e diversao.",0.0647
PA009076,2023-11-27 10:55:31,Podcast sobre tecnologia muito interessante.,0.1653
PA009077,2023-11-27 11:22:03,Pedalada de tarde com vista incrivel do parque.,0.0
PA009078,2023-11-27 12:43:32,"Reuniao produtiva hoje, saimos com otimas ideias.",0.1305
PA009079,2023-11-27 12:48:09,"Configurei o home office com setup novo, otimo.",0.1527
PA009080,2023-11-27 14:40:34,Jogo novo me viciou de um jeito bom.,0.0082
PA009081,2023-11-27 14:42:46,Que manha fresca e agradavel para uma caminhada.,0.1129
PA009082,2023-11-27 15:31:24,Podcast sobre tecnologia muito interessante.,0.1389
PA009083,2023-11-27 15:42:00,"Teatro incrivel ontem, peca muito bem dirigida.",0.0466
PA009084,2023-11-27 15:54:17,"Volei com os amigos, muita risada e diversao.",0.1259
PA009085,2023-11-27 16:00:20,"Sol lindo hoje, cafe na varanda foi otimo.",0.1266
PA009086,2023-11-27 16:24:56,"Apresentacao correu muito bem, todos gostaram.",0.1277
PA009087,2023-11-27 17:06:18,Brigadeiro de panela saiu incrivel hoje.,0.0441
PA009088,2023-11-27 17:52:11,Pedalada de tarde com vista incrivel do parque.,0.1214
PA009089,2023-11-27 18:59:10,"Configurei o home office com setup novo, otimo.",0.14
PA009090,2023-11-27 19:18:37,"Testei IA para ajudar com codigo, funcionou bem.",0.1211
PA009091,2023-11-27 19:34:56,"Passeio com o cachorro no parque, ele adorou.",0.027
PA009092,2023-11-27 19:37:56,Finalmente entendi aquele conceito que me travava.,0.1202
PA009093,2023-11-27 19:42:48,Grupo de estudos foi muito produtivo hoje.,0.1706
PA009094,2023-11-27 20:30:24,"Fila do hospital andando devagar, sistema falido.",0.0243
PA009095,2023-11-27 20:30:35,"Testei IA para ajudar com codigo, funcionou bem.",0.0165
PA009096,2023-11-27 20:34:12,Tarde produtiva organizando e limpando a casa.,0.055
PA009097,2023-11-27 21:04:13,"Passeio no interior no fim de semana, natureza linda.",0.0
PA009098,2023-11-27 21:26:38,"Volei com os amigos, muita risada e diversao.",0.1301
PA009099,2023-11-27 23:06:44,"Cuidando das plantas em casa, muito terapeutico.",0.0387
PA009100,2023-11-27 23:17:51,"Tarefa dificil concluida com sucesso, que satisfacao.",0.0
PA009101,2023-11-27 23:22:37,"Volei com os amigos, muita risada e diversao.",0.1428
PA009102,2023-11-27 23:39:17,Semana intensa mas muito satisfatoria no trabalho.,0.0798
PA009103,2023-11-28 00:09:18,"Passeio com o cachorro no parque, ele adorou.",0.1215
PA009104,2023-11-28 00:33:30,"Preco de tudo subindo e salario parado, e muita coisa.",0.8049
PA009105,2023-11-28 01:13:16,"Home office com cafe fresquinho do lado, otimo.",0.0672
PA009106,2023-11-28 01:37:32,"Fui de bike hoje, que exercicio agradavel de manha.",0.0087
PA009107,2023-11-28 02:35:45,"Notebook novo chegou, que desempenho incrivel.",0.1693
PA009108,2023-11-28 05:27:50,Tudo caro e qualidade cada vez pior.,0.6288
PA009109,2023-11-28 05:38:57,"Dia nublado mas tranquilo, bom para estudar sem distracao.",0.0809
PA009110,2023-11-28 05:49:21,"Viagem de fim de semana para cidade historica, valeu.",0.1479
PA009111,2023-11-28 06:01:06,Jogo novo me viciou de um jeito bom.,0.0794
PA009112,2023-11-28 06:01:11,"Tarefa dificil concluida com sucesso, que satisfacao.",0.0471
PA009113,2023-11-28 07:15:34,Terminei o trabalho da faculdade com antecedencia.,0.1221
PA009114,2023-11-28 07:16:30,"Padaria da esquina lancou sabor novo, recomendo.",0.05
PA009115,2023-11-28 07:46:13,"Passei na certificacao, muito feliz com o resultado.",0.0878
PA009116,2023-11-28 09:22:51,Caminhada ate a estacao foi otima hoje.,0.0432
PA009117,2023-11-28 09:23:31,"Padaria da esquina lancou sabor novo, recomendo.",0.1378
PA009118,2023-11-28 11:16:42,"Fui num restaurante novo, a pizza estava espetacular.",0.1476
PA009119,2023-11-28 11:44:51,"Pipoca e serie boa na sexta, programa perfeito.",0.0904
PA009120,2023-11-28 13:36:40,App de produtividade novo que encontrei e otimo.,0.0721
PA009121,2023-11-28 14:34:14,"Teatro incrivel ontem, peca muito bem dirigida.",0.1248
PA009122,2023-11-28 17:59:49,"Configurei o home office com setup novo, otimo.",0.0984
PA009123,2023-11-28 18:00:38,"Servico contratado nao foi entregue no prazo, absurdo.",0.2128
PA009124,2023-11-28 19:03:15,Aplicativo de carona funcionou perfeitamente.,0.1075
PA009125,2023-11-28 20:47:39,"Que calor hoje, tive que ligar o ar condicionado logo cedo.",0.1538
PA009126,2023-11-28 20:56:24,Show ao vivo incrivel no fim de semana.,0.0522
PA009127,2023-11-28 22:36:46,"Pipoca e serie boa na sexta, programa perfeito.",0.0814
PA009128,2023-11-28 23:03:28,"Biblioteca da universidade, ambiente otimo para estudar.",0.091
PA009129,2023-11-28 23:38:34,Cafe da manha caprichado: tapioca com ovo e suco de laranja.,0.0445
PA009130,2023-11-29 01:42:50,"Academia hoje, treino puxado mas valeu muito.",0.0918
PA009131,2023-11-29 03:02:18,"Configurei o home office com setup novo, otimo.",0.0821
PA009132,2023-11-29 04:51:58,"Notebook novo chegou, que desempenho incrivel.",0.1051
PA009133,2023-11-29 05:04:57,Cafe da manha caprichado: tapioca com ovo e suco de laranja.,0.0796
PA009134,2023-11-29 05:31:40,"Domingo em familia, melhor dia da semana.",0.0813
PA009135,2023-11-29 05:52:22,Finalmente entendi aquele conceito que me travava.,0.107
PA009136,2023-11-29 06:10:40,"Praia tranquila, sol perfeito, descanso total.",0.0606
PA009137,2023-11-29 06:33:19,"Livro excelente sobre ciencia de dados, recomendo muito.",0.1367
PA009138,2023-11-29 07:00:00,Semana intensa mas muito satisfatoria no trabalho.,0.0896
PA009139,2023-11-29 07:06:58,"Fechei projeto importante essa semana, que alegria.",0.0
PA009140,2023-11-29 09:14:18,Que tarde relaxante lendo na rede.,0.1139
PA009141,2023-11-29 10:33:35,Caminhada ate a estacao foi otima hoje.,0.1082
PA009142,2023-11-29 11:17:23,Cafe da manha caprichado: tapioca com ovo e suco de laranja.,0.1135
PA009143,2023-11-29 11:29:53,App de produtividade novo que encontrei e otimo.,0.0828
PA009144,2023-11-29 12:07:19,"Estudando para a prova de amanha, bem concentrado.",0.1801
PA009145,2023-11-29 14:36:43,Jogo novo me viciou de um jeito bom.,0.0148
PA009146,2023-11-29 16:12:19,Que tarde relaxante lendo na rede.,0.1105
PA009147,2023-11-29 17:16:53,"Meditacao de manha, comecando o dia muito bem.",0.0
PA009148,2023-11-29 17:50:12,"Fui de bike hoje, que exercicio agradavel de manha.",0.0921
PA009149,2023-11-29 20:07:47,"Novo celular chegou, a camera e impressionante.",0.0608
PA009150,2023-11-29 21:31:41,"Pausa pro cafe com os colegas, bate-papo otimo.",0.0485
PA009151,2023-11-29 21:47:20,"Passeio no interior no fim de semana, natureza linda.",0.099
PA009152,2023-11-29 22:40:30,Semana intensa mas muito satisfatoria no trabalho.,0.0802
PA009153,2023-11-29 22:58:24,"Cuidando das plantas em casa, muito terapeutico.",0.0714
PA009154,2023-11-29 23:35:17,App de produtividade novo que encontrei e otimo.,0.0258
PA009155,2023-11-29 23:41:49,Cafe da manha caprichado: tapioca com ovo e suco de laranja.,0.129
PA009156,2023-11-30 01:55:13,"Churrasco com a familia no final de semana, delicioso.",0.1095
PA009157,2023-11-30 02:33:20,"Consegui estacionamento logo de cara, dia de sorte mesmo.",0.0682
PA009158,2023-11-30 04:00:24,"Home office com cafe fresquinho do lado, otimo.",0.0
PA009159,2023-11-30 05:50:43,"Almoco incrivel hoje, fiz lasanha caseira do zero.",0.1557
PA009160,2023-11-30 07:38:04,"Maratonei a temporada completa, valeu cada minuto.",0.0347
PA009161,2023-11-30 08:22:55,"Meditacao de manha, comecando o dia muito bem.",0.0
PA009162,2023-11-30 08:49:47,"Chuva passageira a tarde, depois o tempo abriu lindo.",0.0973
PA009163,2023-11-30 09:01:36,"Domingo em familia, melhor dia da semana.",0.1603
PA009164,2023-11-30 09:21:04,"Filme otimo ontem, fui ao cinema com a familia.",0.1307
PA009165,2023-11-30 11:30:40,Nao aguento mais essas politicas que nao funcionam.,0.6601
PA009166,2023-11-30 13:02:13,Feira de artesanato gostosa de passear.,0.0835
PA009167,2023-11-30 14:09:43,"Fui num restaurante novo, a pizza estava espetacular.",0.0127
PA009168,2023-11-30 15:30:23,"Trilha ecologica incrivel, natureza pura.",0.1183
PA009169,2023-11-30 16:35:40,"Onibus chegou no horario hoje, que surpresa agradavel.",0.0
PA009170,2023-11-30 17:24:40,"Cuidando das plantas em casa, muito terapeutico.",0.072
PA009171,2023-11-30 18:45:06,"Sopa de legumes no frio, reconfortante e gostosa.",0.2071
PA009172,2023-11-30 20:20:26,"O outono chegou cedo esse ano, que frio gostoso de manha.",0.0981
PA009173,2023-11-30 21:10:07,"Musica nova do meu artista favorito, de outro nivel.",0.1234
PA009174,2023-11-30 22:43:45,"Praia tranquila, sol perfeito, descanso total.",0.1029
PA009175,2023-12-01 00:33:03,"Aprendi receita nova no youtube, ficou otimo.",0.0533
PA009176,2023-12-01 00:48:24,"Teatro incrivel ontem, peca muito bem dirigida.",0.1649
PA009177,2023-12-01 02:04:23,"Minha mae fez feijao com arroz e linguica, classico perfeito.",0.2002
PA009178,2023-12-01 04:06:58,"Corri 5km de manha, semana otima de treino.",0.1723
PA009179,2023-12-01 04:28:14,"Academia hoje, treino puxado mas valeu muito.",0.052
PA009180,2023-12-01 04:49:39,"Pipoca e serie boa na sexta, programa perfeito.",0.0488
PA009181,2023-12-01 04:53:07,Brigadeiro de panela saiu incrivel hoje.,0.1075
PA009182,2023-12-01 05:07:52,"Notebook novo chegou, que desempenho incrivel.",0.22
PA009183,2023-12-01 06:58:10,"Maratonei a temporada completa, valeu cada minuto.",0.067
PA009184,2023-12-01 07:15:11,Pedalada de tarde com vista incrivel do parque.,0.1182
PA009185,2023-12-01 07:55:48,"Que calor hoje, tive que ligar o ar condicionado logo cedo.",0.08
PA009186,2023-12-01 09:21:00,"Que frustracao, meu time perdeu mais uma vez.",0.3421
PA009187,2023-12-01 09:40:50,"Volei com os amigos, muita risada e diversao.",0.1015
PA009188,2023-12-01 11:30:28,"Viagem de fim de semana para cidade historica, valeu.",0.1557
PA009189,2023-12-01 13:11:20,"Biblioteca da universidade, ambiente otimo para estudar.",0.0523
PA009190,2023-12-01 14:02:40,"Fechei projeto importante essa semana, que alegria.",0.1533
PA009191,2023-12-01 14:52:36,"Vizinho fazendo barulho ate tarde da noite, falta de respeito.",0.0473
PA009192,2023-12-01 15:39:46,Pedalada de tarde com vista incrivel do parque.,0.1698
PA009193,2023-12-01 16:00:21,"Almoco incrivel hoje, fiz lasanha caseira do zero.",0.0378
PA009194,2023-12-01 16:23:08,"Onibus chegou no horario hoje, que surpresa agradavel.",0.1145
PA009195,2023-12-01 16:47:54,"Pausa pro cafe com os colegas, bate-papo otimo.",0.1156
PA009196,2023-12-01 18:55:21,"Reuniao produtiva hoje, saimos com otimas ideias.",0.0421
PA009197,2023-12-01 18:59:09,Pacote atrasado pelos correios pela terceira vez.,0.7849
PA009198,2023-12-01 19:23:18,"Natacao de manha, melhor inicio de dia possivel.",0.1202
PA009199,2023-12-01 20:15:49,"Choveu a tarde toda, dia perfeito pra ficar em casa lendo.",0.056
PA009200,2023-12-01 21:33:34,"Reuniao produtiva hoje, saimos com otimas ideias.",0.1196
PA009201,2023-12-01 22:11:56,"Academia hoje, treino puxado mas valeu muito.",0.0
PA009202,2023-12-02 00:42:12,"Domingo em familia, melhor dia da semana.",0.1175
PA009203,2023-12-02 00:51:31,"Chuva passageira a tarde, depois o tempo abriu lindo.",0.0
PA009204,2023-12-02 01:56:44,"Plantei temperos na sacada, que satisfacao.",0.0
PA009205,2023-12-02 02:22:51,"Praia tranquila, sol perfeito, descanso total.",0.1029
PA009206,2023-12-02 05:06:39,"Metro bem tranquilo essa manha, cheguei bem.",0.0221
PA009207,2023-12-02 06:57:02,"Dia nublado mas tranquilo, bom para estudar sem distracao.",0.0712
PA009208,2023-12-02 08:51:55,Grupo de estudos foi muito produtivo hoje.,0.1066
PA009209,2023-12-02 11:41:43,"Metro bem tranquilo essa manha, cheguei bem.",0.001
PA009210,2023-12-02 12:09:18,Aplicativo de carona funcionou perfeitamente.,0.0859
PA009211,2023-12-02 12:37:55,Brigadeiro de panela saiu incrivel hoje.,0.0733
PA009212,2023-12-02 14:56:58,"Maratonei a temporada completa, valeu cada minuto.",0.0353
PA009213,2023-12-02 15:30:22,Finalmente entendi aquele conceito que me travava.,0.0694
PA009214,2023-12-02 16:46:21,"Trilha ecologica incrivel, natureza pura.",0.0315
PA009215,2023-12-02 16:47:26,"Praia tranquila, sol perfeito, descanso total.",0.035
PA009216,2023-12-02 17:22:32,"Tentei receita nova de bolo de cenoura, ficou fofinho.",0.0177
PA009217,2023-12-02 17:23:40,Podcast sobre tecnologia muito interessante.,0.0542
PA009218,2023-12-02 19:06:04,"Onibus chegou no horario hoje, que surpresa agradavel.",0.0784
PA009219,2023-12-02 20:18:30,Pedalada de tarde com vista incrivel do parque.,0.0853
PA009220,2023-12-02 20:26:30,Podcast sobre tecnologia muito interessante.,0.0761
PA009221,2023-12-02 20:27:19,"Yoga pela manha, comecei o dia muito bem.",0.1354
PA009222,2023-12-02 22:42:41,Atualizacao deixou o sistema muito mais rapido.,0.1286
PA009223,2023-12-02 23:51:03,Atualizacao deixou o sistema muito mais rapido.,0.0767
PA009224,2023-12-03 02:28:49,"Reencontrei um amigo antigo por acaso, que alegria.",0.1421
PA009225,2023-12-03 02:30:27,"Que calor hoje, tive que ligar o ar condicionado logo cedo.",0.0515
PA009226,2023-12-03 02:48:25,"Notebook novo chegou, que desempenho incrivel.",0.0404
PA009227,2023-12-03 02:58:15,Cafe da manha caprichado: tapioca com ovo e suco de laranja.,0.1532
PA009228,2023-12-03 04:18:09,Brigadeiro de panela saiu incrivel hoje.,0.1167
PA009229,2023-12-03 04:57:40,Aula incrivel sobre estatistica aplicada hoje.,0.176
PA009230,2023-12-03 05:25:14,"Trilha ecologica incrivel, natureza pura.",0.0581
PA009231,2023-12-03 05:32:20,"Configurei o home office com setup novo, otimo.",0.1012
PA009232,2023-12-03 06:05:57,Pedalada de tarde com vista incrivel do parque.,0.0642
PA009233,2023-12-03 06:27:00,"Praia tranquila, sol perfeito, descanso total.",0.1335
PA009234,2023-12-03 07:00:10,"Fechei projeto importante essa semana, que alegria.",0.0784
PA009235,2023-12-03 07:03:09,"Choveu a tarde toda, dia perfeito pra ficar em casa lendo.",0.0239
PA009236,2023-12-03 08:20:38,"Praia tranquila, sol perfeito, descanso total.",0.1545
PA009237,2023-12-03 09:35:09,"Sol lindo hoje, cafe na varanda foi otimo.",0.0342
PA009238,2023-12-03 11:32:18,"Serie nova incrivel, amei o primeiro episodio.",0.0
PA009239,2023-12-03 12:18:04,Show ao vivo incrivel no fim de semana.,0.0357
PA009240,2023-12-03 12:50:17,"Meditacao de manha, comecando o dia muito bem.",0.1195
PA009241,2023-12-03 13:38:30,"Que calor hoje, tive que ligar o ar condicionado logo cedo.",0.1447
PA009242,2023-12-03 17:44:53,App de produtividade novo que encontrei e otimo.,0.027
PA009243,2023-12-03 18:14:49,Aula incrivel sobre estatistica aplicada hoje.,0.1137
PA009244,2023-12-03 19:04:11,"Sol lindo hoje, cafe na varanda foi otimo.",0.119
PA009245,2023-12-03 21:53:00,"Academia hoje, treino puxado mas valeu muito.",0.0
PA009246,2023-12-03 22:09:41,"Apresentacao correu muito bem, todos gostaram.",0.0373
PA009247,2023-12-03 23:11:48,Podcast sobre tecnologia muito interessante.,0.0498
PA009248,2023-12-03 23:50:55,Semana intensa mas muito satisfatoria no trabalho.,0.112
PA009249,2023-12-04 00:43:58,"Acai gelado essa tarde, refrescante demais.",0.0425
PA009250,2023-12-04 01:00:47,"Corri 5km de manha, semana otima de treino.",0.0636
PA009251,2023-12-04 02:46:47,"Musica nova do meu artista favorito, de outro nivel.",0.1369
PA009252,2023-12-04 04:17:17,Que manha fresca e agradavel para uma caminhada.,0.0567
PA009253,2023-12-04 05:29:07,"Musica nova do meu artista favorito, de outro nivel.",0.0663
PA009254,2023-12-04 05:33:22,"Sopa de legumes no frio, reconfortante e gostosa.",0.07
PA009255,2023-12-04 06:09:30,"Configurei o home office com setup novo, otimo.",0.0693
PA009256,2023-12-04 06:48:41,"Passeio com o cachorro no parque, ele adorou.",0.1415
PA009257,2023-12-04 07:18:24,"Corri 5km de manha, semana otima de treino.",0.0315
PA009258,2023-12-04 09:28:41,Tarde produtiva organizando e limpando a casa.,0.1198
PA009259,2023-12-04 10:35:40,"Corri 5km de manha, semana otima de treino.",0.0789
PA009260,2023-12-04 10:56:31,Finalmente entendi aquele conceito que me travava.,0.0642
PA009261,2023-12-04 11:05:36,"Home office com cafe fresquinho do lado, otimo.",0.0023
PA009262,2023-12-04 11:33:06,"Praia tranquila, sol perfeito, descanso total.",0.0283
PA009263,2023-12-04 13:06:05,Que manha fresca e agradavel para uma caminhada.,0.0
PA009264,2023-12-04 13:29:30,"Tarefa dificil concluida com sucesso, que satisfacao.",0.0982
PA009265,2023-12-04 15:32:46,"Fui num restaurante novo, a pizza estava espetacular.",0.1622
PA009266,2023-12-04 17:36:26,"Passeio no interior no fim de semana, natureza linda.",0.1105
PA009267,2023-12-04 18:24:53,App de produtividade novo que encontrei e otimo.,0.0875
PA009268,2023-12-04 18:43:52,Nao aguento mais essas politicas que nao funcionam.,0.8846
PA009269,2023-12-04 18:48:01,"Home office com cafe fresquinho do lado, otimo.",0.1076
PA009270,2023-12-05 00:37:19,Aplicativo de carona funcionou perfeitamente.,0.0452
PA009271,2023-12-05 00:59:14,Atualizacao deixou o sistema muito mais rapido.,0.0906
PA009272,2023-12-05 01:41:49,"Aprendi receita nova no youtube, ficou otimo.",0.1266
PA009273,2023-12-05 03:11:56,"Trilha ecologica incrivel, natureza pura.",0.128
PA009274,2023-12-05 03:28:48,"Reencontrei um amigo antigo por acaso, que alegria.",0.0776
PA009275,2023-12-05 04:34:49,"Tentei receita nova de bolo de cenoura, ficou fofinho.",0.0827
PA009276,2023-12-05 04:39:11,"Natacao de manha, melhor inicio de dia possivel.",0.0993
PA009277,2023-12-05 04:41:26,"Tentei receita nova de bolo de cenoura, ficou fofinho.",0.1342
PA009278,2023-12-05 05:24:37,"Onibus chegou no horario hoje, que surpresa agradavel.",0.0725
PA009279,2023-12-05 06:07:31,Finalmente entendi aquele conceito que me travava.,0.0454
PA009280,2023-12-05 06:26:33,Caminhada ate a estacao foi otima hoje.,0.1408
PA009281,2023-12-05 07:02:47,"Minha mae fez feijao com arroz e linguica, classico perfeito.",0.0694
PA009282,2023-12-05 07:56:30,"Estrada livre, cheguei no trabalho rapido hoje.",0.1469
PA009283,2023-12-05 08:04:55,Aplicativo travou bem na hora da reuniao importante.,0.3303
PA009284,2023-12-05 09:08:24,"Reuniao produtiva hoje, saimos com otimas ideias.",0.0439
PA009285,2023-12-05 09:18:13,"Que calor hoje, tive que ligar o ar condicionado logo cedo.",0.1557
PA009286,2023-12-05 09:38:53,Feira de artesanato gostosa de passear.,0.1688
PA009287,2023-12-05 10:48:23,Pedalada de tarde com vista incrivel do parque.,0.0976
PA009288,2023-12-05 12:13:27,"Fui num restaurante novo, a pizza estava espetacular.",0.1427
PA009289,2023-12-05 14:05:57,"Choveu a tarde toda, dia perfeito pra ficar em casa lendo.",0.1082
PA009290,2023-12-05 14:12:35,"Minha mae fez feijao com arroz e linguica, classico perfeito.",0.0436
PA009291,2023-12-05 15:15:15,Podcast sobre tecnologia muito interessante.,0.127
PA009292,2023-12-05 15:52:33,"Pipoca e serie boa na sexta, programa perfeito.",0.0349
PA009293,2023-12-05 16:25:07,Pacote atrasado pelos correios pela terceira vez.,0.8083
PA009294,2023-12-05 17:26:29,"Natacao de manha, melhor inicio de dia possivel.",0.1548
PA009295,2023-12-05 17:31:47,"Teatro incrivel ontem, peca muito bem dirigida.",0.1314
PA009296,2023-12-05 20:25:13,"Vento agradavel hoje, aproveitei para caminhar no parque.",0.1526
PA009297,2023-12-05 22:03:29,"Estrada livre, cheguei no trabalho rapido hoje.",0.1355
PA009298,2023-12-05 23:59:55,"Meditacao de manha, comecando o dia muito bem.",0.22
PA009299,2023-12-06 00:52:28,Tarde produtiva organizando e limpando a casa.,0.1244
PA009300,2023-12-06 00:53:24,"Almoco incrivel hoje, fiz lasanha caseira do zero.",0.0
PA009301,2023-12-06 03:22:17,"Meu time ganhou hoje, que jogo bonito foi.",0.1038
PA009302,2023-12-06 03:33:22,"Reencontrei um amigo antigo por acaso, que alegria.",0.0898
PA009303,2023-12-06 04:17:45,"Viagem de fim de semana para cidade historica, valeu.",0.1075
PA009304,2023-12-06 04:28:06,"Viagem de fim de semana para cidade historica, valeu.",0.1162
PA009305,2023-12-06 06:13:38,"Museu da cidade muito interessante, aprendi bastante.",0.1118
PA009306,2023-12-06 07:20:37,"Passeio no interior no fim de semana, natureza linda.",0.0828
PA009307,2023-12-06 07:25:29,"Minha mae fez feijao com arroz e linguica, classico perfeito.",0.0956
PA009308,2023-12-06 08:11:28,"Fechei projeto importante essa semana, que alegria.",0.0473
PA009309,2023-12-06 10:08:29,"Volei com os amigos, muita risada e diversao.",0.1048
PA009310,2023-12-06 12:39:50,"Livro excelente sobre ciencia de dados, recomendo muito.",0.0906
PA009311,2023-12-06 12:42:54,Show ao vivo incrivel no fim de semana.,0.0259
PA009312,2023-12-06 14:09:13,Grupo de estudos foi muito produtivo hoje.,0.0908
PA009313,2023-12-06 15:12:46,"Notebook novo chegou, que desempenho incrivel.",0.0
PA009314,2023-12-06 15:52:28,"Natacao de manha, melhor inicio de dia possivel.",0.1221
PA009315,2023-12-06 17:34:14,"Reuniao produtiva hoje, saimos com otimas ideias.",0.1235
PA009316,2023-12-06 19:28:09,"Estrada livre, cheguei no trabalho rapido hoje.",0.0836
PA009317,2023-12-06 20:51:15,Jantar simples mas gostoso com a familia.,0.0049
PA009318,2023-12-06 22:24:45,"Sol lindo hoje, cafe na varanda foi otimo.",0.0677
PA009319,2023-12-06 22:53:14,"Meditacao de manha, comecando o dia muito bem.",0.1082
PA009320,2023-12-07 00:22:20,Nao acredito mais nessa politica que nao resolve.,0.5663
PA009321,2023-12-07 01:23:05,"Tarefa dificil concluida com sucesso, que satisfacao.",0.1495
PA009322,2023-12-07 01:39:07,"Estudando para a prova de amanha, bem concentrado.",0.0343
PA009323,2023-12-07 01:56:08,"Cuidando das plantas em casa, muito terapeutico.",0.0679
PA009324,2023-12-07 02:28:25,"Chuva passageira a tarde, depois o tempo abriu lindo.",0.0626
PA009325,2023-12-07 03:49:42,"Pausa pro cafe com os colegas, bate-papo otimo.",0.1172
PA009326,2023-12-07 04:58:03,"Sopa de legumes no frio, reconfortante e gostosa.",0.0417
PA009327,2023-12-07 05:42:49,"Estrada livre, cheguei no trabalho rapido hoje.",0.0561
PA009328,2023-12-07 06:00:34,"Chuva passageira a tarde, depois o tempo abriu lindo.",0.1491
PA009329,2023-12-07 06:20:36,"Apresentacao correu muito bem, todos gostaram.",0.0199
PA009330,2023-12-07 06:21:10,Semana intensa mas muito satisfatoria no trabalho.,0.0103
PA009331,2023-12-07 06:33:31,"Consegui estacionamento logo de cara, dia de sorte mesmo.",0.0258
PA009332,2023-12-07 06:37:44,"Apresentacao correu muito bem, todos gostaram.",0.1415
PA009333,2023-12-07 06:39:40,"Livro excelente sobre ciencia de dados, recomendo muito.",0.0761
PA009334,2023-12-07 06:56:53,"Acai gelado essa tarde, refrescante demais.",0.0
PA009335,2023-12-07 07:07:37,Semana intensa mas muito satisfatoria no trabalho.,0.0613
PA009336,2023-12-07 08:10:09,"Passeio no interior no fim de semana, natureza linda.",0.0583
PA009337,2023-12-07 08:15:00,"Novo celular chegou, a camera e impressionante.",0.0141
PA009338,2023-12-07 09:09:42,"Livro excelente sobre ciencia de dados, recomendo muito.",0.0899
PA009339,2023-12-07 09:49:28,"Viagem de fim de semana para cidade historica, valeu.",0.016
PA009340,2023-12-07 10:07:56,"Padaria da esquina lancou sabor novo, recomendo.",0.0515
PA009341,2023-12-07 10:30:49,Jantar simples mas gostoso com a familia.,0.1202
PA009342,2023-12-07 12:03:43,Finalmente entendi aquele conceito que me travava.,0.0
PA009343,2023-12-07 12:22:33,"Tentei receita nova de bolo de cenoura, ficou fofinho.",0.0604
PA009344,2023-12-07 12:53:40,Pedalada de tarde com vista incrivel do parque.,0.002
PA009345,2023-12-07 13:07:49,"Reuniao produtiva hoje, saimos com otimas ideias.",0.1068
PA009346,2023-12-07 13:07:50,"Estudando para a prova de amanha, bem concentrado.",0.0381
PA009347,2023-12-07 13:34:01,"Aprendi receita nova no youtube, ficou otimo.",0.0162
PA009348,2023-12-07 14:08:46,"Configurei o home office com setup novo, otimo.",0.0359
PA009349,2023-12-07 14:35:15,"Filme otimo ontem, fui ao cinema com a familia.",0.0944
PA009350,2023-12-07 15:53:12,"Cuidando das plantas em casa, muito terapeutico.",0.168
PA009351,2023-12-07 16:32:01,"Churrasco com a familia no final de semana, delicioso.",0.0677
PA009352,2023-12-07 16:33:39,"Livro excelente sobre ciencia de dados, recomendo muito.",0.0743
PA009353,2023-12-07 16:38:40,Show ao vivo incrivel no fim de semana.,0.0216
PA009354,2023-12-07 17:49:14,"Pipoca e serie boa na sexta, programa perfeito.",0.1068
PA009355,2023-12-07 18:48:23,Brigadeiro de panela saiu incrivel hoje.,0.0384
PA009356,2023-12-07 19:08:13,Tarde produtiva organizando e limpando a casa.,0.0923
PA009357,2023-12-07 19:27:36,"Passei na certificacao, muito feliz com o resultado.",0.0914
PA009358,2023-12-07 19:49:15,"Teatro incrivel ontem, peca muito bem dirigida.",0.038
PA009359,2023-12-07 20:37:40,Tarde produtiva organizando e limpando a casa.,0.105
PA009360,2023-12-07 21:37:09,"Fui num restaurante novo, a pizza estava espetacular.",0.0679
PA009361,2023-12-07 21:58:32,"Reencontrei um amigo antigo por acaso, que alegria.",0.0638
PA009362,2023-12-07 22:54:14,"Fui de bike hoje, que exercicio agradavel de manha.",0.0694
PA009363,2023-12-08 00:01:25,"Trilha ecologica incrivel, natureza pura.",0.0102
PA009364,2023-12-08 00:05:43,Aplicativo de carona funcionou perfeitamente.,0.1383
PA009365,2023-12-08 00:14:05,"Viagem de fim de semana para cidade historica, valeu.",0.0163
PA009366,2023-12-08 01:41:37,"Livro excelente sobre ciencia de dados, recomendo muito.",0.1011
PA009367,2023-12-08 02:11:45,"Passeio com o cachorro no parque, ele adorou.",0.0639
PA009368,2023-12-08 02:35:28,"Tentei receita nova de bolo de cenoura, ficou fofinho.",0.1427
PA009369,2023-12-08 04:34:37,"Estrada livre, cheguei no trabalho rapido hoje.",0.1228
PA009370,2023-12-08 05:46:28,Finalmente entendi aquele conceito que me travava.,0.0
PA009371,2023-12-08 06:09:39,"Passeio com o cachorro no parque, ele adorou.",0.0738
PA009372,2023-12-08 06:12:22,"Sol lindo hoje, cafe na varanda foi otimo.",0.0448
PA009373,2023-12-08 07:40:09,"Testei IA para ajudar com codigo, funcionou bem.",0.0654
PA009374,2023-12-08 08:54:45,"Fui num restaurante novo, a pizza estava espetacular.",0.054
PA009375,2023-12-08 09:25:09,Atualizacao deixou o sistema muito mais rapido.,0.0838
PA009376,2023-12-08 11:35:49,Atualizacao deixou o sistema muito mais rapido.,0.091
PA009377,2023-12-08 12:26:17,Atualizacao deixou o sistema muito mais rapido.,0.073
PA009378,2023-12-08 13:29:45,Show ao vivo incrivel no fim de semana.,0.121
PA009379,2023-12-08 13:33:13,"Sopa de legumes no frio, reconfortante e gostosa.",0.0975
PA009380,2023-12-08 15:40:47,"Passeio com o cachorro no parque, ele adorou.",0.0927
PA009381,2023-12-08 15:55:32,"Sopa de legumes no frio, reconfortante e gostosa.",0.0412
PA009382,2023-12-08 17:25:53,"Sopa de legumes no frio, reconfortante e gostosa.",0.1062
PA009383,2023-12-08 17:26:15,Pedalada de tarde com vista incrivel do parque.,0.0577
PA009384,2023-12-08 20:14:22,"Chuva passageira a tarde, depois o tempo abriu lindo.",0.0
PA009385,2023-12-08 21:23:30,Pedalada de tarde com vista incrivel do parque.,0.0597
PA009386,2023-12-08 22:16:12,"Musica nova do meu artista favorito, de outro nivel.",0.0067
PA009387,2023-12-08 23:28:12,"Almoco incrivel hoje, fiz lasanha caseira do zero.",0.0088
PA009388,2023-12-09 00:10:06,"Maratonei a temporada completa, valeu cada minuto.",0.049
PA009389,2023-12-09 00:55:35,Show ao vivo incrivel no fim de semana.,0.0513
PA009390,2023-12-09 01:37:02,Barulho da rua me deixou irritado o dia todo.,0.8204
PA009391,2023-12-09 01:40:41,Politico corrupto aparecendo na midia de novo.,0.3779
PA009392,2023-12-09 02:48:56,Que tarde relaxante lendo na rede.,0.1267
PA009393,2023-12-09 03:41:38,"Dia nublado mas tranquilo, bom para estudar sem distracao.",0.1059
PA009394,2023-12-09 04:03:46,"Passeio com o cachorro no parque, ele adorou.",0.0512
PA009395,2023-12-09 04:52:57,Atualizacao deixou o sistema muito mais rapido.,0.1432
PA009396,2023-12-09 06:03:45,Jogo novo me viciou de um jeito bom.,0.0666
PA009397,2023-12-09 07:10:43,Grupo de estudos foi muito produtivo hoje.,0.1058
PA009398,2023-12-09 07:20:50,"Praia tranquila, sol perfeito, descanso total.",0.0774
PA009399,2023-12-09 08:10:11,"Onibus chegou no horario hoje, que surpresa agradavel.",0.1837
PA009400,2023-12-09 08:21:23,Pedalada de tarde com vista incrivel do parque.,0.0112
PA009401,2023-12-09 09:33:29,"Churrasco com a familia no final de semana, delicioso.",0.1019
PA009402,2023-12-09 11:59:35,"Consegui estacionamento logo de cara, dia de sorte mesmo.",0.1635
PA009403,2023-12-09 13:38:16,Que manha fresca e agradavel para uma caminhada.,0.0752
PA009404,2023-12-09 14:07:30,"Choveu a tarde toda, dia perfeito pra ficar em casa lendo.",0.1161
PA009405,2023-12-09 18:37:36,"Biblioteca da universidade, ambiente otimo para estudar.",0.1194
PA009406,2023-12-09 19:39:26,"Apresentacao correu muito bem, todos gostaram.",0.0617
PA009407,2023-12-09 21:30:03,"Padaria da esquina lancou sabor novo, recomendo.",0.0254
PA009408,2023-12-09 22:24:35,"Vento agradavel hoje, aproveitei para caminhar no parque.",0.0318
PA009409,2023-12-10 00:50:53,"Meditacao de manha, comecando o dia muito bem.",0.0669
PA009410,2023-12-10 01:26:48,Feira de artesanato gostosa de passear.,0.0
PA009411,2023-12-10 04:15:06,"Viagem de fim de semana para cidade historica, valeu.",0.1617
PA009412,2023-12-10 04:52:03,"Apresentacao correu muito bem, todos gostaram.",0.0
PA009413,2023-12-10 06:03:10,"Meu time ganhou hoje, que jogo bonito foi.",0.0395
PA009414,2023-12-10 07:00:40,"Estrada livre, cheguei no trabalho rapido hoje.",0.118
PA009415,2023-12-10 08:46:57,"Estrada livre, cheguei no trabalho rapido hoje.",0.0645
PA009416,2023-12-10 13:35:03,"Serie nova incrivel, amei o primeiro episodio.",0.1337
PA009417,2023-12-10 13:53:16,"Trilha ecologica incrivel, natureza pura.",0.0394
PA009418,2023-12-10 14:03:19,Jantar simples mas gostoso com a familia.,0.0846
PA009419,2023-12-10 14:05:50,"Academia hoje, treino puxado mas valeu muito.",0.1215
PA009420,2023-12-10 14:38:55,"Livro excelente sobre ciencia de dados, recomendo muito.",0.0208
PA009421,2023-12-10 15:36:34,Cafe da manha caprichado: tapioca com ovo e suco de laranja.,0.0195
PA009422,2023-12-10 16:13:56,"Volei com os amigos, muita risada e diversao.",0.0873
PA009423,2023-12-10 16:31:38,"Home office com cafe fresquinho do lado, otimo.",0.1884
PA009424,2023-12-10 16:54:05,"Filme otimo ontem, fui ao cinema com a familia.",0.0
PA009425,2023-12-10 17:02:12,"Corri 5km de manha, semana otima de treino.",0.1637
PA009426,2023-12-10 17:10:12,"Reuniao produtiva hoje, saimos com otimas ideias.",0.0
PA009427,2023-12-10 17:37:07,"Apresentacao correu muito bem, todos gostaram.",0.0485
PA009428,2023-12-10 19:47:06,"Home office com cafe fresquinho do lado, otimo.",0.1139
PA009429,2023-12-10 20:18:23,"Sopa de legumes no frio, reconfortante e gostosa.",0.1061
PA009430,2023-12-10 20:26:26,"Estudando para a prova de amanha, bem concentrado.",0.0275
PA009431,2023-12-10 20:38:26,Brigadeiro de panela saiu incrivel hoje.,0.13
PA009432,2023-12-10 21:28:17,Podcast sobre tecnologia muito interessante.,0.0
PA009433,2023-12-10 22:01:20,"Filme otimo ontem, fui ao cinema com a familia.",0.0804
PA009434,2023-12-10 22:04:13,"Dia nublado mas tranquilo, bom para estudar sem distracao.",0.1843
PA009435,2023-12-10 23:12:41,Mais um acidente por causa de imprudencia no transito.,0.8252
PA009436,2023-12-10 23:51:26,"Passei na certificacao, muito feliz com o resultado.",0.1392
PA009437,2023-12-11 00:21:07,Leitura no jardim com tempo agradavel.,0.0283
PA009438,2023-12-11 00:29:05,Tarde produtiva organizando e limpando a casa.,0.0449
PA009439,2023-12-11 00:51:05,Que manha fresca e agradavel para uma caminhada.,0.1032
PA009440,2023-12-11 01:29:22,Finalmente entendi aquele conceito que me travava.,0.0993
PA009441,2023-12-11 01:33:26,"Configurei o home office com setup novo, otimo.",0.0887
PA009442,2023-12-11 02:20:55,"Biblioteca da universidade, ambiente otimo para estudar.",0.1705
PA009443,2023-12-11 03:45:02,Pacote atrasado pelos correios pela terceira vez.,0.8871
PA009444,2023-12-11 03:45:03,"Chuva passageira a tarde, depois o tempo abriu lindo.",0.0
PA009445,2023-12-11 05:15:32,"Musica nova do meu artista favorito, de outro nivel.",0.1198
PA009446,2023-12-11 06:42:37,Finalmente entendi aquele conceito que me travava.,0.0775
PA009447,2023-12-11 07:41:19,"Onibus chegou no horario hoje, que surpresa agradavel.",0.0187
PA009448,2023-12-11 08:02:52,App de produtividade novo que encontrei e otimo.,0.1641
PA009449,2023-12-11 08:09:48,Que tarde relaxante lendo na rede.,0.0641
PA009450,2023-12-11 08:30:42,"Yoga pela manha, comecei o dia muito bem.",0.0657
PA009451,2023-12-11 08:39:58,"Passei na certificacao, muito feliz com o resultado.",0.0448
PA009452,2023-12-11 09:19:57,"Volei com os amigos, muita risada e diversao.",0.1268
PA009453,2023-12-11 09:43:02,"Passeio com o cachorro no parque, ele adorou.",0.0419
PA009454,2023-12-11 09:45:24,"Dia nublado mas tranquilo, bom para estudar sem distracao.",0.0196
PA009455,2023-12-11 10:26:25,"Testei IA para ajudar com codigo, funcionou bem.",0.0434
PA009456,2023-12-11 13:20:11,"Yoga pela manha, comecei o dia muito bem.",0.1458
PA009457,2023-12-11 13:21:30,"Aprendi receita nova no youtube, ficou otimo.",0.0729
PA009458,2023-12-11 15:14:13,"Filme otimo ontem, fui ao cinema com a familia.",0.1349
PA009459,2023-12-11 15:23:45,"Metro bem tranquilo essa manha, cheguei bem.",0.0648
PA009460,2023-12-11 18:44:44,"Saturado desse emprego, preciso mudar de vida.",0.3901
PA009461,2023-12-11 18:59:06,"Fui de bike hoje, que exercicio agradavel de manha.",0.0
PA009462,2023-12-11 19:04:35,"Churrasco com a familia no final de semana, delicioso.",0.0153
PA009463,2023-12-11 19:17:34,"Home office com cafe fresquinho do lado, otimo.",0.1258
PA009464,2023-12-11 20:49:34,"Padaria da esquina lancou sabor novo, recomendo.",0.1082
PA009465,2023-12-11 20:50:29,"Que calor hoje, tive que ligar o ar condicionado logo cedo.",0.0803
PA009466,2023-12-11 21:27:34,"Fui de bike hoje, que exercicio agradavel de manha.",0.0354
PA009467,2023-12-11 22:13:36,"Tentei receita nova de bolo de cenoura, ficou fofinho.",0.1241
PA009468,2023-12-11 22:28:56,"Reuniao produtiva hoje, saimos com otimas ideias.",0.1069
PA009469,2023-12-11 22:47:45,"Fechei projeto importante essa semana, que alegria.",0.1969
PA009470,2023-12-11 23:54:42,"Meu time ganhou hoje, que jogo bonito foi.",0.039
PA009471,2023-12-12 01:43:23,"Estrada livre, cheguei no trabalho rapido hoje.",0.1114
PA009472,2023-12-12 01:51:43,"Estudando para a prova de amanha, bem concentrado.",0.1021
PA009473,2023-12-12 03:18:47,"Home office com cafe fresquinho do lado, otimo.",0.1041
PA009474,2023-12-12 03:23:49,"Tarefa dificil concluida com sucesso, que satisfacao.",0.1088
PA009475,2023-12-12 03:30:41,"Estudando para a prova de amanha, bem concentrado.",0.0029
PA009476,2023-12-12 03:48:28,"Maratonei a temporada completa, valeu cada minuto.",0.1777
PA009477,2023-12-12 05:18:09,"Tentei receita nova de bolo de cenoura, ficou fofinho.",0.0
PA009478,2023-12-12 06:00:43,"Choveu a tarde toda, dia perfeito pra ficar em casa lendo.",0.0608
PA009479,2023-12-12 10:16:46,Grupo de estudos foi muito produtivo hoje.,0.1361
PA009480,2023-12-12 10:21:26,"Cuidando das plantas em casa, muito terapeutico.",0.1138
PA009481,2023-12-12 11:55:51,"Meditacao de manha, comecando o dia muito bem.",0.1278
PA009482,2023-12-12 12:26:00,"Aprendi receita nova no youtube, ficou otimo.",0.1463
PA009483,2023-12-12 12:38:27,"Novo celular chegou, a camera e impressionante.",0.0
PA009484,2023-12-12 14:10:26,"Servico publico uma vergonha, esperei horas na fila.",0.0646
PA009485,2023-12-12 17:46:47,"Metro bem tranquilo essa manha, cheguei bem.",0.0768
PA009486,2023-12-12 17:53:16,"Museu da cidade muito interessante, aprendi bastante.",0.0972
PA009487,2023-12-12 18:06:37,Tudo caro e qualidade cada vez pior.,0.0519
PA009488,2023-12-12 23:23:58,"Reencontrei um amigo antigo por acaso, que alegria.",0.0537
PA009489,2023-12-12 23:39:05,Cafe da manha caprichado: tapioca com ovo e suco de laranja.,0.1256
PA009490,2023-12-13 00:21:40,"Minha mae fez feijao com arroz e linguica, classico perfeito.",0.1579
PA009491,2023-12-13 01:18:09,"Apresentacao correu muito bem, todos gostaram.",0.0699
PA009492,2023-12-13 02:22:10,Show ao vivo incrivel no fim de semana.,0.0895
PA009493,2023-12-13 03:24:15,"Corri 5km de manha, semana otima de treino.",0.1554
PA009494,2023-12-13 03:53:09,"Servico publico uma vergonha, esperei horas na fila.",0.2825
PA009495,2023-12-13 06:47:36,"Livro excelente sobre ciencia de dados, recomendo muito.",0.105
PA009496,2023-12-13 07:06:58,"Notebook novo chegou, que desempenho incrivel.",0.0662
PA009497,2023-12-13 08:29:24,"Livro excelente sobre ciencia de dados, recomendo muito.",0.0203
PA009498,2023-12-13 08:56:51,"Almoco incrivel hoje, fiz lasanha caseira do zero.",0.0676
PA009499,2023-12-13 09:21:48,"Praia tranquila, sol perfeito, descanso total.",0.0649
PA009500,2023-12-13 09:23:38,"Configurei o home office com setup novo, otimo.",0.0
PA009501,2023-12-13 11:16:13,"Tarefa dificil concluida com sucesso, que satisfacao.",0.1374
PA009502,2023-12-13 11:33:50,"Home office com cafe fresquinho do lado, otimo.",0.063
PA009503,2023-12-13 11:59:54,"Reencontrei um amigo antigo por acaso, que alegria.",0.0404
PA009504,2023-12-13 12:46:39,Terminei o trabalho da faculdade com antecedencia.,0.0617
PA009505,2023-12-13 13:13:31,"Praia tranquila, sol perfeito, descanso total.",0.0128
PA009506,2023-12-13 13:41:02,"Dia nublado mas tranquilo, bom para estudar sem distracao.",0.124
PA009507,2023-12-13 16:02:15,App de produtividade novo que encontrei e otimo.,0.0549
PA009508,2023-12-13 18:40:29,"Domingo em familia, melhor dia da semana.",0.1294
PA009509,2023-12-13 18:56:13,"Sopa de legumes no frio, reconfortante e gostosa.",0.0816
PA009510,2023-12-13 19:03:00,"Fui de bike hoje, que exercicio agradavel de manha.",0.0
PA009511,2023-12-13 19:45:46,"Minha mae fez feijao com arroz e linguica, classico perfeito.",0.1407
PA009512,2023-12-13 20:18:57,"Corri 5km de manha, semana otima de treino.",0.1486
PA009513,2023-12-13 20:30:31,"Sopa de legumes no frio, reconfortante e gostosa.",0.0797
PA009514,2023-12-13 20:56:42,"Chuva passageira a tarde, depois o tempo abriu lindo.",0.0687
PA009515,2023-12-13 21:25:28,"Testei IA para ajudar com codigo, funcionou bem.",0.0014
PA009516,2023-12-14 00:47:54,"Fui de bike hoje, que exercicio agradavel de manha.",0.1197
PA009517,2023-12-14 02:03:09,"Volei com os amigos, muita risada e diversao.",0.0464
PA009518,2023-12-14 02:05:37,Terminei o trabalho da faculdade com antecedencia.,0.1241
PA009519,2023-12-14 02:29:52,"Reuniao produtiva hoje, saimos com otimas ideias.",0.0795
PA009520,2023-12-14 04:04:46,"Almoco incrivel hoje, fiz lasanha caseira do zero.",0.0
PA009521,2023-12-14 04:42:07,"Padaria da esquina lancou sabor novo, recomendo.",0.0809
PA009522,2023-12-14 05:12:29,"Chuva passageira a tarde, depois o tempo abriu lindo.",0.0267
PA009523,2023-12-14 07:05:31,"Passeio com o cachorro no parque, ele adorou.",0.1076
PA009524,2023-12-14 08:04:07,"Maratonei a temporada completa, valeu cada minuto.",0.1373
PA009525,2023-12-14 08:09:17,"Dia nublado mas tranquilo, bom para estudar sem distracao.",0.0869
PA009526,2023-12-14 08:32:49,"Churrasco com a familia no final de semana, delicioso.",0.0636
PA009527,2023-12-14 08:40:27,"Musica nova do meu artista favorito, de outro nivel.",0.1285
PA009528,2023-12-14 09:50:45,"Estrada livre, cheguei no trabalho rapido hoje.",0.1659
PA009529,2023-12-14 09:54:43,"Tentei receita nova de bolo de cenoura, ficou fofinho.",0.098
PA009530,2023-12-14 10:03:06,Finalmente entendi aquele conceito que me travava.,0.0316
PA009531,2023-12-14 10:59:33,Pedalada de tarde com vista incrivel do parque.,0.1973
PA009532,2023-12-14 11:00:37,"Que bagunca, nada funcionando direito.",0.8818
PA009533,2023-12-14 12:42:58,"Yoga pela manha, comecei o dia muito bem.",0.0529
PA009534,2023-12-14 13:56:14,"Onibus chegou no horario hoje, que surpresa agradavel.",0.0122
PA009535,2023-12-14 15:35:10,"Que calor hoje, tive que ligar o ar condicionado logo cedo.",0.0462
PA009536,2023-12-14 15:43:33,"Testei IA para ajudar com codigo, funcionou bem.",0.0618
PA009537,2023-12-14 17:40:39,App de produtividade novo que encontrei e otimo.,0.0201
PA009538,2023-12-14 17:45:28,"Sopa de legumes no frio, reconfortante e gostosa.",0.08
PA009539,2023-12-14 19:10:45,"Passei na certificacao, muito feliz com o resultado.",0.0551
PA009540,2023-12-14 19:13:48,"Consegui estacionamento logo de cara, dia de sorte mesmo.",0.068
PA009541,2023-12-14 19:53:03,"O outono chegou cedo esse ano, que frio gostoso de manha.",0.1202
PA009542,2023-12-14 19:55:56,"Apresentacao correu muito bem, todos gostaram.",0.0512
PA009543,2023-12-14 21:03:42,"Livro excelente sobre ciencia de dados, recomendo muito.",0.0932
PA009544,2023-12-14 21:27:58,Que manha fresca e agradavel para uma caminhada.,0.061
PA009545,2023-12-14 21:42:57,Show ao vivo incrivel no fim de semana.,0.016
PA009546,2023-12-14 21:48:51,"Reencontrei um amigo antigo por acaso, que alegria.",0.17
PA009547,2023-12-14 23:50:44,"Yoga pela manha, comecei o dia muito bem.",0.0
PA009548,2023-12-15 00:33:45,"Sol lindo hoje, cafe na varanda foi otimo.",0.1641
PA009549,2023-12-15 01:24:59,App de produtividade novo que encontrei e otimo.,0.0734
PA009550,2023-12-15 01:29:33,Finalmente entendi aquele conceito que me travava.,0.0398
PA009551,2023-12-15 01:36:42,"Passei na certificacao, muito feliz com o resultado.",0.1965
PA009552,2023-12-15 03:03:31,Tarde produtiva organizando e limpando a casa.,0.0741
PA009553,2023-12-15 05:41:52,"Tentei receita nova de bolo de cenoura, ficou fofinho.",0.0668
PA009554,2023-12-15 05:57:08,"Dia nublado mas tranquilo, bom para estudar sem distracao.",0.0885
PA009555,2023-12-15 07:26:30,Semana intensa mas muito satisfatoria no trabalho.,0.1392
PA009556,2023-12-15 07:44:52,"Filme otimo ontem, fui ao cinema com a familia.",0.0772
PA009557,2023-12-15 07:54:33,"Estudando para a prova de amanha, bem concentrado.",0.1608
PA009558,2023-12-15 09:01:08,Brigadeiro de panela saiu incrivel hoje.,0.0431
PA009559,2023-12-15 10:14:23,"Reencontrei um amigo antigo por acaso, que alegria.",0.0243
PA009560,2023-12-15 10:59:51,Pedalada de tarde com vista incrivel do parque.,0.0305
PA009561,2023-12-15 11:28:49,"Museu da cidade muito interessante, aprendi bastante.",0.1765
PA009562,2023-12-15 12:01:10,Nao aguento mais essas politicas que nao funcionam.,0.8097
PA009563,2023-12-15 12:02:02,"Acai gelado essa tarde, refrescante demais.",0.052
PA009564,2023-12-15 12:10:33,"Chuva passageira a tarde, depois o tempo abriu lindo.",0.0765
PA009565,2023-12-15 13:58:04,"Acai gelado essa tarde, refrescante demais.",0.0554
PA009566,2023-12-15 14:41:53,Caminhada ate a estacao foi otima hoje.,0.0964
PA009567,2023-12-15 15:23:43,"Estudando para a prova de amanha, bem concentrado.",0.0544
PA009568,2023-12-15 16:40:24,"Metro bem tranquilo essa manha, cheguei bem.",0.09
PA009569,2023-12-15 17:42:43,"Yoga pela manha, comecei o dia muito bem.",0.0293
PA009570,2023-12-15 18:35:27,"O outono chegou cedo esse ano, que frio gostoso de manha.",0.0584
PA009571,2023-12-15 18:47:22,Jantar simples mas gostoso com a familia.,0.0676
PA009572,2023-12-15 20:49:07,"Onibus chegou no horario hoje, que surpresa agradavel.",0.0
PA009573,2023-12-15 21:03:44,Tarde produtiva organizando e limpando a casa.,0.1056
PA009574,2023-12-15 21:29:08,"Almoco incrivel hoje, fiz lasanha caseira do zero.",0.0697
PA009575,2023-12-15 22:11:33,Aplicativo de carona funcionou perfeitamente.,0.2108
PA009576,2023-12-15 23:28:25,Finalmente entendi aquele conceito que me travava.,0.1194
PA009577,2023-12-15 23:30:24,"Filme otimo ontem, fui ao cinema com a familia.",0.1336
PA009578,2023-12-16 05:05:03,App de produtividade novo que encontrei e otimo.,0.0682
PA009579,2023-12-16 06:55:52,Terminei o trabalho da faculdade com antecedencia.,0.0745
PA009580,2023-12-16 08:36:52,App de produtividade novo que encontrei e otimo.,0.0554
PA009581,2023-12-16 09:12:41,"Serie nova incrivel, amei o primeiro episodio.",0.0395
PA009582,2023-12-16 11:43:26,"Tentei receita nova de bolo de cenoura, ficou fofinho.",0.1052
PA009583,2023-12-16 13:08:03,"Aprendi receita nova no youtube, ficou otimo.",0.0333
PA009584,2023-12-16 15:05:59,"Teatro incrivel ontem, peca muito bem dirigida.",0.1593
PA009585,2023-12-16 15:21:38,"Estudando para a prova de amanha, bem concentrado.",0.0589
PA009586,2023-12-16 15:47:08,Que manha fresca e agradavel para uma caminhada.,0.1603
PA009587,2023-12-16 16:09:24,"Pausa pro cafe com os colegas, bate-papo otimo.",0.0738
PA009588,2023-12-16 18:56:16,"Que calor hoje, tive que ligar o ar condicionado logo cedo.",0.0617
PA009589,2023-12-16 20:04:57,"Sopa de legumes no frio, reconfortante e gostosa.",0.048
PA009590,2023-12-16 21:01:54,"Passei na certificacao, muito feliz com o resultado.",0.0999
PA009591,2023-12-16 23:06:01,"Fui de bike hoje, que exercicio agradavel de manha.",0.0762
PA009592,2023-12-16 23:19:28,Finalmente entendi aquele conceito que me travava.,0.0431
PA009593,2023-12-17 00:00:38,Podcast sobre tecnologia muito interessante.,0.0539
PA009594,2023-12-17 01:55:40,"Novo celular chegou, a camera e impressionante.",0.1962
PA009595,2023-12-17 03:05:27,"Onibus chegou no horario hoje, que surpresa agradavel.",0.1319
PA009596,2023-12-17 04:58:09,"Praia tranquila, sol perfeito, descanso total.",0.1292
PA009597,2023-12-17 07:38:33,Que tarde relaxante lendo na rede.,0.0929
PA009598,2023-12-17 07:50:08,"Churrasco com a familia no final de semana, delicioso.",0.0358
PA009599,2023-12-17 08:25:45,"Cuidando das plantas em casa, muito terapeutico.",0.1121
PA009600,2023-12-17 08:31:18,"Saturado desse emprego, preciso mudar de vida.",0.6558
PA009601,2023-12-17 08:37:21,"Multa de transito injusta, vou recorrer.",0.8695
PA009602,2023-12-17 10:18:49,Que manha fresca e agradavel para uma caminhada.,0.0
PA009603,2023-12-17 11:46:25,"Dia nublado mas tranquilo, bom para estudar sem distracao.",0.0196
PA009604,2023-12-17 12:16:12,Caminhada ate a estacao foi otima hoje.,0.1241
PA009605,2023-12-17 12:36:51,App de produtividade novo que encontrei e otimo.,0.0865
PA009606,2023-12-17 14:35:59,"Aprendi receita nova no youtube, ficou otimo.",0.1355
PA009607,2023-12-17 16:18:32,"Choveu a tarde toda, dia perfeito pra ficar em casa lendo.",0.0973
PA009608,2023-12-17 16:40:20,Terminei o trabalho da faculdade com antecedencia.,0.0788
PA009609,2023-12-17 17:45:24,"Biblioteca da universidade, ambiente otimo para estudar.",0.0116
PA009610,2023-12-17 18:22:30,"Corri 5km de manha, semana otima de treino.",0.0422
PA009611,2023-12-17 18:27:27,"Serie nova incrivel, amei o primeiro episodio.",0.006
PA009612,2023-12-17 18:27:47,"Passeio com o cachorro no parque, ele adorou.",0.0034
PA009613,2023-12-17 18:38:32,"Apresentacao correu muito bem, todos gostaram.",0.1432
PA009614,2023-12-17 20:06:54,"Choveu a tarde toda, dia perfeito pra ficar em casa lendo.",0.142
PA009615,2023-12-17 20:23:17,"Passeio com o cachorro no parque, ele adorou.",0.1291
PA009616,2023-12-17 20:29:29,"Novo celular chegou, a camera e impressionante.",0.1342
PA009617,2023-12-17 20:49:25,"Acai gelado essa tarde, refrescante demais.",0.0943
PA009618,2023-12-17 21:07:48,"Biblioteca da universidade, ambiente otimo para estudar.",0.1084
PA009619,2023-12-17 21:25:33,"Passeio com o cachorro no parque, ele adorou.",0.0721
PA009620,2023-12-17 21:37:32,"Natacao de manha, melhor inicio de dia possivel.",0.0
PA009621,2023-12-17 22:14:16,Brigadeiro de panela saiu incrivel hoje.,0.0912
PA009622,2023-12-17 22:15:12,"Notebook novo chegou, que desempenho incrivel.",0.0974
PA009623,2023-12-17 22:16:59,"Reencontrei um amigo antigo por acaso, que alegria.",0.1728
PA009624,2023-12-17 22:55:33,"Domingo em familia, melhor dia da semana.",0.1972
PA009625,2023-12-18 00:10:39,Aplicativo de carona funcionou perfeitamente.,0.1016
PA009626,2023-12-18 01:00:30,"Vizinho fazendo barulho ate tarde da noite, falta de respeito.",0.4129
PA009627,2023-12-18 01:08:54,"Biblioteca da universidade, ambiente otimo para estudar.",0.024
PA009628,2023-12-18 02:50:36,Cansado desse sistema publico que nao funciona.,0.9643
PA009629,2023-12-18 02:59:39,Show ao vivo incrivel no fim de semana.,0.1178
PA009630,2023-12-18 03:03:58,"Corri 5km de manha, semana otima de treino.",0.1027
PA009631,2023-12-18 05:29:57,"Sopa de legumes no frio, reconfortante e gostosa.",0.1653
PA009632,2023-12-18 06:21:10,"Museu da cidade muito interessante, aprendi bastante.",0.0493
PA009633,2023-12-18 06:32:01,Terminei o trabalho da faculdade com antecedencia.,0.1441
PA009634,2023-12-18 08:31:28,"Que dia difícil, nada saiu como eu havia planejado.",0.4771
PA009635,2023-12-18 08:54:59,"Maratonei a temporada completa, valeu cada minuto.",0.139
PA009636,2023-12-18 09:05:31,Podcast sobre tecnologia muito interessante.,0.1074
PA009637,2023-12-18 09:36:19,"Passeio com o cachorro no parque, ele adorou.",0.1016
PA009638,2023-12-18 10:42:56,Jogo novo me viciou de um jeito bom.,0.1367
PA009639,2023-12-18 11:37:29,"Serie nova incrivel, amei o primeiro episodio.",0.0243
PA009640,2023-12-18 12:33:00,Terminei o trabalho da faculdade com antecedencia.,0.0789
PA009641,2023-12-18 12:47:52,Brigadeiro de panela saiu incrivel hoje.,0.0835
PA009642,2023-12-18 12:47:56,"Livro excelente sobre ciencia de dados, recomendo muito.",0.1206
PA009643,2023-12-18 14:00:23,"Apresentacao correu muito bem, todos gostaram.",0.0966
PA009644,2023-12-18 14:58:14,"Almoco incrivel hoje, fiz lasanha caseira do zero.",0.0
PA009645,2023-12-18 15:40:49,"O outono chegou cedo esse ano, que frio gostoso de manha.",0.0175
PA009646,2023-12-18 16:56:55,Atualizacao deixou o sistema muito mais rapido.,0.1367
PA009647,2023-12-18 17:44:01,Que tarde relaxante lendo na rede.,0.0982
PA009648,2023-12-18 19:57:25,"Fui de bike hoje, que exercicio agradavel de manha.",0.0935
PA009649,2023-12-18 20:55:38,Aula incrivel sobre estatistica aplicada hoje.,0.0422
PA009650,2023-12-18 22:34:57,Show ao vivo incrivel no fim de semana.,0.0859
PA009651,2023-12-18 23:51:37,"Consegui estacionamento logo de cara, dia de sorte mesmo.",0.0323
PA009652,2023-12-18 23:56:09,"Domingo em familia, melhor dia da semana.",0.1557
PA009653,2023-12-19 01:32:32,Aplicativo de carona funcionou perfeitamente.,0.0623
PA009654,2023-12-19 01:35:25,"Passeio no interior no fim de semana, natureza linda.",0.0686
PA009655,2023-12-19 01:44:04,"Serie nova incrivel, amei o primeiro episodio.",0.0706
PA009656,2023-12-19 01:46:50,"Choveu a tarde toda, dia perfeito pra ficar em casa lendo.",0.0826
PA009657,2023-12-19 02:59:58,Que manha fresca e agradavel para uma caminhada.,0.0956
PA009658,2023-12-19 03:02:36,"Onibus chegou no horario hoje, que surpresa agradavel.",0.1864
PA009659,2023-12-19 03:04:35,"Meu time ganhou hoje, que jogo bonito foi.",0.0693
PA009660,2023-12-19 05:00:23,"Fui de bike hoje, que exercicio agradavel de manha.",0.1486
PA009661,2023-12-19 05:33:45,Show ao vivo incrivel no fim de semana.,0.0503
PA009662,2023-12-19 05:52:33,"Reencontrei um amigo antigo por acaso, que alegria.",0.0692
PA009663,2023-12-19 06:13:20,Aplicativo de carona funcionou perfeitamente.,0.1182
PA009664,2023-12-19 08:11:30,"Configurei o home office com setup novo, otimo.",0.0047
PA009665,2023-12-19 10:04:21,"Estudando para a prova de amanha, bem concentrado.",0.0761
PA009666,2023-12-19 11:05:05,"Meu time ganhou hoje, que jogo bonito foi.",0.0015
PA009667,2023-12-19 11:06:23,"Biblioteca da universidade, ambiente otimo para estudar.",0.0781
PA009668,2023-12-19 11:18:08,Feira de artesanato gostosa de passear.,0.1402
PA009669,2023-12-19 12:46:16,"Natacao de manha, melhor inicio de dia possivel.",0.0496
PA009670,2023-12-19 13:00:16,"Fechei projeto importante essa semana, que alegria.",0.1128
PA009671,2023-12-19 13:26:54,"Museu da cidade muito interessante, aprendi bastante.",0.0053
PA009672,2023-12-19 15:21:21,"Passeio com o cachorro no parque, ele adorou.",0.0216
PA009673,2023-12-19 16:20:18,"Novo celular chegou, a camera e impressionante.",0.1224
PA009674,2023-12-19 17:11:49,"Reencontrei um amigo antigo por acaso, que alegria.",0.0569
PA009675,2023-12-19 17:13:04,"Serie nova incrivel, amei o primeiro episodio.",0.1302
PA009676,2023-12-19 18:11:01,"Praia tranquila, sol perfeito, descanso total.",0.0369
PA009677,2023-12-19 18:49:06,Tarde produtiva organizando e limpando a casa.,0.0629
PA009678,2023-12-19 19:45:40,Atualizacao deixou o sistema muito mais rapido.,0.08
PA009679,2023-12-19 21:10:42,"Sol lindo hoje, cafe na varanda foi otimo.",0.1124
PA009680,2023-12-19 21:32:32,"Fui de bike hoje, que exercicio agradavel de manha.",0.0394
PA009681,2023-12-19 21:34:06,"Natacao de manha, melhor inicio de dia possivel.",0.0241
PA009682,2023-12-19 22:11:09,"Domingo em familia, melhor dia da semana.",0.0549
PA009683,2023-12-19 22:37:16,"Calor absurdo com falta de agua, descaso total.",0.7428
PA009684,2023-12-19 23:22:57,Caminhada ate a estacao foi otima hoje.,0.0963
PA009685,2023-12-19 23:45:14,Semana intensa mas muito satisfatoria no trabalho.,0.0365
PA009686,2023-12-20 01:49:54,Atualizacao deixou o sistema muito mais rapido.,0.0915
PA009687,2023-12-20 02:22:54,"Tarefa dificil concluida com sucesso, que satisfacao.",0.1305
PA009688,2023-12-20 02:51:43,"Home office com cafe fresquinho do lado, otimo.",0.0941
PA009689,2023-12-20 06:08:24,Jantar simples mas gostoso com a familia.,0.0
PA009690,2023-12-20 10:19:45,"Reencontrei um amigo antigo por acaso, que alegria.",0.0451
PA009691,2023-12-20 11:12:09,"Corri 5km de manha, semana otima de treino.",0.0
PA009692,2023-12-20 12:43:38,"Sopa de legumes no frio, reconfortante e gostosa.",0.0495
PA009693,2023-12-20 13:14:31,"Tarefa dificil concluida com sucesso, que satisfacao.",0.0936
PA009694,2023-12-20 13:38:33,Aplicativo de carona funcionou perfeitamente.,0.1284
PA009695,2023-12-20 16:30:38,Semana intensa mas muito satisfatoria no trabalho.,0.0
PA009696,2023-12-20 17:06:00,"Vento agradavel hoje, aproveitei para caminhar no parque.",0.0896
PA009697,2023-12-20 17:47:35,"Corri 5km de manha, semana otima de treino.",0.1479
PA009698,2023-12-20 18:12:36,"Vento agradavel hoje, aproveitei para caminhar no parque.",0.0413
PA009699,2023-12-20 18:29:51,"Viagem de fim de semana para cidade historica, valeu.",0.0717
PA009700,2023-12-20 18:31:13,"O outono chegou cedo esse ano, que frio gostoso de manha.",0.0792
PA009701,2023-12-20 19:08:19,Caminhada ate a estacao foi otima hoje.,0.0857
PA009702,2023-12-20 20:54:07,"Corri 5km de manha, semana otima de treino.",0.198
PA009703,2023-12-20 21:17:23,Semana intensa mas muito satisfatoria no trabalho.,0.0709
PA009704,2023-12-20 21:34:44,Jogo novo me viciou de um jeito bom.,0.1398
PA009705,2023-12-20 22:20:26,Brigadeiro de panela saiu incrivel hoje.,0.0683
PA009706,2023-12-20 22:29:50,"Pausa pro cafe com os colegas, bate-papo otimo.",0.0567
PA009707,2023-12-20 23:24:39,"Consegui estacionamento logo de cara, dia de sorte mesmo.",0.0476
PA009708,2023-12-20 23:30:08,Aula incrivel sobre estatistica aplicada hoje.,0.0043
PA009709,2023-12-21 00:11:19,"Acai gelado essa tarde, refrescante demais.",0.0627
PA009710,2023-12-21 01:56:47,"Governo aumentando imposto de novo, inacreditavel.",0.2569
PA009711,2023-12-21 02:06:30,"Natacao de manha, melhor inicio de dia possivel.",0.0893
PA009712,2023-12-21 03:14:54,"Notebook novo chegou, que desempenho incrivel.",0.1338
PA009713,2023-12-21 05:08:30,"Dia nublado mas tranquilo, bom para estudar sem distracao.",0.061
PA009714,2023-12-21 05:16:52,"Consegui estacionamento logo de cara, dia de sorte mesmo.",0.1481
PA009715,2023-12-21 05:37:05,"Configurei o home office com setup novo, otimo.",0.1482
PA009716,2023-12-21 06:08:06,"Que calor hoje, tive que ligar o ar condicionado logo cedo.",0.0831
PA009717,2023-12-21 07:26:29,"Cuidando das plantas em casa, muito terapeutico.",0.1017
PA009718,2023-12-21 09:57:59,"Passeio com o cachorro no parque, ele adorou.",0.0732
PA009719,2023-12-21 10:00:00,Semana intensa mas muito satisfatoria no trabalho.,0.2017
PA009720,2023-12-21 10:22:13,Grupo de estudos foi muito produtivo hoje.,0.0839
PA009721,2023-12-21 11:12:30,"Cuidando das plantas em casa, muito terapeutico.",0.1035
PA009722,2023-12-21 13:28:04,"Estudando para a prova de amanha, bem concentrado.",0.116
PA009723,2023-12-21 13:37:52,"Meditacao de manha, comecando o dia muito bem.",0.1564
PA009724,2023-12-21 13:39:17,"Estudando para a prova de amanha, bem concentrado.",0.1029
PA009725,2023-12-21 14:45:26,"Reencontrei um amigo antigo por acaso, que alegria.",0.077
PA009726,2023-12-21 16:21:36,"Tentei receita nova de bolo de cenoura, ficou fofinho.",0.0648
PA009727,2023-12-21 17:18:15,"Teatro incrivel ontem, peca muito bem dirigida.",0.0636
PA009728,2023-12-21 19:05:56,"Trilha ecologica incrivel, natureza pura.",0.0915
PA009729,2023-12-21 19:10:43,"Almoco incrivel hoje, fiz lasanha caseira do zero.",0.0712
PA009730,2023-12-21 19:15:49,"Fechei projeto importante essa semana, que alegria.",0.0366
PA009731,2023-12-21 19:49:33,App de produtividade novo que encontrei e otimo.,0.0699
PA009732,2023-12-21 21:03:31,"Domingo em familia, melhor dia da semana.",0.0436
PA009733,2023-12-21 21:37:16,"Serie nova incrivel, amei o primeiro episodio.",0.1189
PA009734,2023-12-21 21:50:55,"Meu time ganhou hoje, que jogo bonito foi.",0.1053
PA009735,2023-12-21 21:51:18,"Academia hoje, treino puxado mas valeu muito.",0.131
PA009736,2023-12-21 22:08:44,Que manha fresca e agradavel para uma caminhada.,0.1012
PA009737,2023-12-21 22:19:42,"Fechei projeto importante essa semana, que alegria.",0.1294
PA009738,2023-12-22 00:22:39,"Dia nublado mas tranquilo, bom para estudar sem distracao.",0.0945
PA009739,2023-12-22 00:40:11,"Passeio no interior no fim de semana, natureza linda.",0.1686
PA009740,2023-12-22 01:09:51,"Home office com cafe fresquinho do lado, otimo.",0.114
PA009741,2023-12-22 04:05:49,"Estudando para a prova de amanha, bem concentrado.",0.0561
PA009742,2023-12-22 04:07:23,"Volei com os amigos, muita risada e diversao.",0.1015
PA009743,2023-12-22 05:14:22,"Serie nova incrivel, amei o primeiro episodio.",0.1313
PA009744,2023-12-22 05:50:07,"Fui de bike hoje, que exercicio agradavel de manha.",0.0826
PA009745,2023-12-22 06:31:31,Semana intensa mas muito satisfatoria no trabalho.,0.0576
PA009746,2023-12-22 07:32:49,Pedalada de tarde com vista incrivel do parque.,0.0
PA009747,2023-12-22 07:50:05,Jantar simples mas gostoso com a familia.,0.1552
PA009748,2023-12-22 08:33:35,Jantar simples mas gostoso com a familia.,0.1438
PA009749,2023-12-22 09:44:54,Semana intensa mas muito satisfatoria no trabalho.,0.0359
PA009750,2023-12-22 10:19:30,"Calor absurdo com falta de agua, descaso total.",0.2145
PA009751,2023-12-22 10:30:53,"Praia tranquila, sol perfeito, descanso total.",0.0745
PA009752,2023-12-22 11:07:47,"Natacao de manha, melhor inicio de dia possivel.",0.0453
PA009753,2023-12-22 12:03:22,"Tentei receita nova de bolo de cenoura, ficou fofinho.",0.0969
PA009754,2023-12-22 13:35:14,"Onibus chegou no horario hoje, que surpresa agradavel.",0.0698
PA009755,2023-12-22 13:52:18,"Home office com cafe fresquinho do lado, otimo.",0.1066
PA009756,2023-12-22 14:18:12,Grupo de estudos foi muito produtivo hoje.,0.0973
PA009757,2023-12-22 14:32:34,"Yoga pela manha, comecei o dia muito bem.",0.0
PA009758,2023-12-22 17:21:08,"Meu time ganhou hoje, que jogo bonito foi.",0.0536
PA009759,2023-12-22 19:17:18,"Meu time ganhou hoje, que jogo bonito foi.",0.0992
PA009760,2023-12-22 21:51:46,"Testei IA para ajudar com codigo, funcionou bem.",0.0907
PA009761,2023-12-22 22:12:47,"Padaria da esquina lancou sabor novo, recomendo.",0.1167
PA009762,2023-12-22 22:17:25,Jantar simples mas gostoso com a familia.,0.0
PA009763,2023-12-22 23:15:56,App de produtividade novo que encontrei e otimo.,0.0772
PA009764,2023-12-23 01:21:16,"Passeio no interior no fim de semana, natureza linda.",0.0616
PA009765,2023-12-23 02:16:09,Feira de artesanato gostosa de passear.,0.0408
PA009766,2023-12-23 02:58:44,"Serie nova incrivel, amei o primeiro episodio.",0.0403
PA009767,2023-12-23 03:41:35,Show ao vivo incrivel no fim de semana.,0.1307
PA009768,2023-12-23 03:45:48,"Padaria da esquina lancou sabor novo, recomendo.",0.0718
PA009769,2023-12-23 05:41:05,"Apresentacao correu muito bem, todos gostaram.",0.1137
PA009770,2023-12-23 09:57:52,Jantar simples mas gostoso com a familia.,0.0214
PA009771,2023-12-23 11:23:03,"Corri 5km de manha, semana otima de treino.",0.087
PA009772,2023-12-23 11:47:45,"Maratonei a temporada completa, valeu cada minuto.",0.1709
PA009773,2023-12-23 13:23:25,"Metro bem tranquilo essa manha, cheguei bem.",0.0965
PA009774,2023-12-23 14:23:21,Finalmente entendi aquele conceito que me travava.,0.1516
PA009775,2023-12-23 14:24:55,"Almoco incrivel hoje, fiz lasanha caseira do zero.",0.033
PA009776,2023-12-23 16:24:56,"Academia hoje, treino puxado mas valeu muito.",0.0997
PA009777,2023-12-23 16:25:24,"Pipoca e serie boa na sexta, programa perfeito.",0.0984
PA009778,2023-12-23 17:11:21,"Passeio com o cachorro no parque, ele adorou.",0.149
PA009779,2023-12-23 17:43:57,"Fui num restaurante novo, a pizza estava espetacular.",0.0935
PA009780,2023-12-23 18:47:18,Tarde produtiva organizando e limpando a casa.,0.0
PA009781,2023-12-23 19:23:22,Pedalada de tarde com vista incrivel do parque.,0.0759
PA009782,2023-12-24 00:11:04,"Pipoca e serie boa na sexta, programa perfeito.",0.0835
PA009783,2023-12-24 00:57:04,"Plantei temperos na sacada, que satisfacao.",0.22
PA009784,2023-12-24 01:09:22,"Academia hoje, treino puxado mas valeu muito.",0.0174
PA009785,2023-12-24 01:40:25,Brigadeiro de panela saiu incrivel hoje.,0.1231
PA009786,2023-12-24 02:16:07,"Meu time ganhou hoje, que jogo bonito foi.",0.1535
PA009787,2023-12-24 02:38:33,Semana intensa mas muito satisfatoria no trabalho.,0.0299
PA009788,2023-12-24 03:16:25,"Fui de bike hoje, que exercicio agradavel de manha.",0.0
PA009789,2023-12-24 04:49:07,"Reencontrei um amigo antigo por acaso, que alegria.",0.0631
PA009790,2023-12-24 07:41:30,"Dia nublado mas tranquilo, bom para estudar sem distracao.",0.1217
PA009791,2023-12-24 08:17:31,"Filme otimo ontem, fui ao cinema com a familia.",0.0571
PA009792,2023-12-24 08:36:21,"Tarefa dificil concluida com sucesso, que satisfacao.",0.0394
PA009793,2023-12-24 11:16:39,Podcast sobre tecnologia muito interessante.,0.0982
PA009794,2023-12-24 11:53:08,"Notebook novo chegou, que desempenho incrivel.",0.131
PA009795,2023-12-24 12:10:28,Terminei o trabalho da faculdade com antecedencia.,0.0401
PA009796,2023-12-24 12:15:09,"Trilha ecologica incrivel, natureza pura.",0.1387
PA009797,2023-12-24 12:20:55,"Plantei temperos na sacada, que satisfacao.",0.0369
PA009798,2023-12-24 13:15:51,"Estrada livre, cheguei no trabalho rapido hoje.",0.0711
PA009799,2023-12-24 13:19:42,"Tentei receita nova de bolo de cenoura, ficou fofinho.",0.032
PA009800,2023-12-24 13:27:47,"Apresentacao correu muito bem, todos gostaram.",0.0971
PA009801,2023-12-24 14:28:01,"Maratonei a temporada completa, valeu cada minuto.",0.0759
PA009802,2023-12-24 16:16:56,"Reuniao produtiva hoje, saimos com otimas ideias.",0.0258
PA009803,2023-12-24 16:44:11,"Filme otimo ontem, fui ao cinema com a familia.",0.0921
PA009804,2023-12-24 17:10:59,"Meu time ganhou hoje, que jogo bonito foi.",0.1619
PA009805,2023-12-24 17:58:53,"Novo celular chegou, a camera e impressionante.",0.0254
PA009806,2023-12-24 18:17:34,"Cuidando das plantas em casa, muito terapeutico.",0.1126
PA009807,2023-12-24 18:40:54,"Testei IA para ajudar com codigo, funcionou bem.",0.0519
PA009808,2023-12-24 18:42:33,Pedalada de tarde com vista incrivel do parque.,0.1365
PA009809,2023-12-24 18:48:26,App de produtividade novo que encontrei e otimo.,0.0631
PA009810,2023-12-24 21:18:31,"Home office com cafe fresquinho do lado, otimo.",0.1503
PA009811,2023-12-24 22:20:55,Podcast sobre tecnologia muito interessante.,0.0376
PA009812,2023-12-24 22:24:50,"Choveu a tarde toda, dia perfeito pra ficar em casa lendo.",0.1011
PA009813,2023-12-25 00:15:14,"Corri 5km de manha, semana otima de treino.",0.0445
PA009814,2023-12-25 00:23:31,Que tarde relaxante lendo na rede.,0.0994
PA009815,2023-12-25 01:07:29,"Livro excelente sobre ciencia de dados, recomendo muito.",0.1393
PA009816,2023-12-25 01:10:53,Feira de artesanato gostosa de passear.,0.045
PA009817,2023-12-25 02:13:11,"Onibus chegou no horario hoje, que surpresa agradavel.",0.138
PA009818,2023-12-25 02:58:57,"Estudando para a prova de amanha, bem concentrado.",0.0
PA009819,2023-12-25 03:47:45,"Padaria da esquina lancou sabor novo, recomendo.",0.1102
PA009820,2023-12-25 04:00:24,"Notebook novo chegou, que desempenho incrivel.",0.0258
PA009821,2023-12-25 05:22:41,"Passeio com o cachorro no parque, ele adorou.",0.1108
PA009822,2023-12-25 07:43:37,Show ao vivo incrivel no fim de semana.,0.0422
PA009823,2023-12-25 10:18:12,"Padaria da esquina lancou sabor novo, recomendo.",0.0581
PA009824,2023-12-25 11:40:00,"Notebook novo chegou, que desempenho incrivel.",0.1423
PA009825,2023-12-25 12:01:48,"Fui num restaurante novo, a pizza estava espetacular.",0.0688
PA009826,2023-12-25 12:17:52,"Fui de bike hoje, que exercicio agradavel de manha.",0.0606
PA009827,2023-12-25 13:27:35,"Novo celular chegou, a camera e impressionante.",0.1221
PA009828,2023-12-25 13:40:40,"Estudando para a prova de amanha, bem concentrado.",0.0703
PA009829,2023-12-25 15:34:35,Aula incrivel sobre estatistica aplicada hoje.,0.0744
PA009830,2023-12-25 15:38:00,"Fui num restaurante novo, a pizza estava espetacular.",0.0287
PA009831,2023-12-25 15:41:08,Caminhada ate a estacao foi otima hoje.,0.1347
PA009832,2023-12-25 16:22:14,"Vento agradavel hoje, aproveitei para caminhar no parque.",0.1502
PA009833,2023-12-25 17:17:22,"Notebook novo chegou, que desempenho incrivel.",0.0145
PA009834,2023-12-25 17:20:00,"Churrasco com a familia no final de semana, delicioso.",0.0476
PA009835,2023-12-25 17:21:56,"Plantei temperos na sacada, que satisfacao.",0.0509
PA009836,2023-12-25 19:27:01,"Dia nublado mas tranquilo, bom para estudar sem distracao.",0.0259
PA009837,2023-12-25 20:38:46,"Configurei o home office com setup novo, otimo.",0.0771
PA009838,2023-12-25 20:56:45,"Apresentacao correu muito bem, todos gostaram.",0.0681
PA009839,2023-12-25 22:15:20,Nao aguento mais reclamacao sem solucao pratica.,0.3665
PA009840,2023-12-25 22:20:20,"Consegui estacionamento logo de cara, dia de sorte mesmo.",0.0419
PA009841,2023-12-25 22:23:55,"Fui num restaurante novo, a pizza estava espetacular.",0.0733
PA009842,2023-12-25 22:55:58,"Home office com cafe fresquinho do lado, otimo.",0.1073
PA009843,2023-12-25 23:48:49,"Livro excelente sobre ciencia de dados, recomendo muito.",0.0378
PA009844,2023-12-26 00:23:13,"Pausa pro cafe com os colegas, bate-papo otimo.",0.1458
PA009845,2023-12-26 01:27:38,"Choveu a tarde toda, dia perfeito pra ficar em casa lendo.",0.1098
PA009846,2023-12-26 01:38:44,Aula incrivel sobre estatistica aplicada hoje.,0.0841
PA009847,2023-12-26 01:58:32,"Novo celular chegou, a camera e impressionante.",0.0309
PA009848,2023-12-26 03:01:19,"Vento agradavel hoje, aproveitei para caminhar no parque.",0.0843
PA009849,2023-12-26 04:38:21,"Volei com os amigos, muita risada e diversao.",0.0
PA009850,2023-12-26 06:48:52,Tarde produtiva organizando e limpando a casa.,0.1536
PA009851,2023-12-26 07:23:42,"Consegui estacionamento logo de cara, dia de sorte mesmo.",0.0727
PA009852,2023-12-26 08:34:58,"Metro bem tranquilo essa manha, cheguei bem.",0.0817
PA009853,2023-12-26 09:41:29,"Estrada livre, cheguei no trabalho rapido hoje.",0.1567
PA009854,2023-12-26 09:42:08,Podcast sobre tecnologia muito interessante.,0.0723
PA009855,2023-12-26 10:38:04,"Aprendi receita nova no youtube, ficou otimo.",0.1785
PA009856,2023-12-26 13:20:04,Jogo novo me viciou de um jeito bom.,0.173
PA009857,2023-12-26 13:32:43,"Estudando para a prova de amanha, bem concentrado.",0.0916
PA009858,2023-12-26 13:36:33,"Praia tranquila, sol perfeito, descanso total.",0.1664
PA009859,2023-12-26 14:18:51,"Fui de bike hoje, que exercicio agradavel de manha.",0.1085
PA009860,2023-12-26 14:37:44,"Natacao de manha, melhor inicio de dia possivel.",0.0
PA009861,2023-12-26 14:44:16,"Tentei receita nova de bolo de cenoura, ficou fofinho.",0.1392
PA009862,2023-12-26 14:51:36,"Chuva passageira a tarde, depois o tempo abriu lindo.",0.0284
PA009863,2023-12-26 15:31:52,"Churrasco com a familia no final de semana, delicioso.",0.0932
PA009864,2023-12-26 17:09:01,"Cuidando das plantas em casa, muito terapeutico.",0.1566
PA009865,2023-12-26 17:44:07,"Churrasco com a familia no final de semana, delicioso.",0.0594
PA009866,2023-12-26 18:57:07,"Plantei temperos na sacada, que satisfacao.",0.0914
PA009867,2023-12-26 21:17:28,"Dia nublado mas tranquilo, bom para estudar sem distracao.",0.0082
PA009868,2023-12-26 22:39:52,"Churrasco com a familia no final de semana, delicioso.",0.1737
PA009869,2023-12-26 22:55:23,"Passei na certificacao, muito feliz com o resultado.",0.0954
PA009870,2023-12-26 23:05:31,"Museu da cidade muito interessante, aprendi bastante.",0.1621
PA009871,2023-12-27 00:01:24,Que tarde relaxante lendo na rede.,0.0146
PA009872,2023-12-27 00:15:02,"Volei com os amigos, muita risada e diversao.",0.0453
PA009873,2023-12-27 01:20:45,Feira de artesanato gostosa de passear.,0.0241
PA009874,2023-12-27 01:57:50,Finalmente entendi aquele conceito que me travava.,0.1279
PA009875,2023-12-27 02:26:15,"Livro excelente sobre ciencia de dados, recomendo muito.",0.1773
PA009876,2023-12-27 02:58:58,"Estrada livre, cheguei no trabalho rapido hoje.",0.0872
PA009877,2023-12-27 03:11:10,Cafe da manha caprichado: tapioca com ovo e suco de laranja.,0.1212
PA009878,2023-12-27 03:40:10,Atualizacao deixou o sistema muito mais rapido.,0.1284
PA009879,2023-12-27 05:31:25,"Teatro incrivel ontem, peca muito bem dirigida.",0.046
PA009880,2023-12-27 05:37:03,"Chuva passageira a tarde, depois o tempo abriu lindo.",0.1023
PA009881,2023-12-27 05:51:17,"Que calor hoje, tive que ligar o ar condicionado logo cedo.",0.1358
PA009882,2023-12-27 06:00:55,"Musica nova do meu artista favorito, de outro nivel.",0.0827
PA009883,2023-12-27 06:13:16,"Fila do hospital andando devagar, sistema falido.",0.7776
PA009884,2023-12-27 06:20:38,"Teatro incrivel ontem, peca muito bem dirigida.",0.0
PA009885,2023-12-27 07:10:56,"Passeio com o cachorro no parque, ele adorou.",0.0687
PA009886,2023-12-27 07:24:36,"Biblioteca da universidade, ambiente otimo para estudar.",0.0527
PA009887,2023-12-27 07:55:49,"Museu da cidade muito interessante, aprendi bastante.",0.03
PA009888,2023-12-27 08:55:38,Finalmente entendi aquele conceito que me travava.,0.094
PA009889,2023-12-27 09:14:03,"Testei IA para ajudar com codigo, funcionou bem.",0.1005
PA009890,2023-12-27 09:38:37,"Onibus chegou no horario hoje, que surpresa agradavel.",0.0474
PA009891,2023-12-27 10:29:31,"Onibus chegou no horario hoje, que surpresa agradavel.",0.0794
PA009892,2023-12-27 11:26:37,"Que calor hoje, tive que ligar o ar condicionado logo cedo.",0.1623
PA009893,2023-12-27 12:01:08,"Consegui estacionamento logo de cara, dia de sorte mesmo.",0.1242
PA009894,2023-12-27 12:49:20,"Almoco incrivel hoje, fiz lasanha caseira do zero.",0.1047
PA009895,2023-12-27 13:25:22,"Academia hoje, treino puxado mas valeu muito.",0.1026
PA009896,2023-12-27 13:28:37,"Churrasco com a familia no final de semana, delicioso.",0.0777
PA009897,2023-12-27 14:21:39,"Fui de bike hoje, que exercicio agradavel de manha.",0.1398
PA009898,2023-12-27 14:24:22,"Estudando para a prova de amanha, bem concentrado.",0.0962
PA009899,2023-12-27 15:47:41,"Testei IA para ajudar com codigo, funcionou bem.",0.1754
PA009900,2023-12-27 16:45:53,Feira de artesanato gostosa de passear.,0.1432
PA009901,2023-12-27 17:03:53,Nao aguento mais reclamacao sem solucao pratica.,0.0725
PA009902,2023-12-27 18:41:06,Leitura no jardim com tempo agradavel.,0.1336
PA009903,2023-12-27 19:41:15,"Pipoca e serie boa na sexta, programa perfeito.",0.0401
PA009904,2023-12-27 20:19:54,Leitura no jardim com tempo agradavel.,0.0389
PA009905,2023-12-27 21:25:06,Que tarde relaxante lendo na rede.,0.0
PA009906,2023-12-27 22:43:25,"Biblioteca da universidade, ambiente otimo para estudar.",0.0854
PA009907,2023-12-28 03:04:07,"Tarefa dificil concluida com sucesso, que satisfacao.",0.0162
PA009908,2023-12-28 03:33:31,"Notebook novo chegou, que desempenho incrivel.",0.0949
PA009909,2023-12-28 03:45:16,"Domingo em familia, melhor dia da semana.",0.0802
PA009910,2023-12-28 03:46:16,Pedalada de tarde com vista incrivel do parque.,0.1579
PA009911,2023-12-28 04:54:23,"Trilha ecologica incrivel, natureza pura.",0.1369
PA009912,2023-12-28 06:52:29,"Pipoca e serie boa na sexta, programa perfeito.",0.0176
PA009913,2023-12-28 07:42:59,"Plantei temperos na sacada, que satisfacao.",0.0168
PA009914,2023-12-28 07:49:53,"Configurei o home office com setup novo, otimo.",0.0693
PA009915,2023-12-28 09:29:20,"Pausa pro cafe com os colegas, bate-papo otimo.",0.0851
PA009916,2023-12-28 09:59:15,"Pausa pro cafe com os colegas, bate-papo otimo.",0.041
PA009917,2023-12-28 10:27:51,"Natacao de manha, melhor inicio de dia possivel.",0.1008
PA009918,2023-12-28 13:02:27,"O outono chegou cedo esse ano, que frio gostoso de manha.",0.0654
PA009919,2023-12-28 13:37:44,Que manha fresca e agradavel para uma caminhada.,0.0471
PA009920,2023-12-28 14:27:29,Pedalada de tarde com vista incrivel do parque.,0.0345
PA009921,2023-12-28 15:23:23,"Estrada livre, cheguei no trabalho rapido hoje.",0.0318
PA009922,2023-12-28 15:29:53,Jogo novo me viciou de um jeito bom.,0.0717
PA009923,2023-12-28 16:02:59,"Passeio com o cachorro no parque, ele adorou.",0.078
PA009924,2023-12-28 19:05:45,"Tentei receita nova de bolo de cenoura, ficou fofinho.",0.0414
PA009925,2023-12-28 19:13:07,"Livro excelente sobre ciencia de dados, recomendo muito.",0.1148
PA009926,2023-12-28 20:03:36,"Saturado desse emprego, preciso mudar de vida.",0.8596
PA009927,2023-12-28 20:04:39,"Biblioteca da universidade, ambiente otimo para estudar.",0.0931
PA009928,2023-12-28 21:08:11,"Passei na certificacao, muito feliz com o resultado.",0.0473
PA009929,2023-12-28 22:08:27,"Meu time ganhou hoje, que jogo bonito foi.",0.0888
PA009930,2023-12-28 22:32:09,"Passei na certificacao, muito feliz com o resultado.",0.0811
PA009931,2023-12-29 00:01:28,App de produtividade novo que encontrei e otimo.,0.1462
PA009932,2023-12-29 00:06:39,"O outono chegou cedo esse ano, que frio gostoso de manha.",0.0484
PA009933,2023-12-29 01:03:27,"Passeio no interior no fim de semana, natureza linda.",0.1357
PA009934,2023-12-29 02:15:39,Que tarde relaxante lendo na rede.,0.0623
PA009935,2023-12-29 02:54:49,Podcast sobre tecnologia muito interessante.,0.1319
PA009936,2023-12-29 03:18:29,"Fechei projeto importante essa semana, que alegria.",0.0616
PA009937,2023-12-29 03:44:17,"Metro bem tranquilo essa manha, cheguei bem.",0.1814
PA009938,2023-12-29 03:44:27,"Que calor hoje, tive que ligar o ar condicionado logo cedo.",0.0577
PA009939,2023-12-29 04:15:23,App de produtividade novo que encontrei e otimo.,0.0554
PA009940,2023-12-29 06:33:19,Finalmente entendi aquele conceito que me travava.,0.108
PA009941,2023-12-29 08:35:55,"Estudando para a prova de amanha, bem concentrado.",0.0884
PA009942,2023-12-29 10:19:15,"Plantei temperos na sacada, que satisfacao.",0.0668
PA009943,2023-12-29 10:26:38,"Acai gelado essa tarde, refrescante demais.",0.0
PA009944,2023-12-29 10:34:47,Cafe da manha caprichado: tapioca com ovo e suco de laranja.,0.1165
PA009945,2023-12-29 11:16:22,"Metro bem tranquilo essa manha, cheguei bem.",0.0789
PA009946,2023-12-29 11:44:52,Finalmente entendi aquele conceito que me travava.,0.0639
PA009947,2023-12-29 11:55:06,"Acai gelado essa tarde, refrescante demais.",0.0934
PA009948,2023-12-29 12:05:42,"Minha mae fez feijao com arroz e linguica, classico perfeito.",0.0877
PA009949,2023-12-29 12:22:23,Finalmente entendi aquele conceito que me travava.,0.0481
PA009950,2023-12-29 14:19:00,Que manha fresca e agradavel para uma caminhada.,0.1433
PA009951,2023-12-29 17:55:50,"Almoco incrivel hoje, fiz lasanha caseira do zero.",0.0586
PA009952,2023-12-29 18:51:40,"Tarefa dificil concluida com sucesso, que satisfacao.",0.095
PA009953,2023-12-29 19:05:15,"Sol lindo hoje, cafe na varanda foi otimo.",0.1911
PA009954,2023-12-29 19:06:37,Brigadeiro de panela saiu incrivel hoje.,0.0705
PA009955,2023-12-29 20:02:39,"Filme otimo ontem, fui ao cinema com a familia.",0.0584
PA009956,2023-12-29 20:20:12,"Reencontrei um amigo antigo por acaso, que alegria.",0.0477
PA009957,2023-12-29 20:31:35,"Passei na certificacao, muito feliz com o resultado.",0.0829
PA009958,2023-12-29 21:34:16,"Maratonei a temporada completa, valeu cada minuto.",0.0727
PA009959,2023-12-29 21:35:39,"Aprendi receita nova no youtube, ficou otimo.",0.085
PA009960,2023-12-29 23:36:03,Caminhada ate a estacao foi otima hoje.,0.037
PA009961,2023-12-30 00:04:38,"Saturado desse emprego, preciso mudar de vida.",0.2447
PA009962,2023-12-30 02:09:16,"Plantei temperos na sacada, que satisfacao.",0.1192
PA009963,2023-12-30 03:01:35,"Volei com os amigos, muita risada e diversao.",0.0285
PA009964,2023-12-30 05:17:58,"Corri 5km de manha, semana otima de treino.",0.0752
PA009965,2023-12-30 08:04:09,Semana intensa mas muito satisfatoria no trabalho.,0.1524
PA009966,2023-12-30 09:08:45,"Testei IA para ajudar com codigo, funcionou bem.",0.0546
PA009967,2023-12-30 09:20:38,"Minha mae fez feijao com arroz e linguica, classico perfeito.",0.0726
PA009968,2023-12-30 10:03:27,"Biblioteca da universidade, ambiente otimo para estudar.",0.0
PA009969,2023-12-30 13:00:26,"Pausa pro cafe com os colegas, bate-papo otimo.",0.132
PA009970,2023-12-30 16:12:46,"Minha mae fez feijao com arroz e linguica, classico perfeito.",0.0621
PA009971,2023-12-30 17:57:32,"Fui de bike hoje, que exercicio agradavel de manha.",0.0
PA009972,2023-12-30 19:05:29,"Teatro incrivel ontem, peca muito bem dirigida.",0.18
PA009973,2023-12-30 19:57:52,"Praia tranquila, sol perfeito, descanso total.",0.0383
PA009974,2023-12-30 20:45:55,"Saturado desse emprego, preciso mudar de vida.",0.7706
PA009975,2023-12-30 20:52:47,"Fui de bike hoje, que exercicio agradavel de manha.",0.0187
PA009976,2023-12-31 01:05:39,"Passei na certificacao, muito feliz com o resultado.",0.067
PA009977,2023-12-31 01:09:26,"Fechei projeto importante essa semana, que alegria.",0.1254
PA009978,2023-12-31 02:03:31,Nao consigo entender como essa situacao ainda nao mudou.,0.4158
PA009979,2023-12-31 04:05:58,"Passeio no interior no fim de semana, natureza linda.",0.0956
PA009980,2023-12-31 04:12:08,"Passei na certificacao, muito feliz com o resultado.",0.0422
PA009981,2023-12-31 06:27:05,"Consegui estacionamento logo de cara, dia de sorte mesmo.",0.0305
PA009982,2023-12-31 07:44:19,Tarde produtiva organizando e limpando a casa.,0.1011
PA009983,2023-12-31 10:05:41,Podcast sobre tecnologia muito interessante.,0.1109
PA009984,2023-12-31 10:06:15,"Configurei o home office com setup novo, otimo.",0.078
PA009985,2023-12-31 11:52:03,"Passeio com o cachorro no parque, ele adorou.",0.046
PA009986,2023-12-31 11:58:39,"O outono chegou cedo esse ano, que frio gostoso de manha.",0.0584
PA009987,2023-12-31 12:14:12,"Meditacao de manha, comecando o dia muito bem.",0.0325
PA009988,2023-12-31 12:40:16,"Choveu a tarde toda, dia perfeito pra ficar em casa lendo.",0.1104
PA009989,2023-12-31 13:11:30,Tarde produtiva organizando e limpando a casa.,0.1047
PA009990,2023-12-31 13:19:05,"Que calor hoje, tive que ligar o ar condicionado logo cedo.",0.183
PA009991,2023-12-31 16:24:34,"Passei na certificacao, muito feliz com o resultado.",0.0972
PA009992,2023-12-31 16:38:34,"Apresentacao correu muito bem, todos gostaram.",0.1682
PA009993,2023-12-31 17:15:23,"Corri 5km de manha, semana otima de treino.",0.0027
PA009994,2023-12-31 21:11:41,"Que calor hoje, tive que ligar o ar condicionado logo cedo.",0.1714
PA009995,2023-12-31 22:02:06,"Tentei receita nova de bolo de cenoura, ficou fofinho.",0.1345
PA009996,2023-12-31 22:10:48,Jantar simples mas gostoso com a familia.,0.0521
PA009997,2023-12-31 22:14:36,"Passeio no interior no fim de semana, natureza linda.",0.0647
PA009998,2023-12-31 22:43:51,Brigadeiro de panela saiu incrivel hoje.,0.0513
PA009999,2023-12-31 22:44:53,Cafe da manha caprichado: tapioca com ovo e suco de laranja.,0.0887
PA010000,2023-12-31 23:46:10,"Minha mae fez feijao com arroz e linguica, classico perfeito.",0.0956
